source_center,destination_center,recommended_route_type,delay_ratio,sla_breach,trip_uuid
531,15,Carting,9.416666666666666,1.0,1
532,520,Carting,9.0,1.0,2
867,857,Carting,8.636363636363637,1.0,1
931,916,Carting,8.47887323943662,1.0,1
508,508,Carting,8.345554717613542,1.0,15
505,508,Carting,8.167582417582418,1.0,10
194,178,Carting,8.098039215686274,1.0,1
634,640,Carting,8.022449477413074,1.0,7
1152,945,Carting,8.01923076923077,1.0,2
507,508,Carting,8.002777777777778,1.0,3
915,9,Carting,7.125,1.0,1
1232,1202,Carting,6.989339218086123,1.0,19
1481,1437,Carting,6.971503043912582,1.0,37
310,304,Carting,6.953707798909037,1.0,3
748,742,Carting,6.777777777777778,1.0,1
8,690,FTL,6.755905511811024,1.0,1
1479,1437,Carting,6.733670434098066,1.0,10
672,666,Carting,6.7272727272727275,1.0,2
1480,1437,Carting,6.710349879914999,1.0,65
545,538,Carting,6.5921269955490605,1.0,25
854,847,Carting,6.58269056261343,1.0,3
1069,1056,Carting,6.458333333333333,1.0,1
213,208,Carting,6.421768707482992,1.0,14
1217,1201,Carting,6.402502760397498,1.0,5
1451,1432,Carting,6.36152081182499,1.0,54
943,925,Carting,6.293103448275862,1.0,2
1,1190,Carting,6.2857142857142865,1.0,4
651,2,Carting,6.25,1.0,1
1219,1292,FTL,6.241345153835745,1.0,4
239,242,Carting,6.230769230769231,1.0,1
1469,1437,Carting,6.206749014742373,1.0,4
919,899,Carting,6.163636363636364,1.0,1
1179,1169,Carting,6.095238095238095,1.0,1
1305,1297,Carting,6.055562224889956,1.0,7
220,237,Carting,6.015459656084656,1.0,4
1023,1009,Carting,6.0,1.0,2
502,500,Carting,5.89047619047619,1.0,3
116,135,Carting,5.843750347048697,1.0,3
348,340,Carting,5.8165266106442575,1.0,2
1250,1202,Carting,5.803305711485343,1.0,3
148,143,Carting,5.790445052428279,1.0,41
845,843,Carting,5.722482517482518,1.0,4
506,508,Carting,5.693998811645871,1.0,5
1439,1392,Carting,5.682915088383839,1.0,24
164,162,Carting,5.668952580150896,1.0,24
1210,1200,Carting,5.64775557297109,1.0,29
504,500,Carting,5.637254901960785,1.0,4
76,279,Carting,5.625,1.0,1
469,468,Carting,5.579009155096112,1.0,3
117,135,Carting,5.533737535423779,1.0,19
212,210,Carting,5.533029878618114,1.0,17
278,277,Carting,5.448916860916861,1.0,10
1085,1070,Carting,5.345160409122673,1.0,6
1017,1009,Carting,5.275961538461539,1.0,4
197,200,Carting,5.244469916717126,1.0,9
712,715,Carting,5.224758011608334,0.9166666666666666,24
222,215,Carting,5.208333333333333,1.0,3
1222,1202,Carting,5.206896551724138,1.0,2
204,196,Carting,5.192337718563209,1.0,36
173,25,Carting,5.17957468280049,1.0,6
1356,1332,Carting,5.133730530518659,1.0,16
1120,1107,Carting,5.083333333333333,1.0,1
713,715,Carting,5.0444290444290445,1.0,5
48,53,Carting,5.038998357963876,1.0,3
332,328,Carting,5.016287878787879,1.0,4
524,523,Carting,5.0,1.0,2
1212,1202,Carting,4.988095238095238,1.0,3
972,963,Carting,4.979166666666666,1.0,2
534,521,Carting,4.944971190425736,1.0,11
862,1319,Carting,4.939221394398397,1.0,14
346,340,Carting,4.934157363104732,1.0,38
170,170,Carting,4.898496240601504,1.0,2
567,566,Carting,4.86060606060606,1.0,2
256,246,Carting,4.8355056128082445,1.0,4
741,742,Carting,4.826180584648326,0.9,10
927,919,Carting,4.804166666666667,1.0,2
668,665,Carting,4.785714285714286,1.0,1
312,311,Carting,4.769230769230769,1.0,6
381,334,Carting,4.764508913737657,1.0,15
1213,1200,Carting,4.757260192297471,1.0,49
1405,1384,Carting,4.734355981947616,1.0,13
1265,1246,Carting,4.734024705453277,1.0,6
1455,1433,Carting,4.714814814814814,1.0,3
539,16,Carting,4.712121212121212,1.0,2
311,304,Carting,4.7120421660050145,1.0,30
216,208,Carting,4.6996336996337,1.0,13
715,208,Carting,4.698342874663162,1.0,21
189,330,Carting,4.689655172413793,1.0,1
848,840,Carting,4.682112068965518,1.0,2
1270,1246,Carting,4.682046568246314,1.0,23
200,200,Carting,4.670945566778901,1.0,9
8,1202,FTL,4.663301568579066,1.0,116
212,209,Carting,4.637619047619047,1.0,25
563,564,Carting,4.628135514560854,1.0,13
1484,1437,Carting,4.612700605264359,1.0,12
366,360,Carting,4.604626022991816,1.0,5
17,1261,Carting,4.5964912280701755,1.0,3
1496,1475,Carting,4.588541666666667,1.0,2
396,65,Carting,4.578774350649351,1.0,6
1380,1377,Carting,4.55129018592663,1.0,26
1019,1010,Carting,4.55,1.0,2
503,499,Carting,4.548787878787879,1.0,5
3,652,Carting,4.5316734417344176,1.0,3
605,598,Carting,4.527198455139632,1.0,34
1449,1424,Carting,4.520689550101315,1.0,9
1297,1282,Carting,4.463876488095238,1.0,32
1460,1443,Carting,4.429347826086956,1.0,3
1376,1354,Carting,4.4275730865475005,1.0,69
1229,1211,Carting,4.4259259259259265,1.0,3
590,591,Carting,4.4115842073013845,1.0,13
1454,1425,Carting,4.404903983728372,1.0,169
774,762,Carting,4.389830508474576,1.0,1
864,862,Carting,4.375,1.0,1
1208,1202,Carting,4.367427073246039,1.0,16
1199,1182,Carting,4.335829493087558,1.0,2
570,559,Carting,4.334821428571429,1.0,4
560,562,Carting,4.331770833333334,1.0,8
1289,1275,Carting,4.330086903718618,1.0,25
28,32,Carting,4.325,1.0,3
1353,1202,FTL,4.318233091068852,1.0,38
374,360,Carting,4.30919879913688,1.0,6
6,745,Carting,4.28435548557006,1.0,39
930,916,Carting,4.283117373688082,1.0,19
497,491,Carting,4.25,1.0,1
1306,1292,Carting,4.238095238095237,1.0,9
1497,1472,Carting,4.236111111111111,1.0,3
605,599,Carting,4.235294117647059,1.0,1
1390,1369,Carting,4.230769230769231,1.0,1
318,315,Carting,4.230769230769231,1.0,4
1492,1475,Carting,4.2191229803758405,1.0,5
913,891,Carting,4.218549127640037,1.0,11
284,79,Carting,4.217346246477603,1.0,4
750,730,Carting,4.211154401154401,1.0,15
522,523,Carting,4.209617860353155,1.0,12
618,610,Carting,4.205882352941177,1.0,2
698,690,Carting,4.197336152155374,1.0,28
1305,1202,FTL,4.187660945563205,1.0,18
106,135,Carting,4.173983055550566,1.0,7
601,602,Carting,4.172152560083594,1.0,29
219,214,Carting,4.166666666666667,1.0,1
866,857,Carting,4.163690476190476,1.0,2
1225,1244,Carting,4.159716209716209,1.0,6
316,316,Carting,4.136363636363637,1.0,2
670,668,Carting,4.116130096318775,1.0,53
296,254,Carting,4.109171907756814,1.0,3
47,46,Carting,4.103999274407539,1.0,51
929,916,Carting,4.090247095239356,1.0,19
574,600,FTL,4.087240413978887,1.0,6
21,533,Carting,4.0814814814814815,1.0,3
653,2,Carting,4.054695831734371,1.0,5
540,523,Carting,4.047887295414033,1.0,55
1293,1283,Carting,4.0397178342490845,1.0,48
1386,1367,Carting,4.036904761904762,1.0,4
171,169,Carting,4.035714285714286,1.0,4
1226,1268,Carting,4.029761904761905,1.0,4
735,738,Carting,4.022222222222222,1.0,6
152,135,FTL,4.003571428571429,1.0,1
214,208,Carting,4.0,1.0,1
1229,1228,Carting,3.98990990990991,0.6666666666666666,3
878,744,FTL,3.976906051159355,1.0,5
1353,1366,FTL,3.963855421686747,1.0,2
542,534,Carting,3.9531453575230278,1.0,57
1487,1470,Carting,3.9411764705882355,1.0,1
1428,1406,Carting,3.9368850477358723,1.0,36
46,46,Carting,3.926370688135394,1.0,11
510,562,FTL,3.9252098355901235,1.0,6
1229,1232,Carting,3.9160436246523203,1.0,10
515,512,Carting,3.909090909090909,1.0,1
791,782,Carting,3.901595860566449,1.0,9
106,111,Carting,3.899611928104575,1.0,4
1408,1348,Carting,3.889716290924471,1.0,33
29,37,Carting,3.8878940503940504,1.0,6
1492,1465,Carting,3.887584987555394,1.0,17
1386,1387,Carting,3.882943722943723,1.0,4
528,603,Carting,3.8812552213868003,1.0,6
603,908,FTL,3.878053124659409,1.0,14
199,200,Carting,3.8754376058723885,1.0,5
899,897,Carting,3.8721445221445223,1.0,4
913,885,Carting,3.870306223369949,1.0,18
48,25,Carting,3.8666666666666667,1.0,1
1219,1193,Carting,3.865948964793856,1.0,80
1230,1214,Carting,3.865468409586057,1.0,6
1476,1457,Carting,3.854022988505747,1.0,2
1485,1437,Carting,3.8524419753184724,1.0,80
140,86,Carting,3.8484848484848486,1.0,2
921,898,Carting,3.8479680696661824,1.0,3
674,668,Carting,3.842937332275568,1.0,34
1024,1016,Carting,3.839475017735887,0.9565217391304348,23
222,208,Carting,3.8168418426509456,1.0,36
187,327,Carting,3.815183681490183,1.0,8
624,616,Carting,3.811258703581165,1.0,6
1229,1202,Carting,3.809152707786889,1.0,83
1407,1382,Carting,3.8041195957767147,1.0,8
733,746,Carting,3.8,1.0,1
563,565,Carting,3.799389499389499,1.0,9
341,340,Carting,3.7929617604617603,1.0,15
1206,1202,Carting,3.79251592542769,1.0,10
208,206,Carting,3.7910761693548354,1.0,30
1024,1029,Carting,3.787858893557423,1.0,4
384,334,Carting,3.7824175824175823,1.0,4
1219,1204,Carting,3.7783757372869116,1.0,17
129,5,Carting,3.7746560024151035,1.0,133
1294,1283,Carting,3.772913752913753,1.0,5
394,392,Carting,3.7709642452905245,1.0,14
342,340,Carting,3.765248332612586,1.0,26
412,65,Carting,3.7600328823255396,1.0,5
215,212,Carting,3.7566517949512046,1.0,38
385,334,Carting,3.7566513874788714,1.0,18
1390,1366,Carting,3.75453431372549,1.0,8
1429,1406,Carting,3.748874771975176,1.0,3
21,551,Carting,3.744871794871795,1.0,5
535,602,Carting,3.7374222999222995,1.0,12
1353,25,FTL,3.7272293899727016,1.0,23
1302,1191,Carting,3.7242837712415136,1.0,49
785,774,Carting,3.7196856370639293,1.0,27
427,424,Carting,3.718633823038871,1.0,52
1140,1122,Carting,3.7165692382090234,1.0,12
1364,1343,Carting,3.7083333333333335,1.0,3
53,49,Carting,3.7063827376327376,1.0,8
561,558,Carting,3.705306340256788,1.0,8
228,225,Carting,3.702456429135237,1.0,47
562,556,Carting,3.6975324675324672,1.0,10
998,987,Carting,3.695456210600512,1.0,106
1219,1332,FTL,3.6924341906267886,1.0,32
237,316,Carting,3.688783846872082,1.0,3
527,600,Carting,3.6777777777777776,1.0,3
536,532,Carting,3.6666666666666665,1.0,1
878,875,Carting,3.666020099796191,1.0,17
534,600,Carting,3.6647896660809733,1.0,80
768,774,Carting,3.663868090930009,1.0,28
38,35,Carting,3.6533333333333333,1.0,5
608,600,Carting,3.6454750705427594,1.0,58
569,559,Carting,3.6438644688644692,1.0,6
1198,1182,Carting,3.636796536796537,1.0,3
209,200,Carting,3.634970900003215,0.9795918367346939,49
648,647,Carting,3.62967032967033,1.0,5
69,65,Carting,3.6165884590172444,1.0,6
747,734,Carting,3.6157342657342655,1.0,4
732,734,Carting,3.6096897211835293,1.0,38
543,534,Carting,3.6080132446386317,1.0,30
129,135,Carting,3.6068326684947687,1.0,10
1229,1235,Carting,3.6032014221158954,1.0,8
28,19,Carting,3.601094821813885,1.0,26
1218,1199,Carting,3.598006004716531,1.0,60
504,499,Carting,3.5907409985500225,1.0,16
673,669,Carting,3.5854166666666663,1.0,4
605,597,Carting,3.584707378575303,1.0,53
76,281,Carting,3.5771737521737523,1.0,6
188,190,Carting,3.5614778176090485,1.0,23
1289,1274,Carting,3.5566520979020977,1.0,10
886,857,Carting,3.555949667888657,1.0,60
1486,1475,Carting,3.548310509045167,1.0,83
1355,1332,Carting,3.544117647058824,1.0,3
711,709,Carting,3.541666666666667,1.0,2
182,179,Carting,3.5412587412587415,1.0,5
1113,1102,Carting,3.537878787878788,1.0,7
1295,1245,Carting,3.537581699346405,1.0,2
85,135,Carting,3.5368520223009385,1.0,5
631,634,Carting,3.536689002694914,1.0,88
1415,1391,Carting,3.5341993464052286,1.0,5
8,908,FTL,3.5332621996133193,1.0,8
320,216,Carting,3.5322395833333333,1.0,4
469,467,Carting,3.5319751078448105,1.0,9
141,141,Carting,3.53125,1.0,1
528,517,Carting,3.530024509803922,1.0,4
1400,1359,Carting,3.5296366987528462,1.0,18
1219,1192,Carting,3.5260320326849564,1.0,58
204,25,FTL,3.523424774997668,1.0,5
796,782,Carting,3.5193678086578712,1.0,20
739,744,Carting,3.515088897008207,0.967741935483871,31
30,6,Carting,3.50748158312468,0.9473684210526315,19
1497,1476,Carting,3.506523569023569,1.0,3
1460,1442,Carting,3.5021306806134214,1.0,18
538,601,Carting,3.4997099270164167,1.0,35
973,962,Carting,3.4978664192949904,1.0,14
1219,1190,Carting,3.4951660292116613,1.0,46
1303,1191,Carting,3.487559266130695,1.0,7
1262,1250,Carting,3.48255056042885,1.0,24
1460,1440,Carting,3.478160173160173,1.0,30
38,6,Carting,3.47115865747071,1.0,49
1273,1245,Carting,3.4686019862490447,1.0,3
472,466,Carting,3.4676932367149758,1.0,3
76,84,Carting,3.4643895530992306,1.0,6
1117,1106,Carting,3.457681182841029,1.0,7
23,25,Carting,3.449539993018254,1.0,9
1368,1373,Carting,3.4434782608695653,1.0,4
703,1438,Carting,3.4434476846792488,1.0,32
749,7,Carting,3.4421820136038987,1.0,22
1154,1141,Carting,3.437235117223064,0.4444444444444444,9
1391,1342,Carting,3.433498242552086,1.0,8
8,600,FTL,3.432545830433445,1.0,11
1459,1436,Carting,3.428806387700183,1.0,24
1118,1104,Carting,3.426282051282051,1.0,3
204,6,FTL,3.421082251082251,1.0,2
230,227,Carting,3.42058596931974,0.9090909090909091,11
522,600,Carting,3.4194219371042243,1.0,87
862,1318,Carting,3.4184511152911106,1.0,51
776,758,Carting,3.4166666666666665,1.0,1
308,307,Carting,3.4136904761904763,1.0,4
739,732,Carting,3.4,1.0,3
1219,1432,FTL,3.3977118921180205,1.0,4
1112,1097,Carting,3.3976047019906668,1.0,30
307,304,Carting,3.3968530465949818,1.0,5
1034,1011,Carting,3.3952750650572794,1.0,18
906,893,Carting,3.3951202428467524,1.0,64
1268,1246,Carting,3.3925089966228343,1.0,9
302,298,Carting,3.3883144306504516,1.0,71
1219,1191,Carting,3.387906828108265,1.0,43
1004,987,Carting,3.3841980667017406,1.0,36
1490,1469,Carting,3.380952380952381,1.0,2
521,523,Carting,3.3742642651973123,1.0,70
131,130,Carting,3.3682065217391304,1.0,2
1387,1383,Carting,3.368187099755727,1.0,9
1114,1100,Carting,3.368181818181818,1.0,2
502,498,Carting,3.3636363636363638,1.0,2
1427,29,Carting,3.3563837086791533,0.9714285714285714,70
1290,1274,Carting,3.3554429017984004,1.0,4
22,20,Carting,3.3549783549783547,1.0,20
475,475,Carting,3.3513204902093787,1.0,54
1290,1276,Carting,3.351243894993895,1.0,32
3,653,Carting,3.347826086956522,1.0,3
1118,1106,Carting,3.3466662141011354,0.9387755102040817,49
309,304,Carting,3.3430506007355514,0.95,100
61,408,Carting,3.3393508198556625,1.0,4
1287,1285,Carting,3.336930653177088,1.0,28
1027,1026,Carting,3.332018576661434,1.0,14
999,987,Carting,3.3169300007157823,0.9855072463768116,69
1460,1458,Carting,3.3147264911970797,1.0,3
510,502,Carting,3.3119429590017826,1.0,3
1222,1234,Carting,3.3076923076923075,1.0,4
1207,1202,Carting,3.3026237608280953,1.0,16
607,602,Carting,3.300670103941987,1.0,33
916,1202,FTL,3.3,1.0,1
862,879,Carting,3.2962044907075665,1.0,12
373,360,Carting,3.291808899951848,1.0,12
1450,1424,Carting,3.2912808682545527,1.0,24
1482,1445,Carting,3.2880734880046885,1.0,27
1298,1275,Carting,3.2857340946409774,1.0,39
169,169,Carting,3.2857142857142856,1.0,2
224,304,Carting,3.2842525228324853,1.0,56
526,524,Carting,3.2811698717948716,1.0,32
1473,1437,Carting,3.2802923561235584,1.0,6
1209,1202,Carting,3.27406570491729,1.0,42
339,335,Carting,3.2738617298410726,1.0,18
1370,1385,Carting,3.2636268721221637,1.0,7
1466,1455,Carting,3.26109022556391,1.0,8
1218,1198,Carting,3.2571428571428576,1.0,3
262,277,Carting,3.2511118855454146,1.0,30
39,40,Carting,3.25,1.0,2
992,829,Carting,3.2465811965811966,1.0,4
655,652,Carting,3.242424242424242,1.0,2
1234,1201,Carting,3.2375756840042555,1.0,4
988,978,Carting,3.2327993667285995,1.0,18
1170,1149,Carting,3.226786863336571,1.0,27
903,892,Carting,3.2263921888921887,1.0,4
1216,1201,Carting,3.225472086251515,1.0,75
1470,1437,Carting,3.2241086548255424,1.0,113
40,39,Carting,3.2222222222222223,1.0,2
478,475,Carting,3.221263613091651,0.9830508474576272,59
140,142,Carting,3.2189458689458688,1.0,5
862,858,Carting,3.2161685297622165,0.9615384615384616,26
1393,1363,Carting,3.208931419457735,1.0,2
834,799,Carting,3.206517251655834,1.0,8
1219,6,FTL,3.2016348773841963,1.0,1
1225,1241,Carting,3.2003598740440844,1.0,13
1308,1292,Carting,3.2,1.0,1
537,600,Carting,3.1905260140986784,1.0,51
140,144,Carting,3.1875,1.0,2
314,311,Carting,3.1858974358974357,1.0,4
550,550,Carting,3.185841759571342,1.0,4
207,200,Carting,3.185720975144967,0.9375,16
391,327,Carting,3.1853888323337465,1.0,21
1147,1125,Carting,3.1835854306105538,0.9523809523809523,21
1041,1014,Carting,3.180207674352627,1.0,112
1460,1441,Carting,3.1786848072562357,1.0,7
1287,1202,Carting,3.177313065846345,1.0,53
114,135,Carting,3.172391012345647,0.6923076923076923,13
528,518,Carting,3.164128697254965,1.0,116
204,197,Carting,3.1567412400261237,0.875,16
647,644,Carting,3.151296480598378,1.0,110
528,600,Carting,3.148321528311121,1.0,175
1497,1470,Carting,3.1458555453943986,0.9666666666666667,30
21,600,Carting,3.144406938550065,1.0,28
222,317,Carting,3.1441690941225566,1.0,8
629,634,Carting,3.1435337538278714,1.0,34
21,554,Carting,3.14140678619626,1.0,25
525,525,Carting,3.139043410006143,1.0,14
48,50,Carting,3.1382478632478636,1.0,6
1358,1336,Carting,3.1333333333333333,1.0,2
1201,1182,Carting,3.1333333333333333,1.0,1
1040,1014,Carting,3.130293477889632,1.0,26
281,283,Carting,3.125,1.0,1
1193,1180,Carting,3.121212121212121,0.6666666666666666,3
237,314,Carting,3.1199473180076627,1.0,6
1277,13,Carting,3.1153846153846154,1.0,3
1421,1399,Carting,3.1136363636363638,1.0,6
8,335,Carting,3.1127450980392157,1.0,3
181,185,Carting,3.1125495202261506,1.0,16
229,224,Carting,3.1078062066932035,1.0,50
524,524,Carting,3.0947547822547823,1.0,24
1321,1202,Carting,3.0944112630549108,1.0,63
196,178,Carting,3.0941120611527695,0.8571428571428571,21
528,535,Carting,3.0904761904761906,1.0,2
1487,1469,Carting,3.0897118755640496,1.0,25
770,762,Carting,3.0868455245104545,1.0,9
566,0,Carting,3.0858480978166067,1.0,37
1424,1407,Carting,3.085769230769231,1.0,4
1381,1357,Carting,3.07979797979798,1.0,11
314,309,Carting,3.0784313725490198,1.0,2
189,187,Carting,3.0775241880770885,1.0,19
529,517,Carting,3.0774712647982545,1.0,34
473,475,Carting,3.0774410774410774,1.0,3
712,712,Carting,3.0719696969696972,1.0,4
149,146,Carting,3.071472223757924,1.0,16
511,503,Carting,3.0709706959706957,1.0,12
1389,1370,Carting,3.0693223443223445,1.0,10
989,978,Carting,3.0631115072291544,1.0,6
32,169,Carting,3.062283518330077,1.0,22
21,552,Carting,3.0588235294117645,1.0,2
1467,1442,Carting,3.050629779577148,1.0,13
526,523,Carting,3.0483682983682985,1.0,4
1057,1048,Carting,3.0462801087801092,1.0,11
1214,1290,Carting,3.036309523809524,1.0,4
115,135,Carting,3.0338660230842027,0.7777777777777778,9
724,723,Carting,3.029166666666667,1.0,8
528,519,Carting,3.026143790849673,1.0,2
68,73,Carting,3.0226587424672102,0.75,4
1410,1393,Carting,3.0222816399286985,1.0,11
473,474,Carting,3.0222222222222226,1.0,11
541,523,Carting,3.0214778503994193,1.0,9
638,639,Carting,3.0213860544217686,1.0,14
305,302,Carting,3.019157663065226,1.0,7
1295,1202,Carting,3.0146244064126324,1.0,20
1266,1251,Carting,3.013257575757576,1.0,22
878,873,Carting,3.009194189847932,1.0,12
1491,1475,Carting,3.0080909248709085,1.0,84
580,642,Carting,3.004457716757969,1.0,12
673,664,Carting,3.0031586648983395,1.0,15
862,860,Carting,3.003063725490196,1.0,4
171,173,Carting,3.0020588235294117,1.0,10
167,169,Carting,3.001569858712716,1.0,7
34,30,Carting,3.0,1.0,1
1345,1328,Carting,3.0,1.0,2
1399,1359,Carting,2.9987493756910326,1.0,8
1294,1280,Carting,2.996613890885136,1.0,44
1219,1246,Carting,2.9960611705544293,1.0,36
718,231,Carting,2.994590650001278,1.0,9
1264,1258,Carting,2.9917634996582363,1.0,9
528,534,Carting,2.9912478192269463,1.0,155
369,357,Carting,2.989313861937627,1.0,331
985,963,Carting,2.987522126826367,1.0,52
1090,1075,Carting,2.987089239263152,0.75,4
602,602,Carting,2.9840277777777775,1.0,12
1140,1134,Carting,2.979551582640778,1.0,85
79,85,Carting,2.9778637770897833,1.0,4
1208,1291,Carting,2.976951496779083,1.0,12
950,941,Carting,2.9714285714285715,1.0,2
383,46,Carting,2.970569861680623,1.0,78
1315,1300,Carting,2.9696296296296296,1.0,4
965,908,Carting,2.9689283677609954,1.0,13
541,600,Carting,2.963887233476688,1.0,43
78,79,Carting,2.9612557033609668,1.0,6
635,628,Carting,2.9570911820911823,1.0,37
395,339,Carting,2.955796398589459,1.0,24
76,280,Carting,2.9545454545454546,1.0,1
530,600,Carting,2.9523665891372572,1.0,276
1288,1243,Carting,2.951913664671527,1.0,44
615,615,Carting,2.9514652014652016,1.0,4
1411,1389,Carting,2.9508110936682366,1.0,14
597,591,Carting,2.948529127968155,1.0,16
231,231,Carting,2.9476190476190474,1.0,3
1160,1136,Carting,2.945,1.0,4
220,220,Carting,2.94339738851934,1.0,3
357,340,Carting,2.941887533819522,0.9444444444444444,36
1151,1143,Carting,2.9395915421366983,1.0,21
1211,1202,Carting,2.939524409888395,1.0,27
1375,1355,Carting,2.9385793714132564,1.0,10
706,1438,Carting,2.9365387464824124,1.0,12
1497,1473,Carting,2.935999702911467,1.0,22
345,344,Carting,2.934778604698761,1.0,38
742,730,Carting,2.933333333333333,1.0,1
516,511,Carting,2.930898730898731,1.0,30
300,300,Carting,2.927900137232971,1.0,6
1300,1275,Carting,2.9253446606215117,1.0,56
1233,1222,Carting,2.9251235971852942,1.0,4
1323,1310,Carting,2.92137512029882,1.0,21
515,600,Carting,2.920501690183247,1.0,43
1299,1270,Carting,2.9194805361300964,1.0,72
83,144,Carting,2.9194395065718597,1.0,16
225,222,Carting,2.9166666666666665,1.0,1
1238,1219,Carting,2.9126984126984126,1.0,3
730,744,Carting,2.912628936510924,1.0,21
1353,1366,Carting,2.9119920852066667,1.0,89
955,940,Carting,2.9095996732026146,1.0,10
313,310,Carting,2.909090909090909,1.0,1
45,43,Carting,2.909090909090909,1.0,2
510,600,Carting,2.901204776182859,1.0,30
341,345,Carting,2.9,1.0,2
1287,1243,Carting,2.8983479906689182,1.0,28
21,530,Carting,2.8903508771929824,1.0,2
58,65,Carting,2.8903507403507405,1.0,6
792,782,Carting,2.890319486167332,1.0,72
1447,1427,Carting,2.8901653171390014,1.0,4
1288,1202,Carting,2.8844006774799076,1.0,32
520,524,Carting,2.8801138440211385,1.0,107
210,200,Carting,2.877177026035639,1.0,25
603,528,Carting,2.8771198795627315,0.9939759036144579,166
1217,1198,Carting,2.8732838589981444,1.0,49
1285,1275,Carting,2.8712072050507125,1.0,65
697,690,Carting,2.870907966302703,1.0,4
10,745,Carting,2.870285652461324,1.0,31
1460,1439,Carting,2.870148315736551,1.0,39
185,173,Carting,2.8673453713008668,0.99,100
603,534,Carting,2.8644822639381715,1.0,154
603,525,Carting,2.8596380467287417,1.0,110
64,69,Carting,2.857142857142857,1.0,2
28,172,Carting,2.8540388129277017,1.0,9
1486,1474,Carting,2.852312719959779,1.0,3
1388,1369,Carting,2.8520373290776075,1.0,24
28,1332,Carting,2.848636180016232,1.0,68
603,16,Carting,2.8480578686615594,1.0,97
379,386,Carting,2.84598580174958,1.0,56
72,81,Carting,2.843431467304528,1.0,20
1028,1009,Carting,2.8424115675160784,1.0,160
1419,1397,Carting,2.8414825422804144,1.0,4
1037,1022,Carting,2.840905572755418,1.0,8
1386,1368,Carting,2.834852308018069,1.0,16
564,567,Carting,2.8316903684550745,1.0,4
1285,1274,Carting,2.8296879068738967,1.0,38
58,66,Carting,2.8281694738216476,1.0,6
345,343,Carting,2.8280069504034553,1.0,55
441,441,Carting,2.8241758241758244,1.0,2
1349,1332,Carting,2.8238517356164414,1.0,6
1235,1226,Carting,2.8113553113553116,1.0,3
1380,1356,Carting,2.810059530913218,1.0,105
739,733,Carting,2.8082691118405405,1.0,14
279,79,Carting,2.802132285364369,1.0,117
15,23,Carting,2.801445580067703,0.9411764705882353,51
1033,1017,Carting,2.8,1.0,5
79,84,Carting,2.798529411764706,1.0,2
903,895,Carting,2.7967138108718106,1.0,34
226,220,Carting,2.795138888888889,1.0,2
712,713,Carting,2.79377990430622,1.0,5
558,16,Carting,2.791155209647212,1.0,72
1282,1271,Carting,2.789473684210526,1.0,1
500,659,Carting,2.788126461367408,1.0,22
898,905,Carting,2.787865137865138,1.0,37
1461,703,Carting,2.786300505050505,1.0,6
1259,1242,Carting,2.7839667126818832,1.0,45
362,357,Carting,2.7804474929474927,1.0,4
178,173,Carting,2.7798287786774627,1.0,16
511,506,Carting,2.7797129953379955,1.0,8
272,277,Carting,2.773782711282711,1.0,4
61,410,Carting,2.7730344385476005,0.9,20
203,205,Carting,2.770005668351257,1.0,44
61,25,Carting,2.7695872728031263,1.0,77
34,17,Carting,2.7692307692307687,1.0,3
924,899,Carting,2.7631918976512275,1.0,34
657,643,Carting,2.7580061264271793,1.0,3
878,870,Carting,2.7568489500053297,1.0,6
163,163,Carting,2.752774242050694,1.0,21
1323,1311,Carting,2.7497179726469034,1.0,81
566,575,Carting,2.7467303902077833,1.0,12
660,621,Carting,2.7456918767507004,1.0,25
1406,1366,Carting,2.7456070966863986,1.0,4
339,57,Carting,2.7452618868060044,1.0,8
1298,1274,Carting,2.7449737322802337,1.0,17
1238,1215,Carting,2.7444444444444445,1.0,5
306,308,Carting,2.7440621066177964,1.0,48
787,786,Carting,2.742436791603458,1.0,18
1364,1373,Carting,2.740295226075154,1.0,15
170,168,Carting,2.738782051282051,0.6666666666666666,3
300,299,Carting,2.738368695867256,1.0,24
9,745,Carting,2.73448302660039,1.0,94
615,614,Carting,2.734391534391534,1.0,24
76,25,Carting,2.73357999459418,1.0,30
1035,1022,Carting,2.7313876257841776,1.0,12
1353,1202,Carting,2.729786226976683,1.0,111
1377,1360,Carting,2.7283251231527093,1.0,29
1251,1212,Carting,2.7279411764705883,1.0,2
1048,1100,Carting,2.727784026421506,1.0,39
962,954,Carting,2.7271255060728747,1.0,3
44,46,Carting,2.725527736152736,1.0,20
510,562,Carting,2.7244950473618323,0.9527027027027027,148
1300,1274,Carting,2.724475161599642,1.0,25
223,217,Carting,2.71875,1.0,2
1371,1352,Carting,2.718219759168035,1.0,6
157,112,Carting,2.7170859164478336,0.46153846153846156,39
1398,1356,Carting,2.7157580085908686,1.0,26
187,178,Carting,2.7156584045639516,1.0,4
583,562,Carting,2.713281826500723,1.0,6
673,667,Carting,2.710647062687879,1.0,49
511,504,Carting,2.7094252393127825,1.0,34
1219,1275,Carting,2.7086517882810135,1.0,24
543,601,Carting,2.7085711663627485,1.0,58
1208,1195,Carting,2.7082503556187767,1.0,5
1028,1022,Carting,2.7076989034379837,0.9866666666666667,75
512,508,Carting,2.7066664907460853,1.0,36
734,744,Carting,2.7064338209573267,1.0,175
756,744,Carting,2.7011592524261854,1.0,78
1380,1378,Carting,2.7007362753325,1.0,44
1333,1296,Carting,2.697520395533477,1.0,5
1453,1432,Carting,2.6957474262100884,1.0,106
737,734,Carting,2.6931818181818183,1.0,2
603,518,Carting,2.69285160225048,1.0,208
603,527,Carting,2.6879227608627447,1.0,98
142,148,Carting,2.6866732804232805,1.0,16
996,987,Carting,2.685591164166679,1.0,11
612,612,Carting,2.6853535353535354,1.0,4
1353,1348,Carting,2.6842353232995024,1.0,24
235,235,Carting,2.680159584005738,1.0,13
0,562,Carting,2.678376844329416,1.0,37
1140,1133,Carting,2.677472524371563,1.0,12
1287,1267,Carting,2.674903539612539,1.0,10
1219,1274,Carting,2.669825283056521,1.0,64
259,260,Carting,2.667882472362648,1.0,30
1366,1342,Carting,2.6675,1.0,4
1281,1273,Carting,2.6666666666666665,1.0,1
806,829,Carting,2.6666666666666665,1.0,3
689,711,Carting,2.6649976440074568,1.0,155
345,338,Carting,2.6618395783840887,1.0,45
566,561,Carting,2.6610049574838306,0.7746478873239436,71
67,66,Carting,2.65807763902476,1.0,7
946,932,Carting,2.6561620160884867,1.0,6
1335,1313,Carting,2.65548004382633,0.6363636363636364,11
468,462,Carting,2.655191071087997,1.0,22
1229,1237,Carting,2.6550770732096787,0.875,8
256,244,Carting,2.6549787729208463,1.0,5
402,389,Carting,2.65420966208625,1.0,10
397,399,Carting,2.654183885391996,1.0,10
727,727,Carting,2.6539778576080333,1.0,3
1394,1363,Carting,2.65359477124183,1.0,2
925,926,Carting,2.6523412698412696,1.0,3
540,600,Carting,2.6507931805609823,1.0,27
946,945,Carting,2.6507157151049716,1.0,94
1019,1018,Carting,2.6489497251343663,1.0,71
246,256,Carting,2.6476811507577693,1.0,41
566,559,Carting,2.6472835848671616,0.9663865546218487,119
144,86,Carting,2.645833333333333,1.0,2
424,357,Carting,2.6457987646955456,1.0,42
744,744,Carting,2.645118949739822,0.9833333333333333,60
921,899,Carting,2.6442838376571984,1.0,31
1489,1464,Carting,2.6441176470588235,1.0,2
559,600,Carting,2.6431859180211523,1.0,33
479,471,Carting,2.641685718924525,1.0,67
603,519,Carting,2.6416082159937737,1.0,141
816,816,Carting,2.6415077096645465,1.0,35
1377,1357,Carting,2.6408643081056873,1.0,5
603,522,Carting,2.639125405747987,1.0,83
230,228,Carting,2.6378205128205128,1.0,2
1269,1256,Carting,2.637802958697209,1.0,8
269,267,Carting,2.6375928568456164,1.0,22
1184,1164,Carting,2.635937855374761,1.0,42
991,981,Carting,2.6330184350281267,1.0,45
515,513,Carting,2.6309923328305684,1.0,34
1219,1189,Carting,2.6302562524772113,1.0,85
315,312,Carting,2.6298674783923235,1.0,6
769,762,Carting,2.629703819625706,1.0,27
1317,1292,Carting,2.629032258064516,1.0,2
141,144,Carting,2.628571428571429,1.0,2
628,655,Carting,2.6253266182203876,1.0,48
343,340,Carting,2.625,1.0,2
1490,1470,Carting,2.6245876250186595,1.0,16
256,258,Carting,2.623376623376623,1.0,15
606,605,Carting,2.6233297197521486,0.9629629629629629,27
684,668,Carting,2.6229910710859365,1.0,44
1420,1394,Carting,2.6206050191924803,1.0,33
652,649,Carting,2.6204445505564986,1.0,4
1495,1471,Carting,2.6148458213694834,1.0,15
568,562,Carting,2.6135772436352296,1.0,99
787,788,Carting,2.6128828803586437,1.0,5
1388,1370,Carting,2.611111111111111,1.0,1
1468,1433,Carting,2.611111111111111,1.0,1
60,80,Carting,2.6092627733998603,1.0,6
1318,1299,Carting,2.606060606060606,1.0,2
259,169,Carting,2.6054770408163264,1.0,10
585,562,Carting,2.6053033043145666,1.0,8
1030,1012,Carting,2.6052731259968103,1.0,32
557,16,Carting,2.6034222211611917,1.0,24
673,677,Carting,2.603009987690229,1.0,42
598,595,Carting,2.601975279935806,1.0,12
916,883,Carting,2.601055815134576,1.0,75
1392,1346,Carting,2.600305878738421,1.0,10
763,760,Carting,2.598283752860412,1.0,4
1037,1024,Carting,2.594426406926407,1.0,18
948,948,Carting,2.5943400167084376,1.0,3
1351,1335,Carting,2.5938971173753784,1.0,30
28,20,Carting,2.5932750048752466,1.0,36
476,475,Carting,2.592575187969925,1.0,57
134,137,Carting,2.5890931372549018,1.0,4
1288,1285,Carting,2.588474217442824,1.0,47
1327,1305,Carting,2.588146137803343,1.0,59
884,843,Carting,2.5874686716791984,1.0,3
805,829,Carting,2.5872730438275693,1.0,17
338,339,Carting,2.587098560525761,1.0,12
1165,1152,Carting,2.5859339889802078,1.0,28
1059,1047,Carting,2.5840822440087146,1.0,12
1341,1323,Carting,2.583797268907563,1.0,6
1137,1125,Carting,2.582003565677479,1.0,15
170,260,Carting,2.5811031496024914,1.0,44
603,523,Carting,2.5793211764073787,1.0,307
16,1,Carting,2.5788989554505233,1.0,24
1220,1206,Carting,2.5783625730994153,1.0,2
1447,1413,Carting,2.5774720714314014,0.7727272727272727,22
1464,1437,Carting,2.5756049642079053,1.0,30
852,848,Carting,2.575106465350368,1.0,3
717,717,Carting,2.5743537414965987,1.0,7
850,843,Carting,2.5737968808808467,1.0,49
595,589,Carting,2.571339623159378,1.0,49
540,536,Carting,2.57095698396008,1.0,74
1053,1045,Carting,2.567857142857143,1.0,7
565,562,Carting,2.5659307953950807,0.7857142857142857,56
1351,1334,Carting,2.5638349089635852,1.0,8
610,600,Carting,2.563328763687142,1.0,106
883,875,Carting,2.5614210355642903,1.0,4
260,169,Carting,2.555417604854882,1.0,52
1139,1125,Carting,2.555270782871532,0.8709677419354839,31
1261,1248,Carting,2.553367983367983,1.0,4
528,16,Carting,2.5531979051098643,1.0,133
1229,1227,Carting,2.5527869191722976,1.0,10
1033,1025,Carting,2.5496103475128242,1.0,20
1378,1361,Carting,2.547886904761905,1.0,20
1342,1327,Carting,2.546875,1.0,2
748,735,Carting,2.546558138438005,1.0,18
289,256,Carting,2.5433480081677033,1.0,40
804,829,Carting,2.541345120923838,0.9629629629629629,27
431,339,Carting,2.541173682326923,1.0,50
1353,1346,Carting,2.540436613822849,1.0,8
240,192,Carting,2.5378041026100018,1.0,15
885,871,Carting,2.537593042057381,1.0,12
603,531,Carting,2.5366482400721257,1.0,43
1475,1437,Carting,2.5343881441428255,1.0,119
639,562,Carting,2.5339946489911243,1.0,152
950,939,Carting,2.5322067423460615,1.0,8
1367,1344,Carting,2.5310978320867643,1.0,9
1409,1386,Carting,2.5304577330103277,1.0,5
694,691,Carting,2.5301796157059315,1.0,4
572,562,Carting,2.523152709359606,1.0,8
812,816,Carting,2.5229671717171716,1.0,6
1279,1265,Carting,2.5206320079477975,1.0,10
869,857,Carting,2.5198488158670966,0.9642857142857143,28
1446,1426,Carting,2.5185185185185186,1.0,3
45,25,Carting,2.5179110364291852,1.0,109
955,946,Carting,2.5175438596491224,1.0,2
306,200,Carting,2.5169620037999443,1.0,45
293,290,Carting,2.5169055058623426,1.0,63
177,173,Carting,2.516112572349895,1.0,29
574,600,Carting,2.5156091420246702,1.0,136
1219,1332,Carting,2.5149813262505383,0.9941520467836257,171
1002,593,Carting,2.5146074871201205,1.0,12
686,681,Carting,2.5142857142857142,1.0,2
28,22,Carting,2.5114829454537486,0.9861111111111112,72
102,5,Carting,2.511111111111111,1.0,3
1229,1213,Carting,2.510721916971917,1.0,10
481,475,Carting,2.510646992503402,1.0,66
635,631,Carting,2.508676204995543,1.0,8
338,381,Carting,2.5066836594487243,1.0,9
1353,25,Carting,2.505964807752458,1.0,1112
36,27,Carting,2.5054209598098893,1.0,28
335,690,Carting,2.5048076923076925,1.0,1
1401,1356,Carting,2.501772347212003,1.0,85
1333,1315,Carting,2.5,1.0,1
1183,1165,Carting,2.5,1.0,1
134,143,Carting,2.499507629419167,1.0,76
618,656,Carting,2.4992346944210104,1.0,10
1156,1136,Carting,2.498851305234439,1.0,24
871,868,Carting,2.498263191916443,1.0,39
1228,1208,Carting,2.497266619065927,1.0,34
1119,1105,Carting,2.497164584708328,1.0,50
1382,1356,Carting,2.495660187151784,1.0,7
1024,1012,Carting,2.495522533022533,1.0,12
654,651,Carting,2.495103764210339,1.0,10
1284,1269,Carting,2.493940242763772,1.0,60
1377,1353,Carting,2.4937830687830687,1.0,6
42,46,Carting,2.4921102706816995,1.0,49
324,321,Carting,2.491904761904762,1.0,5
134,141,Carting,2.4913823202501457,1.0,56
571,560,Carting,2.491334943709697,1.0,66
604,523,Carting,2.4876993070070874,1.0,48
1074,1043,Carting,2.4866830065359475,1.0,10
1283,1268,Carting,2.4847675123618522,1.0,53
1016,963,Carting,2.483602975962729,1.0,20
331,184,Carting,2.4827509401642907,1.0,9
844,845,Carting,2.4825994318181817,1.0,8
1499,1475,Carting,2.479054162648666,1.0,4
297,294,Carting,2.477325595076167,1.0,30
848,838,Carting,2.4755122860903906,1.0,4
321,318,Carting,2.474903474903475,1.0,2
189,25,Carting,2.4740884118747903,1.0,11
955,938,Carting,2.4736954759799588,1.0,10
1460,1450,Carting,2.4733735970039388,1.0,30
673,1438,Carting,2.4730989296641854,1.0,96
290,294,Carting,2.472560975609756,1.0,2
812,812,Carting,2.4713760504201683,1.0,6
488,482,Carting,2.4712482468443198,1.0,2
579,562,Carting,2.4711704945623487,1.0,12
673,666,Carting,2.468080993080993,1.0,6
640,636,Carting,2.4674224081003744,0.8,5
897,884,Carting,2.4647744293009715,1.0,82
1497,1465,Carting,2.463034870394096,1.0,4
863,744,Carting,2.461719122966777,1.0,23
440,440,Carting,2.4615384615384617,1.0,1
865,860,Carting,2.461437405678174,1.0,16
1463,1437,Carting,2.4604166666666667,1.0,4
1226,1267,Carting,2.4601530408982923,1.0,84
1454,1421,Carting,2.4598954040958794,1.0,17
1454,1332,Carting,2.459336771989317,0.9696969696969697,33
603,526,Carting,2.4580419580419584,1.0,2
1146,1132,Carting,2.457618220336258,1.0,18
624,625,Carting,2.456878686433923,1.0,3
1181,1166,Carting,2.4555555555555557,1.0,2
520,523,Carting,2.4549060654759183,1.0,24
846,843,Carting,2.4536515571904745,1.0,42
1219,1287,Carting,2.453364631614071,1.0,20
1456,1436,Carting,2.4529857397504458,1.0,4
74,63,Carting,2.451603349673203,1.0,8
665,372,Carting,2.4506833040040976,1.0,14
566,600,Carting,2.4467722614896985,1.0,520
430,339,Carting,2.4466323423263128,1.0,90
134,600,Carting,2.4462276166748556,1.0,59
659,600,Carting,2.4456647685889625,1.0,31
593,586,Carting,2.445616444258035,1.0,32
748,871,Carting,2.4452126715429903,1.0,204
60,79,Carting,2.4447321612961557,1.0,18
536,551,Carting,2.4422754926532018,1.0,50
994,980,Carting,2.442007995556589,1.0,6
1422,1396,Carting,2.43787306430327,1.0,9
222,222,Carting,2.4375,1.0,1
204,325,Carting,2.437399474291756,1.0,99
344,354,Carting,2.4365301805151427,1.0,21
204,194,Carting,2.4352079068395893,0.9024390243902439,41
1219,1432,Carting,2.434364415803414,0.9818181818181818,165
1368,1347,Carting,2.432522607146937,1.0,17
76,277,Carting,2.432085299530504,1.0,7
296,295,Carting,2.4299450549450547,1.0,2
974,949,Carting,2.428486893786583,1.0,25
1442,1418,Carting,2.427887183414119,1.0,14
1319,1306,Carting,2.4270147123407995,1.0,3
1447,1426,Carting,2.426767676767677,1.0,4
79,79,Carting,2.4256928353378204,1.0,6
515,507,Carting,2.4252900673016065,1.0,4
328,25,Carting,2.425076842949595,1.0,81
1425,1402,Carting,2.425,1.0,2
578,562,Carting,2.4212443221872313,0.983957219251337,187
1110,1018,Carting,2.4211705360732823,1.0,37
694,693,Carting,2.4196197549365284,1.0,23
540,537,Carting,2.4194139194139197,1.0,2
1383,1364,Carting,2.4191880400611363,1.0,24
1028,1011,Carting,2.4183088133782347,1.0,49
56,74,Carting,2.41783861183656,1.0,12
479,473,Carting,2.4177180476979943,1.0,66
533,600,Carting,2.417685589826071,1.0,55
576,571,Carting,2.4169603645147126,1.0,12
1462,1458,Carting,2.4149572795625427,1.0,40
1014,963,Carting,2.4131778070968215,1.0,29
603,651,Carting,2.411366356028672,1.0,419
1024,1027,Carting,2.4111883010063857,1.0,48
379,369,Carting,2.4093222566906776,1.0,6
297,254,Carting,2.409090909090909,1.0,1
1195,1177,Carting,2.4084746889076776,1.0,70
1459,1434,Carting,2.4075352135999655,1.0,9
824,820,Carting,2.405829716005182,1.0,70
643,648,Carting,2.4055079491291065,1.0,41
944,936,Carting,2.4040434633458956,1.0,28
552,550,Carting,2.403990486257928,1.0,4
1431,1411,Carting,2.403704976051283,1.0,21
852,852,Carting,2.401696265938069,1.0,4
379,475,Carting,2.401318311517873,1.0,142
796,790,Carting,2.4005291005291007,1.0,3
442,448,Carting,2.399540759628995,1.0,20
61,70,Carting,2.3990361490361494,1.0,3
659,616,Carting,2.399000563098077,1.0,40
1377,1358,Carting,2.398198698593853,0.8089887640449438,89
204,203,Carting,2.397649003487438,0.9473684210526315,95
916,1202,Carting,2.3964421119466772,1.0,215
1423,1397,Carting,2.3951435691873892,1.0,6
1307,1295,Carting,2.3939682369764927,1.0,18
277,275,Carting,2.393566333699929,1.0,27
1461,704,Carting,2.392242108379201,1.0,43
409,409,Carting,2.3914859514430065,1.0,81
514,600,Carting,2.3907197785773557,1.0,12
605,529,Carting,2.3904834296138646,1.0,23
563,562,Carting,2.3900717187676643,0.9767441860465116,43
743,746,Carting,2.3897577912283796,0.9705882352941176,34
1434,1411,Carting,2.389301643986413,1.0,24
543,600,Carting,2.3882783882783882,1.0,3
81,79,Carting,2.3866721639025523,1.0,18
1180,1167,Carting,2.3864087301587302,1.0,28
389,383,Carting,2.3861617968443416,1.0,60
566,557,Carting,2.3855786943552904,1.0,13
731,744,Carting,2.3855147510649903,0.9090909090909091,11
1444,1423,Carting,2.3853953969234545,1.0,42
871,857,Carting,2.3853230487601045,1.0,232
1454,1424,Carting,2.3847239619705616,0.9965156794425087,287
906,897,Carting,2.3838073337425074,0.8838862559241706,422
1342,1326,Carting,2.383087027914614,1.0,4
831,828,Carting,2.3822918066418506,1.0,32
603,604,Carting,2.381206356321496,1.0,49
1237,1220,Carting,2.380654443843223,1.0,31
1136,1125,Carting,2.3799876496052965,0.9,10
916,895,Carting,2.3799452190949237,1.0,53
671,668,Carting,2.379895104895105,1.0,20
995,991,Carting,2.377816164789849,1.0,20
1328,1301,Carting,2.376859381750304,0.7142857142857143,7
1193,1173,Carting,2.3759433364988922,1.0,45
242,246,Carting,2.3749048781815203,1.0,26
528,531,Carting,2.3745614035087717,1.0,6
879,873,Carting,2.373809523809524,1.0,2
1374,1350,Carting,2.3712728683083326,1.0,7
987,981,Carting,2.3705762721330186,1.0,54
345,341,Carting,2.3688239229905896,1.0,36
344,357,Carting,2.3684556510662977,1.0,84
762,762,Carting,2.367438385332609,1.0,45
582,615,Carting,2.3667579464424815,1.0,12
618,600,Carting,2.364930521641805,1.0,96
973,549,Carting,2.3638398586477667,1.0,87
1216,1199,Carting,2.3636363636363638,1.0,2
712,721,Carting,2.3634184069028996,1.0,12
244,286,Carting,2.3632071242102786,1.0,13
204,25,Carting,2.3611340649968118,1.0,86
626,624,Carting,2.3609208091664233,1.0,18
1375,1356,Carting,2.3599792261942563,1.0,30
236,216,Carting,2.3592753623188405,1.0,4
212,711,Carting,2.359232871257698,1.0,78
1359,1381,Carting,2.3581486319387843,1.0,4
1019,1008,Carting,2.357142857142857,1.0,1
1496,1476,Carting,2.3556953044375644,1.0,14
1319,1307,Carting,2.3556808688387636,1.0,16
1036,1044,Carting,2.3556629845329535,1.0,22
86,140,Carting,2.354528916624199,1.0,36
592,590,Carting,2.3538731128472974,1.0,32
783,744,Carting,2.353867167745211,1.0,76
21,553,Carting,2.352315674211055,1.0,80
1310,1292,Carting,2.350925925925926,1.0,6
843,843,Carting,2.350135504759053,1.0,15
1238,1224,Carting,2.349892030822694,1.0,26
1363,1339,Carting,2.3494310929960496,1.0,24
814,810,Carting,2.346332427349508,1.0,42
1460,1452,Carting,2.3444986153327765,1.0,66
1305,908,Carting,2.3444441367929003,1.0,706
989,979,Carting,2.3441448031303103,1.0,18
351,339,Carting,2.344073200492571,1.0,7
20,1160,Carting,2.3432687424150456,1.0,24
190,330,Carting,2.340034399724802,1.0,15
767,766,Carting,2.336123965547626,1.0,21
313,309,Carting,2.334904474610357,1.0,26
906,9,Carting,2.3340458152958155,1.0,4
1310,1295,Carting,2.3333333333333335,1.0,1
740,744,Carting,2.3327763991268964,0.9230769230769231,26
479,472,Carting,2.3327744904667984,1.0,78
1492,1468,Carting,2.332661290322581,1.0,2
421,339,Carting,2.3322589719250555,1.0,32
1020,1023,Carting,2.331023347732017,0.9375,16
1353,1379,Carting,2.330749643217782,1.0,29
900,897,Carting,2.3306648075964507,0.7906976744186046,43
8,690,Carting,2.330651938095525,1.0,12
27,6,Carting,2.3274187499232184,1.0,171
145,135,Carting,2.3272930664107134,1.0,18
711,706,Carting,2.327258655450145,1.0,6
317,319,Carting,2.3262867647058822,1.0,4
643,645,Carting,2.3261936419207876,1.0,9
279,261,Carting,2.3247897632891017,1.0,35
925,929,Carting,2.323447277904809,1.0,28
1173,1160,Carting,2.32307991393535,1.0,29
562,562,Carting,2.3210859728506787,1.0,4
477,475,Carting,2.3188878315813297,1.0,48
1219,1207,Carting,2.3187370861136203,1.0,21
1372,1332,Carting,2.318406811301025,1.0,9
422,422,Carting,2.318311012602808,1.0,24
426,426,Carting,2.318245962047794,1.0,27
306,309,Carting,2.317719049426367,1.0,3
925,922,Carting,2.317260974319798,1.0,17
133,130,Carting,2.3171769671769673,1.0,3
1471,1446,Carting,2.31681277530361,0.9772727272727273,44
696,695,Carting,2.3164621769272933,1.0,6
1218,1196,Carting,2.315596893156107,1.0,90
916,890,Carting,2.3113653546066337,1.0,8
345,336,Carting,2.309429633446206,0.9411764705882353,51
640,576,Carting,2.30765358605375,1.0,10
594,591,Carting,2.3076473009844585,1.0,35
653,650,Carting,2.307131451362261,1.0,20
1364,1371,Carting,2.3050550452739236,1.0,4
883,871,Carting,2.304247827684112,0.9705882352941176,68
1402,1380,Carting,2.3028056484578223,1.0,4
951,945,Carting,2.30240930940794,1.0,29
916,668,Carting,2.2995117560398244,1.0,625
739,789,Carting,2.298608104569448,1.0,26
470,466,Carting,2.29735232629003,1.0,28
1257,1244,Carting,2.2972458310919848,1.0,13
1052,1034,Carting,2.2970037647187933,0.9565217391304348,46
1240,1221,Carting,2.2945238095238096,1.0,4
878,874,Carting,2.2944274205982116,1.0,12
871,866,Carting,2.2936837891106183,1.0,3
1485,1461,Carting,2.293091168091168,1.0,4
1385,1372,Carting,2.29248253531866,1.0,4
25,6,Carting,2.292466366215802,0.9705882352941176,34
1384,1365,Carting,2.292277591973244,1.0,10
1418,1395,Carting,2.2922126901086175,1.0,26
1051,1041,Carting,2.2919774669774666,1.0,30
566,549,Carting,2.2907602777443556,1.0,335
310,313,Carting,2.2903450909349248,1.0,24
1305,1202,Carting,2.290263011674343,1.0,402
1003,593,Carting,2.2883750662706435,1.0,15
603,25,Carting,2.287915062023958,1.0,965
825,826,Carting,2.2868031751499744,1.0,135
1377,1375,Carting,2.286779969125567,1.0,10
106,5,Carting,2.2853405397910733,1.0,69
1431,1410,Carting,2.2839946149156676,1.0,6
340,57,Carting,2.2825361512791993,1.0,2
180,25,Carting,2.280972926824646,1.0,6
940,903,Carting,2.2799818271960737,1.0,8
680,668,Carting,2.279920657739621,1.0,12
271,277,Carting,2.2790540670756876,1.0,28
1411,1390,Carting,2.2789330469029716,1.0,3
1402,1332,Carting,2.278726527439689,0.8,5
640,641,Carting,2.2779209292412617,1.0,30
1208,1194,Carting,2.2758620689655173,1.0,2
1353,1350,Carting,2.2746576857136787,1.0,20
868,857,Carting,2.274066755810177,1.0,16
889,881,Carting,2.273611111111111,1.0,3
1141,1125,Carting,2.272622273576461,1.0,38
361,361,Carting,2.271915608757714,1.0,22
429,365,Carting,2.271050521251002,1.0,2
189,202,Carting,2.270889122833169,1.0,30
233,233,Carting,2.2698618340723606,1.0,14
741,744,Carting,2.269205225920537,1.0,66
1313,1292,Carting,2.267794297206062,1.0,6
1138,1122,Carting,2.2670825906120022,1.0,6
1185,1160,Carting,2.2662863833990787,1.0,21
51,56,Carting,2.2658755943849114,1.0,7
222,234,Carting,2.2658668730650153,1.0,6
603,507,Carting,2.2658293332587185,1.0,107
981,973,Carting,2.2656641604010024,1.0,2
745,744,Carting,2.264561128526646,1.0,6
920,915,Carting,2.2636467398270805,1.0,28
1413,1418,Carting,2.261621833475643,0.975,40
218,204,Carting,2.261610578494491,1.0,64
555,594,Carting,2.261492221277138,1.0,15
924,898,Carting,2.261316124246782,0.9523809523809523,21
1140,1123,Carting,2.25968487394958,1.0,8
1028,1012,Carting,2.259275671854428,0.9615384615384616,208
8,200,Carting,2.2591686604562033,0.9851301115241635,269
139,135,Carting,2.258483500968698,1.0,44
345,355,Carting,2.257865487195983,0.9666666666666667,30
870,879,Carting,2.25731322209055,1.0,39
1326,1306,Carting,2.255466428995841,1.0,11
618,619,Carting,2.253398556577477,1.0,24
359,356,Carting,2.253227156861369,1.0,18
28,46,Carting,2.252897583824843,1.0,138
714,715,Carting,2.252167730299667,1.0,4
1337,1318,Carting,2.25,1.0,2
1287,1281,Carting,2.249446927066093,1.0,4
880,872,Carting,2.2476190476190476,1.0,2
778,777,Carting,2.2475258659469186,1.0,3
548,540,Carting,2.2474945179984194,0.9911504424778761,113
553,550,Carting,2.245397512405185,1.0,9
748,562,Carting,2.2435563849190627,1.0,480
1016,964,Carting,2.243272776404519,1.0,5
24,18,Carting,2.242063492063492,1.0,13
685,680,Carting,2.241484629872532,1.0,8
812,814,Carting,2.2406923922851343,1.0,26
480,475,Carting,2.2396156234421163,1.0,52
45,47,Carting,2.238894824311491,1.0,18
656,651,Carting,2.236190419210109,1.0,84
1433,1416,Carting,2.234809319168863,0.9428571428571428,35
627,625,Carting,2.2345406053718837,1.0,20
1424,1403,Carting,2.233974358974359,1.0,4
916,887,Carting,2.2333487601579707,0.9196428571428571,112
603,1432,Carting,2.2331843374026232,1.0,246
1353,1330,Carting,2.2329853594393936,0.6923076923076923,13
1461,700,Carting,2.232438317224213,1.0,31
1301,1288,Carting,2.2312013694366635,1.0,6
28,37,Carting,2.2294218045969676,1.0,46
1417,1400,Carting,2.229041242100705,1.0,18
859,826,Carting,2.2289038695975605,1.0,64
492,482,Carting,2.2288993513722595,1.0,67
80,79,Carting,2.2287246931980995,1.0,9
546,541,Carting,2.228573383413357,1.0,70
1440,1417,Carting,2.2284057042390377,1.0,18
748,731,Carting,2.2283618322763177,1.0,142
1107,1085,Carting,2.2272937510067923,1.0,44
1219,1212,Carting,2.2272584393789057,1.0,75
811,805,Carting,2.226615847449626,1.0,18
973,999,Carting,2.2235017155706727,1.0,63
1404,1332,Carting,2.221660641806983,1.0,72
1379,1359,Carting,2.2201436130007557,1.0,21
566,563,Carting,2.2194756174412924,1.0,95
1021,1013,Carting,2.219314323180799,0.9887640449438202,89
62,68,Carting,2.218935574229692,1.0,6
134,115,Carting,2.2179145423643605,1.0,27
242,256,Carting,2.2176521871374812,1.0,6
878,878,Carting,2.2175761249703205,1.0,15
748,668,Carting,2.216910484823838,1.0,614
947,941,Carting,2.2168870604204156,1.0,52
70,75,Carting,2.2163736146632567,1.0,10
625,625,Carting,2.215966386554622,1.0,2
810,794,Carting,2.2156888209829386,1.0,20
159,135,Carting,2.2151445361511826,0.9366197183098591,142
811,794,Carting,2.2144185777297785,1.0,24
603,555,Carting,2.2115827916429165,1.0,44
55,6,Carting,2.211408012888089,1.0,9
990,981,Carting,2.210179211469534,1.0,3
349,339,Carting,2.208100501950226,1.0,20
326,25,Carting,2.20742745637646,1.0,66
649,654,Carting,2.206394497710287,1.0,35
574,571,Carting,2.2062118942692748,1.0,74
589,572,Carting,2.2060536741347225,1.0,14
635,632,Carting,2.205480599984101,1.0,45
1187,1160,Carting,2.2048414596808144,1.0,5
964,956,Carting,2.2027777777777775,1.0,2
456,453,Carting,2.2021277665294785,1.0,69
315,310,Carting,2.2020071313549576,1.0,6
555,974,Carting,2.201260909570049,1.0,4
241,192,Carting,2.200864761098628,1.0,20
474,475,Carting,2.1980820105820107,1.0,36
767,744,Carting,2.197383170985359,1.0,7
1460,1447,Carting,2.1965225475036805,1.0,16
1138,1124,Carting,2.196078431372549,1.0,2
238,240,Carting,2.1947916666666667,1.0,4
637,638,Carting,2.1925589514115056,1.0,32
49,53,Carting,2.192555046025797,0.8947368421052632,19
748,738,Carting,2.192007382568962,1.0,71
748,734,Carting,2.191218570894642,1.0,33
513,511,Carting,2.1909722222222223,1.0,4
1236,1201,Carting,2.190279799158511,1.0,80
1160,1140,Carting,2.189246070328958,1.0,22
521,600,Carting,2.188485386317536,1.0,4
1209,1189,Carting,2.1882256191950464,1.0,4
28,600,Carting,2.1874165201617295,1.0,815
1460,1448,Carting,2.187054828973794,1.0,43
677,668,Carting,2.1870452194700314,1.0,8
627,624,Carting,2.186110026995778,1.0,6
826,807,Carting,2.185786676000137,1.0,16
344,393,Carting,2.1856464182769297,0.75,4
38,38,Carting,2.184615384615385,0.6,5
170,259,Carting,2.183110976307019,1.0,10
8,41,Carting,2.1825319488467074,0.5827067669172933,266
473,477,Carting,2.1804195804195805,0.75,4
93,5,Carting,2.1801756955276086,0.9166666666666666,12
275,79,Carting,2.179998111619992,0.9923664122137404,131
881,872,Carting,2.179418578497526,1.0,10
1496,1466,Carting,2.1793414918414915,0.8333333333333334,6
8,67,Carting,2.1790578628667867,1.0,12
8,1418,Carting,2.1774496676271857,1.0,665
1432,1416,Carting,2.176729024943311,1.0,3
280,79,Carting,2.1755556781781156,1.0,15
635,562,Carting,2.1753979537056427,1.0,130
640,577,Carting,2.175318691213469,0.9787234042553191,47
1364,1346,Carting,2.1749540181097906,1.0,4
204,218,Carting,2.1739991782070924,1.0,84
306,305,Carting,2.1737857821191153,1.0,21
1170,1160,Carting,2.1723927789900728,0.96,50
1339,857,Carting,2.1718723028617086,1.0,27
645,701,Carting,2.1710671923090223,1.0,18
1229,1239,Carting,2.168611670020121,1.0,3
713,713,Carting,2.1685425685425685,1.0,3
292,291,Carting,2.1684880777080267,1.0,40
8,65,Carting,2.168091311720241,1.0,105
1238,1216,Carting,2.167763157894737,1.0,2
1440,1388,Carting,2.1673027916510517,1.0,24
315,308,Carting,2.166666666666667,1.0,2
890,908,Carting,2.1664942839437007,0.8461538461538461,65
107,135,Carting,2.1662468737099823,0.9763779527559056,254
979,945,Carting,2.1649430193389594,1.0,6
276,273,Carting,2.1648706314610204,1.0,15
279,276,Carting,2.164255804412393,1.0,18
1219,600,Carting,2.1641264658322026,1.0,374
1304,1289,Carting,2.163278079231242,1.0,62
764,762,Carting,2.1623532732533772,1.0,35
1023,1018,Carting,2.162317209225832,0.9878542510121457,247
380,375,Carting,2.1610094625618483,1.0,41
1026,1014,Carting,2.159090909090909,1.0,2
712,683,Carting,2.158068288293693,1.0,56
333,25,Carting,2.1572669938154387,1.0,130
760,762,Carting,2.1572470913383377,1.0,4
189,201,Carting,2.1566765312528027,1.0,3
830,825,Carting,2.15625,1.0,2
831,827,Carting,2.1561993594449733,1.0,57
959,965,Carting,2.155812427898229,1.0,8
1341,1325,Carting,2.1551849288565426,1.0,8
1276,1260,Carting,2.1538461538461537,1.0,1
1271,1255,Carting,2.1537062937062936,1.0,15
361,362,Carting,2.153468427259355,0.9803921568627451,51
1436,1411,Carting,2.152077678260056,1.0,32
287,285,Carting,2.151711274738975,0.9736842105263158,38
333,327,Carting,2.150892857142857,1.0,2
1488,1475,Carting,2.150289661319073,1.0,3
1494,1471,Carting,2.1496498725446096,1.0,6
134,6,Carting,2.1483366224163167,1.0,716
941,932,Carting,2.147673872180451,1.0,4
330,329,Carting,2.14743060401258,0.9,40
761,762,Carting,2.1466112741176766,0.9444444444444444,18
299,296,Carting,2.1460925626738296,1.0,20
198,200,Carting,2.1452876984126985,0.9333333333333333,15
1460,1454,Carting,2.143927813453632,1.0,88
327,46,Carting,2.1422160624751436,1.0,21
691,690,Carting,2.1411216910795154,1.0,89
1460,1459,Carting,2.1405528664660443,1.0,79
306,307,Carting,2.1401590149931478,0.9444444444444444,18
1386,1332,Carting,2.139525892773825,1.0,149
1023,1020,Carting,2.1392117074102366,0.9761904761904762,84
1058,1032,Carting,2.1389064002903333,1.0,60
879,874,Carting,2.1385389775740653,1.0,18
566,640,Carting,2.137473691092657,1.0,253
1128,1115,Carting,2.133986928104575,1.0,3
43,6,Carting,2.1337122808823596,0.9444444444444444,162
178,176,Carting,2.1333333333333333,1.0,1
1175,1164,Carting,2.132289724925345,1.0,21
577,570,Carting,2.132192314569917,1.0,10
704,704,Carting,2.131948654339546,1.0,6
1231,1202,Carting,2.1311435867533803,0.9615384615384616,52
1227,1266,Carting,2.131074168797954,1.0,2
45,48,Carting,2.130714946594652,1.0,205
890,897,Carting,2.1306442004576764,0.8,40
549,550,Carting,2.1302681992337162,1.0,3
274,79,Carting,2.1296124129608467,1.0,108
1258,1279,Carting,2.129478690133297,1.0,33
666,374,Carting,2.12824922856874,1.0,30
658,656,Carting,2.126711961033979,1.0,115
784,773,Carting,2.125,1.0,2
62,410,Carting,2.1245286825036103,0.8,5
832,819,Carting,2.1243808633543284,1.0,128
1475,1449,Carting,2.124046284729027,1.0,12
626,619,Carting,2.1238785369220152,1.0,3
1314,1298,Carting,2.123456790123457,1.0,3
286,289,Carting,2.1224347404394694,1.0,59
877,871,Carting,2.121580514694034,1.0,9
773,771,Carting,2.1201680672268908,1.0,2
878,744,Carting,2.119668861793542,1.0,131
8,175,Carting,2.1192614418713385,0.9901315789473685,304
1353,1351,Carting,2.119238892306925,1.0,11
710,706,Carting,2.1192307692307693,1.0,2
1307,1292,Carting,2.119047619047619,1.0,6
8,1202,Carting,2.1186572661937264,0.998906306963179,2743
452,451,Carting,2.1183240240756582,1.0,18
454,454,Carting,2.1168921654028345,0.9871794871794872,78
1274,1259,Carting,2.1167133520074697,1.0,3
953,937,Carting,2.116700452110669,1.0,19
959,966,Carting,2.11667276190295,1.0,76
787,790,Carting,2.1157373481603545,1.0,24
1028,1099,Carting,2.1155377279370247,1.0,36
254,295,Carting,2.1145186335403725,1.0,16
689,690,Carting,2.1136284546002186,0.9629629629629629,27
795,791,Carting,2.113208768355827,1.0,11
76,171,Carting,2.1130058705291535,1.0,27
1220,1205,Carting,2.11280591641123,1.0,3
466,465,Carting,2.1125226860254083,1.0,2
392,388,Carting,2.11119625715899,0.6666666666666666,3
19,1186,Carting,2.111111111111111,1.0,2
1018,1013,Carting,2.10959313414071,0.9714285714285714,70
1477,1457,Carting,2.109219383217453,1.0,37
748,795,Carting,2.1090074645251407,1.0,21
1362,1339,Carting,2.1084262073623776,1.0,6
892,908,Carting,2.1081404187891812,0.9583333333333334,48
180,186,Carting,2.1078283129368534,1.0,47
1291,1286,Carting,2.1077161985801416,1.0,18
554,945,Carting,2.107090076565722,1.0,96
1114,1038,Carting,2.1070260879471405,1.0,16
632,633,Carting,2.1069204196830245,1.0,14
405,405,Carting,2.106835310956534,1.0,6
129,132,Carting,2.1064425770308124,1.0,2
802,744,Carting,2.1051251508673547,1.0,57
1429,1405,Carting,2.103792046848625,1.0,34
1340,1317,Carting,2.1037182306473565,1.0,9
893,908,Carting,2.103361284421417,0.8382352941176471,68
71,79,Carting,2.1030038230565107,0.9375,64
28,65,Carting,2.102814816127208,1.0,7
344,366,Carting,2.1020182328526285,1.0,26
730,739,Carting,2.101754385964912,1.0,2
1329,1312,Carting,2.1013784304122765,1.0,9
1229,1229,Carting,2.1010203069527744,1.0,25
966,952,Carting,2.1,1.0,1
426,429,Carting,2.0994627837445536,1.0,20
1001,749,Carting,2.099068087414367,1.0,44
733,744,Carting,2.0985653861735503,1.0,32
450,450,Carting,2.097987986695716,0.9814814814814815,54
7,104,Carting,2.0979710391440496,1.0,24
916,1160,Carting,2.0978853600503182,1.0,29
134,107,Carting,2.0972539450111194,0.9888888888888889,90
1443,1425,Carting,2.097076923076923,1.0,5
1465,1443,Carting,2.0967314659977703,1.0,40
367,363,Carting,2.0966737266598336,1.0,10
108,107,Carting,2.0956578109712782,1.0,18
204,213,Carting,2.095350986795391,1.0,64
143,153,Carting,2.0948292644988045,1.0,12
599,562,Carting,2.09466482116692,0.9878048780487805,82
1253,1236,Carting,2.092442775089834,1.0,30
581,576,Carting,2.0902426050568645,1.0,27
762,769,Carting,2.089255372313843,1.0,3
787,785,Carting,2.0891884531590414,1.0,3
134,116,Carting,2.089026480957483,1.0,12
8,327,Carting,2.0877761365136274,1.0,72
1032,1019,Carting,2.084580323357413,1.0,4
28,326,Carting,2.0839340206140196,1.0,8
109,107,Carting,2.0829052483464245,1.0,34
487,487,Carting,2.082509757874251,0.6666666666666666,3
1006,976,Carting,2.0823371483907627,1.0,8
595,1004,Carting,2.081997597762759,1.0,20
1252,1240,Carting,2.081923606523149,1.0,28
368,370,Carting,2.0815217391304346,1.0,2
444,448,Carting,2.0814986810316514,0.98989898989899,99
676,679,Carting,2.081093723472189,1.0,5
104,107,Carting,2.0805275603495774,1.0,76
809,803,Carting,2.080422193238334,1.0,9
1348,1332,Carting,2.0788510171946704,0.7,20
941,950,Carting,2.07845047109753,1.0,4
38,36,Carting,2.076923076923077,1.0,1
1454,1430,Carting,2.0748539696014228,1.0,28
497,489,Carting,2.074053724053724,1.0,29
322,223,Carting,2.0733577091185786,1.0,14
695,693,Carting,2.072916666666667,1.0,2
1279,1262,Carting,2.072803657694962,1.0,6
833,855,Carting,2.0723881673881674,1.0,30
1190,1172,Carting,2.0714285714285716,1.0,1
8,20,Carting,2.07083624433961,1.0,36
1182,1164,Carting,2.070680489101542,1.0,4
829,807,Carting,2.0694723264662387,1.0,60
603,535,Carting,2.0687198944372858,1.0,20
429,370,Carting,2.068072345453739,1.0,12
8,11,Carting,2.0671999320775427,0.9854014598540146,137
1395,1372,Carting,2.066088785351865,1.0,16
73,77,Carting,2.065927161979794,1.0,24
722,683,Carting,2.065594914117779,1.0,12
1235,1225,Carting,2.0640468159866736,0.8333333333333334,12
841,831,Carting,2.063904458350985,1.0,30
1497,1468,Carting,2.0635813435685226,1.0,50
960,953,Carting,2.063110511042842,1.0,14
1336,1320,Carting,2.063108336743328,0.9714285714285714,35
63,66,Carting,2.0620915032679736,1.0,2
8,339,Carting,2.060929220857082,1.0,270
1473,1450,Carting,2.060755940902544,1.0,37
834,801,Carting,2.0605711785998313,1.0,9
912,930,Carting,2.060113304244868,1.0,14
862,862,Carting,2.059630804536267,1.0,14
1463,1441,Carting,2.057204612478699,0.75,28
1008,1007,Carting,2.0563396232178857,1.0,36
796,843,Carting,2.0553489305106214,1.0,60
8,61,Carting,2.055118404731814,1.0,29
107,5,Carting,2.0549255982606836,1.0,40
39,6,Carting,2.054564516504948,1.0,41
685,668,Carting,2.053778009917401,1.0,7
636,631,Carting,2.0536979753878954,1.0,70
1032,1018,Carting,2.0534410949528175,1.0,40
528,602,Carting,2.0523838139188704,1.0,61
970,935,Carting,2.052041133129019,1.0,50
399,394,Carting,2.0514235291621046,1.0,12
301,300,Carting,2.050595238095238,1.0,18
1044,1040,Carting,2.0503687670354336,1.0,36
1396,1356,Carting,2.049837097689597,1.0,13
1360,1340,Carting,2.0497691154539237,1.0,22
1016,962,Carting,2.0495185975847248,1.0,8
89,89,Carting,2.0491907294670804,1.0,44
144,135,Carting,2.0491893629155324,0.9090909090909091,44
673,200,Carting,2.0487697433717176,0.9923809523809524,525
819,813,Carting,2.047058823529412,1.0,3
867,861,Carting,2.0470068113226008,1.0,25
153,159,Carting,2.0468480557468323,1.0,9
1262,1247,Carting,2.0458646650393795,1.0,5
195,186,Carting,2.045587794272005,1.0,20
479,375,Carting,2.045016995163276,0.9932885906040269,149
662,475,Carting,2.0446739813689367,1.0,36
1353,1342,Carting,2.043255837185131,1.0,24
1426,1403,Carting,2.0431985294117645,1.0,2
37,37,Carting,2.042016806722689,0.5,2
1325,1301,Carting,2.0414123801220576,1.0,2
1066,1047,Carting,2.040784675469204,1.0,82
556,544,Carting,2.0405879010951473,1.0,12
378,375,Carting,2.0400805968762517,0.9761904761904762,42
780,776,Carting,2.0392717092262,1.0,34
32,173,Carting,2.03885582010582,0.9583333333333334,24
895,908,Carting,2.038743363292131,0.8676470588235294,68
839,835,Carting,2.0380118325927823,1.0,24
738,743,Carting,2.0375,1.0,4
486,475,Carting,2.036924987524384,1.0,4
1031,1022,Carting,2.0357142857142856,1.0,2
1250,1205,Carting,2.0357142857142856,1.0,2
1330,1305,Carting,2.035649501578518,1.0,7
600,594,Carting,2.035277141159494,1.0,14
243,246,Carting,2.033769063180828,1.0,2
626,626,Carting,2.033333333333333,1.0,2
1330,1310,Carting,2.0332939322301025,1.0,3
797,788,Carting,2.030926432814305,1.0,28
8,1432,Carting,2.0308671573381964,0.9972565157750343,729
1029,1029,Carting,2.0297619047619047,1.0,2
1256,1212,Carting,2.027402796942687,1.0,98
379,371,Carting,2.0272779756346537,1.0,65
7,135,Carting,2.026949208130753,0.9900990099009901,303
1454,1431,Carting,2.02674382401333,1.0,70
8,27,Carting,2.026222842061151,0.9253731343283582,67
989,982,Carting,2.0259956174595706,1.0,48
76,64,Carting,2.0246550589599996,1.0,20
580,640,Carting,2.0243823898122932,1.0,10
617,607,Carting,2.0242644165244363,0.9944444444444445,180
729,728,Carting,2.0231095813287734,1.0,27
70,81,Carting,2.023015873015873,1.0,4
401,402,Carting,2.0220306513409962,1.0,2
497,500,Carting,2.0215774801400155,1.0,12
298,297,Carting,2.0215201465201464,1.0,2
18,1144,Carting,2.02140882235343,1.0,6
95,135,Carting,2.0213773971126914,0.6785714285714286,28
266,268,Carting,2.0211418503523766,1.0,24
134,88,Carting,2.0207476372975903,1.0,3
1166,1145,Carting,2.0206490813108458,1.0,4
161,160,Carting,2.0205920205920207,1.0,3
544,539,Carting,2.0192861408134655,1.0,51
610,578,Carting,2.01765836265669,1.0,11
1133,1126,Carting,2.017094418496357,1.0,51
1419,1401,Carting,2.0164672954528027,1.0,6
363,357,Carting,2.015578473813768,1.0,20
976,949,Carting,2.015518499836776,0.9444444444444444,54
8,135,Carting,2.015222235592946,0.9771341463414634,656
916,507,Carting,2.013491180920405,1.0,47
1181,1168,Carting,2.013402505069172,1.0,24
323,219,Carting,2.0131600441603927,0.9642857142857143,28
1312,1292,Carting,2.012531328320802,1.0,3
1022,1018,Carting,2.0119949494949494,1.0,4
12,1160,Carting,2.011655011655012,1.0,3
134,139,Carting,2.011640605363541,1.0,97
978,549,Carting,2.010592714954719,1.0,45
140,135,Carting,2.0105263157894737,1.0,1
7,118,Carting,2.010324049539736,1.0,6
862,744,Carting,2.010154317652307,1.0,237
345,356,Carting,2.0101423902894493,1.0,8
1260,1212,Carting,2.009938872172334,1.0,55
1369,1332,Carting,2.009792306008385,1.0,32
1141,1127,Carting,2.008420771890023,1.0,22
840,830,Carting,2.0082078775729486,1.0,28
130,130,Carting,2.007217444717445,1.0,4
479,470,Carting,2.0056575499460365,0.9907407407407407,108
511,505,Carting,2.004231460363536,1.0,53
28,1404,Carting,2.0039135072381624,0.5909090909090909,22
625,626,Carting,2.0031395891690007,1.0,6
21,523,Carting,2.0027850877192983,1.0,20
980,963,Carting,2.002412052588044,1.0,42
112,106,Carting,2.0018382352941178,1.0,2
1316,1298,Carting,2.0,1.0,2
120,121,Carting,2.0,1.0,1
501,499,Carting,2.0,1.0,1
673,675,Carting,1.9999177832713997,1.0,39
1219,6,Carting,1.9998684357800904,1.0,657
821,815,Carting,1.999846000993542,1.0,4
641,637,Carting,1.9993035558332528,1.0,32
1334,864,Carting,1.9985907526010804,0.9722222222222222,36
1497,6,Carting,1.9982476697360376,0.9877641824249166,899
479,507,Carting,1.9975046507575394,1.0,300
1055,1050,Carting,1.996817832535918,1.0,36
955,943,Carting,1.9963200379867045,1.0,6
709,1438,Carting,1.9957299069895607,0.9333333333333333,30
28,325,Carting,1.9956090815963614,1.0,32
63,65,Carting,1.9948400412796696,1.0,3
1197,1183,Carting,1.994172494172494,0.8333333333333334,6
595,583,Carting,1.9940344199765416,1.0,47
61,68,Carting,1.99392365570937,1.0,14
1493,1463,Carting,1.9937282679313295,1.0,33
282,272,Carting,1.993399525669487,1.0,22
202,332,Carting,1.9930349928285946,1.0,63
369,339,Carting,1.9923180146670356,1.0,217
1434,1414,Carting,1.9918882172752141,1.0,6
736,750,Carting,1.9913234611604178,1.0,12
958,970,Carting,1.990951477793583,1.0,8
15,33,Carting,1.9907918767133246,1.0,66
1484,1462,Carting,1.990466162929931,0.9666666666666667,30
1328,1306,Carting,1.989648033126294,1.0,2
635,635,Carting,1.9896066209391494,1.0,112
1460,1449,Carting,1.9886778203810154,0.972972972972973,37
653,600,Carting,1.9879830160939551,0.9904534606205251,419
450,439,Carting,1.987632740447958,1.0,20
296,293,Carting,1.9869368620152592,1.0,14
1025,1018,Carting,1.986579981394309,0.9655172413793104,87
174,176,Carting,1.9863014997665733,1.0,16
55,58,Carting,1.9849273255061333,1.0,30
874,864,Carting,1.9830407596707122,1.0,4
1307,1294,Carting,1.9828556899495116,1.0,6
365,423,Carting,1.9824749023118589,1.0,12
566,634,Carting,1.9804547758756441,1.0,120
258,286,Carting,1.9803792390898687,1.0,7
871,865,Carting,1.980217633845758,1.0,42
893,897,Carting,1.9801456737837835,0.6323529411764706,68
806,800,Carting,1.978583916083916,1.0,8
123,124,Carting,1.9784261715296196,1.0,3
1176,1160,Carting,1.9781463026402297,1.0,26
1030,1018,Carting,1.977135902871197,1.0,8
566,963,Carting,1.977047446849013,1.0,95
61,6,Carting,1.976277803481263,1.0,70
1472,1447,Carting,1.976270753030557,0.9,30
176,6,Carting,1.9762636979085222,0.9420289855072463,207
28,226,Carting,1.9756250558411448,1.0,20
808,744,Carting,1.9753980085037008,1.0,32
616,615,Carting,1.9743392859153728,1.0,36
438,438,Carting,1.9738751526251526,1.0,8
603,1202,Carting,1.9728454747567437,1.0,667
460,463,Carting,1.9717078536916592,1.0,39
696,694,Carting,1.9708719583501602,1.0,18
1269,1257,Carting,1.9703096903096904,1.0,15
494,497,Carting,1.970309273741768,1.0,7
8,52,Carting,1.9699516170104405,1.0,8
1098,1094,Carting,1.969025974025974,1.0,4
450,452,Carting,1.9689418825558809,1.0,16
8,62,Carting,1.968789566320627,0.9714285714285714,35
134,87,Carting,1.968731231231231,1.0,5
855,852,Carting,1.9685673365388476,1.0,41
1009,963,Carting,1.9684684684684683,1.0,6
1292,1278,Carting,1.9678991596638657,1.0,5
1246,1212,Carting,1.9673888972463052,1.0,49
92,99,Carting,1.9664594177752073,1.0,38
926,960,Carting,1.966330537977397,1.0,31
57,76,Carting,1.9661180667292573,1.0,27
1426,1402,Carting,1.9648380355276907,1.0,3
932,918,Carting,1.964192826168929,1.0,16
64,70,Carting,1.9636019608504773,1.0,29
882,871,Carting,1.962962962962963,1.0,1
916,1292,Carting,1.9606133420749596,1.0,818
345,337,Carting,1.9601964033719548,1.0,32
863,871,Carting,1.9601675308498074,1.0,32
101,124,Carting,1.9597912302751013,1.0,4
1330,1308,Carting,1.9596349973161569,1.0,6
366,427,Carting,1.959588599272366,0.9444444444444444,18
646,646,Carting,1.9594639536260832,0.9444444444444444,36
776,762,Carting,1.9592185592185594,1.0,3
748,570,Carting,1.9584856187417472,0.9705882352941176,136
1264,1253,Carting,1.9575305092797355,1.0,10
8,475,Carting,1.957146841592176,1.0,557
470,469,Carting,1.956178595504725,1.0,4
625,623,Carting,1.956024531024531,1.0,4
296,79,Carting,1.9556799317465374,0.9572192513368984,187
596,507,Carting,1.9554279746194367,1.0,23
973,1002,Carting,1.9550280582367467,0.9726027397260274,73
379,366,Carting,1.9531466212913333,0.9915254237288136,118
945,936,Carting,1.9521169187423055,1.0,34
767,759,Carting,1.9514249365862641,1.0,4
8,76,Carting,1.9511229415203186,1.0,10
916,885,Carting,1.9507740798192639,0.8888888888888888,72
519,514,Carting,1.9506429407729715,1.0,33
103,5,Carting,1.9494259545923633,1.0,12
611,614,Carting,1.9492337164750957,1.0,6
1100,1085,Carting,1.948446476685343,1.0,26
227,221,Carting,1.948267800752273,1.0,14
285,79,Carting,1.9482425444590157,1.0,30
902,908,Carting,1.948182045484124,0.8571428571428571,21
971,957,Carting,1.9479807897788104,1.0,22
113,156,Carting,1.9461193568336426,1.0,7
496,493,Carting,1.9458905330408864,1.0,42
946,933,Carting,1.9457626649340813,1.0,28
603,668,Carting,1.945705529701931,0.9972067039106145,358
1495,1463,Carting,1.9452426540662493,1.0,20
76,278,Carting,1.945185506964157,1.0,3
483,482,Carting,1.9447419928194538,0.8648648648648649,37
28,200,Carting,1.9440972778875998,1.0,449
555,945,Carting,1.9439259259950892,1.0,28
1441,1420,Carting,1.9438780775468083,1.0,15
964,908,Carting,1.9435202965924097,1.0,101
1353,1345,Carting,1.9426924841011528,1.0,12
337,207,Carting,1.9419554345371102,0.9333333333333333,15
248,79,Carting,1.941440563090148,0.984,125
1440,1420,Carting,1.9411764705882353,1.0,2
804,800,Carting,1.9411764705882353,1.0,1
28,327,Carting,1.941161873048929,1.0,8
765,762,Carting,1.9410771276595746,1.0,5
1346,1328,Carting,1.9395561391223155,1.0,10
685,681,Carting,1.939161220043573,1.0,3
748,6,Carting,1.9387708407319608,0.9464285714285714,56
1438,1424,Carting,1.9386691666231524,0.8791208791208791,91
511,515,Carting,1.9382746080888495,1.0,14
852,850,Carting,1.938153464469254,1.0,6
1454,6,Carting,1.9379398507435635,0.9893617021276596,470
627,619,Carting,1.9375,1.0,2
1039,1018,Carting,1.9372886467928818,1.0,35
787,791,Carting,1.9362997548069432,1.0,8
795,782,Carting,1.9357142857142857,1.0,4
28,169,Carting,1.9354073176970938,0.8333333333333334,18
806,799,Carting,1.9353225088751407,1.0,18
603,135,Carting,1.9346950947673935,1.0,59
510,511,Carting,1.9340013551247583,1.0,40
32,25,Carting,1.933571921522232,1.0,7
1370,1354,Carting,1.9328814268162682,1.0,33
1448,1429,Carting,1.9324831993728748,1.0,14
986,976,Carting,1.9315768150307624,1.0,32
1373,1348,Carting,1.9314895177808273,1.0,6
1239,1220,Carting,1.930536611139219,1.0,8
232,232,Carting,1.930253623188406,1.0,6
844,877,Carting,1.929738562091503,1.0,4
8,843,Carting,1.9294408030663222,1.0,686
8,600,Carting,1.9292969152571755,1.0,1606
834,832,Carting,1.9285714285714286,1.0,1
809,744,Carting,1.927031482233404,0.9761904761904762,42
283,269,Carting,1.9252760916619611,1.0,24
891,896,Carting,1.9251343101343104,0.5714285714285714,7
2,1341,Carting,1.924721263706771,1.0,18
256,243,Carting,1.9246561168339962,0.9791666666666666,48
134,5,Carting,1.924367571097178,0.9765625,128
105,108,Carting,1.9239073787409702,1.0,30
614,610,Carting,1.9237386473273699,1.0,16
644,648,Carting,1.923611111111111,1.0,3
685,688,Carting,1.9233956416032405,1.0,10
721,671,Carting,1.9228609971998352,0.8571428571428571,21
397,400,Carting,1.9226618346791926,0.8571428571428571,28
106,109,Carting,1.921029291221599,0.7692307692307693,26
990,983,Carting,1.9204145150228742,1.0,75
924,911,Carting,1.9201170243316625,1.0,32
428,428,Carting,1.9193462564312471,1.0,12
1063,1096,Carting,1.9176028687349462,1.0,157
923,912,Carting,1.9172677342162867,1.0,70
28,173,Carting,1.9169965220811427,1.0,15
1241,1219,Carting,1.9168011925143038,1.0,20
151,147,Carting,1.9158103917364595,1.0,32
258,244,Carting,1.9148786763918342,1.0,6
45,45,Carting,1.9147225057551145,1.0,46
916,339,Carting,1.913989753827213,0.9989775051124744,978
486,485,Carting,1.913574943372647,1.0,3
1224,1212,Carting,1.9133026131148785,1.0,15
8,1292,Carting,1.912925528012439,0.9894490035169988,853
716,714,Carting,1.9128968253968255,1.0,6
134,114,Carting,1.9128338297041303,1.0,14
916,957,Carting,1.9118949097308346,1.0,8
1489,1475,Carting,1.9113600995953937,1.0,3
598,596,Carting,1.9111277705470058,1.0,68
918,906,Carting,1.910856871133551,1.0,22
1126,1114,Carting,1.9107155142758856,1.0,10
1474,1451,Carting,1.910379412471398,1.0,30
8,1437,Carting,1.9088578339387372,1.0,720
1458,1435,Carting,1.9077561664833484,0.8888888888888888,9
1288,1277,Carting,1.9077266935978328,0.6666666666666666,3
1006,977,Carting,1.9072783337804111,1.0,51
132,130,Carting,1.907221425155428,0.6666666666666666,3
298,288,Carting,1.905644857699347,1.0,30
28,39,Carting,1.9053218470309583,1.0,3
1340,1324,Carting,1.9053117543313622,1.0,9
1329,1308,Carting,1.9051515524383742,1.0,6
566,591,Carting,1.9050888628780924,1.0,126
1442,1419,Carting,1.9045907316535935,1.0,8
1014,1001,Carting,1.9043907322654463,1.0,4
1050,1042,Carting,1.9035955029869838,1.0,22
299,288,Carting,1.9030828588552593,1.0,4
1219,1220,Carting,1.902461625815071,1.0,68
843,840,Carting,1.9009177670168382,1.0,6
705,705,Carting,1.9005112535897948,1.0,7
884,845,Carting,1.9002452177452176,1.0,14
603,562,Carting,1.900202007386384,0.9606741573033708,356
361,366,Carting,1.8998334500343075,0.9902912621359223,103
575,570,Carting,1.8992217217746055,0.9487179487179487,39
650,645,Carting,1.898916696385232,1.0,10
1357,12,Carting,1.8988827080751784,1.0,12
264,262,Carting,1.8983662796384606,0.5952380952380952,42
8,28,Carting,1.898353518656908,1.0,45
618,626,Carting,1.8981340657157721,1.0,12
1091,1163,Carting,1.8979863221884499,1.0,7
284,278,Carting,1.8976480836236933,1.0,2
1229,1230,Carting,1.8966142050040355,1.0,6
1056,1046,Carting,1.8957054935726412,1.0,16
423,422,Carting,1.895348874964195,1.0,4
134,164,Carting,1.8947788447955825,0.9861111111111112,72
935,917,Carting,1.8929886559587774,1.0,45
8,79,Carting,1.8916967480076223,0.9230769230769231,741
528,562,Carting,1.8910943478444575,0.95,40
875,866,Carting,1.8897447530647027,0.96875,32
331,25,Carting,1.8894746487270793,1.0,8
987,959,Carting,1.8892115946714596,1.0,30
1311,1292,Carting,1.889102564102564,1.0,4
566,523,Carting,1.8889022967910587,1.0,40
1023,1014,Carting,1.8885992795083704,0.9545454545454546,22
896,908,Carting,1.8878118218525795,0.8947368421052632,57
129,129,Carting,1.8875,1.0,4
690,687,Carting,1.8874805596341604,1.0,22
814,808,Carting,1.8869261999329356,0.9,30
1267,1247,Carting,1.8863961906992175,0.8333333333333334,6
566,843,Carting,1.8853659981542428,1.0,341
1067,1058,Carting,1.8845137362637363,1.0,50
386,340,Carting,1.8831487960116462,0.9722222222222222,36
660,627,Carting,1.8828031174704536,1.0,12
955,947,Carting,1.8821959548200684,1.0,3
603,6,Carting,1.8811242328051105,0.9984239558707644,1269
820,807,Carting,1.8803579631426253,1.0,57
619,629,Carting,1.880050505050505,1.0,3
1381,1361,Carting,1.879142300194932,1.0,9
1163,1151,Carting,1.8789331039331039,1.0,6
8,744,Carting,1.8781611089073493,0.9993898718730934,1639
1024,1018,Carting,1.8770341819028526,0.9607843137254902,51
834,744,Carting,1.876853597128277,1.0,96
498,493,Carting,1.8768349257753496,1.0,69
633,582,Carting,1.8758740013540942,1.0,21
755,752,Carting,1.875619559044856,1.0,18
574,573,Carting,1.8755730604500986,1.0,9
1370,1349,Carting,1.8752561603438798,1.0,9
877,876,Carting,1.8751072422409412,1.0,54
603,79,Carting,1.8750352475990761,0.9932523616734144,741
798,734,Carting,1.8744175989138738,0.9852941176470589,68
372,376,Carting,1.873846153846154,1.0,10
1437,1424,Carting,1.8737393038270969,1.0,64
97,5,Carting,1.8736388611388612,0.75,8
87,83,Carting,1.8727867996775558,1.0,42
1382,1375,Carting,1.8726539997721454,1.0,36
1173,1155,Carting,1.871624661390926,1.0,39
399,396,Carting,1.8715213358070502,1.0,2
211,200,Carting,1.8705048614508444,0.8226950354609929,141
1350,1332,Carting,1.8702880044211312,0.7,20
754,736,Carting,1.8697699376646746,1.0,7
180,327,Carting,1.8692515401395244,1.0,40
1440,6,Carting,1.8666578220478784,0.9922178988326849,257
82,88,Carting,1.8662080011499707,1.0,18
1452,1422,Carting,1.865801955448939,1.0,42
1047,1033,Carting,1.864427549197906,1.0,146
752,744,Carting,1.863881036267131,0.9090909090909091,110
236,236,Carting,1.8636045997346307,1.0,7
518,514,Carting,1.8626846100759142,1.0,21
903,893,Carting,1.861758305565616,0.9107142857142857,56
158,155,Carting,1.8615917458710347,1.0,7
903,884,Carting,1.8606925546331923,0.9099099099099099,111
748,1202,Carting,1.8596255755988615,1.0,110
1028,1021,Carting,1.85930953383914,0.9821428571428571,112
1447,1412,Carting,1.8593005413164723,1.0,15
319,320,Carting,1.8587715325193583,1.0,12
175,173,Carting,1.858459372546321,1.0,24
1120,1108,Carting,1.8572916666666666,0.75,4
134,105,Carting,1.8572714951982943,0.9752066115702479,121
817,823,Carting,1.8567518353098027,1.0,6
910,930,Carting,1.856543575110431,1.0,10
76,90,Carting,1.8562405111551314,1.0,102
815,900,Carting,1.8557533051099229,1.0,32
837,829,Carting,1.8551879699248122,1.0,3
204,6,Carting,1.8551820925620417,0.9744408945686901,626
774,770,Carting,1.8550724637681162,1.0,2
756,754,Carting,1.855001505684064,1.0,60
566,579,Carting,1.8543335412574413,1.0,18
771,770,Carting,1.8541666666666665,1.0,2
384,381,Carting,1.8534487286293828,0.875,8
906,908,Carting,1.8530464544059728,0.9364705882352942,425
595,507,Carting,1.8528038791690282,1.0,358
630,634,Carting,1.852663985530535,1.0,12
1000,993,Carting,1.8524799021150191,1.0,42
45,6,Carting,1.8516817799622336,1.0,189
667,698,Carting,1.8515298366745976,0.9047619047619048,84
603,475,Carting,1.8514130938434346,0.996969696969697,330
718,230,Carting,1.8513449068841483,1.0,12
1112,1018,Carting,1.8512906846240178,0.6666666666666666,3
1324,1309,Carting,1.8495287674502943,1.0,5
247,294,Carting,1.849255058209056,1.0,64
618,617,Carting,1.8486812273631867,1.0,51
1113,1101,Carting,1.84649229647552,1.0,28
1499,1464,Carting,1.8458399149133338,1.0,28
1009,999,Carting,1.8457068311195446,1.0,8
96,138,Carting,1.8456867315690846,1.0,40
1022,1023,Carting,1.8452735819499133,0.7727272727272727,22
907,911,Carting,1.8450891389242645,1.0,9
636,634,Carting,1.8435471637336265,1.0,16
583,580,Carting,1.8421239296752292,1.0,3
742,746,Carting,1.8419117647058822,1.0,2
467,465,Carting,1.8414707931223366,1.0,24
1457,1434,Carting,1.841159420289855,0.8,5
1244,1230,Carting,1.839949154441908,1.0,27
344,375,Carting,1.8392869679004193,0.994413407821229,179
497,492,Carting,1.838206627680312,1.0,3
669,663,Carting,1.8380249220457148,1.0,80
642,640,Carting,1.8370051277281243,1.0,8
134,113,Carting,1.8356407209348387,1.0,6
453,452,Carting,1.8353839619893542,1.0,24
8,21,Carting,1.833324069635993,0.9629629629629629,135
387,340,Carting,1.8325454123799987,1.0,22
683,678,Carting,1.8325028750503134,1.0,30
48,6,Carting,1.8317374373392596,0.925,80
1353,1334,Carting,1.8317307692307692,1.0,3
916,893,Carting,1.8315581631699804,0.9733333333333334,75
121,113,Carting,1.8310996101189747,1.0,30
1447,1418,Carting,1.8300441527451763,1.0,52
900,908,Carting,1.8298965086240906,0.8163265306122449,49
1155,1142,Carting,1.8291338885572632,1.0,34
995,988,Carting,1.8269555482026314,1.0,70
748,1292,Carting,1.8268254069420367,1.0,303
1219,1292,Carting,1.8265084331191908,0.995575221238938,452
862,859,Carting,1.8263126249968356,1.0,15
435,425,Carting,1.8262371003723743,1.0,9
878,872,Carting,1.8261895933753554,0.6666666666666666,3
92,92,Carting,1.826085589703602,1.0,42
387,352,Carting,1.8249907403909391,1.0,56
174,181,Carting,1.8244851206306418,0.9736842105263158,38
753,748,Carting,1.8244473515798467,1.0,46
733,737,Carting,1.8235294117647058,1.0,1
903,883,Carting,1.822426780447151,0.7037037037037037,54
946,934,Carting,1.8224244246368608,1.0,6
1377,1361,Carting,1.822304373282286,1.0,7
842,841,Carting,1.822017713848977,0.9761904761904762,42
1476,1453,Carting,1.8217403067946545,1.0,40
62,6,Carting,1.8213025800809584,1.0,35
76,282,Carting,1.8189418766400627,0.9761904761904762,42
603,570,Carting,1.8186529946086274,0.9646017699115044,113
1445,6,Carting,1.8182355193038382,0.996742671009772,614
98,5,Carting,1.8181818181818181,1.0,2
611,609,Carting,1.8171347748046796,1.0,48
33,6,Carting,1.8160696630964923,1.0,70
852,1018,Carting,1.8150519415254704,1.0,141
789,787,Carting,1.8133433420950635,0.7916666666666666,72
493,492,Carting,1.8120657222383565,1.0,42
418,418,Carting,1.8118019887192884,1.0,28
1154,1139,Carting,1.8117974064984934,0.7142857142857143,7
14,6,Carting,1.811227346287608,0.97,100
1338,1321,Carting,1.8105158730158728,1.0,6
907,913,Carting,1.8104999981757341,1.0,40
1427,200,Carting,1.8103352993656578,1.0,170
1483,1460,Carting,1.809021273339455,1.0,22
678,668,Carting,1.8083552398517588,1.0,24
1042,1028,Carting,1.8083405915213695,1.0,11
462,436,Carting,1.8080682810758713,1.0,8
1060,1049,Carting,1.8080383881586288,1.0,30
273,284,Carting,1.8072263993316626,1.0,14
849,838,Carting,1.8071542796280313,1.0,38
428,429,Carting,1.8060743719083607,1.0,6
134,79,Carting,1.8037895485553401,1.0,96
904,897,Carting,1.8035714285714286,1.0,2
1434,1409,Carting,1.8030685648541256,1.0,3
767,765,Carting,1.8022133347430764,1.0,9
11,135,Carting,1.802076992554412,0.9809523809523809,210
595,587,Carting,1.8019363038277512,1.0,8
1447,1414,Carting,1.8016769888019628,1.0,12
663,475,Carting,1.8012412498714232,1.0,208
523,518,Carting,1.8,1.0,2
916,963,Carting,1.7996829201991027,1.0,46
944,950,Carting,1.7992202729044835,1.0,2
1033,1018,Carting,1.7987465790914068,1.0,10
1499,1466,Carting,1.7986111111111112,1.0,2
812,811,Carting,1.7964927097534336,0.9803921568627451,51
1140,1126,Carting,1.7963454616902894,1.0,22
1242,1218,Carting,1.7958937232828434,1.0,26
425,421,Carting,1.795879812618943,1.0,6
465,460,Carting,1.79578173374613,1.0,4
111,101,Carting,1.793354997399115,1.0,8
8,1018,Carting,1.7932831339816389,1.0,1015
204,208,Carting,1.7932423837752036,1.0,189
940,901,Carting,1.7930491764764693,1.0,72
8,562,Carting,1.7924425285032701,0.9919642857142857,1120
916,1018,Carting,1.7922140199887029,1.0,182
1447,200,Carting,1.7916926104529354,1.0,96
28,79,Carting,1.7912411301205868,0.8,5
995,992,Carting,1.790859621945404,1.0,60
510,25,Carting,1.790371630121003,0.9987063389391979,773
503,507,Carting,1.7897832918760128,1.0,147
45,42,Carting,1.7897434972434973,1.0,45
761,759,Carting,1.7894736842105263,1.0,1
974,967,Carting,1.788861723432844,1.0,96
916,886,Carting,1.7884212641933233,0.775,40
748,774,Carting,1.7873580308429489,0.990909090909091,110
160,150,Carting,1.7871939736346516,1.0,4
134,161,Carting,1.786225342850114,1.0,30
517,516,Carting,1.7844763139386166,1.0,80
1204,1182,Carting,1.783053983053983,1.0,9
793,744,Carting,1.7830186635124552,1.0,70
547,542,Carting,1.7825501997979012,1.0,119
781,51,Carting,1.7824784723761073,1.0,38
1113,1018,Carting,1.781791139122185,0.9705882352941176,68
1234,1218,Carting,1.7810835277787005,0.875,32
941,951,Carting,1.7803418803418805,1.0,3
58,67,Carting,1.7793104719201656,1.0,8
620,626,Carting,1.7790512970146837,1.0,18
331,186,Carting,1.7778811449882548,0.9047619047619048,42
1273,1252,Carting,1.7772203632487913,1.0,26
1264,1252,Carting,1.7761717673007995,1.0,4
847,839,Carting,1.7759170653907497,1.0,3
787,792,Carting,1.7758062625225466,1.0,42
1140,1116,Carting,1.7754542308959869,1.0,64
1460,1475,Carting,1.7753540343823375,0.9904306220095693,209
1202,14,Carting,1.7747252747252746,1.0,2
411,406,Carting,1.7746981497788663,0.9444444444444444,18
779,763,Carting,1.774451447245565,1.0,4
1361,1338,Carting,1.7737140191733087,1.0,30
38,26,Carting,1.7724686028257455,0.5714285714285714,7
376,371,Carting,1.7712990491957479,0.8148148148148148,27
906,913,Carting,1.7700845220482724,1.0,10
1241,1220,Carting,1.7695739445739447,1.0,4
8,342,Carting,1.7691325074600803,1.0,180
848,847,Carting,1.7689097937469174,1.0,18
903,894,Carting,1.7673611111111112,1.0,2
334,331,Carting,1.7659680763247947,0.9629629629629629,27
582,612,Carting,1.7656745455222767,0.9743589743589743,39
18,1138,Carting,1.7648953301127213,1.0,2
916,9,Carting,1.7648076529623593,1.0,18
905,907,Carting,1.7647058823529411,1.0,2
28,167,Carting,1.7628260930054676,0.8620689655172413,29
306,323,Carting,1.7616597683121076,1.0,90
1497,1474,Carting,1.76158228629319,1.0,42
1141,1128,Carting,1.7614619883040938,1.0,10
464,464,Carting,1.7610186205040523,1.0,35
90,93,Carting,1.7609736201295505,1.0,38
1200,1186,Carting,1.76071771365889,1.0,34
1288,1209,Carting,1.7604276291750287,1.0,89
748,729,Carting,1.7598047404540538,1.0,38
338,378,Carting,1.7592178288315585,1.0,51
155,154,Carting,1.7589153561517115,1.0,6
1005,991,Carting,1.7586837859468434,0.9225352112676056,142
1127,1112,Carting,1.757871637288804,1.0,20
1109,1065,Carting,1.7577136467193937,1.0,75
766,770,Carting,1.7568710359408035,1.0,2
452,452,Carting,1.7563514957264956,1.0,10
973,1001,Carting,1.7562245514086898,1.0,12
134,102,Carting,1.7556868902422005,1.0,126
973,600,Carting,1.7552653208759346,1.0,24
26,25,Carting,1.7552422723475356,1.0,6
903,1161,Carting,1.7552028595526514,1.0,16
682,672,Carting,1.7532903996061657,0.9487179487179487,39
1305,1314,Carting,1.7531130544087896,0.8958333333333334,96
172,278,Carting,1.7529675638371292,0.8333333333333334,6
1111,1018,Carting,1.7522411743100104,1.0,36
1093,1163,Carting,1.751907813242887,1.0,4
1099,1094,Carting,1.7517076420096303,1.0,22
1043,1039,Carting,1.7516420361247949,1.0,12
13,1013,Carting,1.7507659205350123,1.0,72
916,600,Carting,1.7496915963098356,1.0,258
1320,1202,Carting,1.7496634209747286,1.0,8
903,885,Carting,1.7489045268017214,0.6136363636363636,88
748,736,Carting,1.7486875797550123,0.9,70
1416,1398,Carting,1.7485826503855624,0.65,20
150,135,Carting,1.7474392112668047,0.78125,32
356,340,Carting,1.7473802103094882,0.984375,64
848,844,Carting,1.7471817868374417,1.0,38
873,867,Carting,1.7471264351590439,1.0,40
903,1160,Carting,1.7462525455545996,0.9910313901345291,223
28,178,Carting,1.7461168807729315,0.993421052631579,152
1028,1015,Carting,1.7458229343615084,0.9514563106796117,103
510,908,Carting,1.7448981868660691,0.9967914438502674,935
1095,1089,Carting,1.7436052563317816,1.0,34
603,744,Carting,1.7426709859829992,0.9567809239940388,671
748,730,Carting,1.7426283596976087,0.8958333333333334,48
52,55,Carting,1.742319508577879,0.9707602339181286,171
407,416,Carting,1.7422444280287417,1.0,9
76,271,Carting,1.742033448991165,0.9888888888888889,90
1305,1305,Carting,1.7415605886577972,0.9666666666666667,60
622,627,Carting,1.741405929863591,1.0,36
618,623,Carting,1.7412856043409262,1.0,9
834,834,Carting,1.7404690397139737,1.0,26
748,829,Carting,1.740102771269766,1.0,127
612,578,Carting,1.7393474697003126,1.0,54
673,6,Carting,1.7389811157963766,0.9540059347181009,674
61,411,Carting,1.7385923540502843,0.8333333333333334,30
361,427,Carting,1.738391486572807,1.0,10
917,6,Carting,1.7381283495343847,0.9871794871794872,78
585,568,Carting,1.736842105263158,1.0,1
458,475,Carting,1.7366680163083856,1.0,54
813,809,Carting,1.7360565952416027,1.0,90
1219,1424,Carting,1.7360015289539026,0.9736842105263158,76
54,59,Carting,1.7354429431804996,1.0,26
955,908,Carting,1.7352733750463711,0.9807692307692307,52
908,808,Carting,1.7349606483697848,0.9375,96
420,419,Carting,1.7348216979099331,1.0,28
881,871,Carting,1.734262496962618,1.0,14
1005,996,Carting,1.7337457144903954,1.0,15
135,135,Carting,1.7326365663322185,0.5,4
369,424,Carting,1.7325499345524138,0.9814814814814815,54
941,936,Carting,1.7312407870949797,1.0,6
782,778,Carting,1.7301160990712074,1.0,25
1331,1310,Carting,1.7295238095238095,1.0,3
486,484,Carting,1.7291314631659902,1.0,26
59,6,Carting,1.7290003181217077,0.8717948717948718,39
1076,1052,Carting,1.7289292966853056,1.0,60
134,94,Carting,1.728890959105449,1.0,42
1160,908,Carting,1.728518547645305,1.0,119
566,908,Carting,1.7284575260197779,0.9970414201183432,338
479,6,Carting,1.7282390927819158,0.992831541218638,558
1088,1082,Carting,1.7282299518228288,1.0,51
610,612,Carting,1.7278903400799512,1.0,15
943,927,Carting,1.7276773152087168,1.0,24
774,771,Carting,1.7275541795665634,1.0,2
404,395,Carting,1.727110694183865,1.0,4
8,668,Carting,1.7270334608403388,1.0,458
555,968,Carting,1.7267314209826368,1.0,39
812,908,Carting,1.7263455016286613,1.0,72
8,500,Carting,1.7260868832159195,0.9714285714285714,385
1177,1157,Carting,1.7253010878010877,0.8636363636363636,22
862,864,Carting,1.7249913083940462,1.0,264
406,405,Carting,1.7249238090569359,1.0,12
76,247,Carting,1.7244865715123787,0.9802631578947368,152
846,837,Carting,1.7241379310344827,1.0,1
916,897,Carting,1.7240834509991354,0.937007874015748,508
903,908,Carting,1.7226315293859498,0.8844339622641509,424
1262,1254,Carting,1.7218946965204651,1.0,36
812,744,Carting,1.7213300680923305,0.9873417721518988,237
8,24,Carting,1.721227497725162,0.9044585987261147,157
916,898,Carting,1.7212274372599854,0.9485903814262023,603
693,680,Carting,1.721088608238254,1.0,14
121,114,Carting,1.7204603388813915,1.0,6
76,135,Carting,1.7204298788768873,1.0,240
76,270,Carting,1.719147280226074,1.0,30
981,969,Carting,1.7191073185126893,1.0,8
1440,200,Carting,1.718930589085133,0.9666666666666667,240
7,96,Carting,1.718668292352503,1.0,6
502,501,Carting,1.7160455951226388,0.9642857142857143,28
8,66,Carting,1.7155438932744111,1.0,28
329,6,Carting,1.7146150096087602,1.0,16
410,391,Carting,1.7142857142857142,1.0,1
901,908,Carting,1.713096628602626,0.8545454545454545,110
479,461,Carting,1.7128193946026902,1.0,77
916,6,Carting,1.7123670406657203,0.9933655006031363,3316
978,972,Carting,1.711080586080586,1.0,3
963,934,Carting,1.7108544251447477,0.85,20
887,864,Carting,1.7105537042131245,1.0,4
1219,1210,Carting,1.7102422879119576,1.0,12
903,886,Carting,1.7098134196445145,0.847682119205298,151
603,908,Carting,1.7094524650358172,0.999104744852283,1117
955,1137,Carting,1.7084520417853752,1.0,3
973,908,Carting,1.7078150803078633,1.0,64
134,99,Carting,1.7074264791371654,1.0,105
295,294,Carting,1.7073933837456654,0.6666666666666666,12
147,149,Carting,1.707129548394021,0.8823529411764706,34
799,797,Carting,1.706728859805485,1.0,38
184,183,Carting,1.704087112178958,1.0,36
62,409,Carting,1.703530657664714,1.0,21
479,495,Carting,1.7018371584994523,1.0,105
369,430,Carting,1.701590253313697,0.9,20
927,921,Carting,1.7014442307706037,1.0,24
61,409,Carting,1.6981246363572802,1.0,51
848,841,Carting,1.697867378099936,1.0,6
916,744,Carting,1.6974197260301158,0.9943181818181818,176
345,347,Carting,1.6970252186561483,0.9714285714285714,35
382,380,Carting,1.696241388619905,1.0,6
1172,1160,Carting,1.6950048614487117,1.0,11
8,908,Carting,1.694916348297617,0.9981884057971014,4968
848,744,Carting,1.6945369672179893,1.0,132
982,969,Carting,1.693515198174622,0.8333333333333334,12
8,44,Carting,1.6934184877154788,0.967741935483871,341
956,549,Carting,1.6932618569728457,1.0,13
4,1162,Carting,1.6932160282362712,0.38461538461538464,13
836,832,Carting,1.6928571428571428,1.0,6
1043,1018,Carting,1.692682247890217,1.0,18
101,130,Carting,1.692624803909912,1.0,116
1089,1076,Carting,1.6920752618302826,1.0,26
692,686,Carting,1.6919766639045875,0.9629629629629629,27
471,456,Carting,1.6912245411977427,1.0,7
65,70,Carting,1.6911976911976911,1.0,3
1353,1337,Carting,1.6911350827111695,1.0,16
1309,1296,Carting,1.690909090909091,1.0,2
204,195,Carting,1.6900336724531897,0.7142857142857143,42
951,908,Carting,1.6897283932179972,1.0,11
848,842,Carting,1.6893748704126061,1.0,42
862,871,Carting,1.6884829327174247,0.875,16
1322,1301,Carting,1.6875,1.0,1
1102,1081,Carting,1.6874297164082417,1.0,34
1174,1160,Carting,1.687415733565901,1.0,36
584,581,Carting,1.6872015723525475,1.0,4
11,6,Carting,1.6870705993673494,0.8853503184713376,314
1121,1110,Carting,1.6868546384086827,0.8333333333333334,6
952,908,Carting,1.6854062142068773,1.0,59
124,135,Carting,1.6841453324117608,1.0,161
1044,1018,Carting,1.683908082167807,1.0,42
1237,1223,Carting,1.683827480027215,1.0,3
1412,1390,Carting,1.6836327854015865,1.0,32
1287,1209,Carting,1.6834397774158056,1.0,21
720,720,Carting,1.6822984915006192,1.0,8
97,103,Carting,1.681742338105004,1.0,42
616,578,Carting,1.6812883031266814,0.9166666666666666,12
943,935,Carting,1.6801801801801801,0.5,2
1280,1263,Carting,1.6792006070220014,0.9375,16
510,500,Carting,1.6784765029509805,0.9811320754716981,53
555,548,Carting,1.6773171951692722,1.0,18
134,25,Carting,1.6767593248159491,0.9666666666666667,90
234,716,Carting,1.6767480667480668,1.0,7
446,445,Carting,1.6763529107314505,1.0,48
5,908,Carting,1.676035593948697,1.0,144
80,82,Carting,1.6739756094461977,1.0,10
1339,1322,Carting,1.6736231361231362,1.0,6
1028,857,Carting,1.6734710544413245,0.9591836734693877,49
1332,1324,Carting,1.6732570562887281,1.0,14
1478,1456,Carting,1.6724484115288714,0.7142857142857143,42
1054,1121,Carting,1.6717757804975852,0.9375,96
770,756,Carting,1.671175003157762,1.0,10
344,25,Carting,1.6705735690296832,0.9805194805194806,154
1161,1160,Carting,1.6704777449225334,1.0,36
503,475,Carting,1.6702999410960735,1.0,39
191,6,Carting,1.6676405046474856,0.9416342412451362,257
260,259,Carting,1.666859296166019,1.0,28
1040,1016,Carting,1.6666666666666667,1.0,2
1219,1201,Carting,1.6666666666666667,1.0,1
928,923,Carting,1.666382565223986,1.0,20
1113,908,Carting,1.6656243282760435,1.0,18
1372,1351,Carting,1.6654040404040404,1.0,2
818,822,Carting,1.6653603980872218,1.0,30
1028,908,Carting,1.6651540941232146,0.9759615384615384,208
694,692,Carting,1.66494565994566,1.0,6
903,898,Carting,1.6646737791420587,0.8495867768595041,605
134,908,Carting,1.6644472569172923,1.0,81
1150,1144,Carting,1.663751995234846,1.0,45
245,256,Carting,1.6635371393080598,0.7,30
999,997,Carting,1.6631863385178878,1.0,27
1073,1061,Carting,1.6622838750964821,0.8529411764705882,34
163,135,Carting,1.6621633036883607,0.8666666666666667,15
303,303,Carting,1.6620729813664596,1.0,4
1461,718,Carting,1.661813537715422,1.0,8
948,947,Carting,1.6614906832298137,1.0,2
1010,998,Carting,1.6614578686767076,1.0,55
1327,1310,Carting,1.6604761904761904,1.0,2
31,6,Carting,1.6601483839961553,1.0,5
77,64,Carting,1.6597701149425288,1.0,2
828,818,Carting,1.658962877365304,1.0,4
510,475,Carting,1.6582917044961754,0.9900497512437811,201
1227,1272,Carting,1.6582125603864732,1.0,3
566,558,Carting,1.6580386119965227,1.0,14
748,908,Carting,1.6578719604568364,0.990909090909091,110
180,191,Carting,1.657588061340734,0.6666666666666666,6
30,34,Carting,1.6574914301169823,0.9090909090909091,66
979,972,Carting,1.657423526765632,1.0,8
382,377,Carting,1.6568374079089487,0.9166666666666666,12
423,420,Carting,1.6566129858061291,0.7222222222222222,36
603,607,Carting,1.6565362838853077,1.0,126
1172,1159,Carting,1.6560560256491261,1.0,14
1070,1057,Carting,1.655824478551751,1.0,22
878,857,Carting,1.655780865568208,1.0,88
137,135,Carting,1.653969292683221,0.7857142857142857,112
8,387,Carting,1.6533704913357252,0.9,50
344,6,Carting,1.6532608447224886,0.9898477157360406,197
1461,699,Carting,1.6529494628485557,1.0,14
892,889,Carting,1.6526829118073822,1.0,76
408,71,Carting,1.652621092155054,1.0,40
701,696,Carting,1.651829895250948,1.0,6
1175,1155,Carting,1.6509017989018424,0.9666666666666667,30
1403,1332,Carting,1.6507448002993919,0.8,5
1159,1143,Carting,1.6499407013386478,1.0,24
967,949,Carting,1.6491702075190604,1.0,30
1180,1168,Carting,1.6483516483516483,1.0,2
1189,1175,Carting,1.6478086550166886,1.0,12
1058,1053,Carting,1.6473864274550774,0.9607843137254902,51
8,46,Carting,1.647347776908605,0.9783783783783784,185
32,6,Carting,1.6471306121002312,0.9448123620309051,453
126,128,Carting,1.6470773160428334,0.6,5
1245,1212,Carting,1.646245868826514,1.0,5
726,724,Carting,1.6461387393827152,0.9393939393939394,66
328,6,Carting,1.6457673760551608,1.0,40
725,726,Carting,1.645541374414661,1.0,60
351,346,Carting,1.645540142067506,1.0,14
1028,744,Carting,1.6438623910801455,0.9937888198757764,161
331,690,Carting,1.6438207324376217,0.8979591836734694,49
75,78,Carting,1.6437263437263439,0.8468468468468469,111
1124,908,Carting,1.643709901193465,1.0,33
975,965,Carting,1.6430110322022087,0.9864864864864865,74
748,806,Carting,1.642205009203279,1.0,34
1377,1362,Carting,1.6420338036600794,0.9791666666666666,48
76,6,Carting,1.641853110658509,0.8131578947368421,760
221,229,Carting,1.641735679779158,1.0,3
119,5,Carting,1.6416666666666666,1.0,2
942,931,Carting,1.6405228758169936,1.0,3
489,488,Carting,1.640454981623305,1.0,19
406,416,Carting,1.6401960784313725,1.0,10
926,935,Carting,1.6394230769230769,1.0,2
916,884,Carting,1.6379197164019597,0.7727272727272727,66
916,591,Carting,1.6376996632067387,0.9899665551839465,299
76,60,Carting,1.6375036439865633,1.0,12
7,105,Carting,1.63746034853737,1.0,7
591,584,Carting,1.636995406968233,0.8333333333333334,24
852,851,Carting,1.6361980516022134,1.0,63
347,6,Carting,1.635887524394712,1.0,153
775,771,Carting,1.6340445339929344,0.9444444444444444,18
1105,1085,Carting,1.6331772299693452,0.9811320754716981,53
959,963,Carting,1.6329642429660516,1.0,66
166,135,Carting,1.6328199906222531,0.7846153846153846,65
586,630,Carting,1.6318199554069117,1.0,10
551,550,Carting,1.6317024137094682,1.0,8
1249,1237,Carting,1.63165401426271,1.0,3
858,744,Carting,1.6313649335722442,0.9957805907172996,237
1096,1076,Carting,1.630032846184308,1.0,48
903,9,Carting,1.6294642857142856,1.0,2
872,882,Carting,1.6291568837641233,1.0,62
788,783,Carting,1.6289196196712732,1.0,38
257,258,Carting,1.628787878787879,1.0,3
8,37,Carting,1.627414098801864,0.9757575757575757,165
1028,897,Carting,1.6269005572395854,1.0,148
436,425,Carting,1.6264811282643274,0.8571428571428571,7
110,101,Carting,1.626198681843843,1.0,10
419,418,Carting,1.625442443176736,1.0,9
1134,1070,Carting,1.6252204952599858,1.0,27
1088,1163,Carting,1.6248608916167444,1.0,5
52,6,Carting,1.62397504456328,1.0,4
822,815,Carting,1.623474684972318,1.0,36
1098,1086,Carting,1.6219884865929404,1.0,25
391,690,Carting,1.6219203872848789,0.9473684210526315,19
835,829,Carting,1.6206074587923844,0.987012987012987,77
757,747,Carting,1.6197483305061784,1.0,38
1028,1100,Carting,1.6193115283062023,0.9423076923076923,52
217,211,Carting,1.6186528849572328,1.0,36
746,740,Carting,1.6183851239625988,1.0,20
780,781,Carting,1.6183706816059757,1.0,4
397,403,Carting,1.6180934568628935,0.9888888888888889,90
1012,995,Carting,1.6180568459980222,1.0,6
291,294,Carting,1.618009286831295,0.8,40
906,895,Carting,1.6172966587871622,0.8611111111111112,72
1248,1239,Carting,1.6168483003242518,1.0,20
892,897,Carting,1.6160218798225825,0.7272727272727273,66
7,107,Carting,1.6150444116889209,1.0,51
1425,1407,Carting,1.6139162561576355,1.0,2
488,485,Carting,1.6137209301592106,1.0,34
418,417,Carting,1.6132754828407,0.75,4
834,984,Carting,1.612781315514517,0.9636363636363636,55
447,447,Carting,1.611791926851026,1.0,4
288,287,Carting,1.6114772491530374,0.8,20
28,6,Carting,1.611277244266898,0.9583333333333334,24
916,930,Carting,1.6111959654270736,0.9444444444444444,18
7,110,Carting,1.6108792740513171,0.5416666666666666,24
469,469,Carting,1.6105180204595582,0.9375,16
212,200,Carting,1.6103382049540038,0.8333333333333334,144
8,32,Carting,1.6097028453848214,0.8426573426573427,286
916,978,Carting,1.6095967595448655,1.0,100
250,251,Carting,1.6083286968819506,1.0,22
93,104,Carting,1.607357173889432,1.0,9
1071,1060,Carting,1.6071131540560888,1.0,32
687,682,Carting,1.6047027224273747,0.9166666666666666,24
1123,1111,Carting,1.6037671957671957,1.0,5
860,854,Carting,1.60346705956178,1.0,28
388,385,Carting,1.6032248726055027,1.0,55
866,863,Carting,1.6031333056177777,1.0,35
767,757,Carting,1.6010902419174882,1.0,34
375,369,Carting,1.6007676248324276,1.0,39
1175,908,Carting,1.6007343982142743,0.975,160
1206,1192,Carting,1.600250626566416,1.0,4
1486,1467,Carting,1.5999999999999999,0.5,2
1074,1059,Carting,1.5989489549032452,1.0,6
459,456,Carting,1.598705235867621,0.75,16
916,961,Carting,1.5985393063337208,1.0,60
134,98,Carting,1.5985248585599436,0.941747572815534,103
134,124,Carting,1.5980761126451395,0.9823008849557522,113
555,562,Carting,1.597454654290745,0.9344978165938864,229
445,442,Carting,1.5967681027176097,0.8780487804878049,41
360,382,Carting,1.5965008792122546,1.0,7
1046,1036,Carting,1.596240755563134,0.9864864864864865,74
916,936,Carting,1.5961520190391265,1.0,112
916,888,Carting,1.5957706191819494,0.8428571428571429,70
397,404,Carting,1.5953691451460035,1.0,27
1115,1098,Carting,1.5943379446640316,1.0,22
862,1292,Carting,1.5935726125465104,1.0,57
434,425,Carting,1.592796766966866,1.0,36
8,39,Carting,1.5920330450697655,1.0,35
499,496,Carting,1.5914612736647866,0.9206349206349206,63
358,392,Carting,1.591250283440878,1.0,16
888,880,Carting,1.5906996988518727,1.0,40
566,6,Carting,1.5895447182480107,0.9805194805194806,924
995,996,Carting,1.5880958168699764,1.0,131
455,449,Carting,1.5879560186189927,0.9846153846153847,65
1044,1109,Carting,1.5864643301103658,1.0,30
220,234,Carting,1.5857142857142859,1.0,2
916,894,Carting,1.585596332975165,0.914572864321608,199
894,908,Carting,1.585487041706635,0.8214285714285714,28
447,446,Carting,1.5841568302092623,1.0,22
699,699,Carting,1.5841385992093644,1.0,30
1062,1095,Carting,1.5835845167887537,1.0,32
748,798,Carting,1.5829486517835294,1.0,68
448,447,Carting,1.5811336460292815,1.0,22
848,782,Carting,1.5802458824927987,0.9402985074626866,67
664,662,Carting,1.5800695081508855,0.7727272727272727,22
1148,1131,Carting,1.579075693674599,0.6,20
1028,853,Carting,1.578133905243952,1.0,97
1097,1076,Carting,1.5781319517741443,1.0,16
1251,1229,Carting,1.5778101063642502,1.0,15
426,428,Carting,1.5776993969734896,1.0,4
857,846,Carting,1.577617438052933,1.0,42
916,949,Carting,1.5773127333989982,1.0,11
1103,1087,Carting,1.5772164643957658,0.9,20
767,764,Carting,1.5763888888888888,1.0,2
138,136,Carting,1.5761247021075004,0.6666666666666666,12
403,399,Carting,1.573655465660293,1.0,39
1167,1145,Carting,1.5725417439703155,1.0,7
1004,997,Carting,1.5719517447421905,1.0,71
7,102,Carting,1.5718970327908521,1.0,36
165,135,Carting,1.5716608389477815,0.8297872340425532,47
777,763,Carting,1.5713529178958698,1.0,26
969,958,Carting,1.5705080758021936,1.0,30
168,6,Carting,1.570213882746704,0.7777777777777778,9
1038,1030,Carting,1.5700559267752388,0.673469387755102,49
1219,1418,Carting,1.569867469564097,0.9130434782608695,23
748,807,Carting,1.5692208885514831,0.9682539682539683,126
1011,1000,Carting,1.5689668174962292,1.0,4
1307,1293,Carting,1.5681818181818183,1.0,2
352,348,Carting,1.5679782101169715,0.9444444444444444,18
1188,1180,Carting,1.5673467786274804,0.7333333333333333,30
1223,1234,Carting,1.567017543859649,1.0,3
1305,857,Carting,1.5658107033823767,1.0,176
681,676,Carting,1.565039125310023,1.0,22
1015,994,Carting,1.5633650592406767,1.0,27
1028,1014,Carting,1.5622317529552656,0.9047619047619048,21
1116,908,Carting,1.5614725994397252,0.95,20
378,660,Carting,1.5606465698653198,0.8333333333333334,24
32,21,Carting,1.560307794057794,0.8833333333333333,60
919,914,Carting,1.559824121119006,1.0,50
1194,1178,Carting,1.5593569376247016,1.0,41
694,6,Carting,1.5572396084035238,0.9389067524115756,311
298,294,Carting,1.556390977443609,1.0,4
8,49,Carting,1.5553110564839039,0.7991071428571429,224
876,864,Carting,1.5547621119181894,1.0,34
1175,10,Carting,1.5539735824604246,0.8157894736842105,38
479,490,Carting,1.5538416217628968,0.8333333333333334,6
1119,908,Carting,1.5520341969598672,0.975609756097561,41
296,255,Carting,1.5518127297018094,0.7083333333333334,48
8,167,Carting,1.5517369481014744,0.9166666666666666,36
270,274,Carting,1.5515777181577695,0.75,8
556,543,Carting,1.5514945652173913,0.75,8
76,274,Carting,1.5510381100468176,0.8888888888888888,9
907,910,Carting,1.5508695367405154,0.9324324324324325,74
1461,719,Carting,1.5497943793745326,0.95,20
691,685,Carting,1.5495789114562684,1.0,20
110,5,Carting,1.5495689655172413,1.0,2
906,910,Carting,1.5491646313245393,0.9333333333333333,30
192,188,Carting,1.5487600207946575,0.9310344827586207,58
575,585,Carting,1.547616655349283,1.0,36
362,359,Carting,1.5467250174127127,0.8157894736842105,38
759,753,Carting,1.54352204438074,1.0,40
609,562,Carting,1.5428207506414238,1.0,28
574,575,Carting,1.542002070696697,1.0,63
748,741,Carting,1.5409735829642197,1.0,80
1061,1054,Carting,1.5407744565217392,1.0,16
931,919,Carting,1.5384921618596994,1.0,24
345,350,Carting,1.53838227098031,0.8888888888888888,18
1135,1056,Carting,1.5378787878787878,1.0,2
1045,1035,Carting,1.5352118119975262,0.9642857142857143,28
1272,1256,Carting,1.534979888603077,1.0,9
1168,1158,Carting,1.5334268312414767,1.0,30
1366,1332,Carting,1.5329790755931754,0.42857142857142855,7
335,684,Carting,1.5316121760007209,0.75,4
767,752,Carting,1.5313317871741785,0.75,8
1007,1005,Carting,1.5312314642264586,1.0,10
981,970,Carting,1.530791788856305,1.0,2
1171,1153,Carting,1.5303519232717526,0.8571428571428571,21
8,169,Carting,1.5302866315509311,0.746031746031746,63
486,476,Carting,1.5301768159847233,1.0,36
495,494,Carting,1.5291919282604414,0.9814814814814815,54
936,920,Carting,1.5279519607770253,1.0,19
1319,1303,Carting,1.5277777777777777,1.0,3
827,824,Carting,1.5277472297104557,1.0,59
1144,1130,Carting,1.5277073732718893,1.0,4
997,990,Carting,1.5270681589016522,0.9861111111111112,72
170,166,Carting,1.5266122766122765,1.0,6
1175,1156,Carting,1.526002405705853,0.9791666666666666,48
574,744,Carting,1.5259627634496178,0.8165137614678899,218
127,124,Carting,1.5254993261703094,0.8125,48
916,562,Carting,1.5250242937405267,0.9638009049773756,442
1396,1376,Carting,1.524623803009576,1.0,4
1464,1440,Carting,1.524437012263099,0.6666666666666666,6
1015,995,Carting,1.5232516836508767,1.0,16
949,944,Carting,1.5215065590771235,1.0,12
278,262,Carting,1.5207290860456297,1.0,12
813,813,Carting,1.520638730465981,1.0,16
993,986,Carting,1.5190972222222223,1.0,4
1221,1203,Carting,1.5185211047213614,0.9166666666666666,12
370,364,Carting,1.5185185185185186,1.0,1
451,448,Carting,1.5183663895847568,0.8947368421052632,57
1162,1147,Carting,1.5182065741276267,0.8571428571428571,14
909,903,Carting,1.5180091547949306,1.0,36
748,847,Carting,1.5171087995517107,0.9790209790209791,143
882,870,Carting,1.5145941046884042,0.9666666666666667,30
344,334,Carting,1.5143818604082924,0.9126984126984127,126
163,165,Carting,1.5138608870967742,1.0,8
957,948,Carting,1.5135729107715525,1.0,6
171,29,Carting,1.513069246939788,0.8333333333333334,30
887,869,Carting,1.51254760392017,1.0,34
1196,1188,Carting,1.5117011851974258,1.0,42
954,942,Carting,1.5113911151505135,1.0,7
204,189,Carting,1.5110722240451209,0.9310344827586207,58
34,6,Carting,1.5110666242873767,0.8833333333333333,180
1344,1323,Carting,1.510580303527349,0.5,4
772,770,Carting,1.5103808761097763,1.0,9
1169,1150,Carting,1.5098865943344828,1.0,55
1068,1059,Carting,1.5095080036063009,0.96875,32
479,468,Carting,1.5091812445501056,1.0,139
1447,1409,Carting,1.5085389023291902,0.9375,16
977,971,Carting,1.507673718540049,1.0,8
426,433,Carting,1.5075421727672638,1.0,18
411,415,Carting,1.507315215648549,1.0,6
819,808,Carting,1.5066924990313975,1.0,26
81,82,Carting,1.5056277056277056,1.0,4
364,358,Carting,1.5048885674428016,0.7916666666666666,24
996,989,Carting,1.5042510860922573,0.9795918367346939,49
851,849,Carting,1.5009140333475572,1.0,38
1098,1093,Carting,1.5006364859748058,0.9411764705882353,85
566,744,Carting,1.5000440852873371,0.8897338403041825,263
1486,1477,Carting,1.5,1.0,1
463,436,Carting,1.498756716616995,1.0,7
1084,1078,Carting,1.4987565876152833,1.0,20
128,134,Carting,1.4970814132104455,1.0,4
1343,1323,Carting,1.496011526298969,0.5,4
707,708,Carting,1.4955607992070326,0.5,16
1197,1177,Carting,1.493521455085184,0.8888888888888888,36
838,829,Carting,1.4933122038430504,0.9333333333333333,15
1106,1091,Carting,1.4929697369143735,1.0,34
434,435,Carting,1.492767323026296,1.0,21
790,780,Carting,1.4926078092658044,1.0,48
517,509,Carting,1.4919397530001246,1.0,22
894,897,Carting,1.4918777596738892,0.6296296296296297,81
688,684,Carting,1.4914487635290945,1.0,36
748,987,Carting,1.4896333379622566,0.9640718562874252,167
801,793,Carting,1.4889652894350547,1.0,12
184,182,Carting,1.4876310544722486,0.9375,16
807,804,Carting,1.4869778848154134,1.0,38
41,6,Carting,1.4867811630746899,1.0,7
385,377,Carting,1.4861909237379163,0.8333333333333334,6
556,547,Carting,1.4859277296777298,1.0,12
767,767,Carting,1.48454874373992,0.875,8
391,6,Carting,1.4834391396799607,0.9,10
152,135,Carting,1.4825345476297416,0.8823529411764706,17
788,787,Carting,1.482480620155039,0.6666666666666666,3
983,971,Carting,1.4814337472760468,0.78125,32
165,161,Carting,1.4813048109577285,1.0,12
973,975,Carting,1.4787198239140031,1.0,60
806,984,Carting,1.4778867102396516,1.0,6
397,398,Carting,1.4774955600327586,1.0,8
1347,1329,Carting,1.4761897205971222,1.0,18
937,925,Carting,1.4758003832946456,0.9411764705882353,34
821,817,Carting,1.4743175016657044,0.9305555555555556,72
358,393,Carting,1.4732598039215685,0.9375,16
823,821,Carting,1.473123430685873,0.75,4
1028,1032,Carting,1.4726458540377179,1.0,78
779,772,Carting,1.4725098635025105,0.9615384615384616,26
702,696,Carting,1.471486598641127,0.9642857142857143,28
106,105,Carting,1.4701555534240645,0.8970588235294118,68
903,888,Carting,1.4693974237929353,0.7741935483870968,93
85,97,Carting,1.4665473372306397,0.7678571428571429,56
748,752,Carting,1.465079121148575,1.0,12
758,755,Carting,1.4644032814799406,1.0,38
992,801,Carting,1.4632624434991046,1.0,42
1013,1003,Carting,1.462822510822511,1.0,5
1200,1185,Carting,1.4626959247648903,1.0,3
154,157,Carting,1.4624238852579783,0.8888888888888888,18
1143,1119,Carting,1.4622961577258433,1.0,74
115,117,Carting,1.4615384615384617,1.0,2
906,884,Carting,1.4596581019930674,0.5656565656565656,99
486,481,Carting,1.4595809283309285,0.625,8
416,415,Carting,1.45926963421108,0.6470588235294118,17
168,25,Carting,1.4582677738927738,0.875,8
76,249,Carting,1.4581676098425038,0.7222222222222222,126
1186,1174,Carting,1.4572072133076917,0.7272727272727273,11
756,762,Carting,1.4566973791163735,1.0,4
100,5,Carting,1.4563827787070793,0.8148148148148148,27
694,689,Carting,1.4561502194088793,1.0,5
7,130,Carting,1.455642965751387,1.0,7
325,322,Carting,1.4555648956887346,1.0,12
856,848,Carting,1.4548846587428736,0.9473684210526315,57
901,887,Carting,1.4543508562325769,1.0,3
583,581,Carting,1.4533248081841432,1.0,2
1158,1135,Carting,1.451065126701692,1.0,34
919,912,Carting,1.4506179304566402,1.0,4
62,411,Carting,1.4503199709278685,0.8461538461538461,13
700,697,Carting,1.447530212595894,0.9761904761904762,42
933,928,Carting,1.4457338794280281,0.85,20
1461,710,Carting,1.443838980054825,0.8,10
91,135,Carting,1.4432371102820227,0.8705882352941177,85
345,349,Carting,1.442686691629962,0.7692307692307693,26
1153,8,Carting,1.4419642857142856,1.0,2
984,955,Carting,1.4398261120779126,0.8518518518518519,27
1109,1068,Carting,1.4386712778404795,1.0,10
288,256,Carting,1.438668278204369,0.8571428571428571,7
193,193,Carting,1.4375131743195684,0.88,25
509,507,Carting,1.4375,1.0,2
719,720,Carting,1.4351824322870728,0.875,8
102,100,Carting,1.4349322380024134,1.0,18
479,482,Carting,1.4337332395951023,0.631578947368421,76
998,989,Carting,1.4335270754625593,1.0,16
350,351,Carting,1.4330495459594068,0.8,15
1175,1154,Carting,1.431949176401204,0.8545454545454545,55
594,592,Carting,1.4309736842387657,0.8571428571428571,7
76,273,Carting,1.430864518378287,0.7777777777777778,18
916,829,Carting,1.430602784703184,0.9767441860465116,172
134,152,Carting,1.4298835797315537,0.8571428571428571,14
997,988,Carting,1.4297334311555325,1.0,12
946,931,Carting,1.4288821202613675,0.8787878787878788,33
450,444,Carting,1.4287877066094268,1.0,112
1205,1187,Carting,1.4280701754385963,1.0,6
134,144,Carting,1.4267471091000503,1.0,3
903,1103,Carting,1.4263688596533906,0.46153846153846156,13
179,174,Carting,1.4262981206928622,0.5689655172413793,58
992,985,Carting,1.4254301451302676,1.0,10
1186,1175,Carting,1.425151515151515,1.0,11
834,908,Carting,1.425105650978903,0.967741935483871,155
836,829,Carting,1.4245621197308438,1.0,3
1278,1264,Carting,1.4242568668309137,0.9583333333333334,24
11,79,Carting,1.4237840958602743,0.6571428571428571,175
1144,1125,Carting,1.4234640756824217,0.9117647058823529,102
794,793,Carting,1.4218327235003014,1.0,3
307,306,Carting,1.4213675213675214,1.0,3
267,265,Carting,1.4210120286471462,1.0,20
678,674,Carting,1.420772491905308,0.8333333333333334,6
554,969,Carting,1.4206231044940723,1.0,3
371,367,Carting,1.4201860231271997,1.0,4
834,836,Carting,1.4199643445103065,0.9074074074074074,54
623,620,Carting,1.4191848967989125,0.75,4
613,613,Carting,1.4184050886267006,1.0,14
241,241,Carting,1.4166086393281516,1.0,10
766,767,Carting,1.416469112195164,0.9444444444444444,18
803,802,Carting,1.4159139420278202,0.8947368421052632,38
206,201,Carting,1.4151465895215896,0.85,20
1028,1020,Carting,1.4148830098136804,0.639344262295082,61
1323,1304,Carting,1.4147286821705427,1.0,2
1178,1076,Carting,1.4146293531573506,0.8222222222222222,45
8,173,Carting,1.4143755435177856,0.6290322580645161,62
702,699,Carting,1.41398315925074,1.0,6
411,414,Carting,1.4135140109466469,0.72,25
579,574,Carting,1.4132444479768194,1.0,42
968,908,Carting,1.412548499487909,1.0,80
1140,1129,Carting,1.4102129402129402,0.8333333333333334,6
566,570,Carting,1.4082691678137547,0.8302469135802469,324
129,133,Carting,1.4080662393162393,1.0,6
183,180,Carting,1.4075585257731356,0.84375,32
1082,1076,Carting,1.4070726436425685,0.96,25
265,263,Carting,1.4069786721158486,1.0,15
256,266,Carting,1.4063802334092401,0.8392857142857143,56
93,118,Carting,1.4057971014492754,1.0,2
251,256,Carting,1.405568690616076,0.75,8
907,912,Carting,1.4043880169033407,1.0,6
894,888,Carting,1.4030464097423356,0.7045454545454546,88
165,162,Carting,1.4027860017246336,1.0,8
686,682,Carting,1.4026645905579183,0.8,5
765,757,Carting,1.399819650532409,1.0,3
1323,1308,Carting,1.399546531899473,0.75,4
398,392,Carting,1.399436600352493,0.9722222222222222,36
1082,1074,Carting,1.399186401273639,0.7,20
699,702,Carting,1.3979838723840656,0.9375,16
88,91,Carting,1.397820265042052,1.0,44
165,165,Carting,1.3977258852258851,0.6666666666666666,6
1254,1231,Carting,1.3971203975236233,0.8333333333333334,12
1255,1237,Carting,1.393955078496906,0.7307692307692307,26
1049,1037,Carting,1.3929260989340042,0.9545454545454546,22
984,954,Carting,1.3929116868885014,0.8333333333333334,6
723,725,Carting,1.3925187400843824,1.0,5
112,108,Carting,1.3924682395644283,0.5,2
353,350,Carting,1.3917683765509852,0.8936170212765957,47
116,116,Carting,1.389811782420478,1.0,16
995,990,Carting,1.3897531684391669,1.0,28
1131,1125,Carting,1.3883549478275743,0.8160919540229885,87
8,31,Carting,1.3883281862399879,1.0,14
874,1316,Carting,1.3877155339345086,0.5454545454545454,22
1075,1062,Carting,1.3874036209465863,0.8928571428571429,28
1116,1111,Carting,1.3868002879990238,1.0,12
1243,1225,Carting,1.3855501191848263,0.6666666666666666,9
256,248,Carting,1.3852069135953362,0.6833333333333333,60
345,353,Carting,1.3834487734487735,0.7142857142857143,7
255,295,Carting,1.380327868852459,1.0,2
296,292,Carting,1.3791502183558797,0.7837837837837838,37
336,333,Carting,1.3791134737439903,0.8095238095238095,42
134,145,Carting,1.377593075756933,0.9081632653061225,98
32,79,Carting,1.3769161154909,0.61,200
1012,1006,Carting,1.3768873355796023,0.9,30
1430,1415,Carting,1.376107099000702,0.8181818181818182,44
1142,1128,Carting,1.3734155070518705,0.8787878787878788,33
1132,1120,Carting,1.3710653263291743,0.8412698412698413,63
117,115,Carting,1.3706293706293706,1.0,2
166,162,Carting,1.3696236559139785,1.0,2
1140,1130,Carting,1.3681656533015434,0.9152542372881356,118
916,807,Carting,1.3680098598483625,0.9537037037037037,108
120,119,Carting,1.3673719958202717,1.0,4
435,432,Carting,1.3673171124674321,0.8888888888888888,36
1192,1182,Carting,1.3654793906810037,1.0,3
439,437,Carting,1.3647347421860165,1.0,5
787,783,Carting,1.3635603001120242,0.8,5
615,578,Carting,1.3606701940035275,0.6666666666666666,3
1192,1160,Carting,1.3597773303732454,0.9682539682539683,63
253,256,Carting,1.359601328079554,0.4,25
261,276,Carting,1.3595666112356846,1.0,12
204,199,Carting,1.3579492425562811,0.5217391304347826,69
413,410,Carting,1.357076780758557,0.5,2
896,897,Carting,1.3564486385746206,0.6744186046511628,43
1263,1249,Carting,1.3550420168067228,1.0,2
1460,1444,Carting,1.3539850903978667,0.9487179487179487,39
436,435,Carting,1.3538896973665886,1.0,20
1124,1103,Carting,1.3536082040998123,0.6666666666666666,12
903,807,Carting,1.352860515071307,1.0,10
1498,1477,Carting,1.352439765694076,1.0,4
503,493,Carting,1.3521137962784315,0.4861111111111111,72
174,174,Carting,1.3511904761904763,1.0,2
1179,1171,Carting,1.3501744597191494,0.9782608695652174,46
162,165,Carting,1.3485065982404691,0.8,10
1108,1063,Carting,1.3481457156384544,0.9285714285714286,28
236,238,Carting,1.3448592128161492,0.5,8
156,158,Carting,1.3440953882773319,0.8888888888888888,9
1028,1033,Carting,1.3424782245612215,0.9,40
906,886,Carting,1.3423599341251518,0.5135135135135135,111
166,161,Carting,1.3413461538461537,1.0,2
124,125,Carting,1.3391855058521724,0.7777777777777778,9
437,425,Carting,1.3379567715952156,0.7333333333333333,30
679,668,Carting,1.3374842100785733,1.0,4
1093,1080,Carting,1.3370471390227465,0.75,12
443,443,Carting,1.336785400233676,0.8378378378378378,37
764,757,Carting,1.3360930735930736,1.0,6
942,951,Carting,1.3342060411721834,0.9,10
35,27,Carting,1.3333333333333333,1.0,1
610,608,Carting,1.3270240106649258,0.59375,32
415,412,Carting,1.326331153955486,0.4857142857142857,35
96,135,Carting,1.3263102166980512,0.5714285714285714,84
675,670,Carting,1.3254643962848296,0.5,2
1192,1179,Carting,1.324850783688502,0.8870967741935484,62
1275,1260,Carting,1.3225806451612903,1.0,1
186,182,Carting,1.3224969736024503,0.9,30
390,374,Carting,1.3201983457611857,0.9285714285714286,14
1498,1467,Carting,1.3197278911564625,1.0,7
906,883,Carting,1.3181196482396171,0.3466666666666667,75
478,477,Carting,1.3181087295057883,0.9285714285714286,28
1319,1302,Carting,1.3157894736842106,1.0,1
166,164,Carting,1.3152597757860915,0.6666666666666666,6
960,951,Carting,1.314418158567775,0.3333333333333333,3
1202,1185,Carting,1.3130718499898661,0.7307692307692307,26
491,482,Carting,1.3092626171881734,0.625,16
1265,1247,Carting,1.304953560371517,1.0,2
795,785,Carting,1.3047576472998426,0.782608695652174,23
1145,1129,Carting,1.3044374944523502,0.8,65
245,257,Carting,1.3039181071240886,1.0,6
1122,1033,Carting,1.303204291237708,0.84,25
48,54,Carting,1.3028846153846154,1.0,2
751,751,Carting,1.3018387347048674,0.7631578947368421,38
556,545,Carting,1.301243859341746,0.7333333333333333,15
910,904,Carting,1.2986622212117849,0.8297872340425532,47
484,482,Carting,1.2979136764832107,1.0,5
587,562,Carting,1.2966736497604783,0.9,10
1414,1418,Carting,1.2952074834887335,0.625,8
485,483,Carting,1.2930827963596505,0.7058823529411765,17
1365,1371,Carting,1.2916057504873295,1.0,3
1203,1183,Carting,1.291188693076565,0.5789473684210527,38
1125,1110,Carting,1.2897666386259725,0.7604166666666666,96
114,117,Carting,1.2897058720334582,0.8333333333333334,12
1092,1079,Carting,1.2879412385651225,1.0,14
205,239,Carting,1.2874452082847605,0.7,30
1319,1309,Carting,1.2869791666666668,0.5,2
1354,1332,Carting,1.2868370538650118,0.3333333333333333,24
1081,1084,Carting,1.2843731435079675,0.8571428571428571,14
377,661,Carting,1.283625039700319,0.6666666666666666,12
618,611,Carting,1.2804296853026815,0.9,20
414,407,Carting,1.2802567998755943,0.43333333333333335,30
84,135,Carting,1.2794083879341362,0.46808510638297873,47
903,887,Carting,1.2776324722615557,0.625,8
304,301,Carting,1.277596618357488,1.0,6
99,5,Carting,1.276273644498045,0.5833333333333334,36
354,384,Carting,1.2754633856353315,0.6557377049180327,122
1157,1139,Carting,1.2753900933162947,0.65,40
621,618,Carting,1.2750000000000001,0.75,4
869,859,Carting,1.270021829182351,0.6,5
397,397,Carting,1.269774915946489,1.0,9
1296,1284,Carting,1.2680008014845596,0.5230769230769231,65
132,132,Carting,1.2666666666666666,1.0,1
1203,1181,Carting,1.2658617424242424,0.5,4
160,151,Carting,1.2657250470809793,1.0,2
201,198,Carting,1.2644666951127912,0.5384615384615384,26
119,95,Carting,1.2619047619047619,1.0,2
400,398,Carting,1.2592783198218453,0.8333333333333334,6
694,387,Carting,1.2575689926436195,0.6666666666666666,3
786,779,Carting,1.2571138211382114,0.75,4
977,974,Carting,1.2565488288585809,0.6666666666666666,24
417,413,Carting,1.2551019900932285,0.4482758620689655,29
1498,1466,Carting,1.2545911645290528,0.8571428571428571,7
1161,1139,Carting,1.2521880511463845,0.8333333333333334,6
1436,1424,Carting,1.2511336488618436,0.3333333333333333,3
701,702,Carting,1.251125465427887,0.7777777777777778,27
1191,1170,Carting,1.2508553442038717,0.6666666666666666,45
587,569,Carting,1.2502400228942883,0.5714285714285714,14
115,120,Carting,1.2496294760445703,1.0,3
1113,1106,Carting,1.2477575949336746,0.7142857142857143,7
175,177,Carting,1.2455099286678233,0.7,10
486,478,Carting,1.2423291926488842,0.48484848484848486,33
613,611,Carting,1.241687979539642,0.5,2
1086,1073,Carting,1.2416037509736249,0.7058823529411765,17
1082,1075,Carting,1.2404761904761905,0.75,4
582,614,Carting,1.2395688545688546,0.5,4
432,431,Carting,1.2383172383172383,0.8333333333333334,6
1094,1083,Carting,1.2359480848369737,0.8888888888888888,9
327,379,Carting,1.2354721462888758,0.56,25
618,622,Carting,1.2326567550096963,0.4,5
433,368,Carting,1.232494314340156,0.6666666666666666,6
1065,1051,Carting,1.2295540632207298,0.8,30
922,915,Carting,1.2275423746290994,0.36666666666666664,30
94,95,Carting,1.2265227054773238,0.35714285714285715,14
28,279,Carting,1.2261155810135445,0.5,6
482,480,Carting,1.2252431250828568,0.5769230769230769,26
263,264,Carting,1.2240401305475948,0.65625,32
961,950,Carting,1.2227408594108167,0.5,16
728,722,Carting,1.2226377374736388,0.5254237288135594,59
1149,1133,Carting,1.2220950872787106,0.3888888888888889,18
401,401,Carting,1.221526908635795,0.5,2
771,769,Carting,1.2202386844855084,0.5,8
375,373,Carting,1.2188309928445316,0.5833333333333334,12
771,768,Carting,1.21848401846009,0.4,15
748,762,Carting,1.2181340520328283,0.75,16
393,390,Carting,1.2115364474235442,0.5,6
381,380,Carting,1.2110184073659862,0.7,20
861,847,Carting,1.2102966627231109,0.3225806451612903,62
837,833,Carting,1.2096074952179603,0.625,8
1043,1031,Carting,1.2074214835506853,0.25,8
1436,1409,Carting,1.2067765567765567,0.75,4
745,803,Carting,1.2023897846284346,0.48,25
138,135,Carting,1.2014089617506518,0.5384615384615384,39
417,412,Carting,1.2009055587367072,0.6875,16
938,924,Carting,1.200552765600122,0.5882352941176471,17
914,908,Carting,1.1990839110985476,0.48148148148148145,27
254,255,Carting,1.1985294117647058,0.5,2
463,459,Carting,1.196403753593296,0.5555555555555556,18
906,885,Carting,1.1955735378963932,0.5833333333333334,12
903,1100,Carting,1.1937516075732069,0.546875,64
8,334,Carting,1.1918232030471858,0.3333333333333333,24
1218,1197,Carting,1.1875,1.0,2
471,457,Carting,1.1861421439918207,0.4791666666666667,48
662,658,Carting,1.184894886202452,0.34375,32
1353,1331,Carting,1.1842247240113093,0.25,12
294,297,Carting,1.180498006563861,0.46153846153846156,26
134,138,Carting,1.17876805883327,0.3968253968253968,63
303,304,Carting,1.1776984834763256,0.4666666666666667,15
461,455,Carting,1.1765429193782115,0.6410256410256411,39
1064,1055,Carting,1.1731622379808047,0.7058823529411765,51
1088,1079,Carting,1.1731479727169383,0.75,4
1164,4,Carting,1.1722685920610714,0.46153846153846156,26
916,916,Carting,1.1719621045164081,0.37037037037037035,54
146,152,Carting,1.170719579998044,0.47058823529411764,17
1104,1088,Carting,1.1662115653277263,0.5735294117647058,68
1072,1077,Carting,1.165819203720145,0.5384615384615384,39
270,273,Carting,1.1641701280428054,0.5,48
906,915,Carting,1.1630718954248367,0.42857142857142855,7
1175,3,Carting,1.1626081956376162,0.46808510638297873,47
1079,1069,Carting,1.1609040855921047,0.5,32
853,856,Carting,1.1605538147261187,0.47368421052631576,38
1130,1118,Carting,1.1598445485673747,0.375,8
1199,1181,Carting,1.1593480007507158,0.5641025641025641,39
1087,1074,Carting,1.15625,0.5,2
707,707,Carting,1.156057347670251,0.8,5
661,657,Carting,1.155000329247189,0.23529411764705882,68
457,458,Carting,1.154835308832806,0.35714285714285715,28
113,157,Carting,1.1538768453251762,0.5,2
331,324,Carting,1.1538144771298506,0.6,20
296,297,Carting,1.1519955392042933,0.75,4
791,790,Carting,1.1509496714759873,0.4,10
268,253,Carting,1.150297619047619,0.5,2
1098,1090,Carting,1.1471765692645912,0.4,30
760,765,Carting,1.1461989150054166,0.4,10
122,123,Carting,1.1454545454545455,0.6,5
484,479,Carting,1.1405048805459053,0.44680851063829785,47
118,120,Carting,1.1373545862968941,0.46153846153846156,13
763,761,Carting,1.135384856315089,0.6666666666666666,6
355,353,Carting,1.1335158776466672,0.625,24
449,436,Carting,1.126818758925284,0.6666666666666666,9
487,486,Carting,1.1231224830973916,0.3333333333333333,33
269,256,Carting,1.117190456500661,0.4444444444444444,18
1028,1106,Carting,1.1160058821197796,0.42105263157894735,19
1121,1113,Carting,1.115709779894231,0.4533333333333333,75
573,606,Carting,1.1150537634408602,0.0,2
1201,1186,Carting,1.1114718614718615,0.5,2
873,1316,Carting,1.108621667612025,0.5,2
1129,1117,Carting,1.1073238850895477,0.3333333333333333,33
588,588,Carting,1.103915089989563,0.3333333333333333,60
1080,1066,Carting,1.102255952837204,0.35714285714285715,14
765,760,Carting,1.1,0.0,2
479,493,Carting,1.099614443798868,0.4074074074074074,27
252,253,Carting,1.0953936060283203,0.375,16
19,1184,Carting,1.0953756613756613,0.325,40
1163,1148,Carting,1.0929360494577887,0.6666666666666666,3
124,122,Carting,1.0904317383464879,0.375,24
965,954,Carting,1.0878572711374386,0.391304347826087,23
332,387,Carting,1.087644903625721,0.2857142857142857,21
256,250,Carting,1.0864999639805082,0.4,30
800,791,Carting,1.0854225163823512,0.5416666666666666,24
1192,1176,Carting,1.0810810810810811,0.0,2
780,775,Carting,1.0745923479760457,0.2,40
1161,1141,Carting,1.0742208299526557,0.21428571428571427,14
1352,1332,Carting,1.0629084967320261,0.5,2
136,135,Carting,1.0565931960695436,0.15789473684210525,76
1161,1146,Carting,1.0547606389711652,0.1111111111111111,9
1247,1233,Carting,1.0493486917905523,0.16666666666666666,18
794,796,Carting,1.0493213938747121,0.10714285714285714,28
911,902,Carting,1.0444259014613473,0.20408163265306123,49
1435,1408,Carting,1.0418124582204742,0.1388888888888889,36
66,72,Carting,1.0351897204806688,0.0,4
1077,1064,Carting,1.0279771062271061,0.03333333333333333,30
129,124,Carting,1.0231154509647382,0.09090909090909091,33
1253,1238,Carting,1.0161612327857974,0.2,10
1286,1277,Carting,1.0106146719845526,0.4666666666666667,30
129,131,Carting,1.0092879256965945,0.5,2
939,926,Carting,1.0011690197767615,0.10526315789473684,19
1311,1293,Carting,1.0,0.0,1
268,256,Carting,0.9853353707279279,0.25,4
1353,1333,Carting,0.9842725445849108,0.2222222222222222,18
255,254,Carting,0.9664296818055526,0.03125,32
1101,1092,Carting,0.9607557157547876,0.021739130434782608,46
934,909,Carting,0.955906964566973,0.0,20
708,708,Carting,0.9415178571428571,0.0,2
1267,1249,Carting,0.9212719633927992,0.3333333333333333,12
678,673,Carting,0.9167109993390401,0.3333333333333333,3
97,100,Carting,0.8970588235294117,0.0,2
769,766,Carting,0.8941375968992248,0.0,2
556,546,Carting,0.8834378980140573,0.0,3
1078,1067,Carting,0.8553974501667237,0.0,21
1215,1217,Carting,0.8064645487795393,0.11764705882352941,34
125,127,Carting,0.8042131176904211,0.06060606060606061,33
490,487,Carting,0.8012748852732036,0.0,24
249,256,Carting,0.7890083582555429,0.125,80
1397,1374,Carting,0.7881425209344888,0.24444444444444444,45
1085,1071,Carting,0.7682691368759859,0.0,29
124,126,Carting,0.7556968002961034,0.03571428571428571,28
50,784,Carting,0.7482965047648077,0.0,26
434,434,Carting,0.7337666598335394,0.0,42
1447,1428,Carting,0.7303709250542797,0.0,9
1083,1072,Carting,0.7222616529561866,0.0,20
357,351,Carting,0.6925203156102986,0.0,4
515,510,Carting,0.6776679841897233,0.0,4
251,245,Carting,0.6421314807613268,0.0,20
679,674,Carting,0.6388888888888888,0.0,2
268,252,Carting,0.4196764860195633,0.0,20
