source_center,destination_center,mean_delay_ratio,delay_variance,avg_distance,avg_actual_time,sla_breach_rate,trip_count,corridor_risk,corridor
IND571105AAA,IND571114AAA,4.804166666666667,23.17670138888889,27.1432,116.0,1.0,2,9.174677083333334,IND571105AAA → IND571114AAA
IND580002AAA,IND580028AAA,4.979166666666666,17.75086805555555,23.8393,112.5,1.0,2,7.616927083333332,IND580002AAA → IND580028AAA
IND847223AAA,IND842001AAA,6.733670434098066,14.155115748598725,71.45336,417.0,1.0,10,7.240002898218844,IND847223AAA → IND842001AAA
IND521225AAB,IND521165AAA,4.682112068965518,16.46934685270511,31.019849999999998,124.0,1.0,2,7.11364888339774,IND521225AAB → IND521165AAA
IND521165AAA,IND521225AAB,5.722482517482518,14.034273602621155,32.624674999999996,155.0,1.0,4,6.799275087779353,IND521165AAA → IND521225AAB
IND221010AAB,IND233001AAA,6.015459656084656,13.171232679350032,50.8763,274.5,1.0,4,6.657553666238872,IND221010AAB → IND233001AAA
IND695101AAB,IND695012AAA,4.335829493087558,14.891461514366414,30.86085,132.0,1.0,2,6.501770251544947,IND695101AAB → IND695012AAA
IND147101AAA,IND160002AAC,5.843750347048697,12.507558037387916,57.302666666666674,279.6666666666667,1.0,3,6.389767550035853,IND147101AAA → IND160002AAC
IND841101AAA,IND841207AAB,4.714814814814814,13.773621399176953,21.911233333333332,70.33333333333333,1.0,3,6.318012345679012,IND841101AAA → IND841207AAB
IND110037AAM,IND110064AAA,4.325,13.70671875,13.774033333333334,80.66666666666667,1.0,3,6.142015625,IND110037AAM → IND110064AAA
IND847226AAA,IND842001AAA,6.710349879914999,10.504117183417097,87.88074461538463,500.16923076923075,1.0,65,6.135375106991129,IND847226AAA → IND842001AAA
IND147105AAA,IND160002AAC,5.533737535423779,10.615029863137101,72.60383684210527,386.6842105263158,1.0,19,5.698003973110642,IND147105AAA → IND160002AAC
IND431131AAB,IND431603AAA,8.022449477413074,6.695095022771604,118.46552857142856,746.8571428571429,1.0,7,5.517508297796711,IND431131AAB → IND431603AAA
IND208006AAA,IND209304AAA,5.244469916717126,10.168674703039935,24.243566666666666,122.55555555555556,1.0,9,5.44839037759883,IND208006AAA → IND209304AAA
IND208019AAA,IND209304AAA,4.670945566778901,10.750036545395734,16.79031111111111,68.88888888888889,1.0,9,5.39338919033028,IND208019AAA → IND209304AAA
IND673027AAB,IND673305AAA,3.437235117223064,12.787145854033342,27.772088888888888,130.11111111111111,0.4444444444444444,9,5.344371136432562,IND673027AAB → IND673305AAA
IND175015AAA,IND174001AAA,5.790445052428279,8.659895749193206,90.13607804878049,682.439024390244,1.0,41,5.214146745729273,IND175015AAA → IND174001AAA
IND221313AAA,IND221010AAA,5.208333333333333,9.286458333333332,10.248033333333334,36.666666666666664,1.0,3,5.169270833333333,IND221313AAA → IND221010AAA
IND395009AAA,IND395023AAD,8.345554717613542,4.409385102008849,17.1566,138.8,1.0,15,4.961037417648072,IND395009AAA → IND395023AAD
IND201007AAB,IND201007AAA,4.035714285714286,10.083333333333334,11.77685,56.5,1.0,4,4.939285714285714,IND201007AAB → IND201007AAA
IND847404AAB,IND842001AAA,6.971503043912582,5.866444977502575,87.4781945945946,468.2972972972973,1.0,37,4.848534710815805,IND847404AAB → IND842001AAA
IND500050AAA,IND501218AAC,4.826180584648326,8.805287249761578,26.54839,109.2,0.9,10,4.842058408787803,IND500050AAA → IND501218AAC
IND712124AAA,IND712310AAE,6.402502760397498,6.368576943464105,16.222140000000003,102.2,1.0,5,4.7715741871982305,IND712124AAA → IND712310AAE
IND000000AFT,IND410206AAA,3.744871794871795,9.90993918474688,17.0036,49.6,1.0,5,4.770930473372783,IND000000AFT → IND410206AAA
IND121004AAC,IND121004AAB,3.926370688135394,9.303673920156083,13.64759090909091,46.36363636363637,1.0,11,4.661650451300982,IND121004AAC → IND121004AAB
IND211008AAA,IND211002AAB,6.421768707482992,5.90395711856171,16.43307142857143,84.78571428571429,1.0,14,4.63989461856171,IND211008AAA → IND211002AAB
IND311302AAA,IND305624AAA,4.30919879913688,8.571491236871886,36.019200000000005,131.0,1.0,6,4.595126890716317,IND311302AAA → IND305624AAA
IND751002AAB,IND754103AAA,6.055562224889956,6.094634760533533,38.89928571428572,189.14285714285714,1.0,7,4.5506153181160425,IND751002AAB → IND754103AAA
IND249201AAA,IND249407AAA,5.448916860916861,6.865547689280098,21.28245,143.5,1.0,10,4.539231051150773,IND249201AAA → IND249407AAA
IND403401AAA,IND403726AAB,3.185841759571342,9.859120707894293,25.456025,96.25,1.0,4,4.5320729161968245,IND403401AAA → IND403726AAB
IND125001AAA,IND335501AAA,3.3393508198556625,9.606812222863473,59.497475,226.0,1.0,4,4.517783994801307,IND125001AAA → IND335501AAA
IND784001AAA,IND784101AAA,3.7083333333333335,8.755208333333334,16.651966666666667,50.666666666666664,1.0,3,4.409895833333334,IND784001AAA → IND784101AAA
IND000000ABG,IND501359AAF,4.28435548557006,7.93333889923327,24.012310256410256,102.92307692307692,1.0,39,4.393743863998004,IND000000ABG → IND501359AAF
IND721102AAA,IND712311AAA,6.989339218086123,4.102055045379977,111.65094210526317,588.1578947368421,1.0,19,4.326352200848442,IND721102AAA → IND712311AAA
IND251201AAA,IND131028AAB,4.217346246477603,7.795796472658811,82.793925,354.0,1.0,4,4.325677440388684,IND251201AAA → IND131028AAB
IND400072AAJ,IND400037AAA,9.0,1.3888888888888908,13.96195,108.0,1.0,2,4.316666666666667,IND400072AAJ → IND400037AAA
IND395001AAA,IND395023AAD,8.167582417582418,2.491924284506703,14.21807,113.4,1.0,10,4.314610252384978,IND395001AAA → IND395023AAD
IND844505AAB,IND842001AAA,6.206749014742373,5.027935809411269,53.769975,240.75,1.0,4,4.29108034872033,IND844505AAB → IND842001AAA
IND305901AAA,IND305624AAA,4.604626022991816,7.107634262725506,64.22996,246.4,1.0,5,4.274140688014379,IND305901AAA → IND305624AAA
IND842001AAA,IND843320AAA,4.429347826086956,7.251033790170132,49.63053333333334,196.66666666666666,1.0,3,4.2470492674858225,IND842001AAA → IND843320AAA
IND829121AAA,IND834002AAB,6.36152081182499,4.591894153383073,58.87272222222222,312.962962962963,1.0,54,4.222176570744917,IND829121AAA → IND834002AAB
IND147001AAB,IND160002AAC,3.172391012345647,9.147093667421062,43.108984615384614,108.84615384615384,0.6923076923076923,13,4.220776812856885,IND147001AAB → IND160002AAC
IND751014AAA,IND751002AAB,4.238095238095237,7.354830994897958,10.54651111111111,32.0,1.0,9,4.201687393707482,IND751014AAA → IND751002AAB
IND395006AAA,IND395023AAD,8.002777777777778,2.3150231481481485,16.885566666666666,122.33333333333333,1.0,3,4.195618055555556,IND395006AAA → IND395023AAD
IND713205AAB,IND722101AAB,3.98990990990991,7.971581105429754,48.39116666666667,196.33333333333334,0.6666666666666666,3,4.18743829559289,IND713205AAB → IND722101AAB
IND400072AAB,IND421302AAS,3.8812552213868003,7.781476203693235,22.423083333333334,69.0,1.0,6,4.18694494966269,IND400072AAB → IND421302AAS
IND854326AAB,IND854105AAA,4.236111111111111,7.292245370370369,25.0829,74.66666666666667,1.0,3,4.182118055555556,IND854326AAB → IND854105AAA
IND700053AAA,IND712311AAA,4.367427073246039,6.913976956758202,23.000725,98.9375,1.0,16,4.121163916325877,IND700053AAA → IND712311AAA
IND501401AAC,IND500010AAA,4.211154401154401,6.91761243910525,14.401586666666667,59.93333333333333,1.0,15,4.059745492193335,IND501401AAC → IND500010AAA
IND781102AAA,IND781018AAB,3.544117647058824,7.70826124567474,38.68156666666667,125.0,1.0,3,4.030125432525952,IND781102AAA → IND781018AAB
IND507159AAA,IND507002AAA,3.901595860566449,7.137552797935623,25.383355555555553,77.33333333333333,1.0,9,4.001904183607267,IND507159AAA → IND507002AAA
IND321001AAA,IND301001AAB,4.764508913737657,5.986662684818157,76.75762,378.6,1.0,15,4.00180237094051,IND321001AAA → IND301001AAB
IND401602AAA,IND401501AAA,6.5921269955490605,3.5460478390030237,25.544135999999998,157.76,1.0,25,4.000665149920532,IND401602AAA → IND401501AAA
IND854311AAA,IND854326AAB,4.588541666666667,6.1615125868055545,35.90525,127.0,1.0,2,3.983870442708333,IND854311AAA → IND854326AAB
IND000000AAQ,IND700028AAB,6.2857142857142865,3.8359476021813683,12.518075,78.25,1.0,4,3.9650699949401247,IND000000AAQ → IND700028AAB
IND274001AAA,IND273014AAB,6.953707798909037,2.9415239943133864,44.9044,207.0,1.0,3,3.963940317857631,IND274001AAA → IND273014AAB
IND671315AAA,IND575004AAB,8.01923076923077,1.4977810650887566,80.5539,625.5,1.0,2,3.957026627218935,IND671315AAA → IND575004AAB
IND391110AAD,IND390022AAA,5.637254901960785,4.490660643342306,25.784475,120.0,1.0,4,3.9021001537870057,IND391110AAD → IND390022AAA
IND530043AAA,IND530012AAA,4.163690476190476,6.398827239229026,20.6629,81.5,1.0,2,3.8851243622448983,IND530043AAA → IND530012AAA
IND390020AAA,IND390022AAA,5.89047619047619,3.966598639455781,12.785066666666665,77.66666666666667,1.0,3,3.8461700680272104,IND390020AAA → IND390022AAA
IND221313AAA,IND276128AAA,3.1441690941225566,7.539514681749419,70.88155,205.5,1.0,8,3.8195220421738485,IND221313AAA → IND276128AAA
IND485771AAA,IND486771AAA,5.0444290444290445,4.9910238001461105,91.00616,373.0,1.0,5,3.815078757815451,IND485771AAA → IND486771AAA
IND485001AAC,IND486771AAA,5.224758011608334,4.833247550881697,86.42405833333333,375.625,0.9166666666666666,24,3.8148774699078425,IND485001AAC → IND486771AAA
IND321606AAA,IND301001AAB,3.7566513874788714,6.6849890268031595,51.46591666666667,210.27777777777777,1.0,18,3.8081572630324962,IND321606AAA → IND301001AAB
IND302020AAA,IND302014AAB,4.934157363104732,5.078425152715425,12.279718421052632,54.473684210526315,1.0,38,3.7971904910565204,IND302020AAA → IND302014AAB
IND843320AAA,IND847223AAA,3.26109022556391,7.294700378766465,23.3774875,64.375,1.0,8,3.7928462038555035,IND843320AAA → IND847223AAA
IND204101AAA,IND282002AAD,3.815183681490183,6.443233842610797,52.327912500000004,163.125,1.0,8,3.7590436253793125,IND204101AAA → IND282002AAD
IND302004AAA,IND302014AAB,3.7929617604617603,6.4245979827373025,15.984773333333333,51.333333333333336,1.0,15,3.7445640990058946,IND302004AAA → IND302014AAB
IND209801AAA,IND209304AAA,3.185720975144967,7.281132783573578,27.4917375,77.5,0.9375,16,3.7398782251300604,IND209801AAA → IND209304AAA
IND283122AAB,IND282005AAA,5.016287878787879,4.732083524640343,21.7673,94.25,1.0,4,3.726140208907254,IND283122AAB → IND282005AAA
IND401104AAA,IND400072AAB,4.047887295414033,5.809567293430522,16.951321818181817,55.09090909090909,1.0,55,3.66202510619477,IND401104AAA → IND400072AAB
IND828111AAA,IND826004AAA,4.520689550101315,5.1775687543876066,15.19978888888889,54.888888888888886,1.0,9,3.661546446356808,IND828111AAA → IND826004AAA
IND713205AAB,IND712311AAA,3.809152707786889,6.079538135681821,94.87026746987952,301.50602409638554,1.0,83,3.647522523819302,IND713205AAB → IND712311AAA
IND401209AAA,IND401104AAA,3.9531453575230278,5.844342962970313,21.24977192982456,68.71929824561404,1.0,57,3.634561031900305,IND401209AAA → IND401104AAA
IND147001AAD,IND160002AAC,3.0338660230842027,7.21860310956689,40.536344444444445,98.77777777777777,0.7777777777777778,9,3.6124606754370814,IND147001AAD → IND160002AAC
IND390022AAA,IND390020AAA,4.548787878787879,4.925785583103765,12.376259999999998,61.8,1.0,5,3.597250826446281,IND390022AAA → IND390020AAA
IND244901AAB,IND243503AAB,4.8355056128082445,4.442563757211034,62.44194999999999,231.75,1.0,4,3.5669713722866083,IND244901AAB → IND243503AAB
IND757041AAA,IND756019AAA,2.376859381750304,7.950184107607806,42.901242857142854,112.57142857142857,0.7142857142857143,7,3.5500846992681776,IND757041AAA → IND756019AAA
IND600119AAA,IND600016AAC,3.3952750650572794,6.065584846078123,17.198844444444447,71.22222222222223,1.0,18,3.477785479846349,IND600119AAA → IND600016AAC
IND700065AAB,IND712310AAA,5.64775557297109,3.0004302089215473,17.979072413793105,89.75862068965517,1.0,29,3.4592312918649,IND700065AAB → IND712310AAA
IND400102AAC,IND400052AAA,4.944971190425736,3.8429608984610355,10.925036363636364,54.27272727272727,1.0,11,3.430876745708605,IND400102AAC → IND400052AAA
IND395004AAB,IND395023AAD,5.693998811645871,2.7829227227360818,14.931959999999998,82.2,1.0,5,3.412476341479173,IND395004AAB → IND395023AAD
IND395023AAA,IND394221AAA,3.3119429590017826,5.903981621817419,13.363033333333334,48.666666666666664,1.0,3,3.395971670145939,IND395023AAA → IND394221AAA
IND790001AAB,IND784001AAA,3.433498242552086,5.735884350699321,80.6605,286.875,1.0,8,3.3941646022306307,IND790001AAB → IND784001AAA
IND523201AAA,IND523002AAA,6.58269056261343,1.4922690858025827,33.38256666666667,174.0,1.0,3,3.3807569507861466,IND523201AAA → IND523002AAA
IND811399AAA,IND110044AAB,3.3563837086791533,5.810354805299045,13.319755714285714,51.92857142857143,0.9714285714285714,70,3.377088496489946,IND811399AAA → IND110044AAB
IND401209AAB,IND401104AAA,3.6080132446386317,5.351824459640439,20.33628666666667,58.166666666666664,1.0,30,3.3487526357475845,IND401209AAB → IND401104AAA
IND518002AAA,IND509103AAB,3.206517251655834,5.876243765706055,63.7315625,184.25,1.0,8,3.3454800303741496,IND518002AAA → IND509103AAB
IND733129AAA,IND732103AAB,4.682046568246314,3.9078110222470746,39.03110869565217,121.04347826086956,1.0,23,3.3451619339726477,IND733129AAA → IND732103AAB
IND562114AAA,IND560048AAB,3.870306223369949,4.884684052712634,16.372405555555556,53.333333333333336,1.0,18,3.31352770516177,IND562114AAA → IND560048AAB
IND401104AAB,IND400072AAB,3.0214778503994193,5.959455331757491,16.294433333333334,41.0,1.0,9,3.296427739687015,IND401104AAB → IND400072AAB
IND331701AAA,IND125001AAA,4.578774350649351,3.8741523589032725,53.75418333333334,250.66666666666666,1.0,6,3.293755447930722,IND331701AAA → IND125001AAA
IND302026AAA,IND302014AAB,5.8165266106442575,2.028109282928858,19.0703,108.5,1.0,2,3.2350434291363603,IND302026AAA → IND302014AAB
IND181201AAB,IND181152AAB,5.668952580150896,2.1375560858191593,22.699333333333332,100.91666666666667,1.0,24,3.208847857806106,IND181201AAB → IND181152AAB
IND713205AAB,IND722143AAB,3.9160436246523203,4.472660698386444,32.30004,97.3,1.0,10,3.2082156593768616,IND713205AAB → IND722143AAB
IND370001AAA,IND370110AAA,3.5319751078448105,4.984039549822525,31.59142222222222,91.55555555555556,1.0,9,3.208001908084682,IND370001AAA → IND370110AAA
IND505209AAA,IND505001AAB,3.0868455245104545,5.568991347375403,47.77862222222222,102.66666666666667,1.0,9,3.2054356140168028,IND505209AAA → IND505001AAB
IND209304AAA,IND208019AAA,5.192337718563209,2.756825492470741,16.672425,77.88888888888889,1.0,36,3.203982735166506,IND209304AAA → IND208019AAA
IND370615AAB,IND370001AAA,3.4676932367149758,5.049779731586501,42.6633,147.66666666666666,1.0,3,3.2020112141619403,IND370615AAB → IND370001AAA
IND624601AAA,IND624001AAA,5.345160409122673,2.5120224467787096,43.69251666666667,201.33333333333334,1.0,6,3.191670897682682,IND624601AAA → IND624001AAA
IND798601AAA,IND785001AAA,3.889716290924471,4.383927765494554,60.495354545454546,190.72727272727272,1.0,33,3.1710648460181545,IND798601AAA → IND785001AAA
IND500018AAA,IND500080AAB,4.022222222222222,4.16437962962963,14.6746,64.5,1.0,6,3.158202777777778,IND500018AAA → IND500080AAB
IND477001AAB,IND474003AAA,4.197336152155374,3.9193203919839408,60.82637142857143,183.71428571428572,1.0,28,3.1547305784573316,IND477001AAB → IND474003AAA
IND462042AAA,IND462022AAA,3.842937332275568,4.390153758410342,15.424376470588236,65.88235294117646,1.0,34,3.15422106043333,IND462042AAA → IND462022AAA
IND713205AAB,IND722202AAA,3.6032014221158954,4.6852158617064035,13.190225,53.75,1.0,8,3.1468453273582795,IND713205AAB → IND722202AAA
IND321408AAB,IND301001AAB,3.7824175824175823,4.422694143915145,73.723875,284.0,1.0,4,3.1397752761415765,IND321408AAB → IND301001AAB
IND571124AAA,IND570020AAA,4.283117373688082,3.7349729214314333,32.40103684210526,108.89473684210526,1.0,19,3.133738825904663,IND571124AAA → IND570020AAA
IND505122AAA,IND506002AAA,3.663868090930009,4.528668599776652,38.83000357142857,113.0,1.0,28,3.1241478163049994,IND505122AAA → IND506002AAA
IND212402AAA,IND211002AAB,4.6996336996337,3.1378059770916913,9.75713076923077,30.0,1.0,13,3.1211952729809873,IND212402AAA → IND211002AAB
IND415408AAC,IND416012AAA,4.4115842073013845,3.5134024860460333,49.36748461538461,201.76923076923077,1.0,13,3.118654428734364,IND415408AAC → IND416012AAA
IND573116AAA,IND571426AAA,6.293103448275862,0.9994054696789535,28.40515,158.0,1.0,2,3.1170630202140313,IND573116AAA → IND571426AAA
IND342301AAA,IND342005AAD,3.718633823038871,4.415145058836765,108.22536153846153,350.36538461538464,1.0,52,3.111997046866578,IND342301AAA → IND342005AAD
IND000000AFT,IND400706AAA,4.0814814814814815,3.9038683127572025,15.4806,68.66666666666667,1.0,3,3.1037530864197533,IND000000AFT → IND400706AAA
IND400612AAA,IND421302AAR,3.7374222999222995,4.249435122061076,14.455791666666668,45.583333333333336,1.0,12,3.0697994565872424,IND400612AAA → IND421302AAR
IND641006AAD,IND641062AAD,2.582003565677479,5.782398969676036,21.296393333333334,62.53333333333333,1.0,15,3.0675211171738024,IND641006AAD → IND641062AAD
IND785690AAB,IND785682AAA,4.4275730865475005,3.3134162108359555,31.769985507246375,108.89855072463769,1.0,69,3.065054097869787,IND785690AAB → IND785682AAA
IND506314AAA,IND506002AAA,3.7196856370639293,4.254933885603095,30.46858888888889,80.48148148148148,1.0,27,3.0643544205065005,IND506314AAA → IND506002AAA
IND176310AAA,IND145001AAA,2.7170859164478336,6.120386387693079,84.72807948717949,408.46153846153845,0.46153846153846156,39,3.061411821348596,IND176310AAA → IND145001AAA
IND400102AAC,IND421302AAG,3.6647896660809733,4.313484815993174,24.9897075,80.8125,1.0,80,3.0599613112303414,IND400102AAC → IND421302AAG
IND144001AAB,IND160002AAC,4.173983055550566,3.5989512063479516,93.83041428571428,319.14285714285717,1.0,7,3.049278584124612,IND144001AAB → IND160002AAC
IND110085AAB,IND000000ACB,3.47115865747071,4.3630569189050545,43.85456326530612,133.42857142857142,1.0,49,2.9973805386598,IND110085AAB → IND000000ACB
IND462021AAA,IND462001AAA,6.7272727272727275,0.0,11.7024,74.0,1.0,2,2.990909090909091,IND462021AAA → IND462001AAA
IND421601AAB,IND421302AAG,3.6454750705427594,4.06209993456399,30.706624137931037,83.67241379310344,1.0,58,2.9768200085863006,IND421601AAB → IND421302AAG
IND274301AAB,IND273014AAB,4.7120421660050145,2.6222094385610317,41.43983,139.73333333333332,1.0,30,2.9714796979703153,IND274301AAB → IND273014AAB
IND500039AAC,IND501359AAE,3.515088897008207,4.224278549117977,25.44805806451613,80.06451612903226,0.967741935483871,31,2.9636417041838374,IND500039AAC → IND501359AAE
IND121102AAA,IND121004AAB,4.103999274407539,3.2771404915791633,28.432715686274513,89.0,1.0,51,2.9247418572367647,IND121102AAA → IND121004AAB
IND700026AAC,IND712311AAA,3.79251592542769,3.6740197997026405,25.702980000000004,109.6,1.0,10,2.9192123100818685,IND700026AAC → IND712311AAA
IND462001AAA,IND462022AAA,4.116130096318775,3.227911276151181,12.714928301886793,50.35849056603774,1.0,53,2.914825421372864,IND462001AAA → IND462022AAA
IND562114AAA,IND560067AAC,4.218549127640037,2.987533980762631,11.47180909090909,41.81818181818182,1.0,11,2.883679845284804,IND562114AAA → IND560067AAC
IND110020AAB,IND110037AAM,3.449539993018254,3.9408795851038136,22.329922222222223,65.44444444444444,1.0,9,2.8620798727384456,IND110020AAB → IND110037AAM
IND821109AAA,IND802213AAB,5.682915088383839,0.9567876831877252,35.321933333333334,138.41666666666666,1.0,24,2.8602023403098533,IND821109AAA → IND802213AAB
IND131028AAB,IND132103AAA,3.4643895530992306,3.8663776461115695,45.18013333333334,136.66666666666666,1.0,6,2.8456691150731634,IND131028AAB → IND132103AAA
IND585314AAA,IND585104AAA,3.3169300007157823,4.067851798379806,28.158228985507247,92.4927536231884,0.9855072463768116,69,2.8427797137132984,IND585314AAA → IND585104AAA
IND110043AAA,IND000000ACB,3.50748158312468,3.7998682296405786,30.465863157894738,105.3157894736842,0.9473684210526315,19,2.827163628457835,IND110043AAA → IND000000ACB
IND400015AAB,IND400072AAB,4.209617860353155,2.7959101028470035,17.741041666666668,63.666666666666664,1.0,12,2.8226201749953628,IND400015AAB → IND400072AAB
IND700136AAG,IND712310AAA,4.757260192297471,2.045958475470874,18.46810612244898,69.59183673469387,1.0,49,2.8166916195602503,IND700136AAG → IND712310AAA
IND370001AAA,IND370201AAA,5.579009155096112,0.9252592136901829,42.52726666666666,198.0,1.0,3,2.8091814261454995,IND370001AAA → IND370201AAA
IND632006AAA,IND632402AAA,3.537878787878788,3.596363683214332,23.885971428571427,82.0,1.0,7,2.7940606201158147,IND632006AAA → IND632402AAA
IND585307AAB,IND585104AAA,3.695456210600512,3.325500463436747,44.46820660377358,167.28301886792454,1.0,106,2.775832623271229,IND585307AAB → IND585104AAA
IND486661AAA,IND211002AAB,4.698342874663162,1.9773162402822198,128.38694285714286,453.0952380952381,1.0,21,2.7725320219499303,IND486661AAA → IND211002AAB
IND575004AAB,IND574211AAA,2.9095996732026146,4.356954651300425,24.87108,50.0,1.0,10,2.770926264671173,IND575004AAB → IND574211AAA
IND211002AAB,IND211013AAA,5.533029878618114,0.8464190942580734,16.917258823529412,66.23529411764706,1.0,17,2.7671376797246676,IND211002AAB → IND211013AAA
IND201301AAD,IND110037AAM,5.17957468280049,1.2891572062643926,26.542833333333334,128.33333333333334,1.0,6,2.7585770349995133,IND201301AAD → IND110037AAM
IND425405AAA,IND424006AAA,3.811258703581165,3.1117385270216884,47.28501666666667,119.66666666666667,1.0,6,2.7580250395389725,IND425405AAA → IND424006AAA
IND834002AAB,IND827013AAA,4.404903983728372,2.311629374899629,66.45764497041421,223.27810650887574,1.0,169,2.7554504059612372,IND834002AAB → IND827013AAA
IND600004AAA,IND600008AAC,5.275961538461539,1.1097472879684416,14.179424999999998,72.25,1.0,4,2.743308801775148,IND600004AAA → IND600008AAC
IND722154AAA,IND712311AAA,5.803305711485343,0.3919279983683791,77.7493,412.0,1.0,3,2.7389006841046504,IND722154AAA → IND712311AAA
IND208017AAA,IND209304AAA,3.8754376058723885,2.9459442804758647,16.94032,51.8,1.0,5,2.733958326491715,IND208017AAA → IND209304AAA
IND210427AAA,IND209304AAA,3.634970900003215,3.2445846126016176,113.3413469387755,305.1224489795918,0.9795918367346939,49,2.7212412948021796,IND210427AAA → IND209304AAA
IND411021AAA,IND411033AAA,2.5659307953950807,4.861393777235283,11.797860714285715,35.267857142857146,0.7857142857142857,56,2.720504737042903,IND411021AAA → IND411033AAA
IND000000AAZ,IND444203AAA,4.5316734417344176,1.9981612128748316,52.518966666666664,181.66666666666666,1.0,3,2.7121177405562165,IND000000AAZ → IND444203AAA
IND600044AAD,IND600048AAA,3.839475017735887,2.9604151559914054,11.989878260869565,41.52173913043478,0.9565217391304348,23,2.710871075630907,IND600044AAD → IND600048AAA
IND411014AAA,IND411043AAA,4.628135514560854,1.8397067067509483,15.2264,70.0,1.0,13,2.703166217849626,IND411014AAA → IND411043AAA
IND600032AAB,IND600008AAC,6.0,0.0,10.0476,48.0,1.0,2,2.7,IND600032AAB → IND600008AAC
IND410501AAF,IND411033AAA,4.331770833333334,2.2130918911463398,14.7167,64.0,1.0,8,2.696635900677235,IND410501AAF → IND411033AAA
IND421302AAR,IND421301AAA,4.527198455139632,1.9501652874374755,12.358011764705882,42.44117647058823,1.0,34,2.6959289682870953,IND421302AAR → IND421301AAA
IND508207AAB,IND507002AAA,3.5193678086578712,3.278109401769701,59.822860000000006,147.75,1.0,20,2.691179943994059,IND508207AAB → IND507002AAA
IND600116AAB,IND600056AAA,2.8,4.22711776859504,11.90192,31.6,1.0,5,2.688135330578512,IND600116AAB → IND600056AAA
IND712311AAA,IND700088AAA,3.865948964793856,2.70736780320618,24.79915375,100.225,1.0,80,2.6585899268793964,IND712311AAA → IND700088AAA
IND635601AAB,IND635802AAB,3.3466662141011354,3.458799325869076,28.4498306122449,88.3265306122449,0.9387755102040817,49,2.6579389364624015,IND635601AAB → IND635802AAB
IND786181AAC,IND792120AAB,4.55129018592663,1.7561152312424753,42.805757692307694,137.3846153846154,1.0,26,2.647350643743395,IND786181AAC → IND792120AAB
IND207302AAA,IND202001AAB,3.0941120611527695,3.8335141364358227,43.90499047619047,114.80952380952381,0.8571428571428571,21,2.6448419225347117,IND207302AAA → IND202001AAB
IND331304AAA,IND332001AAB,3.7709642452905245,2.7486268868950106,94.71007142857142,276.35714285714283,1.0,14,2.632973764184713,IND331304AAA → IND332001AAB
IND781124AAA,IND781018AAB,5.133730530518659,0.8642103590600407,25.270087500000002,130.0625,1.0,16,2.612755319925476,IND781124AAA → IND781018AAB
IND632301AAA,IND632006AAA,3.368181818181818,3.2165702479338854,33.6392,97.5,1.0,2,2.612243801652893,IND632301AAA → IND632006AAA
IND205001AAB,IND205135AAA,3.0775241880770885,3.581479396209593,32.636594736842106,94.26315789473684,1.0,19,2.6054534940937133,IND205001AAB → IND205135AAA
IND410503AAA,IND410505AAB,3.705306340256788,2.737016439660806,25.5681875,68.5,1.0,8,2.603227468000957,IND410503AAA → IND410505AAB
IND152026AAA,IND000000ACA,3.7746560024151035,2.6275275553654067,103.05101879699248,330.9172932330827,1.0,133,2.5981206675756634,IND152026AAA → IND000000ACA
IND201007AAA,IND201005AAA,2.738782051282051,4.2997488288954635,11.217166666666666,40.666666666666664,0.6666666666666666,3,2.5854374691814597,IND201007AAA → IND201005AAA
IND400015AAB,IND421302AAG,3.4194219371042243,3.046528928673513,30.361694252873562,79.08045977011494,1.0,87,2.5817274534437438,IND400015AAB → IND421302AAG
IND500008AAC,IND501359AAE,2.912628936510924,3.706977987793749,19.902880952380954,55.61904761904762,1.0,21,2.5771449709424945,IND500008AAC → IND501359AAE
IND302006AAA,IND302014AAB,3.765248332612586,2.5516499996348956,12.809084615384617,41.80769230769231,1.0,26,2.5715943329355033,IND302006AAA → IND302014AAB
IND768201AAA,IND770001AAA,3.0,3.555555555555554,29.023699999999998,85.0,1.0,2,2.5666666666666664,IND768201AAA → IND770001AAA
IND110039AAA,IND110085AAB,3.8878940503940504,2.3715458004759333,12.202800000000002,53.166666666666664,1.0,6,2.5666213603004002,IND110039AAA → IND110085AAB
IND742202AAA,IND732103AAA,3.537581699346405,2.806746336878979,37.79925,105.0,1.0,2,2.557056580802256,IND742202AAA → IND732103AAA
IND122503AAA,IND122001AAA,3.7063827376327376,2.557820167852786,24.635225000000002,81.75,1.0,8,2.549899145408931,IND122503AAA → IND122001AAA
IND712311AAA,IND712410AAC,3.7783757372869116,2.4525920727786414,41.38505294117647,140.64705882352942,1.0,17,2.5471279167483574,IND712311AAA → IND712410AAC
IND713205AAB,IND713148AAA,4.4259259259259265,1.5627572016460918,22.627933333333335,79.66666666666667,1.0,3,2.539197530864198,IND713205AAB → IND713148AAA
IND211002AAB,IND211011AAA,4.637619047619047,1.247683177437642,10.267644,31.36,1.0,25,2.5293525722789116,IND211002AAB → IND211011AAA
IND812002AAA,IND813203AAA,3.9368850477358723,2.1741555092653195,31.175316666666667,91.80555555555556,1.0,36,2.527000671873945,IND812002AAA → IND813203AAA
IND535001AAA,IND530012AAA,3.555949667888657,2.6781493674900143,46.04839833333333,129.18333333333334,1.0,60,2.525824677402467,IND535001AAA → IND530012AAA
IND501301AAC,IND500039AAC,3.6157342657342655,2.581363228845746,13.6678,39.0,1.0,4,2.52070267494743,IND501301AAC → IND500039AAC
IND848210AAA,IND842001AAA,4.612700605264359,1.2433634817045598,56.59983333333334,196.75,1.0,12,2.5180892866171116,IND848210AAA → IND842001AAA
IND000000ACN,IND501359AAF,2.870285652461324,3.5321622384808484,17.048874193548386,40.16129032258065,1.0,31,2.5077629325287845,IND000000ACN → IND501359AAF
IND742148AAA,IND742225AAA,4.0397178342490845,1.9592900690187431,16.666872916666666,44.520833333333336,1.0,48,2.5036741544052568,IND742148AAA → IND742225AAA
IND209304AAA,IND209101AAA,3.1567412400261237,3.2523950050144737,33.892775,55.25,0.875,16,2.5009149975147915,IND209304AAA → IND209101AAA
IND571114AAA,IND570020AAA,4.090247095239356,1.8718248701768003,46.56648421052631,168.73684210526315,1.0,19,2.4976462991487827,IND571114AAA → IND570020AAA
IND410505AAB,IND410501AAF,3.6975324675324672,2.3756788270251463,13.093700000000002,33.6,1.0,10,2.4917166351205307,IND410505AAB → IND410501AAF
IND382421AAA,IND382430AAB,3.221263613091651,2.967003082676363,30.058647457627117,83.38983050847457,0.9830508474576272,59,2.4735216242768576,IND382421AAA → IND382430AAB
IND691305AAA,IND691551AAA,3.121212121212121,3.407713498622589,24.07213333333333,75.0,0.6666666666666666,3,2.4707988980716253,IND691305AAA → IND691551AAA
IND400072AAB,IND421302AAG,3.148321528311121,3.009975573157317,22.478901142857143,57.25714285714286,1.0,175,2.4623212832716437,IND400072AAB → IND421302AAG
IND400705AAA,IND421302AAH,3.4997099270164167,2.539949039034101,22.374754285714285,76.62857142857143,1.0,35,2.461868682516797,IND400705AAA → IND421302AAH
IND742121AAA,IND742102AAB,4.330086903718618,1.374033406541164,20.68058,75.16,1.0,25,2.4442447834497965,IND742121AAA → IND742102AAB
IND732139AAA,IND732103AAB,4.734024705453277,0.8344597838108412,39.40958333333334,163.33333333333334,1.0,6,2.443947817324563,IND732139AAA → IND732103AAB
IND530012AAA,IND764020AAC,4.939221394398397,0.5376618789220156,107.41827142857143,355.7857142857143,1.0,14,2.4369871214359637,IND530012AAA → IND764020AAC
IND523002AAA,IND523105AAA,2.575106465350368,3.665131007125568,40.695766666666664,97.33333333333333,1.0,3,2.4295818882778173,IND523002AAA → IND523105AAA
IND411033AAA,IND411021AAA,2.6610049574838306,3.7649089331072867,10.726254929577465,32.352112676056336,0.7746478873239436,71,2.426269029122901,IND411033AAA → IND411021AAA
IND204215AAA,IND207001AAA,3.5614778176090485,2.333759768205513,23.44292608695652,59.130434782608695,1.0,23,2.4247190575052735,IND204215AAA → IND207001AAA
IND421301AAA,IND421302AAR,4.172152560083594,1.5113981394780769,12.293975862068965,40.206896551724135,1.0,29,2.422280465876861,IND421301AAA → IND421302AAR
IND796009AAA,IND796321AAB,4.734355981947616,0.741207562845292,141.68096153846153,491.84615384615387,1.0,13,2.4161046616326343,IND796009AAA → IND796321AAB
IND226004AAA,IND226016AAA,3.42058596931974,2.5815163502832705,16.856163636363636,58.72727272727273,0.9090909090909091,11,2.4154165655401503,IND226004AAA → IND226016AAA
IND700028AAB,IND712311AAA,3.3026237608280953,2.6434384315334003,17.026543750000002,44.4375,1.0,16,2.414081033791258,IND700028AAB → IND712311AAA
IND110037AAM,IND110020AAB,3.601094821813885,2.24488918253372,21.85401153846154,75.03846153846153,1.0,26,2.4139046834856703,IND110037AAM → IND110020AAB
IND400701AAB,IND421302AAG,3.1905260140986784,2.7823666775879974,19.020221568627452,54.15686274509804,1.0,51,2.410920408915871,IND400701AAB → IND421302AAG
IND68004AAA,IND678683AAA,3.226786863336571,2.7293683833281697,28.637792592592593,99.22222222222223,1.0,27,2.4095252603330795,IND68004AAA → IND678683AAA
IND400015AAA,IND400072AAB,3.3742642651973123,2.4953488264407038,15.998767142857144,50.457142857142856,1.0,70,2.3983103540111363,IND400015AAA → IND400072AAB
IND852201AAA,IND854326AAB,4.2191229803758405,1.367954750747416,79.32072000000001,255.4,1.0,5,2.398035617374561,IND852201AAA → IND854326AAB
IND411048AAA,IND411014AAA,4.334821428571429,1.198421556122449,15.539875,68.0,1.0,4,2.3934550382653064,IND411048AAA → IND411014AAA
IND201007AAA,IND201007AAB,4.898496240601504,0.4416586579230026,12.4279,82.0,1.0,2,2.391896093617502,IND201007AAA → IND201007AAB
IND700136AAB,IND712311AAA,4.988095238095238,0.30654761904761885,22.807533333333335,114.0,1.0,3,2.3872023809523806,IND700136AAB → IND712311AAA
IND712602AAA,IND712311AAA,5.206896551724138,0.0,61.4109,302.0,1.0,2,2.382758620689655,IND712602AAA → IND712311AAA
IND421302AAG,IND000000AFT,2.8480578686615594,3.094872645589905,19.235696907216493,50.44329896907217,1.0,97,2.3676849411415954,IND421302AAG → IND000000AFT
IND122001AAA,IND122050AAA,5.038998357963876,0.1665084285795175,21.798166666666663,124.33333333333333,1.0,3,2.3655518717594055,IND122001AAA → IND122050AAA
IND395023AAD,IND395001AAA,3.0709706959706957,2.7833813774747838,14.100033333333334,39.5,1.0,12,2.3634026916307134,IND395023AAD → IND395001AAA
IND762001AAA,IND759122AAC,2.65548004382633,3.669621922937888,132.59129090909093,179.72727272727272,0.6363636363636364,11,2.3539876853209893,IND762001AAA → IND759122AAC
IND811201AAB,IND813213AAA,3.085769230769231,2.712660157790927,35.038250000000005,78.0,1.0,4,2.3481057396449705,IND811201AAB → IND813213AAA
IND411033AAB,IND411057AAF,4.86060606060606,0.3297704315886137,13.00145,64.0,1.0,2,2.343173553719008,IND411033AAB → IND411057AAF
IND000000AEM,IND110037AAB,2.801445580067703,3.0764927364839685,30.61346862745098,85.94117647058823,0.9411764705882353,51,2.3258789941487423,IND000000AEM → IND110037AAB
IND335523AAB,IND125001AAA,3.7600328823255396,1.735483321362654,85.97355999999999,320.2,1.0,5,2.324658149339012,IND335523AAB → IND125001AAA
IND274304AAA,IND274304AAB,4.769230769230769,0.33846153846153876,18.897033333333336,60.5,1.0,6,2.3092307692307696,IND274304AAA → IND274304AAB
IND712311AAA,IND700028AAB,3.4951660292116613,2.0136573763344527,16.28861304347826,57.108695652173914,1.0,46,2.3021636245850003,IND712311AAA → IND700028AAB
IND400016AAB,IND400072AAB,5.0,0.0,11.184,60.0,1.0,2,2.3,IND400016AAB → IND400072AAB
IND144001AAB,IND144601AAA,3.899611928104575,1.4651136198283783,20.792625,65.25,1.0,4,2.2993788571903435,IND144001AAB → IND144601AAA
IND756032AAA,IND712311AAA,3.0944112630549108,2.5072570741707008,110.85576825396826,231.984126984127,1.0,63,2.2899416274731745,IND756032AAA → IND712311AAA
IND311301AAA,IND305624AAA,3.291808899951848,2.197687853916209,35.782266666666665,94.08333333333333,1.0,12,2.2760299161556024,IND311301AAA → IND305624AAA
IND586128AAA,IND585104AAA,3.3841980667017406,2.072496276497528,52.93369166666667,123.33333333333333,1.0,36,2.2754281096299547,IND586128AAA → IND585104AAA
IND400706AAA,IND000000AFT,4.712121212121212,0.28696051423324165,10.32765,47.5,1.0,2,2.270936639118457,IND400706AAA → IND000000AFT
IND742149AAA,IND742225AAA,3.772913752913753,1.441601501839264,32.212,93.2,1.0,5,2.2416459517172806,IND742149AAA → IND742225AAA
IND851127AAA,IND842001AAA,3.8524419753184724,1.3352076958967554,75.3161025,231.4125,1.0,80,2.2415390988964154,IND851127AAA → IND842001AAA
IND600008AAC,IND600013AAA,4.55,0.4050000000000003,12.08535,50.5,1.0,2,2.2415000000000003,IND600008AAC → IND600013AAA
IND854326AAB,IND854105AAB,2.935999702911467,2.5516766086262193,26.863540909090908,54.86363636363637,1.0,22,2.2399028637524525,IND854326AAB → IND854105AAB
IND788026AAC,IND788121AAA,4.036904761904762,1.0576133786848076,28.829425,82.75,1.0,4,2.2320459183673473,IND788026AAC → IND788121AAA
IND530012AAA,IND530043AAA,3.2161685297622165,2.187807898859885,16.817703846153847,43.92307692307692,0.9615384615384616,26,2.2312713200243905,IND530012AAA → IND530043AAA
IND845305AAA,IND842001AAA,3.2241086548255424,2.1258289286516083,83.40459203539822,203.06194690265488,1.0,113,2.2273921405256996,IND845305AAA → IND842001AAA
IND481661AAA,IND842003AAB,3.4434476846792488,1.81294151964357,77.00393125,194.3125,1.0,32,2.221261529764771,IND481661AAA → IND842003AAB
IND000000AFF,IND734203AAA,4.5964912280701755,0.2696214219759927,27.9396,87.33333333333333,1.0,3,2.2194829178208684,IND000000AFF → IND734203AAA
IND670645AAB,IND673592AAA,2.9395915421366983,2.453832023835378,29.26582857142857,86.71428571428571,1.0,21,2.211986224005293,IND670645AAB → IND673592AAA
IND501359AAG,IND000000ACN,3.4421820136038987,1.7817351192577138,19.265804545454543,53.0,1.0,22,2.2113933412188738,IND501359AAG → IND000000ACN
IND742225AAA,IND742223AAA,4.463876488095238,0.4116573351170665,12.4566375,36.5,1.0,32,2.2090477957732153,IND742225AAA → IND742223AAA
IND743395AAA,IND700053AAA,3.487559266130695,1.7096074603263842,45.94838571428571,162.14285714285714,1.0,7,2.2079059445501934,IND743395AAA → IND700053AAA
IND533106AAA,IND533308AAB,3.666020099796191,1.4671444928625343,34.07609411764706,106.0,1.0,17,2.2065513877772367,IND533106AAA → IND533308AAB
IND273304AAA,IND273014AAB,3.3430506007355514,1.9347993653911568,54.776697000000006,144.44,0.95,100,2.2026600499115676,IND273304AAA → IND273014AAB
IND152026AAA,IND160002AAC,3.6068326684947687,1.5140244701916874,136.03533,417.1,1.0,10,2.1969404084554136,IND152026AAA → IND160002AAC
IND125121AAA,IND125001AAA,3.6165884590172444,1.4834696244155827,32.90025,93.0,1.0,6,2.191676270931573,IND125121AAA → IND125001AAA
IND400072AAD,IND421302AAG,2.9523665891372572,2.345554562300406,21.690018115942028,52.28260869565217,1.0,276,2.184613004345025,IND400072AAD → IND421302AAG
IND263153AAB,IND244713AAA,4.109171907756814,0.7920448245058871,43.39553333333333,159.0,1.0,3,2.1812822104544916,IND263153AAB → IND244713AAA
IND700065AAA,IND712311AAA,3.27406570491729,1.8840385315990804,17.14747857142857,52.04761904761905,1.0,42,2.1748378414466405,IND700065AAA → IND712311AAA
IND788806AAA,IND788026AAC,3.75453431372549,1.239464766298677,23.28935,59.75,1.0,8,2.1736531553797995,IND788806AAA → IND788026AAC
IND742226AAA,IND742102AAB,3.2857340946409774,1.8567255421224407,25.250033333333334,65.97435897435898,1.0,39,2.171311300493123,IND742226AAA → IND742102AAB
IND635207AAA,IND635802AAB,3.457681182841029,1.6225890140653911,38.90562857142857,120.0,1.0,7,2.169849177356029,IND635207AAA → IND635802AAB
IND756100AAC,IND758001AAA,2.92137512029882,2.3153227054683976,109.44765238095239,219.66666666666666,1.0,21,2.1631468597600474,IND756100AAC → IND758001AAA
IND391110AAD,IND390020AAA,3.5907409985500225,1.3937274593444386,26.0558625,85.75,1.0,16,2.154414637223341,IND391110AAD → IND390020AAA
IND563131AAB,IND560300AAB,2.7631918976512275,2.4785034656131226,50.522044117647056,130.97058823529412,1.0,34,2.1488277987444278,IND563131AAB → IND560300AAB
IND224001AAA,IND224141AAB,3.702456429135237,1.2148745701435355,24.669702127659573,60.87234042553192,1.0,47,2.1454449426971554,IND224001AAA → IND224141AAB
IND712310AAE,IND712124AAA,3.598006004716531,1.3446372977797278,16.015893333333334,57.4,1.0,60,2.142593591220531,IND712310AAE → IND712124AAA
IND411014AAA,IND411048AAA,3.799389499389499,1.0561493512592417,13.922699999999999,55.77777777777778,1.0,9,2.136600605133572,IND411014AAA → IND411048AAA
IND828401AAB,IND826004AAA,3.2912808682545527,1.7322285123844967,22.11145833333333,49.375,1.0,24,2.13618090101717,IND828401AAB → IND826004AAA
IND400072AAB,IND400011AAA,3.530024509803922,1.4026351042868128,15.21395,45.5,1.0,4,2.1328003352076124,IND400072AAB → IND400011AAA
IND713303AAA,IND713364AAB,3.865468409586057,0.9479534224728381,23.349016666666667,69.16666666666667,1.0,6,2.1305733905762745,IND713303AAA → IND713364AAB
IND641062AAD,IND641001AAA,3.7165692382090234,1.1422836877042828,26.072824999999998,85.25,1.0,12,2.1293128015948946,IND641062AAD → IND641001AAA
IND302014AAB,IND302026AAA,2.934778604698761,2.1792838715026,16.842073684210526,47.31578947368421,1.0,38,2.1276966033302847,IND302014AAB → IND302026AAA
IND712311AAA,IND700053AAA,3.387906828108265,1.56875266870419,24.777044186046513,87.23255813953489,1.0,43,2.125788531854563,IND712311AAA → IND700053AAA
IND444005AAB,IND000000AAZ,4.054695831734371,0.6754427925991617,76.58714,218.6,1.0,5,2.124511170473497,IND444005AAB → IND000000AAZ
IND211011AAA,IND212501AAA,3.7566517949512046,1.0575512440282824,23.609718421052634,65.44736842105263,1.0,38,2.1199260911889666,IND211011AAA → IND212501AAA
IND121004AAA,IND121004AAB,2.725527736152736,2.4196277475025867,13.967945,32.75,1.0,20,2.1160994187118707,IND121004AAA → IND121004AAB
IND585104AAA,IND585314AAA,2.377816164789849,2.8728738015265995,29.75036,61.05,1.0,20,2.1129886063739196,IND585104AAA → IND585314AAA
IND401104AAB,IND421302AAG,2.963887233476688,2.089255562326627,25.647399999999998,67.88372093023256,1.0,43,2.1123315620886634,IND401104AAB → IND421302AAG
IND421302AAG,IND400102AAC,2.8771198795627315,2.197594759543153,25.87678192771084,65.41566265060241,0.9939759036144579,166,2.1083191507723757,IND421302AAG → IND400102AAC
IND400072AAA,IND421302AAG,3.6777777777777776,1.1114814814814815,20.308,57.333333333333336,1.0,3,2.1045555555555557,IND400072AAA → IND421302AAG
IND563125AAB,IND560300AAB,2.6442838376571984,2.4773103405481636,39.21856774193548,101.41935483870968,1.0,31,2.1009066372273284,IND563125AAB → IND560300AAB
IND842001AAA,IND843109AAB,3.478160173160173,1.3386763002288824,13.267613333333333,31.1,1.0,30,2.092866959332734,IND842001AAA → IND843109AAB
IND530012AAA,IND535001AAA,3.2962044907075665,1.5614797884221787,40.70189166666667,108.08333333333333,1.0,12,2.0869257328096804,IND530012AAA → IND535001AAA
IND275503AAA,IND275303AAA,4.230769230769231,0.29585798816568043,18.889699999999998,55.0,1.0,4,2.0810650887573967,IND275503AAA → IND275303AAA
IND125111AAA,IND125121AAA,3.0226587424672102,2.1547728638535197,34.70575,90.0,0.75,4,2.08049535614294,IND125111AAA → IND125121AAA
IND583119AAA,IND583101AAA,3.2327993667285995,1.6029438966250817,39.127405555555555,109.11111111111111,1.0,18,2.0740029156789643,IND583119AAA → IND583101AAA
IND852111AAA,IND854326AAB,3.548310509045167,1.1794990040637325,82.64103614457831,216.4578313253012,1.0,83,2.0731739048371867,IND852111AAA → IND854326AAB
IND000000AFT,IND421302AAG,3.144406938550065,1.7140904009869844,19.951753571428572,56.5,1.0,28,2.071989895716121,IND000000AFT → IND421302AAG
IND712311AAA,IND700065AAA,3.5260320326849564,1.196046248616851,17.409810344827587,67.98275862068965,1.0,58,2.0692266876590377,IND712311AAA → IND700065AAA
IND846004AAA,IND847404AAB,3.854022988505747,0.7506645527810811,32.92815,114.0,1.0,2,2.0668085612366234,IND846004AAA → IND847404AAB
IND713128AAB,IND731301AAA,4.159716209716209,0.3314703532264859,38.601800000000004,141.16666666666666,1.0,6,2.0633275898544294,IND713128AAB → IND731301AAA
IND380006AAB,IND382430AAB,3.3513204902093787,1.3803766238981185,13.374287037037037,35.25925925925926,1.0,54,2.054641183253187,IND380006AAB → IND382430AAB
IND411033AAA,IND411014AAA,2.6472835848671616,2.327848206772599,21.294986554621847,61.89915966386555,0.9663865546218487,119,2.047183862365199,IND411033AAA → IND411014AAA
IND421302AAR,IND421004AAA,3.584707378575303,1.034185188618189,13.28754150943396,37.924528301886795,1.0,53,2.044138508015578,IND421302AAR → IND421004AAA
IND792121AAB,IND786181AAC,3.5296366987528462,1.0992131779143393,28.772377777777777,66.88888888888889,1.0,18,2.0416186328754407,IND792121AAB → IND786181AAC
IND842001AAA,IND843126AAA,3.1786848072562357,1.5644779181513877,19.304985714285717,44.142857142857146,1.0,7,2.0408172983479105,IND842001AAA → IND843126AAA
IND509358AAA,IND509324AAA,2.226615847449626,2.8229775559274923,31.279322222222227,51.111111111111114,1.0,18,2.037539605758098,IND509358AAA → IND509324AAA
IND152107AAA,IND152026AAA,3.3682065217391304,1.2983259983459357,31.245150000000002,89.0,1.0,2,2.0367804081994327,IND152107AAA → IND152026AAA
IND303603AAB,IND302014AAB,2.941887533819522,1.921106294790483,50.12239166666667,118.88888888888889,0.9444444444444444,36,2.036420235298287,IND303603AAB → IND302014AAB
IND602001AAA,IND600116AAB,2.7313876257841776,2.1273173119628725,26.93874166666667,65.41666666666667,1.0,12,2.030750243902533,IND602001AAA → IND600116AAB
IND110030AAD,IND000000ACB,2.292466366215802,2.7382339719931066,32.411976470588236,77.08823529411765,0.9705882352941176,34,2.0296332086724878,IND110030AAD → IND000000ACB
IND507303AAA,IND507002AAA,2.890319486167332,1.9060022593966346,56.05510833333333,113.34722222222223,1.0,72,2.0279284722859234,IND507303AAA → IND507002AAA
IND852118AAA,IND852111AAA,2.6441176470588235,2.2297750865051906,33.2923,69.0,1.0,2,2.0265795847750865,IND852118AAA → IND852111AAA
IND505184AAC,IND505001AAB,2.629703819625706,2.246230353696392,48.12545185185185,101.55555555555556,1.0,27,2.0257506339592,IND505184AAC → IND505001AAB
IND485001AAC,IND486001AAA,2.79377990430622,2.0174671685859633,38.47082,80.4,1.0,5,2.022752112298277,IND485001AAC → IND486001AAA
IND000000AAZ,IND444303AAA,3.347826086956522,1.2759924385633266,45.69606666666667,122.33333333333333,1.0,3,2.021928166351607,IND000000AAZ → IND444303AAA
IND712103AAA,IND712310AAE,3.225472086251515,1.434881230637074,23.51084266666667,73.4,1.0,75,2.020653203691728,IND712103AAA → IND712310AAE
IND246424AAA,IND246174AAA,1.8983662796384606,3.5975038459686512,69.42402380952382,215.57142857142858,0.5952380952380952,42,2.017169094217408,IND246424AAA → IND246174AAA
IND721306AAA,IND721102AAA,2.7444444444444445,2.0395061728395056,18.8609,49.4,1.0,5,2.0096296296296297,IND721306AAA → IND721102AAA
IND210431AAA,IND209304AAA,2.877177026035639,1.8576699719039895,75.042708,168.52,1.0,25,2.0081718019854526,IND210431AAA → IND209304AAA
IND500008AAF,IND500039AAC,3.6096897211835293,0.8662308432761413,15.648194736842106,49.1578947368421,1.0,38,2.003745141456254,IND500008AAF → IND500039AAC
IND786001AAB,IND786184AAA,2.7283251231527093,2.035468567067522,17.065086206896552,32.93103448275862,1.0,29,2.0019706193813405,IND786001AAB → IND786184AAA
IND221313AAA,IND211002AAB,3.8168418426509456,0.5815516786377565,84.1262611111111,232.38888888888889,1.0,36,2.0012022406517054,IND221313AAA → IND211002AAB
IND500039AAC,IND500035AAA,3.4,1.1332544378698224,13.934766666666667,42.0,1.0,3,1.9999763313609469,IND500039AAC → IND500035AAA
IND411043AAA,IND411014AAA,3.6438644688644692,0.8052554542527071,14.561300000000001,53.0,1.0,6,1.9991224238215999,IND411043AAA → IND411014AAA
IND273303AAA,IND273304AAA,3.4136904761904763,1.100635393046108,24.248549999999998,68.0,1.0,4,1.9956668083900229,IND273303AAA → IND273304AAA
IND852201AAA,IND852113AAA,3.887584987555394,0.45187737964695024,22.42475294117647,65.94117647058823,1.0,17,1.9905972089162427,IND852201AAA → IND852113AAA
IND110044AAB,IND201007AAA,3.062283518330077,1.54671538849223,16.465700000000002,57.40909090909091,1.0,22,1.9889280238797,IND110044AAB → IND201007AAA
IND244901AAB,IND244921AAB,2.623376623376623,2.124499751292769,20.056500000000003,48.733333333333334,1.0,15,1.9867005747384798,IND244901AAB → IND244921AAB
IND132001AAA,IND131028AAB,2.4256928353378204,2.387585247994191,71.10528333333333,146.66666666666666,1.0,6,1.9865527085333854,IND132001AAA → IND131028AAB
IND210001AAA,IND210427AAA,3.7910761693548354,0.5631302811828259,41.99498666666667,115.1,1.0,30,1.985369552096782,IND210001AAA → IND210427AAA
IND688009AAA,IND686028AAB,2.635937855374761,2.0940108895937577,31.435088095238093,90.30952380952381,1.0,42,1.9825784090280316,IND688009AAA → IND686028AAB
IND424006AAA,IND423105AAA,4.205882352941177,0.0,47.7911,143.0,1.0,2,1.9823529411764709,IND424006AAA → IND423105AAA
IND271210AAA,IND271001AAA,3.3883144306504516,1.0852069588351572,41.58653521126761,98.33802816901408,1.0,71,1.980887859910728,IND271210AAA → IND271001AAA
IND110037AAM,IND110035AAC,2.5114829454537486,2.2646713570787447,15.540859722222223,45.236111111111114,0.9861111111111112,72,1.9798279186384562,IND110037AAM → IND110035AAC
IND403507AAB,IND403726AAB,2.403990486257928,2.3865541821802263,28.393325,92.0,1.0,4,1.9775624491572392,IND403507AAB → IND403726AAB
IND603301AAA,IND600044AAD,3.180207674352627,1.337454994613413,44.56145089285714,102.14285714285714,1.0,112,1.9733195681250748,IND603301AAA → IND600044AAD
IND530012AAA,IND764001AAC,3.4184511152911106,1.0132045107215961,115.22365882352942,260.52941176470586,1.0,51,1.9713417993329232,IND530012AAA → IND764001AAC
IND631501AAA,IND631003AAA,3.3976047019906668,1.026724154528933,20.1525,58.0,1.0,30,1.9670591271549467,IND631501AAA → IND631003AAA
IND713130AAA,IND741126AAB,4.029761904761905,0.18343726379440636,48.845725,150.5,1.0,4,1.9669359410430842,IND713130AAA → IND741126AAB
IND275101AAA,IND275503AAA,4.136363636363637,0.03719008264462791,15.9229,45.5,1.0,2,1.9657024793388431,IND275101AAA → IND275503AAA
IND600056AAB,IND600008AAC,2.8424115675160784,1.7415482853145312,28.835546875,60.425,1.0,160,1.9594291126007906,IND600056AAB → IND600008AAC
IND442001AAA,IND442101AAB,3.62967032967033,0.6908827436299964,17.82036,49.2,1.0,5,1.959132954957131,IND442001AAA → IND442101AAB
IND421302AAG,IND400102AAB,2.6879227608627447,1.9451700451819094,24.8970806122449,59.714285714285715,1.0,98,1.958720117899671,IND421302AAG → IND400102AAB
IND462022AAA,IND462042AAA,3.5854166666666663,0.7467766203703704,19.191875,71.0,1.0,4,1.9581996527777776,IND462022AAA → IND462042AAA
IND560077AAA,IND560099AAB,3.8721445221445223,0.36369988209149007,30.330599999999997,118.75,1.0,4,1.957967773485256,IND560077AAA → IND560099AAB
IND515004AAA,IND515671AAA,2.2406923922851343,2.5355566882831173,31.83313846153846,64.15384615384616,1.0,26,1.956943963398989,IND515004AAA → IND515671AAA
IND431112AAB,IND431136AAC,3.536689002694914,0.8066850346237848,45.240305681818185,117.31818181818181,1.0,88,1.9566811114651013,IND431112AAB → IND431136AAC
IND328001AAA,IND282002AAD,3.1853888323337465,1.2748801261821712,46.77147142857143,141.42857142857142,1.0,21,1.95661957078815,IND328001AAA → IND282002AAD
IND842001AAA,IND848101AAA,3.3147264911970797,1.087124729808937,42.14683333333333,105.33333333333333,1.0,3,1.952028015421513,IND842001AAA → IND848101AAA
IND742101AAC,IND742303AAB,3.336930653177088,1.057443646535036,24.40560357142857,52.67857142857143,1.0,28,1.952005355231346,IND742101AAC → IND742303AAB
IND400072AAB,IND400015AAA,3.164128697254965,1.2668551205474565,15.987122413793104,44.577586206896555,1.0,116,1.9457080150662232,IND400072AAB → IND400015AAA
IND600044AAD,IND603203AAA,3.787858893557423,0.41857748767399156,14.4655,42.75,1.0,4,1.9407168037251668,IND600044AAD → IND603203AAA
IND422011AAD,IND421302AAG,2.563328763687142,2.047216680015796,89.97045,157.4811320754717,1.0,106,1.9394965094795955,IND422011AAD → IND421302AAG
IND462022AAA,IND461001AAA,3.0031586648983395,1.4534187578172089,51.05128,105.8,1.0,15,1.9372890933044986,IND462022AAA → IND461001AAA
IND445101AAA,IND440014AAA,2.7580061264271793,1.7526811552225963,21.591566666666665,45.333333333333336,1.0,3,1.9290067971376508,IND445101AAA → IND440014AAA
IND422605AAA,IND423109AAA,2.6853535353535354,1.8243447947488347,32.9807,89.5,1.0,4,1.9214448525660646,IND422605AAA → IND423109AAA
IND110085AAB,IND110083AAA,3.6533333333333333,0.5275555555555553,12.04058,54.0,1.0,5,1.9196,IND110085AAB → IND110083AAA
IND421302AAG,IND401104AAA,2.8644822639381715,1.5730498572094118,22.246535064935063,57.03896103896104,1.0,154,1.9177078627380921,IND421302AAG → IND401104AAA
IND416404AAA,IND416012AAA,2.948529127968155,1.4575122630568567,104.22099374999999,239.6875,1.0,16,1.916665330104319,IND416404AAA → IND416012AAA
IND743347AAA,IND700053AAA,3.7242837712415136,0.4225580446868238,51.39745102040816,155.53061224489795,1.0,49,1.9164809219026528,IND743347AAA → IND700053AAA
IND000000ACB,IND474003AAA,2.671056059150563,1.8262758500770853,182.0915230769231,433.9230769230769,1.0,13,1.916305178683351,IND000000ACB → IND474003AAA
IND134203AAA,IND160002AAC,3.5368520223009385,0.6698200328332169,30.87056,94.4,1.0,5,1.9156868187703406,IND134203AAA → IND160002AAC
IND509124AAA,IND518002AAA,2.6666666666666665,1.827160493827161,47.48156666666667,100.66666666666667,1.0,3,1.914814814814815,IND509124AAA → IND518002AAA
IND600116AAB,IND602024AAA,2.5496103475128242,1.9808108375438678,17.85076,43.45,1.0,20,1.9140873902682902,IND600116AAB → IND602024AAA
IND841424AAA,IND841428AAA,3.428806387700183,0.8048344353803337,65.036975,166.91666666666666,1.0,24,1.9129728856941732,IND841424AAA → IND841428AAA
IND562132AAA,IND560058AAD,2.2333487601579707,2.4787327113558693,15.386408928571429,44.294642857142854,0.9196428571428571,112,1.912852174612806,IND562132AAA → IND560058AAD
IND842001AAA,IND843301AAA,3.5021306806134214,0.6942379522736027,57.03039444444445,144.27777777777777,1.0,18,1.9091236579274495,IND842001AAA → IND843301AAA
IND625218AAA,IND624703AAA,2.987089239263152,1.6226536207841724,59.415475,161.75,0.75,4,1.9066317819405127,IND625218AAA → IND624703AAA
IND560099AAB,IND560077AAA,3.2263921888921887,1.0229970607489545,27.264475,102.75,1.0,4,1.8974559937815618,IND560099AAB → IND560077AAA
IND584101AAA,IND518002AAA,3.2465811965811966,0.9940454349611859,66.558275,195.5,1.0,4,1.8968461091208346,IND584101AAA → IND518002AAA
IND695012AAB,IND695012AAA,3.636796536796537,0.47367234497104665,14.072233333333331,54.333333333333336,1.0,3,1.8968203182099288,IND695012AAB → IND695012AAA
IND492001AAB,IND492007AAA,3.029166666666667,1.2800601797192708,11.912700000000001,31.875,1.0,8,1.895684720582448,IND492001AAB → IND492007AAA
IND560099AAB,IND560085AAA,2.7967138108718106,1.5797389961455979,15.886105882352942,48.61764705882353,1.0,34,1.8926072231924038,IND560099AAB → IND560085AAA
IND781018AAB,IND712311AAA,3.1348934809062294,1.1287105780324298,392.36864496644296,934.8120805369127,1.0,149,1.8925705657722207,IND781018AAB → IND712311AAA
IND000000AFT,IND410210AAA,3.14140678619626,1.117914044725103,17.856872,48.08,1.0,25,1.891936927896035,IND000000AFT → IND410210AAA
IND335051AAA,IND335513AAA,2.3914859514430065,2.106117236554736,66.41718271604938,122.93827160493827,1.0,81,1.8884295515436236,IND335051AAA → IND335513AAA
IND643212AAA,IND641062AAD,3.1835854306105538,1.0935839213641079,72.84547142857143,205.57142857142858,0.9523809523809523,21,1.8872236343677393,IND643212AAA → IND641062AAD
IND788026AAC,IND799250AAA,3.882943722943723,0.10157732676174243,74.6059,212.0,1.0,4,1.8836506872060121,IND788026AAC → IND799250AAA
IND742121AAA,IND742101AAC,3.5566520979020977,0.5334955777811514,19.514519999999997,58.3,1.0,10,1.8827095124951845,IND742121AAA → IND742101AAC
IND411033AAA,IND000000AAL,3.0858480978166067,1.1600565979555117,21.950364864864866,72.24324324324324,1.0,37,1.8823562185132963,IND411033AAA → IND000000AAL
IND401104AAA,IND421302AAG,2.6507931805609823,1.7315501732361263,24.39117777777778,57.925925925925924,1.0,27,1.8797823241952307,IND401104AAA → IND421302AAG
IND560300AAA,IND560078AAC,3.3951202428467524,0.7344386717285214,25.903584375,85.046875,1.0,64,1.8783796986572574,IND560300AAA → IND560078AAC
IND410206AAB,IND000000AFT,2.791155209647212,1.5321744810345903,18.89442361111111,43.333333333333336,1.0,72,1.8761144281692619,IND410206AAB → IND000000AFT
IND732103AAB,IND732202AAA,3.48255056042885,0.6003722217757669,18.031491666666668,49.0,1.0,24,1.87313189070427,IND732103AAB → IND732202AAA
IND273155AAA,IND273014AAB,3.3968530465949818,0.7128237101270531,33.20634,72.8,1.0,5,1.8725883316761087,IND273155AAA → IND273014AAB
IND641001AAA,IND641062AAD,2.3799876496052965,2.1556324297154537,24.705859999999998,70.7,0.9,10,1.8686847887567546,IND641001AAA → IND641062AAD
IND421302AAG,IND400072AAJ,2.8596380467287417,1.4099984654683126,22.044560909090908,52.54545454545455,1.0,110,1.8668547583319905,IND421302AAG → IND400072AAJ
IND518002AAA,IND509124AAA,2.0605711785998313,2.4751343487333224,45.9026,82.77777777777777,1.0,9,1.8667687760599292,IND518002AAA → IND509124AAA
IND852113AAA,IND852139AAB,3.0897118755640496,1.0919222326246112,35.46454,77.4,1.0,25,1.8634614200130033,IND852113AAA → IND852139AAB
IND274402AAA,IND274304AAB,3.1858974358974357,0.957429322813938,17.928625,40.0,1.0,4,1.8615877712031557,IND274402AAA → IND274304AAB
IND232101AAB,IND232104AAB,2.680159584005738,1.631244731481586,13.12023076923077,28.615384615384617,1.0,13,1.8614372530467713,IND232101AAB → IND232104AAB
IND848101AAA,IND844505AAB,3.2880734880046885,0.8124779099865415,25.974870370370372,59.851851851851855,1.0,27,1.8589727681978379,IND848101AAA → IND844505AAB
IND583201AAA,IND583119AAA,2.3441448031303103,2.067422589062377,26.35656111111111,57.72222222222222,1.0,18,1.8578846979708374,IND583201AAA → IND583119AAA
IND500050AAA,IND501359AAE,2.269205225920537,2.165221586524298,27.315309090909093,52.833333333333336,1.0,66,1.857248566325504,IND500050AAA → IND501359AAE
IND533106AAA,IND533003AAA,2.7568489500053297,1.5092715700194068,50.897349999999996,137.83333333333334,1.0,6,1.855521051007954,IND533106AAA → IND533003AAA
IND421502AAA,IND421302AAR,3.300670103941987,0.7832259043892903,15.932872727272727,45.90909090909091,1.0,33,1.855235812893582,IND421502AAA → IND421302AAR
IND733140AAA,IND732103AAA,3.4686019862490447,0.5516282468261977,51.07983333333333,114.66666666666667,1.0,3,1.8529292685474772,IND733140AAA → IND732103AAA
IND785112AAC,IND785634AAA,2.718219759168035,1.5434799898192861,29.88978333333333,65.5,1.0,6,1.850331900613,IND785112AAC → IND785634AAA
IND845418AAB,IND842001AAA,3.2802923561235584,0.7924575319147011,54.56351666666666,134.0,1.0,6,1.8498542020238338,IND845418AAB → IND842001AAA
IND813102AAA,IND813203AAA,3.748874771975176,0.16367119384374354,56.15246666666667,173.66666666666666,1.0,3,1.8486512669431936,IND813102AAA → IND813203AAA
IND246149AAA,IND249407AAA,3.2511118855454146,0.8245645725382699,52.856046666666664,129.56666666666666,1.0,30,1.8478141259796468,IND246149AAA → IND249407AAA
IND110014AAA,IND110024AAA,3.3549783549783547,0.6851873325087611,11.1759,33.1,1.0,20,1.8475475417439704,IND110014AAA → IND110024AAA
IND243503AAB,IND244901AAB,2.6476811507577693,1.6240461730377178,62.19475853658536,124.39024390243902,1.0,41,1.8462863122144233,IND243503AAB → IND244901AAB
IND600008AAC,IND600056AAB,2.6489497251343663,1.621397597946298,31.440125352112677,70.50704225352112,1.0,71,1.8459991694376359,IND600008AAC → IND600056AAB
IND125001AAA,IND110037AAM,2.7695872728031263,1.4580495551136021,113.92327532467532,274.68831168831167,1.0,77,1.8452497756553312,IND125001AAA → IND110037AAM
IND796321AAB,IND796009AAA,3.8041195957767147,0.07332713519580895,140.8454125,384.75,1.0,8,1.8436459788694286,IND796321AAB → IND796009AAA
IND603203AAA,IND600044AAD,3.130293477889632,0.9700645996078403,14.586842307692308,39.46153846153846,1.0,26,1.843136771038205,IND603203AAA → IND600044AAD
IND742401AAA,IND742102AAB,2.9253446606215117,1.2416452172407557,43.8865,119.41071428571429,1.0,56,1.8426314294208315,IND742401AAA → IND742102AAB
IND173212AAA,IND134102AAA,3.8484848484848486,0.0073461891643709695,43.25705000000001,127.0,1.0,2,1.8415977961432508,IND173212AAA → IND134102AAA
IND400016AAB,IND400072AAD,3.0947547822547823,1.0113958567749644,14.954524999999999,40.625,1.0,24,1.8413206699344025,IND400016AAB → IND400072AAD
IND563125AAB,IND560300AAA,3.8479680696661824,0.00042116843366944874,58.941599999999994,202.66666666666666,1.0,3,1.839313578396574,IND563125AAB → IND560300AAA
IND854326AAB,IND852201AAA,3.1458555453943986,0.9663845396188893,84.99741,217.56666666666666,0.9666666666666667,30,1.8382575800434262,IND854326AAB → IND852201AAA
IND641011AAA,IND641062AAD,2.555270782871532,1.8489963886599492,26.292483870967743,76.74193548387096,0.8709677419354839,31,1.8380975523272427,IND641011AAA → IND641062AAD
IND110037AAM,IND201301AAD,2.8540388129277017,1.3162932943539971,22.95418888888889,79.88888888888889,1.0,9,1.8365035134772798,IND110037AAM → IND201301AAD
IND400064AAB,IND400072AAD,3.2811698717948716,0.7440746456293915,13.352,44.3125,1.0,32,1.835690342406766,IND400064AAB → IND400072AAD
IND209206AAB,IND210301AAA,2.770005668351257,1.4224690154052717,17.926472727272728,33.0,1.0,44,1.8347429719620842,IND209206AAB → IND210301AAA
IND400037AAA,IND400072AAJ,3.139043410006143,0.9296428178867243,16.1462,44.42857142857143,1.0,14,1.8345102093684746,IND400037AAA → IND400072AAJ
IND600056AAB,IND600116AAB,2.7076989034379837,1.5146615632096667,22.320181333333334,54.28,0.9866666666666667,75,1.8334780303380935,IND600056AAB → IND600116AAB
IND233001AAA,IND275503AAA,3.688783846872082,0.17843412896204242,43.351733333333335,108.66666666666667,1.0,3,1.8290437774374457,IND233001AAA → IND275503AAA
IND000000ACB,IND301705AAA,3.1127450980392157,0.9351931949250292,44.496566666666666,122.0,1.0,3,1.825655997693195,IND000000ACB → IND301705AAA
IND131028AAB,IND250611AAA,3.5771737521737523,0.31058658853777604,33.436816666666665,106.83333333333333,1.0,6,1.824045477430834,IND131028AAB → IND250611AAA
IND742121AAB,IND742121AAA,3.351243894993895,0.609805928603193,12.72969375,37.71875,1.0,32,1.8234393365785162,IND742121AAB → IND742121AAA
IND791110AAA,IND787001AAA,2.65359477124183,1.5341108120808236,37.2569,76.0,1.0,2,1.8216711521209792,IND791110AAA → IND787001AAA
IND423109AAA,IND423601AAA,2.734391534391534,1.4223372258189373,11.676425,23.25,1.0,24,1.8204577815022949,IND423109AAA → IND423601AAA
IND132001AAA,IND132103AAB,2.9778637770897833,1.0956391000265184,33.67015,82.75,1.0,4,1.819837240843869,IND132001AAA → IND132103AAB
IND209304AAA,IND208006AAA,2.4352079068395893,1.9057334672743138,33.63613170731708,58.48780487804878,0.9024390243902439,41,1.816534910235203,IND209304AAA → IND208006AAA
IND500080AAB,IND501359AAE,2.645118949739822,1.5431179077488804,20.76145,48.53333333333333,0.9833333333333333,60,1.8159829522205928,IND500080AAB → IND501359AAE
IND733102AAA,IND732103AAB,3.3925089966228343,0.5259403697786228,61.93558888888889,162.66666666666666,1.0,9,1.8147857095827207,IND733102AAA → IND732103AAB
IND742101AAC,IND712311AAA,3.177313065846345,0.812079724147442,116.14684339622642,255.71698113207546,1.0,53,1.814549143582771,IND742101AAC → IND712311AAA
IND802213AAB,IND802212AAA,3.5341993464052286,0.32983694706095934,20.46022,61.0,1.0,5,1.8126308226803796,IND802213AAB → IND802212AAA
IND313001AAB,IND327001AAB,2.84598580174958,1.2385364152715634,124.92578214285716,253.64285714285714,1.0,56,1.809955245281301,IND313001AAB → IND327001AAB
IND302006AAC,IND302014AAB,2.625,1.53125,16.4524,42.0,1.0,2,1.8093750000000002,IND302006AAC → IND302014AAB
IND786181AAC,IND786001AAB,2.810059530913218,1.269614877709021,45.83276380952381,111.75238095238095,1.0,105,1.8049082756779935,IND786181AAC → IND786001AAB
IND221706AAA,IND273014AAB,3.2842525228324853,0.6215422765232703,76.98143392857142,190.83928571428572,1.0,56,1.8001636920899753,IND221706AAA → IND273014AAB
IND444303AAA,IND444203AAA,3.242424242424242,0.6629935720844818,16.9471,37.0,1.0,2,1.7958677685950415,IND444303AAA → IND444203AAA
IND276129AAA,IND221010AAB,3.5322395833333333,0.27435709997106483,64.9616,203.0,1.0,4,1.795202963324653,IND276129AAA → IND221010AAB
IND301019AAA,IND301705AAA,3.2738617298410726,0.6175874574074928,42.53443888888889,114.55555555555556,1.0,18,1.794820929158677,IND301019AAA → IND301705AAA
IND700053AAA,IND743513AAA,2.976951496779083,1.0028594724257593,20.51125,49.333333333333336,1.0,12,1.7916384404393608,IND700053AAA → IND743513AAA
IND713128AAB,IND731204AAB,3.2003598740440844,0.6978022034393225,24.789476923076922,57.84615384615385,1.0,13,1.7894846106494307,IND713128AAB → IND731204AAB
IND121001AAA,IND121004AAB,2.4921102706816995,1.6402123818093008,11.621244897959185,25.877551020408163,1.0,49,1.78890782281547,IND121001AAA → IND121004AAB
IND560078AAC,IND560099AAB,2.3306648075964507,2.051749327023504,18.05033488372093,46.04651162790697,0.7906976744186046,43,1.7850000234712131,IND560078AAC → IND560099AAB
IND713205AAB,IND723130AAA,2.6550770732096787,1.534859926014498,73.0501625,196.125,0.875,8,1.784988807088221,IND713205AAB → IND723130AAA
IND500010AAB,IND501359AAE,2.7064338209573267,1.3380671743927612,31.70440914285714,68.48,1.0,175,1.783993680700759,IND500010AAB → IND501359AAE
IND203390AAA,IND201301AAF,2.8673453713008668,1.1197455479406626,73.893847,205.97,0.99,100,1.7798618129025454,IND203390AAA → IND201301AAF
IND577401AAA,IND562132AAA,2.9689283677609954,0.9596414933200265,194.97106153846153,437.61538461538464,1.0,13,1.7754637951004062,IND577401AAA → IND562132AAA
IND400072AAB,IND401104AAA,2.9912478192269463,0.9141141412747922,16.12146193548387,37.354838709677416,1.0,155,1.7707333700732164,IND400072AAB → IND401104AAA
IND713205AAB,IND713303AAA,2.510721916971917,1.5531999451702845,29.91465,58.5,1.0,10,1.770248750339852,IND713205AAB → IND713303AAA
IND781354AAA,IND781335AAA,3.1333333333333333,0.7200000000000002,19.553350000000002,47.0,1.0,2,1.7693333333333334,IND781354AAA → IND781335AAA
IND203001AAA,IND203131AAA,3.5412587412587415,0.171511612901473,17.2137,42.6,1.0,5,1.7679569803739386,IND203001AAA → IND203131AAA
IND321022AAA,IND121004AAB,2.970569861680623,0.9282203279344255,60.89787948717949,143.32051282051282,1.0,78,1.7666940430525768,IND321022AAA → IND121004AAB
IND500039AAC,IND500035AAD,2.8082691118405405,1.1372786136823612,13.117564285714286,35.357142857142854,1.0,14,1.7644912288409247,IND500039AAC → IND500035AAD
IND382430AAB,IND382345AAA,2.4177180476979943,1.6561817417743379,16.66097272727273,34.78787878787879,1.0,66,1.763941741611499,IND382430AAB → IND382345AAA
IND301001AAB,IND302014AAA,2.587098560525761,1.4254168105304754,98.45072499999999,184.25,1.0,12,1.7624644673694472,IND301001AAB → IND302014AAA
IND395023AAA,IND421302AAG,2.901204776182859,1.0061998103272092,154.78090666666668,304.96666666666664,1.0,30,1.7623418535713065,IND395023AAA → IND421302AAG
IND224141AAB,IND224122AAA,3.1078062066932035,0.7241133789185036,20.427436,43.98,1.0,50,1.7603564963528326,IND224141AAB → IND224122AAA
IND781014AAA,IND781124AAA,2.5938971173753784,1.409233051497262,23.64155,40.6,1.0,30,1.76032876239933,IND781014AAA → IND781124AAA
IND560058AAD,IND562132AAA,2.038743363292131,2.277075988465794,14.111069117647059,43.89705882352941,0.8676470588235294,68,1.7589142595036493,IND560058AAD → IND562132AAA
IND411036AAA,IND411033AAA,2.6135772436352296,1.3780753627903628,21.115815151515154,57.101010101010104,1.0,99,1.7588535062912007,IND411036AAA → IND411033AAA
IND000000AAL,IND411033AAA,2.678376844329416,1.291174387709584,20.91134054054054,63.7027027027027,1.0,37,1.7587030540446416,IND000000AAL → IND411033AAA
IND380005AAA,IND382421AAA,3.0222222222222226,0.8141975308641978,10.999763636363637,27.818181818181817,1.0,11,1.7531481481481486,IND380005AAA → IND382421AAA
IND400102AAB,IND421302AAG,2.417685589826071,1.6177207784549739,24.71722181818182,50.81818181818182,1.0,55,1.7523904694669206,IND400102AAB → IND421302AAG
IND602024AAA,IND600116AAB,2.840905572755418,1.0499958987878304,17.29495,46.25,1.0,8,1.7513609987385164,IND602024AAA → IND600116AAB
IND580028AAA,IND580002AAA,3.4978664192949904,0.17071276383892345,26.276014285714286,73.07142857142857,1.0,14,1.7503603968696733,IND580028AAA → IND580002AAA
IND732138AAA,IND733140AAA,2.9917634996582363,0.8440149245942588,33.18051111111111,72.0,1.0,9,1.7499098772415722,IND732138AAA → IND733140AAA
IND673027AAB,IND673104AAA,1.8117974064984934,2.6875655247151564,40.02571428571429,91.0,0.7142857142857143,7,1.7452743342996586,IND673027AAB → IND673104AAA
IND635601AAB,IND635207AAA,3.426282051282051,0.24707223865877698,17.785633333333333,39.666666666666664,1.0,3,1.7446344921104537,IND635601AAB → IND635207AAA
IND484661AAE,IND484551AAA,3.541666666666667,0.08680555555555558,27.197400000000002,65.0,1.0,2,1.7427083333333337,IND484661AAE → IND484551AAA
IND600056AAA,IND602105AAB,3.332018576661434,0.3619475790104715,13.012407142857143,31.142857142857142,1.0,14,1.7413917043677152,IND600056AAA → IND602105AAB
IND204101AAA,IND202001AAB,2.7156584045639516,1.1768728253525733,34.805475,74.5,1.0,4,1.7393252094313527,IND204101AAA → IND202001AAB
IND843109AAB,IND843126AAA,2.057204612478699,2.303244685574564,27.02419642857143,43.607142857142854,0.75,28,1.7388552506638488,IND843109AAB → IND843126AAA
IND573201AAB,IND573103AAA,2.6561620160884867,1.2535900021408282,34.204883333333335,80.83333333333333,1.0,6,1.7385418070776433,IND573201AAB → IND573103AAA
IND503111AAC,IND501359AAE,2.7011592524261854,1.1859924852681232,89.30739102564102,174.34615384615384,1.0,78,1.7362614465509112,IND503111AAC → IND501359AAE
IND110037AAK,IND000000ACB,2.3274187499232184,1.68355100743219,27.804429824561403,61.22222222222222,1.0,171,1.7360328021989444,IND110037AAK → IND000000ACB
IND560048AAB,IND560099AAB,1.9801456737837835,2.5064813711958105,22.14193382352941,51.14705882352941,0.6323529411764706,68,1.7337085632251976,IND560048AAB → IND560099AAB
IND509103AAC,IND518002AAA,2.5872730438275693,1.3262016858376378,52.249276470588235,92.23529411764706,1.0,17,1.7327697232823192,IND509103AAC → IND518002AAA
IND431603AAA,IND431401AAA,2.4674224081003744,1.6859385923725694,48.821479999999994,92.2,0.8,5,1.7327505409519204,IND431603AAA → IND431401AAA
IND201304AAA,IND201301AAF,2.516112572349895,1.4074104170760477,11.659303448275862,35.06896551724138,1.0,29,1.7286681540627724,IND201304AAA → IND201301AAF
IND132103AAB,IND131028AAB,2.3866721639025523,1.5788074320689827,43.26444444444444,83.5,1.0,18,1.7283110951817158,IND132103AAB → IND131028AAB
IND788121AAA,IND796081AAA,3.368187099755727,0.26869536807066546,58.899255555555555,140.22222222222223,1.0,9,1.7278834503234906,IND788121AAA → IND796081AAA
IND600016AAB,IND600044AAC,2.219314323180799,1.8067615804383004,26.491386516853932,51.449438202247194,0.9887640449438202,89,1.7263834168869558,IND600016AAB → IND600044AAC
IND396232AAA,IND396191AAC,2.930898730898731,0.8378602977985395,15.71216,37.733333333333334,1.0,30,1.7237175816990544,IND396232AAA → IND396191AAC
IND712311AAA,IND700026AAC,2.6302562524772113,1.2317624361081059,25.147762352941175,75.09411764705882,1.0,85,1.7216312318233165,IND712311AAA → IND700026AAC
IND273014AAB,IND273155AAA,2.1737857821191153,1.8287058585075608,30.81029523809524,52.23809523809524,1.0,21,1.7181260703999144,IND273014AAB → IND273155AAA
IND509103AAB,IND518002AAA,2.541345120923838,1.375661739882773,54.24291851851852,94.66666666666667,0.9629629629629629,27,1.718125459223256,IND509103AAB → IND518002AAA
IND713205AAB,IND722101AAA,2.5527869191722976,1.3192340538880178,31.140320000000003,69.7,1.0,10,1.7168849838353246,IND713205AAB → IND722101AAA
IND793001AAA,IND781018AAB,2.278726527439689,1.8648445944279384,115.61736,216.2,0.8,5,1.710943989304257,IND793001AAA → IND781018AAB
IND583201AAA,IND583101AAA,3.0631115072291544,0.6152999717445208,45.13845,102.83333333333333,1.0,6,1.7098345944150182,IND583201AAA → IND583101AAA
IND826004AAA,IND815351AAA,2.5774720714314014,1.4882195234039393,43.89277727272727,90.54545454545455,0.7727272727272727,22,1.7092728674119242,IND826004AAA → IND815351AAA
IND781018AAB,IND781003AAA,2.2329853594393936,2.0268018561725447,29.62692307692308,60.69230769230769,0.6923076923076923,13,1.7089270083198285,IND781018AAB → IND781003AAA
IND784168AAB,IND791111AAC,3.4434782608695653,0.10198462507876509,35.172925,84.5,1.0,4,1.707986691871456,IND784168AAB → IND791111AAC
IND201007AAA,IND245304AAA,2.5811031496024914,1.2471646119141528,22.423761363636366,60.13636363636363,1.0,44,1.7065906434152425,IND201007AAA → IND245304AAA
IND854326AAB,IND854334AAA,3.506523569023569,0.010386509242254175,51.599866666666664,129.66666666666666,1.0,3,1.7057253803821042,IND854326AAB → IND854334AAA
IND560067AAC,IND562114AAA,2.787865137865138,0.9663138467515575,12.555067567567567,27.81081081081081,1.0,37,1.7050402091715227,IND560067AAC → IND562114AAA
IND400072AAC,IND400011AAA,3.0774712647982545,0.5687964654083912,15.184549999999998,41.411764705882355,1.0,34,1.7016274455418194,IND400072AAC → IND400011AAA
IND431001AAB,IND431136AAC,3.1435337538278714,0.47748977442857304,13.872064705882352,32.6764705882353,1.0,34,1.7006604338597207,IND431001AAB → IND431136AAC
IND282002AAD,IND204101AAA,2.4827509401642907,1.3583707691135762,37.86251111111111,75.88888888888889,1.0,9,1.7006116067997892,IND282002AAD → IND204101AAA
IND585211AAA,IND585104AAA,2.685591164166679,1.0798536018816556,33.269245454545455,71.54545454545455,1.0,11,1.6981925462311684,IND585211AAA → IND585104AAA
IND852139AAB,IND854326AAB,3.0080909248709085,0.6270552706314161,73.00159761904763,159.29761904761904,1.0,84,1.6913529511377883,IND852139AAB → IND854326AAB
IND712602AAA,IND722154AAA,3.3076923076923075,0.2248520710059171,27.12585,81.5,1.0,4,1.6905325443786983,IND712602AAA → IND722154AAA
IND754142AAA,IND754211AAA,2.9696296296296296,0.6728347508001832,37.515950000000004,76.5,1.0,4,1.689702277091907,IND754142AAA → IND754211AAA
IND757037AAA,IND756100AAC,2.588146137803343,1.174270065430513,118.78926101694914,237.59322033898306,1.0,59,1.6875394747504913,IND757037AAA → IND756100AAC
IND532001AAB,IND532421AAA,2.498263191916443,1.2780661988690956,27.008838461538463,47.05128205128205,1.0,39,1.682725136427306,IND532001AAB → IND532421AAA
IND332001AAB,IND333031AAA,2.654183885391996,1.0696952659401053,76.65822,162.8,1.0,10,1.6825821339388298,IND332001AAB → IND333031AAA
IND208012AAA,IND209304AAA,2.1452876984126985,1.8126620064568488,21.931613333333335,46.86666666666667,0.9333333333333333,15,1.681913681302134,IND208012AAA → IND209304AAA
IND843329AAB,IND843301AAA,3.050629779577148,0.5356181652211199,26.747207692307693,58.30769230769231,1.0,13,1.6809373613971952,IND843329AAB → IND843301AAA
IND201306AAA,IND201301AAF,2.7798287786774627,0.8957800976958166,14.588975,47.75,1.0,16,1.6806655407797302,IND201306AAA → IND201301AAF
IND700088AAA,IND712311AAA,2.939524409888395,0.677775236482661,22.74378148148148,64.4074074074074,1.0,27,1.6791423349001564,IND700088AAA → IND712311AAA
IND591302AAB,IND580028AAA,2.4131778070968215,1.3753090413869402,65.75368965517241,118.27586206896552,1.0,29,1.6778638352548105,IND591302AAB → IND580028AAA
IND302014AAB,IND303901AAA,2.257865487195983,1.6130601787418992,19.326453333333333,38.1,0.9666666666666667,30,1.677064248500963,IND302014AAB → IND303901AAA
IND792110AAA,IND786001AAB,2.7157580085908686,0.9629241144212106,77.60256153846154,137.19230769230768,1.0,26,1.6751804377627109,IND792110AAA → IND786001AAB
IND201301AAF,IND201304AAA,1.9863014997665733,1.9348642717384474,11.5511375,31.875,1.0,16,1.6749798814281638,IND201301AAF → IND201304AAA
IND441912AAA,IND441107AAB,3.151296480598378,0.37511585410037235,63.60564636363637,145.38181818181818,1.0,110,1.673053348469463,IND441912AAA → IND441107AAB
IND700053AAA,IND700144AAA,2.7082503556187767,0.9578382829936325,29.30802,102.0,1.0,5,1.6706516271456007,IND700053AAA → IND700144AAA
IND302014AAB,IND302006AAC,2.6618395783840887,1.013308944232824,16.827213333333333,43.355555555555554,1.0,45,1.6687285146234827,IND302014AAB → IND302006AAC
IND581110AAE,IND577002AAA,2.428486893786583,1.323323437985178,45.257256,98.48,1.0,25,1.6683917889101865,IND581110AAE → IND577002AAA
IND515401AAB,IND515801AAA,2.6415077096645465,1.0320823784403028,26.91155142857143,50.2,1.0,35,1.6662277973979096,IND515401AAB → IND515801AAA
IND791109AAA,IND787001AAA,3.208931419457735,0.2691228578914302,37.27675,86.0,1.0,2,1.664309425150523,IND791109AAA → IND787001AAA
IND380005AAA,IND382430AAB,3.0774410774410774,0.4422337856681288,22.2205,52.333333333333336,1.0,3,1.6636465666768698,IND380005AAA → IND382430AAB
IND400011AAA,IND400072AAD,2.8801138440211385,0.7037013882826239,16.31192429906542,42.67289719626168,1.0,107,1.6631559540932428,IND400011AAA → IND400072AAD
IND306401AAB,IND305001AAC,2.989313861937627,0.5568072963333611,99.01016525679758,223.86404833836858,1.0,331,1.6627677336750595,IND306401AAB → IND305001AAC
IND731237AAB,IND731224AAA,2.7839667126818832,0.8171434629125848,21.019742222222224,44.68888888888889,1.0,45,1.6587297239465288,IND731237AAB → IND731224AAA
IND721306AAA,IND721253AAC,2.9126984126984126,0.6419123204837491,41.69246666666667,98.66666666666667,1.0,3,1.65765306122449,IND721306AAA → IND721253AAC
IND181152AAB,IND181201AAB,2.752774242050694,0.8510451203087467,23.91085238095238,54.23809523809524,1.0,21,1.6564232329129018,IND181152AAB → IND181201AAB
IND824101AAA,IND821115AAB,2.427887183414119,1.2732506196756777,32.89655,59.07142857142857,1.0,14,1.653130059268351,IND824101AAA → IND821115AAB
IND395023AAA,IND411033AAA,2.7712761430070905,0.8604902360561277,221.36362597402595,489.24675324675326,0.9545454545454546,154,1.6530211643833108,IND395023AAA → IND411033AAA
IND382430AAB,IND380015AAB,2.641685718924525,0.9859069855483803,13.58393432835821,27.776119402985074,1.0,67,1.6524463832343241,IND382430AAB → IND380015AAB
IND852131AAA,IND852139AAB,3.380952380952381,0.0,29.7371,71.0,1.0,2,1.6523809523809525,IND852131AAA → IND852139AAB
IND421302AAG,IND400072AAA,2.639125405747987,0.9873548152737003,22.049114457831326,48.602409638554214,1.0,83,1.6518566068813052,IND421302AAG → IND400072AAA
IND785001AAA,IND798601AAA,3.2636268721221637,0.14850624972890644,72.38347142857143,169.42857142857142,1.0,7,1.6500026237675376,IND785001AAA → IND798601AAA
IND742303AAB,IND741165AAB,2.9194805361300964,0.6061671484157591,30.687068055555553,63.59722222222222,1.0,72,1.6496423589767664,IND742303AAB → IND741165AAB
IND533106AAA,IND533242AAA,3.009194189847932,0.4856840925749362,65.36448333333334,164.83333333333334,1.0,12,1.6493829037116539,IND533106AAA → IND533242AAA
IND742121AAB,IND742101AAC,3.3554429017984004,0.021522579259576527,30.3899,90.5,1.0,4,1.6486339344972332,IND742121AAB → IND742101AAC
IND741156AAA,IND742102AAB,2.8712072050507125,0.6600129415521495,31.393063076923077,67.01538461538462,1.0,65,1.64648676448593,IND741156AAA → IND742102AAB
IND390020AAA,IND390018AAB,3.3636363636363638,0.0,11.3636,37.0,1.0,2,1.6454545454545457,IND390020AAA → IND390018AAB
IND271001AAA,IND271210AAA,2.927900137232971,0.5797676399184081,36.1334,79.83333333333333,1.0,6,1.6450903468687108,IND271001AAA → IND271210AAA
IND801103AAA,IND802301AAA,3.0222816399286985,0.44892054083219746,22.867536363636365,47.45454545454545,1.0,11,1.643588818221139,IND801103AAA → IND802301AAA
IND741156AAA,IND742101AAC,2.8296879068738967,0.7029294297736169,32.31802105263158,67.44736842105263,1.0,38,1.6427539916816438,IND741156AAA → IND742101AAC
IND781005AAA,IND781018AAB,1.8702880044211312,2.2633222777417368,33.380335,56.45,0.7,20,1.6371118850909734,IND781005AAA → IND781018AAB
IND500008AAD,IND501359AAE,2.3855147510649903,1.3600625509091828,18.9307,41.63636363636363,0.9090909090909091,11,1.6349519384260236,IND500008AAD → IND501359AAE
IND785682AAA,IND785690AAB,2.9385793714132564,0.5314874430126758,29.21732,63.0,1.0,10,1.6348779814691052,IND785682AAA → IND785690AAB
IND301019AAA,IND123001AAA,2.7452618868060044,0.7874935318910268,54.895975,108.625,1.0,8,1.63435281428971,IND301019AAA → IND123001AAA
IND788713AAA,IND788806AAA,3.0693223443223445,0.34341293881129065,19.7549,41.0,1.0,10,1.6307528193723253,IND788713AAA → IND788806AAA
IND396191AAC,IND421302AAG,2.920501690183247,0.5397514399270182,99.7971023255814,218.1627906976744,1.0,43,1.6301261080514042,IND396191AAC → IND421302AAG
IND421302AAG,IND400072AAB,2.5793211764073787,0.9943317364305402,21.83260325732899,47.009771986970684,1.0,307,1.6300279914921136,IND421302AAG → IND400072AAB
IND421302AAG,IND400015AAA,2.69285160225048,0.8394383577963673,30.210475480769233,60.8125,1.0,208,1.6289721482391022,IND421302AAG → IND400015AAA
IND000000AFR,IND683511AAA,2.3432687424150456,1.3050625009888548,20.595691666666667,49.375,1.0,24,1.6288262472626747,IND000000AFR → IND683511AAA
IND458664AAA,IND312403AAA,2.4506833040040976,1.1571473510399286,41.516957142857144,92.42857142857143,1.0,14,1.6274175269136177,IND458664AAA → IND312403AAA
IND401209AAB,IND421302AAH,2.7085711663627485,0.8110798270527947,25.762249999999998,67.89655172413794,1.0,58,1.626752414660938,IND401209AAB → IND421302AAH
IND125001AAA,IND335523AAB,2.7730344385476005,0.8235835883742937,82.451465,254.8,0.9,20,1.6262888519313283,IND125001AAA → IND335523AAB
IND231205AAA,IND231216AAA,2.9476190476190474,0.48823129251700675,24.039266666666666,65.33333333333333,1.0,3,1.625517006802721,IND231205AAA → IND231216AAA
IND712310AAE,IND712103AAA,3.2571428571428576,0.0713832199546485,21.234733333333335,67.0,1.0,3,1.6242721088435377,IND712310AAE → IND712103AAA
IND201007AAB,IND201301AAF,3.0020588235294117,0.41115672924943386,12.75952,47.4,1.0,10,1.6241705481865951,IND201007AAB → IND201301AAF
IND721134AAB,IND712310AAE,3.2375756840042555,0.09655745521375386,59.599700000000006,143.0,1.0,4,1.6239975101658286,IND721134AAB → IND712310AAE
IND786184AAA,IND786125AAA,3.07979797979798,0.2994523007856342,16.791572727272726,36.0,1.0,11,1.6217548821548824,IND786184AAA → IND786125AAA
IND400072AAB,IND401104AAB,3.0904761904761906,0.28303854875283446,14.8947,35.5,1.0,2,1.6211020408163266,IND400072AAB → IND401104AAB
IND452001AAC,IND425201AAA,2.7456918767507004,0.7421149874860076,18.805312,36.36,1.0,25,1.6209112469460825,IND452001AAC → IND425201AAA
IND305001AAC,IND305901AAA,2.153468427259355,1.5502648300513533,43.26373921568627,74.45098039215686,0.9803921568627451,51,1.6205844669779714,IND305001AAC → IND305901AAA
IND570020AAA,IND571430AAA,2.6523412698412696,0.8560521589191233,44.62723333333333,118.66666666666667,1.0,3,1.617752155612245,IND570020AAA → IND571430AAA
IND804452AAA,IND804420AAA,3.1136363636363638,0.2354224058769514,17.1275,37.166666666666664,1.0,6,1.616081267217631,IND804452AAA → IND804420AAA
IND249407AAA,IND249201AAA,2.164255804412393,1.4974158413135488,20.650394444444444,56.22222222222222,1.0,18,1.6149270741590218,IND249407AAA → IND249201AAA
IND201005AAA,IND201007AAA,3.2857142857142856,0.0,10.9884,46.0,1.0,2,1.6142857142857143,IND201005AAA → IND201007AAA
IND110037AAM,IND110085AAB,2.2294218045969676,1.4058516342249332,17.40206086956522,44.130434782608695,1.0,46,1.6135242121062672,IND110037AAM → IND110085AAB
IND000000ACK,IND501359AAF,2.73448302660039,0.7304358632194272,20.49332021276596,48.180851063829785,1.0,94,1.6129239696059843,IND000000ACK → IND501359AAF
IND410206AAA,IND000000AFT,2.6034222211611917,0.9032678868705503,14.716299999999999,31.75,1.0,24,1.612349254525642,IND410206AAA → IND000000AFT
IND802101AAA,IND802119AAA,2.9508110936682366,0.4327322287260701,18.21902857142857,38.357142857142854,1.0,14,1.6101441060851158,IND802101AAA → IND802119AAA
IND485001AAC,IND485771AAA,3.0719696969696972,0.26497933884297553,35.944,83.0,1.0,4,1.6082816804407716,IND485001AAC → IND485771AAA
IND202001AAC,IND204215AAA,3.1125495202261506,0.2102176852073337,23.47000625,48.6875,1.0,16,1.6080851136526606,IND202001AAC → IND204215AAA
IND175018AAA,IND175001AAA,3.071472223757924,0.2644622504641233,22.3863,47.25,1.0,16,1.607927564642407,IND175018AAA → IND175001AAA
IND121004AAB,IND110037AAM,2.5179110364291852,1.0004537408748584,22.54466880733945,50.84403669724771,1.0,109,1.6073005368341315,IND121004AAB → IND110037AAM
IND582101AAB,IND580028AAA,2.987522126826367,0.36754190814356197,49.69948846153846,110.11538461538461,1.0,52,1.6052714231736154,IND582101AAB → IND580028AAA
IND173212AAA,IND173220AAA,3.2189458689458688,0.05879659032385925,36.80204,88.2,1.0,5,1.6052173246755053,IND173212AAA → IND173220AAA
IND581119AAB,IND577002AAA,2.015518499836776,1.717108395256457,26.81495740740741,53.629629629629626,0.9444444444444444,54,1.6046732518449809,IND581119AAB → IND577002AAA
IND641062AAD,IND643231AAA,2.979551582640778,0.373487824977799,49.93833411764705,113.52941176470588,1.0,85,1.603866980549651,IND641062AAD → IND643231AAA
IND673592AAA,IND670645AAB,2.945,0.4187666666666669,29.311500000000002,89.5,1.0,4,1.60363,IND673592AAA → IND670645AAB
IND411017AAA,IND412105AAC,2.8316903684550745,0.5657758665596418,15.742,43.0,1.0,4,1.6024089073499226,IND411017AAA → IND412105AAC
IND751015AAA,IND752056AAA,2.3939682369764927,1.1492620565394014,18.941794444444444,31.944444444444443,1.0,18,1.6023659117524174,IND751015AAA → IND752056AAA
IND110092AAC,IND110093AAA,3.25,0.0,12.8317,52.0,1.0,2,1.6,IND110092AAC → IND110093AAA
IND462022AAA,IND462011AAA,2.710647062687879,0.7182753705999625,12.879177551020408,33.02040816326531,1.0,49,1.5997414362551405,IND462022AAA → IND462011AAA
IND431136AAC,IND431112AAB,2.508676204995543,0.9837044042840015,48.0331,95.875,1.0,8,1.5985818032834178,IND431136AAC → IND431112AAB
IND742401AAA,IND742101AAC,2.724475161599642,0.6946397557813109,43.352579999999996,114.24,1.0,25,1.59818199137425,IND742401AAA → IND742101AAC
IND444203AAA,IND444005AAB,2.495103764210339,0.9997646057349017,38.35288,75.9,1.0,10,1.5979708874046061,IND444203AAA → IND444005AAB
IND826004AAA,IND828205AAA,2.8901653171390014,0.4689248956438123,20.927725,39.5,1.0,4,1.5967435955487441,IND826004AAA → IND828205AAA
IND563116AAA,IND563131AAB,2.2636467398270805,1.302816435463642,14.87160357142857,33.92857142857143,1.0,28,1.5963036265699249,IND563116AAA → IND563131AAB
IND173212AAA,IND174103AAA,3.1875,0.0703125,51.4473,138.0,1.0,2,1.59609375,IND173212AAA → IND174103AAA
IND413002AAA,IND421302AAG,2.5820160971776653,0.8755719127820336,228.66735,446.64084507042253,1.0,142,1.5954780127056765,IND413002AAA → IND421302AAG
IND486889AAA,IND231216AAA,2.994590650001278,0.32381001505250917,66.83952222222223,161.33333333333334,1.0,9,1.594979264516264,IND486889AAA → IND231216AAA
IND483770AAA,IND842003AAB,2.9365387464824124,0.3991202516072093,85.5539,175.58333333333334,1.0,12,1.594351574075128,IND483770AAA → IND842003AAB
IND331507AAA,IND302014AAA,2.955796398589459,0.37281670211876056,124.06556666666667,249.625,1.0,24,1.5941635700714119,IND331507AAA → IND302014AAA
IND786001AAB,IND786171AAA,2.398198698593853,1.3062240816086435,56.27089438202247,96.34831460674157,0.8089887640449438,89,1.5938433331336173,IND786001AAB → IND786171AAA
IND742226AAA,IND742101AAC,2.7449737322802337,0.6500663644284179,26.226947058823527,60.23529411764706,1.0,17,1.593009402240619,IND742226AAA → IND742101AAC
IND786181AAC,IND792121AAB,2.7007362753325,0.7086210750113112,26.748902272727275,53.72727272727273,1.0,44,1.5928808326363932,IND786181AAC → IND792121AAB
IND122001AAA,IND122001AAD,3.1382478632478636,0.11319159544159549,12.095316666666667,37.0,1.0,6,1.5892566239316241,IND122001AAA → IND122001AAD
IND754202AAA,IND751002AAB,2.629032258064516,0.7913631633714886,36.54514999999999,77.5,1.0,2,1.589021852237253,IND754202AAA → IND751002AAB
IND110093AAA,IND110092AAC,3.2222222222222223,0.0,15.547,58.0,1.0,2,1.588888888888889,IND110093AAA → IND110092AAC
IND742101AAC,IND731237AAB,2.8983479906689182,0.4317525691867426,25.776085714285717,50.535714285714285,1.0,28,1.5888649670235901,IND742101AAC → IND731237AAB
IND421302AAG,IND400015AAB,2.6416082159937737,0.7710407781328581,29.304673758865246,55.04964539007092,1.0,141,1.587955519837367,IND421302AAG → IND400015AAB
IND380021AAA,IND382430AAB,2.592575187969925,0.8359296130599817,14.34412456140351,29.228070175438596,1.0,57,1.5878089591059645,IND380021AAA → IND382430AAB
IND788026AAC,IND788151AAA,2.834852308018069,0.5079281762154019,30.25228125,63.375,1.0,16,1.5863193760718484,IND788026AAC → IND788151AAA
IND742202AAA,IND712311AAA,3.0146244064126324,0.26524516685196337,149.72129999999999,316.85,1.0,20,1.585423312620642,IND742202AAA → IND712311AAA
IND756100AAC,IND758034AAA,2.7497179726469034,0.6173145352297242,139.42843950617285,260.65432098765433,1.0,81,1.5850815496276787,IND756100AAC → IND758034AAA
IND751002AAB,IND712311AAA,2.3715800659838657,1.120625219659916,243.61637000000002,416.59285714285716,1.0,420,1.5848195922915211,IND751002AAB → IND712311AAA
IND201001AAA,IND201007AAA,3.001569858712716,0.27698661882335357,10.758357142857141,40.714285714285715,1.0,7,1.5837239291320926,IND201001AAA → IND201007AAA
IND302014AAB,IND302023AAA,2.8280069504034553,0.5036302681774429,20.987458181818184,52.981818181818184,1.0,55,1.5822918606146152,IND302014AAB → IND302023AAA
IND233001AAA,IND275101AAA,3.1199473180076627,0.11193661990245299,32.57431666666667,72.16666666666667,1.0,6,1.5815599131738012,IND233001AAA → IND275101AAA
IND110078AAA,IND110043AAA,2.5054209598098893,0.92965186292866,15.91565,46.964285714285715,1.0,28,1.5810639428025537,IND110078AAA → IND110043AAA
IND691551AAA,IND691001AAB,2.4084746889076776,1.053608390628946,28.054095714285715,68.41428571428571,1.0,70,1.5794723927517549,IND691551AAA → IND691001AAB
IND803213AAA,IND803212AAB,2.8414825422804144,0.4755933203820129,49.3316,107.5,1.0,4,1.5792710130267698,IND803213AAA → IND803212AAB
IND395023AAD,IND395004AAB,2.7094252393127825,0.6448452936006827,13.851782352941177,35.5,1.0,34,1.577223683805318,IND395023AAD → IND395004AAB
IND110037AAM,IND811399AAA,2.0039135072381624,1.991290201036648,31.340045454545454,71.04545454545455,0.5909090909090909,22,1.5762251904789868,IND110037AAM → IND811399AAA
IND742102AAB,IND731237AAB,2.951913664671527,0.3132705657642543,26.708245454545455,54.27272727272727,1.0,44,1.5747466355978872,IND742102AAB → IND731237AAB
IND249407AAA,IND131028AAB,2.802132285364369,0.5097866869252867,114.73333418803419,292.62393162393164,1.0,117,1.5737889202233335,IND249407AAA → IND131028AAB
IND395023AAD,IND395009AAA,2.7797129953379955,0.5305597124199615,14.245700000000001,38.125,1.0,8,1.5710531118611868,IND395023AAD → IND395009AAA
IND274402AAA,IND274301AAB,3.0784313725490198,0.1299500192233756,33.67205,74.0,1.0,2,1.5703575547866206,IND274402AAA → IND274301AAB
IND382430AAB,IND380054AAA,2.3327744904667984,1.1220293440730345,16.38225641025641,34.55128205128205,1.0,78,1.5697185994086298,IND382430AAB → IND380054AAA
IND742149AAA,IND742148AAA,2.996613890885136,0.2369005557279119,20.614838636363636,42.79545454545455,1.0,44,1.569715723072428,IND742149AAA → IND742148AAA
IND209304AAA,IND209801AAA,2.397649003487438,1.0730173661050157,40.7650747368421,67.47368421052632,0.9473684210526315,95,1.5651753375422692,IND209304AAA → IND209801AAA
IND609602AAA,IND611001AAA,3.0462801087801092,0.15395266458968385,21.935245454545456,50.54545454545455,1.0,11,1.564697842888949,IND609602AAA → IND611001AAA
IND000000ACB,IND110095AAB,2.1825319488467074,1.7205684284208314,44.59084398496241,113.98872180451127,0.5827067669172933,266,1.5639953381401202,IND000000ACB → IND110095AAB
IND431515AAA,IND431517AAB,3.0213860544217686,0.18351105792591774,21.633928571428573,45.785714285714285,1.0,14,1.5636077391464829,IND431515AAA → IND431517AAB
IND263401AAA,IND263153AAB,2.477325595076167,0.9049731352126302,32.21510666666667,76.2,1.0,30,1.5624221785942558,IND263401AAA → IND263153AAB
IND380006AAA,IND382430AAB,2.1980820105820107,1.270738876343314,12.815027777777779,20.305555555555557,1.0,36,1.5604544671357985,IND380006AAA → IND382430AAB
IND583231AAA,IND583201AAA,2.6330184350281267,0.6883600546785958,22.621579999999998,43.51111111111111,1.0,45,1.5597153904148295,IND583231AAA → IND583201AAA
IND732202AAA,IND732204AAB,3.013257575757576,0.1804952617771495,15.840968181818182,33.31818181818182,1.0,22,1.5594516088361754,IND732202AAA → IND732204AAB
IND734214AAB,IND000000AFF,3.1153846153846154,0.04089049601870111,41.025933333333334,115.33333333333333,1.0,3,1.5584209949594565,IND734214AAB → IND000000AFF
IND134102AAA,IND174103AAA,2.9194395065718597,0.29873795141098547,19.956018750000002,41.5,1.0,16,1.5573971880520396,IND134102AAA → IND174103AAA
IND400072AAB,IND000000AFT,2.5531979051098643,0.781298041557466,17.812773684210526,39.68421052631579,1.0,133,1.5556685745111856,IND400072AAB → IND000000AFT
IND742102AAB,IND712311AAA,2.8844006774799076,0.32892298309037904,115.699071875,236.25,1.0,32,1.5524371659190768,IND742102AAB → IND712311AAA
IND842001AAA,IND843105AAB,2.870148315736551,0.3454155226844911,23.292125641025642,45.8974358974359,1.0,39,1.5516839830999678,IND842001AAA → IND843105AAB
IND854311AAA,IND852118A1B,2.1793414918414915,1.4288421796804038,27.970366666666667,52.0,0.8333333333333334,6,1.5503892506407178,IND854311AAA → IND852118A1B
IND421302AAF,IND421302AAR,2.9840277777777775,0.18740477693602697,11.670433333333333,26.833333333333332,1.0,12,1.5498325441919192,IND421302AAF → IND421302AAR
IND531116AAA,IND530012AAA,2.5198488158670966,0.8398494102102744,41.290567857142854,88.67857142857143,0.9642857142857143,28,1.5491800636956354,IND531116AAA → IND530012AAA
IND506167AAB,IND501359AAE,2.353867167745211,1.023138702894289,74.79132894736841,127.15789473684211,1.0,76,1.5484884779663712,IND506167AAB → IND501359AAE
IND411033AAA,IND413501AAA,2.7467303902077833,0.49831363149506436,162.74985833333332,353.5833333333333,1.0,12,1.5481862455316326,IND411033AAA → IND413501AAA
IND431136AAC,IND431001AAA,2.9570911820911823,0.21043764612938498,12.660348648648649,26.054054054054053,1.0,37,1.5459677666752885,IND431136AAC → IND431001AAA
IND712311AAA,IND732103AAB,2.9960611705544293,0.15350514585592198,169.93448333333333,357.27777777777777,1.0,36,1.5444760119785483,IND712311AAA → IND732103AAB
IND411033AAA,IND411036AAA,2.2194756174412924,1.1872286295806884,19.900174736842104,49.2,1.0,95,1.5439588358507235,IND411033AAA → IND411036AAA
IND854335AAA,IND854326AAB,2.479054162648666,0.840879524002665,62.495875,120.0,1.0,4,1.543885522260266,IND854335AAA → IND854326AAB
IND792130AAB,IND786001AAB,2.501772347212003,0.8063504117036879,57.30704823529412,129.54117647058823,1.0,85,1.5426140623959075,IND792130AAB → IND786001AAB
IND781018AAB,IND788026AAC,2.9351099607337017,0.22516239661967014,191.5771296703297,397.3076923076923,1.0,91,1.5415927032793817,IND781018AAB → IND788026AAC
IND466116AAA,IND462022AAA,2.6229910710859365,0.6402042652947686,72.41790227272728,139.97727272727272,1.0,44,1.5412577080228054,IND466116AAA → IND462022AAA
IND173220AAA,IND174103AAA,2.628571428571429,0.631473922902494,21.279449999999997,49.0,1.0,2,1.5408707482993198,IND173220AAA → IND174103AAA
IND400064AAB,IND400072AAB,3.0483682983682985,0.07020310691639357,12.791599999999999,37.25,1.0,4,1.5404082514222375,IND400064AAB → IND400072AAB
IND247667AAA,IND249407AAA,2.2790540670756876,1.0927678111508194,27.43387142857143,74.53571428571429,1.0,28,1.539451970175521,IND247667AAA → IND249407AAA
IND411033AAA,IND421302AAG,2.4467722614896985,0.8674322672066501,83.9326351923077,150.8230769230769,1.0,520,1.5389385847578745,IND411033AAA → IND421302AAG
IND000000ACB,IND000000AEL,2.0671999320775427,1.3819225982434828,38.53579708029197,83.75912408759125,0.9854014598540146,137,1.5370771902602662,IND000000ACB → IND000000AEL
IND560078AAC,IND562132AAA,1.8298965086240906,1.8644515044482632,24.093004081632653,50.775510204081634,0.8163265306122449,49,1.5361920139677885,IND560078AAC → IND562132AAA
IND852111AAA,IND854311AAA,2.852312719959779,0.3150575241505504,49.90383333333333,103.33333333333333,1.0,3,1.5354423452290769,IND852111AAA → IND854311AAA
IND530012AAA,IND531036AAA,3.003063725490196,0.11325165846113323,26.703625000000002,72.75,1.0,4,1.5352009877344184,IND530012AAA → IND531036AAA
IND403601AAA,IND403726AAB,2.245397512405185,1.1227459502014951,16.873222222222225,39.55555555555556,1.0,9,1.5349827900225226,IND403601AAA → IND403726AAB
IND302014AAB,IND302004AAA,2.309429633446206,1.096189190087888,15.549788235294118,33.333333333333336,0.9411764705882353,51,1.5349815515813192,IND302014AAB → IND302004AAA
IND110092AAC,IND000000ACB,2.054564516504948,1.376863346552938,43.40088536585366,81.8048780487805,1.0,41,1.5348848105678607,IND110092AAC → IND000000ACB
IND272207AAB,IND272153AAC,3.019157663065226,0.09004805820554179,17.176342857142856,37.42857142857143,1.0,7,1.534677482687753,IND272207AAB → IND272153AAC
IND788151AAA,IND788713AAA,2.8520373290776075,0.31067334282676,39.94227083333333,78.08333333333333,1.0,24,1.534016934479071,IND788151AAA → IND788713AAA
IND631003AAA,IND600056AAB,2.4211705360732823,0.8845220793240225,30.358464864864867,66.83783783783784,1.0,37,1.5338248382265196,IND631003AAA → IND600056AAB
IND786125AAA,IND786190AAA,2.547886904761905,0.7140123551065165,17.959155000000003,31.85,1.0,20,1.533358468436717,IND786125AAA → IND786190AAA
IND410401AAA,IND421302AAG,2.6431859180211523,0.5858503146566674,63.469433333333335,129.84848484848484,1.0,33,1.5330294616054614,IND410401AAA → IND421302AAG
IND413517AAA,IND431717AAA,3.004457716757969,0.09433684319556836,36.82438333333334,74.91666666666667,1.0,12,1.530084139661858,IND413517AAA → IND431717AAA
IND462022AAA,IND842003AAB,2.4730989296641854,0.796781693768111,169.54830729166667,311.7604166666667,1.0,96,1.5282740799961074,IND462022AAA → IND842003AAB
IND606801AAB,IND632006AAA,2.727784026421506,0.4520281344595019,47.863158974358974,107.12820512820512,1.0,39,1.5267220509064532,IND606801AAB → IND632006AAA
IND000000AFT,IND410206AAB,3.0588235294117645,0.006920415224913524,17.80965,46.0,1.0,2,1.52560553633218,IND000000AFT → IND410206AAB
IND574117AAA,IND576201AAA,2.5943400167084376,0.6219068831749384,43.499833333333335,94.0,1.0,3,1.5243080716358568,IND574117AAA → IND576201AAA
IND570020AAA,IND571602AAA,2.323447277904809,0.9791454239691108,36.268932142857146,67.10714285714286,1.0,28,1.523122538352657,IND570020AAA → IND571602AAA
IND380005AAA,IND382721AAA,2.1804195804195805,1.4159857857759954,14.69565,37.5,0.75,4,1.521963567900631,IND380005AAA → IND382721AAA
IND562132AAA,IND560002AAA,2.601055815134576,0.6027318459438182,19.414835999999998,53.6,1.0,75,1.5212418798369758,IND562132AAA → IND560002AAA
IND563131AAB,IND560300AAA,2.261316124246782,1.1004167186320033,53.544271428571435,102.80952380952381,0.9523809523809523,21,1.5203657510025996,IND563131AAB → IND560300AAA
IND160002AAC,IND160003AAA,2.5890931372549018,0.6127961000576702,26.209200000000003,49.25,1.0,4,1.519476084919262,IND160002AAC → IND160003AAA
IND477001AAA,IND474003AAA,2.870907966302703,0.23459682533107104,56.63875,122.25,1.0,4,1.5187422341204027,IND477001AAA → IND474003AAA
IND792120AAB,IND786181AAC,2.9987493756910326,0.060265464844687075,39.311825,82.25,1.0,8,1.5175793897298193,IND792120AAB → IND786181AAC
IND209304AAA,IND110037AAM,2.424996191919936,0.8231490655228154,262.28466263736266,480.86813186813185,1.0,91,1.516943196424819,IND209304AAA → IND110037AAM
IND700144AAA,IND743395AAA,3.036309523809524,0.005432256235827671,22.153100000000002,61.5,1.0,4,1.5161534863945578,IND700144AAA → IND743395AAA
IND804420AAA,IND803101AAA,2.6206050191924803,0.5581775309609912,41.96026060606061,79.54545454545455,1.0,33,1.5156952669652897,IND804420AAA → IND803101AAA
IND560060AAB,IND562132AAA,1.8878118218525795,1.6394475191731084,20.607905263157893,46.92982456140351,0.8947368421052632,57,1.5153800371245434,IND560060AAB → IND562132AAA
IND560300AAA,IND560099AAB,2.3838073337425074,0.9885514643585741,35.66413412322275,92.03317535545024,0.8838862559241706,422,1.5152542495818264,IND560300AAA → IND560099AAB
IND400072AAB,IND400015AAB,3.026143790849673,0.01443889102481945,15.470849999999999,39.0,1.0,2,1.5147891836473153,IND400072AAB → IND400015AAB
IND131301AAA,IND131028AAB,2.9612557033609668,0.10086303056757531,43.33078333333333,90.5,1.0,6,1.5147611905146594,IND131301AAA → IND131028AAB
IND854311AAA,IND854334AAA,2.3556953044375644,0.9053397484953464,24.616357142857144,42.5,1.0,14,1.5138800463236297,IND854311AAA → IND854334AAA
IND562132AAA,IND560085AAA,2.3799452190949237,0.8709360360809433,23.489928301886795,53.43396226415094,1.0,53,1.5132588984622526,IND562132AAA → IND560085AAA
IND721133AAA,IND721434AAB,2.9251235971852942,0.14402149053022884,42.511849999999995,125.25,1.0,4,1.5132558860331866,IND721133AAA → IND721434AAB
IND600032AAB,IND600056AAB,2.162317209225832,1.1714442398475036,26.16816234817814,49.40485829959514,0.9878542510121457,247,1.5127164309482277,IND600032AAB → IND600056AAB
IND713364AAB,IND712311AAA,2.1311435867533803,1.2344911191455163,131.83635961538462,226.28846153846155,0.9615384615384616,52,1.5112663089065455,IND713364AAB → IND712311AAA
IND400015AAA,IND421302AAG,2.188485386317536,1.1183578085867365,26.818224999999998,46.25,1.0,4,1.5109014971030355,IND400015AAA → IND421302AAG
IND389151AAA,IND457661AAA,2.788126461367408,0.3133257568488231,36.37019090909091,73.81818181818181,1.0,22,1.50924831160161,IND389151AAA → IND457661AAA
IND124112AAA,IND125001AAA,2.8903507403507405,0.1756275616368826,41.64340000000001,96.0,1.0,6,1.508828564631361,IND124112AAA → IND125001AAA
IND411014AAA,IND411033AAA,2.3900717187676643,0.8621870963712503,22.479532558139535,58.48837209302326,0.9767441860465116,43,1.5077080722323943,IND411014AAA → IND411033AAA
IND423109AAA,IND423701AAB,2.9514652014652016,0.09000858726133464,24.577925,47.5,1.0,4,1.507588656764481,IND423109AAA → IND423701AAB
IND600056AAB,IND600016AAC,2.4183088133782347,0.8007045756979035,25.27591224489796,54.10204081632653,1.0,49,1.507534898060665,IND600056AAB → IND600016AAC
IND274509AAB,IND274402AAA,2.6298674783923235,0.5147431761267309,45.71025,101.66666666666667,1.0,6,1.5063699441949487,IND274509AAB → IND274402AAA
IND560002AAA,IND562132AAA,2.1664942839437007,1.2803842808906203,21.542584615384616,58.58461538461538,0.8461538461538461,65,1.50455915169082,IND560002AAA → IND562132AAA
IND784110AAA,IND784001AAA,2.6675,0.4560916666666664,31.410425,60.0,1.0,4,1.5038274999999999,IND784110AAA → IND784001AAA
IND712311AAA,IND781018AAB,2.700589659551228,0.41576453895667764,439.4377990147783,941.6650246305419,0.9950738916256158,203,1.5034873929951795,IND712311AAA → IND781018AAB
IND221010AAB,IND222001AAA,2.94339738851934,0.07391311898572181,43.169999999999995,86.0,1.0,3,1.4995328911034524,IND221010AAB → IND222001AAA
IND421302AAG,IND400701AAB,2.5366482400721257,0.6155373279918334,18.239758139534885,43.395348837209305,1.0,43,1.4993204944264003,IND421302AAG → IND400701AAB
IND302014AAB,IND302020AAA,2.3688239229905896,0.8344587732466197,13.102652777777777,26.416666666666668,1.0,36,1.4978672011702217,IND302014AAB → IND302020AAA
IND131028AAB,IND110037AAM,2.73357999459418,0.3467034826422022,34.71065333333333,96.43333333333334,1.0,30,1.4974430426303327,IND131028AAB → IND110037AAM
IND332713AAA,IND332709AAA,2.0514235291621046,1.2536027694859062,31.377575000000004,67.41666666666667,1.0,12,1.4966502425106138,IND332713AAA → IND332709AAA
IND124112AAA,IND125005AAA,2.8281694738216476,0.2171961592717225,42.680749999999996,92.33333333333333,1.0,6,1.496426637310176,IND124112AAA → IND125005AAA
IND600076AAB,IND600032AAB,2.6052731259968103,0.5078445947814203,15.463909375,37.28125,1.0,32,1.4944626288331504,IND600076AAB → IND600032AAB
IND177033AAA,IND160002AAC,2.2151445361511826,1.0908117130361101,124.27617746478873,276.7042253521127,0.9366197183098591,142,1.4942872438642636,IND177033AAA → IND160002AAC
IND110044AAB,IND201301AAF,2.03885582010582,1.3007258134965738,12.3198625,27.916666666666668,0.9583333333333334,24,1.4932600720913003,IND110044AAB → IND201301AAF
IND132001AAA,IND132103AAA,2.798529411764706,0.24294550173010349,31.2817,78.0,1.0,2,1.4922954152249137,IND132001AAA → IND132103AAA
IND574211AAA,IND574216AAA,2.9714285714285715,0.01234693877551022,34.88275,71.0,1.0,2,1.4922755102040817,IND574211AAA → IND574216AAA
IND401104AAA,IND401208AAA,2.57095698396008,0.5406672060196238,19.408014864864864,38.108108108108105,1.0,74,1.490582955389919,IND401104AAA → IND401208AAA
IND712311AAA,IND742102AAB,2.7086517882810135,0.35663257788531666,134.58725416666667,309.6666666666667,1.0,24,1.4904504886780003,IND712311AAA → IND742102AAB
IND415709AAA,IND416012AAA,2.3076473009844585,0.8876029809478488,121.88621714285715,227.54285714285714,1.0,35,1.489339814678138,IND415709AAA → IND416012AAA
IND125001AAA,IND125051AAA,2.3990361490361494,0.7598240768473311,55.2107,120.66666666666667,1.0,3,1.487561682668659,IND125001AAA → IND125051AAA
IND396001AAA,IND395023AAD,2.7066664907460853,0.3441640110744724,51.74025833333334,101.19444444444444,1.0,36,1.485915799620776,IND396001AAA → IND395023AAD
IND732103AAB,IND732123AAC,2.0458646650393795,1.2236547386397976,41.93372,107.4,1.0,5,1.4854422876076911,IND732103AAB → IND732123AAC
IND000000ADM,IND683511AAA,2.011655011655012,1.268048967349666,19.1421,44.0,1.0,3,1.4850766948669045,IND000000ADM → IND683511AAA
IND000000AFT,IND410209AAA,2.352315674211055,0.8123539259734716,16.66705,31.75,1.0,80,1.4846324474764636,IND000000AFT → IND410209AAA
IND271001AAA,IND271201AAA,2.738368695867256,0.29665071198834314,28.8714875,59.25,1.0,24,1.4843426919434055,IND271001AAA → IND271201AAA
IND742102AAB,IND742303AAB,2.588474217442824,0.4958290769096793,24.383836170212767,41.91489361702128,1.0,47,1.4841384100500334,IND742102AAB → IND742303AAB
IND245101AAA,IND245304AAA,2.667882472362648,0.3855051649381711,15.812186666666666,39.96666666666667,1.0,30,1.4828045384265107,IND245101AAA → IND245304AAA
IND832109AAB,IND834002AAB,2.6957474262100884,0.34834769787787195,77.4508641509434,149.4245283018868,1.0,106,1.482803279847397,IND832109AAB → IND834002AAB
IND360490AAA,IND362001AAA,2.399540759628995,0.7417626423597983,33.97328,69.7,1.0,20,1.4823450965595375,IND360490AAA → IND362001AAA
IND742101AAC,IND741123AAB,2.674903539612539,0.3745729767535446,80.97117,177.5,1.0,10,1.482333308871079,IND742101AAC → IND741123AAB
IND781018AAB,IND785001AAA,2.6842353232995024,0.3569762952397073,169.88099583333334,308.6666666666667,1.0,24,1.4807870178917133,IND781018AAB → IND785001AAA
IND501359AAE,IND500080AAB,2.192007382568962,1.013191375882265,21.678018309859155,42.04225352112676,1.0,71,1.4807603657922646,IND501359AAE → IND500080AAB
IND784001AAA,IND791111AAC,2.740295226075154,0.2817771625159415,103.57920666666665,188.66666666666666,1.0,15,1.480651239184844,IND784001AAA → IND791111AAC
IND600016AAA,IND600119AAA,2.331023347732017,0.8886833872819397,18.30144375,46.0625,0.9375,16,1.4802643552773889,IND600016AAA → IND600119AAA
IND380054AAA,IND382430AAB,2.3188878315813297,0.8395960946459607,16.077120833333336,30.4375,1.0,48,1.4794339610263203,IND380054AAA → IND382430AAB
IND303901AAA,IND304001AAA,2.253227156861369,0.9251141015083917,34.33402777777778,48.611111111111114,1.0,18,1.4788250931970652,IND303901AAA → IND304001AAA
IND500055AAC,IND501401AAC,2.3897577912283796,0.771189743781991,13.129808823529412,21.676470588235293,0.9705882352941176,34,1.4784365102141843,IND500055AAC → IND501401AAC
IND560002AAA,IND560099AAB,2.1306442004576764,1.2853094160128913,16.1031475,41.375,0.8,40,1.477850504986938,IND560002AAA → IND560099AAB
IND712124AAA,IND712103AAA,2.8732838589981444,0.09375876021258421,11.02585306122449,29.285714285714285,1.0,49,1.4774411716630331,IND712124AAA → IND712103AAA
IND301001AAB,IND321606AAA,2.5066836594487243,0.5782318061800061,56.9406888888889,136.11111111111111,1.0,9,1.4761430056334917,IND301001AAB → IND321606AAA
IND600044AAD,IND600032AAB,2.495522533022533,0.5855398462554374,10.776016666666665,29.0,1.0,12,1.4738709670856445,IND600044AAD → IND600032AAB
IND573201AAB,IND575004AAB,2.6507157151049716,0.37441170880608754,114.42304787234042,230.77659574468086,1.0,94,1.472609798683815,IND573201AAB → IND575004AAB
IND305404AAA,IND305001AAC,2.7804474929474927,0.20090463817025617,71.283175,167.0,1.0,4,1.472450388630074,IND305404AAA → IND305001AAC
IND273014AAB,IND274001AAA,2.7440621066177964,0.24051052461425296,42.67208958333333,88.64583333333333,1.0,48,1.4697780000313947,IND273014AAB → IND274001AAA
IND641607AAA,IND641062AAD,2.272622273576461,0.8687294841617038,30.52295789473684,59.60526315789474,1.0,38,1.4696677546790957,IND641607AAA → IND641062AAD
IND843105AAB,IND848101AAA,2.4149572795625427,0.6788240150377821,27.2975575,47.45,1.0,40,1.4696301163363519,IND843105AAB → IND848101AAA
IND521333AAA,IND521225AAB,2.5737968808808467,0.46691051096041464,70.07271224489796,132.55102040816325,1.0,49,1.4695919056404632,IND521333AAA → IND521225AAB
IND360410AAA,IND360490AAA,2.8241758241758244,0.12776234754256732,17.15215,38.0,1.0,2,1.4679990339331002,IND360410AAA → IND360490AAA
IND110037AAM,IND781018AAB,2.848636180016232,0.08974640302038496,952.4862911764707,1861.8676470588234,1.0,68,1.4663783929126084,IND110037AAM → IND781018AAB
IND282001AAA,IND110037AAM,2.425076842949595,0.6521486840004949,124.60010740740742,221.65432098765433,1.0,81,1.4656753423799864,IND282001AAA → IND110037AAM
IND472001AAA,IND485001AAC,2.6649976440074568,0.3294274138696788,138.32966580645163,255.56129032258065,1.0,155,1.4648272817638863,IND472001AAA → IND485001AAC
IND121004AAB,IND121002AAA,2.909090909090909,0.0,10.3547,32.0,1.0,2,1.4636363636363638,IND121004AAB → IND121002AAA
IND110037AAM,IND121004AAB,2.252897583824843,0.8703450922232123,22.089798550724637,47.36231884057971,1.0,138,1.4622625611969011,IND110037AAM → IND121004AAB
IND791102AAA,IND784168AAB,2.600305878738421,0.40477572879855683,159.26345999999998,319.2,1.0,10,1.4615550701349354,IND791102AAA → IND784168AAB
IND781003AAA,IND781018AAB,2.8238517356164414,0.10594111418379255,26.78271666666667,100.5,1.0,6,1.4613230285017145,IND781003AAA → IND781018AAB
IND302004AAA,IND302033AAB,2.9,0.0,12.74785,29.0,1.0,2,1.46,IND302004AAA → IND302033AAB
IND000000AFT,IND400701AAA,2.8903508771929824,0.006502000615573988,20.27765,45.0,1.0,2,1.4580909510618654,IND000000AFT → IND400701AAA
IND421302AAG,IND395023AAA,2.2658293332587185,0.8382098707259686,146.196438317757,247.4018691588785,1.0,107,1.457794694521278,IND421302AAG → IND395023AAA
IND126116AAA,IND131301AAA,2.843431467304528,0.06743878716534858,59.39446,125.6,1.0,20,1.457604223071416,IND126116AAA → IND131301AAA
IND641062AAD,IND643217AAA,2.677472524371563,0.28779338777227165,49.15768333333333,133.75,1.0,12,1.4573270260803068,IND641062AAD → IND643217AAA
IND121004AAB,IND121004AAC,2.238894824311491,0.8703427216037324,14.058505555555556,23.944444444444443,1.0,18,1.4566607462057162,IND121004AAB → IND121004AAC
IND110085AAB,IND110087AAA,2.184615384615385,1.3420118343195266,11.790700000000001,28.4,0.6,5,1.456449704142012,IND110085AAB → IND110087AAA
IND110064AAA,IND110005AAA,2.7692307692307687,0.15976331360946755,11.0839,32.0,1.0,3,1.4556213017751478,IND110064AAA → IND110005AAA
IND125047AAB,IND125050AAA,2.857142857142857,0.04081632653061221,34.342999999999996,73.0,1.0,2,1.4551020408163267,IND125047AAB → IND125050AAA
IND845455AAB,IND842001AAA,2.5343881441428255,0.4692571481481339,99.75193361344539,180.99159663865547,1.0,119,1.4545324021015704,IND845455AAB → IND842001AAA
IND110083AAA,IND110085AAB,2.042016806722689,1.6169762022456051,14.13345,33.0,0.5,2,1.4518995833627573,IND110083AAA → IND110085AAB
IND388320AAA,IND387001AAA,2.074053724053724,1.0728716534945275,16.860955172413792,26.413793103448278,1.0,29,1.451482985669848,IND388320AAA → IND387001AAA
IND504208AAB,IND505001AAB,2.1466112741176766,1.029928182634127,54.28015,90.72222222222223,0.9444444444444444,18,1.450956297770642,IND504208AAB → IND505001AAB
IND505326AAA,IND505425AAA,2.1201680672268908,1.00367064472848,37.0465,61.5,1.0,2,1.4491684203093003,IND505326AAA → IND505425AAA
IND712311AAA,IND742101AAC,2.669825283056521,0.26938082022548127,134.5410421875,295.671875,1.0,64,1.448744359290253,IND712311AAA → IND742101AAC
IND462022AAA,IND462001AAA,2.468080993080993,0.5242692261724617,12.4433,28.833333333333332,1.0,6,1.4445131650841359,IND462022AAA → IND462001AAA
IND721139AAC,IND721636AAB,2.8113553113553116,0.06407237451193497,35.020266666666664,81.66666666666667,1.0,3,1.4437638368957053,IND721139AAC → IND721636AAB
IND573134AAB,IND573201AAB,2.4040434633458956,0.6040694073869243,35.28338214285714,62.392857142857146,1.0,28,1.4428382075544355,IND573134AAB → IND573201AAB
IND805110AAD,IND803116AAA,2.43787306430327,0.5574441649486545,24.47071111111111,50.44444444444444,1.0,9,1.4423824752059042,IND805110AAD → IND803116AAA
IND600056AAB,IND600032AAB,2.259275671854428,0.8339206002408152,25.034057211538464,50.13461538461539,0.9615384615384616,208,1.442347987275554,IND600056AAB → IND600032AAB
IND608001AAA,IND609110AAA,2.567857142857143,0.38157820767195766,21.0523,39.857142857142854,1.0,7,1.4416163194444447,IND608001AAA → IND609110AAA
IND249407AAA,IND246149AAA,2.3247897632891017,0.7023829518602502,62.29619428571428,115.8,1.0,35,1.440630790873716,IND249407AAA → IND246149AAA
IND852131AAA,IND852201AAA,2.6245876250186595,0.2998400060781991,34.7756625,85.1875,1.0,16,1.4397870518309235,IND852131AAA → IND852201AAA
IND462022AAA,IND466001AAA,2.603009987690229,0.32800323487420824,42.58025,100.19047619047619,1.0,42,1.439604965538354,IND462022AAA → IND466001AAA
IND412105AAC,IND411017AAA,2.491334943709697,0.4765034295879126,15.138227272727274,34.07575757575758,1.0,66,1.4394850063602527,IND412105AAC → IND411017AAA
IND174001AAA,IND175018AAA,2.6866732804232805,0.2153300268553457,38.0305,71.4375,1.0,16,1.439268320225916,IND174001AAA → IND175018AAA
IND515004AAA,IND515411AAA,2.4713760504201683,0.4996777847168281,43.657199999999996,73.66666666666667,1.0,6,1.4384537555831158,IND515004AAA → IND515411AAA
IND122001AAD,IND122050AAA,2.192555046025797,0.9737880656865627,15.395242105263156,41.421052631578945,0.8947368421052632,19,1.4375794907478665,IND122001AAD → IND122050AAA
IND221401AAA,IND221303AAA,2.71875,0.158203125,17.918,43.5,1.0,2,1.4349609375,IND221401AAA → IND221303AAA
IND121002AAB,IND000000ACB,2.1337122808823596,0.9930900534978778,45.13805925925926,87.10493827160494,0.9444444444444444,162,1.4347452617356407,IND121002AAB → IND000000ACB
IND274001AAA,IND274509AAB,2.2903450909349248,0.7269380523876235,28.354604166666665,50.666666666666664,1.0,24,1.4342194520902571,IND274001AAA → IND274509AAB
IND580028AAA,IND591123AAC,1.9550280582367467,1.1950598401128922,71.8278191780822,128.32876712328766,0.9726027397260274,73,1.4323099972463746,IND580028AAA → IND591123AAC
IND854105AAB,IND853204AAA,2.6148458213694834,0.2828432503194668,49.51720666666667,94.53333333333333,1.0,15,1.4307913036436335,IND854105AAB → IND853204AAA
IND683511AAA,IND68004AAA,1.6509017989018424,1.6010814055052234,42.92077666666667,68.4,0.9666666666666667,30,1.430685141212304,IND683511AAA → IND68004AAA
IND247667AAB,IND249407AAA,2.773782711282711,0.0687549823449116,26.975475,88.75,1.0,4,1.430139579216558,IND247667AAB → IND249407AAA
IND607801AAA,IND606003AAA,2.2970037647187933,0.7471003154922141,22.162754347826088,36.02173913043478,0.9565217391304348,46,1.4298881222743123,IND607801AAA → IND606003AAA
IND341510AAB,IND305001AAC,2.6457987646955456,0.23693949591058544,54.846295238095244,107.42857142857143,1.0,42,1.429401354651394,IND341510AAB → IND305001AAC
IND507002AAA,IND507167AAA,2.742436791603458,0.10706598548494507,29.68233888888889,57.05555555555556,1.0,18,1.4290945122868668,IND507002AAA → IND507167AAA
IND273014AAB,IND209304AAA,2.5169620037999443,0.404929210206455,212.42290444444444,372.5111111111111,1.0,45,1.4282635645819144,IND273014AAB → IND209304AAA
IND365560AAB,IND364290AAA,2.655191071087997,0.21117077515619379,33.179004545454546,64.5,1.0,22,1.425427660982057,IND365560AAB → IND364290AAA
IND560064AAD,IND560043AAC,2.4647744293009715,0.4650559462254297,13.112882926829268,33.98780487804878,1.0,82,1.4254265555880177,IND560064AAD → IND560043AAC
IND132103AAA,IND131028AAB,2.2287246931980995,0.7765259737640064,45.97852222222222,84.66666666666667,1.0,9,1.4244476694084418,IND132103AAA → IND131028AAB
IND501359AAE,IND500010AAB,2.2283618322763177,0.7739066906182164,35.55020422535211,68.85211267605634,1.0,142,1.423516740095992,IND501359AAE → IND500010AAB
IND611001AAA,IND610001AAA,2.5840822440087146,0.29626561757683206,23.871558333333336,44.083333333333336,1.0,12,1.4225125828765355,IND611001AAA → IND610001AAA
IND396191AAC,IND396232AAA,2.6309923328305684,0.23044461157729787,13.691888235294117,27.764705882352942,1.0,34,1.4215303166054167,IND396191AAC → IND396232AAA
IND842003AAB,IND483225AAA,2.786300505050505,0.021400678183348704,28.62485,54.666666666666664,1.0,6,1.4209404054752068,IND842003AAB → IND483225AAA
IND413401AAA,IND411033AAA,2.4212443221872313,0.5204538455866465,135.92437807486633,236.75401069518716,0.983957219251337,187,1.4198210483262876,IND413401AAA → IND411033AAA
IND222125AAB,IND222001AAA,2.795138888888889,0.0006028163580246948,24.720950000000002,47.5,1.0,2,1.418236400462963,IND222125AAB → IND222001AAA
IND786001AAB,IND785675AAA,2.4937830687830687,0.3988159276056101,35.2801,63.5,1.0,6,1.4171580057949105,IND786001AAB → IND785675AAA
IND781018AAB,IND110037AAM,2.5307129006080227,0.34881824996771704,902.9124666079296,1663.6105726872247,1.0,1135,1.4169306352335242,IND781018AAB → IND110037AAM
IND721306AAA,IND721507AAA,2.349892030822694,0.5875588960776323,39.742,81.23076923076923,1.0,26,1.4162244811523674,IND721306AAA → IND721507AAA
IND629179AAA,IND627005AAA,2.2272937510067923,0.748898500541766,68.03346363636363,123.22727272727273,1.0,44,1.4155870505652468,IND629179AAA → IND627005AAA
IND486886AAA,IND486889AAA,2.5743537414965987,0.28416760609005504,24.6264,53.57142857142857,1.0,7,1.414991778425656,IND486886AAA → IND486889AAA
IND842001AAA,IND845438AAA,2.4733735970039388,0.41820222119033235,86.42485,151.7,1.0,30,1.4148101051586752,IND842001AAA → IND845438AAA
IND843109AAB,IND842001AAA,2.4604166666666667,0.4340451388888889,13.1866,23.0,1.0,4,1.4143802083333332,IND843109AAB → IND842001AAA
IND533106AAA,IND534260AAC,2.2175761249703205,0.7563239481987496,52.00553333333334,107.2,1.0,15,1.4139276344477532,IND533106AAA → IND534260AAC
IND495004AAA,IND495671AAA,2.6539778576080333,0.17434491128367569,48.80323333333333,86.66666666666667,1.0,3,1.4138946164283162,IND495004AAA → IND495671AAA
IND465333AAA,IND462022AAA,2.279920657739621,0.6686308534756896,80.03049166666666,124.0,1.0,12,1.4125575191385555,IND465333AAA → IND462022AAA
IND124507AAA,IND131028AAB,2.4447321612961557,0.4394055232156214,38.54046666666667,103.16666666666667,1.0,18,1.4097145214831488,IND124507AAA → IND131028AAB
IND802101AAA,IND802158AAB,2.2789330469029716,0.6583948222558851,62.71896666666667,107.66666666666667,1.0,3,1.4090916654379542,IND802101AAA → IND802158AAB
IND560048AAB,IND562132AAA,2.103361284421417,1.053907735279211,26.80563823529412,75.1029411764706,0.8382352941176471,68,1.4089874225876242,IND560048AAB → IND562132AAA
IND742102AAB,IND742121AAB,1.9077266935978328,1.4853746317354166,95.00553333333333,143.33333333333334,0.6666666666666666,3,1.4087030669597582,IND742102AAB → IND742121AAB
IND786001AAB,IND786125AAA,2.6408643081056873,0.17334474846925244,29.850839999999998,50.8,1.0,5,1.4083491477830508,IND786001AAB → IND786125AAA
IND414001AAA,IND411033AAA,2.713281826500723,0.07491754342220461,92.6701,185.5,1.0,6,1.4077879936269506,IND414001AAA → IND411033AAA
IND521185AAA,IND521225AAB,2.4536515571904745,0.4201524842593966,42.285804761904764,77.88095238095238,1.0,42,1.4075063681540088,IND521185AAA → IND521225AAB
IND000000AET,IND000000AAS,2.5788989554505233,0.25243323285461067,53.50026666666667,93.29166666666667,1.0,24,1.4072895520365925,IND000000AET → IND000000AAS
IND796081AAA,IND788026AAC,2.7456070966863986,0.029383057808673216,75.019475,142.0,1.0,4,1.4070577560171615,IND796081AAA → IND788026AAC
IND000000ACA,IND142401AAA,2.0979710391440496,0.8928824317354342,27.14565416666667,40.916666666666664,1.0,24,1.4070531451782502,IND000000ACA → IND142401AAA
IND124001AAB,IND126102AAA,2.41783861183656,0.46632868236898073,45.056025,78.41666666666667,1.0,12,1.4070340494453182,IND124001AAB → IND126102AAA
IND174103AAA,IND160002AAC,2.3272930664107134,0.5808768481087275,51.07129444444445,116.55555555555556,1.0,18,1.4051802809969036,IND174103AAA → IND160002AAC
IND425508AAB,IND450331AAA,2.6253266182203876,0.18213795567320312,19.32603333333333,37.625,1.0,48,1.404772033990116,IND425508AAB → IND450331AAA
IND572201AAB,IND573103AAA,2.147673872180451,0.81843329761787,26.551299999999998,40.5,1.0,4,1.4045995381575416,IND572201AAB → IND573103AAA
IND602024AAA,IND602001AAA,2.594426406926407,0.2219229844141514,13.318927777777779,22.77777777777778,1.0,18,1.4043474580948083,IND602024AAA → IND602001AAA
IND586101AAA,IND416404AAA,2.5146074871201205,0.32362107428306397,46.288941666666666,81.5,1.0,12,1.4029293171329675,IND586101AAA → IND416404AAA
IND533401AAA,IND533106AAA,2.304247827684112,0.6320735239975324,61.91195882352942,99.98529411764706,0.9705882352941176,68,1.40249765886114,IND533401AAA → IND533106AAA
IND641062AAD,IND641008AAA,2.25968487394958,0.6617690634236889,27.345375,63.5,1.0,8,1.4024046686069387,IND641062AAD → IND641008AAA
IND713148AAA,IND713128AAB,2.497266619065927,0.3429529040160957,35.235044117647064,78.67647058823529,1.0,34,1.4017925188311995,IND713148AAA → IND713128AAB
IND474003AAA,IND475661AAB,2.5301796157059315,0.2983948982965166,60.19327500000001,116.5,1.0,4,1.4015903157713276,IND474003AAA → IND475661AAB
IND416012AAA,IND415612AAA,2.571339623159378,0.24185271928121188,85.59655306122448,164.0204081632653,1.0,49,1.4010916650481149,IND416012AAA → IND415612AAA
IND421401AAC,IND421601AAB,2.6233297197521486,0.2070003099434953,22.76722962962963,41.592592592592595,0.9629629629629629,27,1.400320869772797,IND421401AAC → IND421601AAB
IND534001AAA,IND521225AAB,2.5874686716791984,0.21761395971130804,46.28436666666667,85.0,1.0,3,1.4002716565850717,IND534001AAA → IND521225AAB
IND843126AAA,IND842001AAA,2.5756049642079053,0.23280279302468632,20.47837666666667,35.2,1.0,30,1.400082823590568,IND843126AAA → IND842001AAA
IND733128AAA,IND733129AAB,2.637802958697209,0.14734211857585897,34.4317625,76.5,1.0,8,1.3993238190516413,IND733128AAA → IND733129AAB
IND473226AAA,IND474003AAA,2.1411216910795154,0.8088466025239321,147.95303370786516,335.44943820224717,1.0,89,1.399102657188986,IND473226AAA → IND474003AAA
IND385535AAA,IND384205AAA,2.2288993513722595,0.691181146424814,61.358764179104476,113.77611940298507,1.0,67,1.398914084476348,IND385535AAA → IND384205AAA
IND712311AAA,IND834002AAB,2.457165539503168,0.4031677008343174,223.03077928994082,391.43195266272187,0.9822485207100592,169,1.3984910822645802,IND712311AAA → IND834002AAB
IND760003AAB,IND754022AAA,2.697520395533477,0.06405860764576811,68.96206,137.8,1.0,5,1.3982257405071212,IND760003AAB → IND754022AAA
IND403002AAA,IND403726AAB,2.1302681992337162,0.8181507905051305,20.673133333333336,52.0,1.0,3,1.3975525168450258,IND403002AAA → IND403726AAB
IND500039AAD,IND501359AAE,2.3327763991268964,0.6237852959020959,26.201619230769232,58.11538461538461,0.9230769230769231,26,1.3971692253444643,IND500039AAD → IND501359AAE
IND508377AAB,IND501359AAE,2.1051251508673547,0.8398546119810989,96.75490350877192,147.21052631578948,1.0,57,1.3940064439412716,IND508377AAB → IND501359AAE
IND842001AAA,IND846004AAA,2.3444986153327765,0.5202107707976653,50.21790909090909,85.54545454545455,1.0,66,1.39386267737241,IND842001AAA → IND846004AAA
IND673121AAA,IND670645AAB,2.498851305234439,0.31429099864587057,23.534420833333332,57.5,1.0,24,1.3938278216875368,IND673121AAA → IND670645AAB
IND333031AAA,IND331023AAA,2.65420966208625,0.10662158206497323,33.943580000000004,65.4,1.0,10,1.3936703394539922,IND333031AAA → IND331023AAA
IND562132AAA,IND560066AAB,2.3113653546066337,0.5631574931503038,26.1141625,64.5,1.0,8,1.3934933897877446,IND562132AAA → IND560066AAB
IND834002AAB,IND825102AAA,2.4598954040958794,0.3646576731266318,75.1465,155.11764705882354,1.0,17,1.3933554635763412,IND834002AAB → IND825102AAA
IND570020AAA,IND571301AAA,2.317260974319798,0.553882582061791,26.483111764705882,52.529411764705884,1.0,17,1.3930691643464566,IND570020AAA → IND571301AAA
IND416510AAA,IND416602AAC,2.601975279935806,0.17289940894104536,41.010241666666666,79.33333333333333,1.0,12,1.392659934656636,IND416510AAA → IND416602AAC
IND177203AAA,IND177101AAA,2.0205920205920207,0.947531094249241,31.82626666666667,72.66666666666667,1.0,3,1.3924961365115807,IND177203AAA → IND177101AAA
IND577126AAA,IND577201AAA,2.7271255060728747,0.005207829081683733,64.15163333333334,168.0,1.0,3,1.3924125511536551,IND577126AAA → IND577201AAA
IND533106AAA,IND533262AAA,2.2944274205982116,0.5810291410472399,39.76814166666667,85.5,1.0,12,1.3920797105534568,IND533106AAA → IND533262AAA
IND413501AAA,IND411033AAA,2.4711704945623487,0.3439712069632227,158.947825,287.0,1.0,12,1.3916595599139063,IND413501AAA → IND411033AAA
IND722202AAA,IND713205AAB,2.7279411764705883,0.0009731833910034533,19.4585,45.0,1.0,2,1.3914684256055365,IND722202AAA → IND713205AAB
IND125104AAA,IND125005AAA,2.65807763902476,0.09257964155570253,97.31484285714285,183.14285714285714,1.0,7,1.391004948076615,IND125104AAA → IND125005AAA
IND244901AAB,IND243201AAA,2.6549787729208463,0.09452927629626466,62.74434,153.8,1.0,5,1.390350292057218,IND244901AAB → IND243201AAA
IND242221AAA,IND207247AAB,2.5378041026100018,0.24773828005598858,54.789139999999996,153.26666666666668,1.0,15,1.3894431250607973,IND242221AAA → IND207247AAB
IND382721AAA,IND382430AAB,2.510646992503402,0.2836981296719581,31.14717575757576,70.53030303030303,1.0,66,1.3893682359029482,IND382721AAA → IND382430AAB
IND842003AAB,IND483501AAA,2.392242108379201,0.4392817285672634,55.07244186046512,101.44186046511628,1.0,43,1.3886813619218594,IND842003AAB → IND483501AAA
IND424006AAA,IND452001AAC,2.4992346944210104,0.2952504750981401,58.75557,99.1,1.0,10,1.3882690202978463,IND424006AAA → IND452001AAC
IND507002AAA,IND508001AAA,2.6128828803586437,0.14231998577318422,79.06136000000001,149.8,1.0,5,1.387849147875413,IND507002AAA → IND508001AAA
IND635802AAB,IND635601AAB,2.497164584708328,0.2964778979343149,28.923362,50.58,1.0,50,1.3878092032636258,IND635802AAB → IND635601AAB
IND679303AAA,IND679531AAA,2.5859339889802078,0.17702783050414997,14.933942857142856,36.892857142857146,1.0,28,1.3874819447433282,IND679303AAA → IND679531AAA
IND246763AAA,IND246761AAA,2.6375928568456164,0.10662915051842028,35.84115454545454,66.18181818181819,1.0,22,1.3870258878937727,IND246763AAA → IND246761AAA
IND721253AAC,IND721306AAA,2.380654443843223,0.4360829739305575,42.23813870967742,80.03225806451613,1.0,31,1.3830866697164566,IND721253AAC → IND721306AAA
IND160002AAC,IND173212AAA,2.4913823202501457,0.287475128338821,74.0047375,155.10714285714286,1.0,56,1.3827954666017046,IND160002AAC → IND173212AAA
IND500008AAC,IND500084AAB,2.101754385964912,0.8066728224068948,11.298300000000001,37.0,1.0,2,1.3827036011080334,IND500008AAC → IND500084AAB
IND243001AAA,IND243503AAB,2.3749048781815203,0.438395866561045,25.658838461538462,54.46153846153846,1.0,26,1.3814807112409215,IND243001AAA → IND243503AAB
IND504215AAA,IND505001AAB,2.367438385332609,0.4475945024210345,48.37083555555556,100.86666666666666,1.0,45,1.3812537048593538,IND504215AAA → IND505001AAB
IND110037AAM,IND110024AAA,2.5932750048752466,0.14487254707811265,19.87132777777778,50.888888888888886,1.0,36,1.3807717660735326,IND110037AAM → IND110024AAA
IND504251AAA,IND504293AAA,2.598283752860412,0.13590273814074527,32.7668,75.25,1.0,4,1.3800843225863886,IND504251AAA → IND504293AAA
IND509301AAA,IND509216AAC,2.080422193238334,0.8259524811038381,28.10068888888889,43.888888888888886,1.0,9,1.379954621626485,IND509301AAA → IND509216AAC
IND781014AAA,IND781102AAA,2.5638349089635852,0.17907137804302775,17.280825,30.625,1.0,8,1.3792553769983424,IND781014AAA → IND781102AAA
IND500035AAA,IND500039AAC,2.6931818181818183,0.006456611570247923,13.271249999999998,31.0,1.0,2,1.3792097107438017,IND500035AAA → IND500039AAC
IND756019AAA,IND757025AAA,2.3556808688387636,0.4551358729600387,26.81795625,44.625,1.0,16,1.3788131094235172,IND756019AAA → IND757025AAA
IND501359AAE,IND500039AAD,2.546558138438005,0.19990975921526294,25.083244444444446,53.27777777777778,1.0,18,1.378596183139781,IND501359AAE → IND500039AAD
IND342005AAD,IND342601AAA,2.318245962047794,0.5041697805081942,44.31348518518518,86.74074074074075,1.0,27,1.3785493189715758,IND342005AAD → IND342601AAA
IND713130AAA,IND741123AAB,2.4601530408982923,0.31416007647655486,44.82700833333333,86.77380952380952,1.0,84,1.3783092393022836,IND713130AAA → IND741123AAB
IND431603AAA,IND431708AAA,2.2779209292412617,0.5524193093870265,28.37973,46.333333333333336,1.0,30,1.3768941645126127,IND431603AAA → IND431708AAA
IND124507AAA,IND131028AAE,2.6092627733998603,0.11051155530858348,38.37505,109.0,1.0,6,1.3768585759525191,IND124507AAA → IND131028AAE
IND834002AAB,IND781018AAB,2.459336771989317,0.3401726793746606,518.7145575757576,1030.969696969697,0.9696969696969697,33,1.3766956035172158,IND834002AAB → IND781018AAB
IND505001AAB,IND505209AAA,2.336123965547626,0.47136685132971967,48.352180952380955,83.38095238095238,1.0,21,1.3758596416179665,IND505001AAB → IND505209AAA
IND741126AAB,IND741156AAA,2.493940242763772,0.26027633377951453,19.436078333333334,33.7,1.0,60,1.3756589972393631,IND741126AAB → IND741156AAA
IND205135AAA,IND283203AAA,2.340034399724802,0.46379564916932914,22.132893333333335,42.266666666666666,1.0,15,1.3751524546407194,IND205135AAA → IND283203AAA
IND414302AAB,IND411033AAA,2.6053033043145666,0.10847041162262984,70.6716,143.25,1.0,8,1.3746624452126157,IND414302AAB → IND411033AAA
IND245101AAA,IND201007AAA,2.6054770408163264,0.10634929049062009,28.911760000000005,85.4,1.0,10,1.3740956034737166,IND245101AAA → IND201007AAA
IND144001AAB,IND144401AAB,1.921029291221599,1.2466596099256788,13.184611538461537,21.384615384615383,0.7692307692307693,26,1.3731788302355739,IND144001AAB → IND144401AAB
IND562132AAA,IND712311AAA,2.4006252503172942,0.3747549406393513,935.1407217592592,1549.1712962962963,1.0,216,1.372676582318723,IND562132AAA → IND712311AAA
IND322241AAA,IND322201AAA,2.3861617968443416,0.3938365263371293,24.26206,39.53333333333333,1.0,60,1.3726156766388755,IND322241AAA → IND322201AAA
IND521225AAB,IND521001AAA,2.4755122860903906,0.27230205896272147,56.057725,106.75,1.0,4,1.3718955321249726,IND521225AAB → IND521001AAA
IND410505AAB,IND411033AAA,2.3210859728506787,0.4765537369559729,18.08765,47.25,1.0,4,1.3714005102270634,IND410505AAB → IND411033AAA
IND000000ACB,IND712311AAA,2.2219027153286337,0.6093145795142402,726.1997479888073,1128.0531654424624,0.9989506820566632,2859,1.3712406646027246,IND000000ACB → IND712311AAA
IND741123AAB,IND741126AAB,2.4847675123618522,0.2572114260539648,25.86619245283019,45.113207547169814,1.0,53,1.3710704327609304,IND741123AAB → IND741126AAB
IND783370AAC,IND783301AAA,2.3494310929960496,0.4345223190572587,52.2695875,89.75,1.0,24,1.3701291329155973,IND783370AAC → IND783301AAA
IND160002AAC,IND174001AAA,2.499507629419167,0.23396360919881948,116.3153644736842,218.77631578947367,1.0,76,1.3699921345273127,IND160002AAC → IND174001AAA
IND396105AAA,IND396191AAC,2.1909722222222223,0.6400236599269341,12.677375,20.0,1.0,4,1.368395986866969,IND396105AAA → IND396191AAC
IND443301AAA,IND443201AAA,2.6204445505564986,0.064665457544743,35.5373,66.0,1.0,4,1.3675774574860224,IND443301AAA → IND443201AAA
IND814112AAA,IND814133AAB,2.403704976051283,0.3505988700309326,53.97240476190476,91.52380952380952,1.0,21,1.366661651429793,IND814112AAA → IND814133AAB
IND784125AAA,IND784110AAA,2.5310978320867643,0.17873059240559075,46.2633,92.55555555555556,1.0,9,1.366058310556383,IND784125AAA → IND784110AAA
IND400011AAA,IND400072AAB,2.4549060654759183,0.27704889938143734,13.920091666666666,31.166666666666668,1.0,24,1.3650770960047984,IND400011AAA → IND400072AAB
IND815301AAA,IND814133AAB,2.389301643986413,0.3643181792409869,92.57522916666666,163.45833333333334,1.0,24,1.3650161113668615,IND815301AAA → IND814133AAB
IND768004AAD,IND768028AAA,2.383087027914614,0.36991944406247096,36.7753,65.5,1.0,4,1.364210644384587,IND768004AAD → IND768028AAA
IND767017AAA,IND767001AAA,2.583797268907563,0.10030791406636186,33.95831666666667,59.666666666666664,1.0,6,1.363611281782934,IND767017AAA → IND767001AAA
IND560043AAC,IND562132AAA,2.1081404187891812,0.775030459812143,22.044454166666668,65.5625,0.9583333333333334,48,1.3632653054593153,IND560043AAC → IND562132AAA
IND205001AAB,IND209625AAA,2.1566765312528027,0.6685847639902536,46.73163333333334,102.66666666666667,1.0,3,1.363246041698197,IND205001AAB → IND209625AAA
IND342902AAA,IND302014AAA,2.541173682326923,0.1558556583192781,144.697238,271.62,1.0,50,1.3632261704265527,IND342902AAA → IND302014AAA
IND245304AAA,IND201007AAA,2.555417604854882,0.13166881248374868,23.67288269230769,69.71153846153847,1.0,52,1.3616676856870775,IND245304AAA → IND201007AAA
IND262122AAB,IND244901AAB,2.5433480081677033,0.1409298987369853,84.18714,161.025,1.0,40,1.359618172888177,IND262122AAB → IND244901AAB
IND757024AAA,IND756019AAA,2.0414123801220576,0.809009743776456,58.4184,109.0,1.0,2,1.3592678751817597,IND757024AAA → IND756019AAA
IND451666AAA,IND421302AAG,2.4456647685889625,0.2690332464291638,211.87947741935483,354.38709677419354,1.0,31,1.3589758813643342,IND451666AAA → IND421302AAG
IND474003AAA,IND476111AAA,2.4196197549365284,0.30364957828336653,53.11526956521739,111.43478260869566,1.0,23,1.3589427754596213,IND474003AAA → IND476111AAA
IND732103AAA,IND732138AAA,2.553367983367983,0.12476148645046777,34.065175,81.5,1.0,4,1.3587756392823338,IND732103AAA → IND732138AAA
IND174101AAB,IND134102AAA,2.645833333333333,0.0008680555555555587,26.6599,49.0,1.0,2,1.35859375,IND174101AAB → IND134102AAA
IND110024AAA,IND110014AAA,2.242063492063492,0.5390126343747375,9.667453846153846,16.615384615384617,1.0,13,1.358529187137818,IND110024AAA → IND110014AAA
IND160002AAC,IND421302AAG,2.4462276166748556,0.2646977310136254,804.5941593220339,1401.4745762711864,1.0,59,1.3579003659740299,IND160002AAC → IND421302AAG
IND441904AAB,IND441912AAA,1.9594639536260832,0.9678720217507094,21.086541666666665,36.94444444444444,0.9444444444444444,36,1.3574805213089796,IND441904AAB → IND441912AAA
IND110037AAM,IND125001AAA,2.102814816127208,0.720933328118455,100.16541428571429,187.57142857142858,1.0,7,1.3574059248864199,IND110037AAM → IND125001AAA
IND226004AAA,IND226024AAA,2.6378205128205128,0.005937705456936257,18.35465,33.0,1.0,2,1.356909516765286,IND226004AAA → IND226024AAA
IND262802AAA,IND262723AAB,2.5169055058623426,0.16522692111152237,71.09305238095237,137.0952380952381,1.0,63,1.356330278678394,IND262802AAA → IND262723AAB
IND530026AAA,IND531036AAA,2.461437405678174,0.2375560112784042,26.333625,58.5625,1.0,16,1.355841765654791,IND530026AAA → IND531036AAA
IND507002AAA,IND508206AAA,2.1157373481603545,0.6983250434537207,32.204504166666666,53.958333333333336,1.0,24,1.3557924523002582,IND507002AAA → IND508206AAA
IND413002AAA,IND413304AAA,2.2062118942692748,0.5751801397170254,42.52839189189189,64.89189189189189,1.0,74,1.3550387996228177,IND413002AAA → IND413304AAA
IND621802AAA,IND608301AAA,2.4866830065359475,0.19875072532644147,24.25659,42.9,1.0,10,1.3542984202123114,IND621802AAA → IND608301AAA
IND131028AAB,IND249407AAA,2.432085299530504,0.26967773238334564,111.0042,245.0,1.0,7,1.3537374395272053,IND131028AAB → IND249407AAA
IND686513AAA,IND686507AAA,2.4555555555555557,0.23728395061728363,13.3702,23.5,1.0,2,1.3534074074074074,IND686513AAA → IND686507AAA
IND248197AAA,IND248122AAB,2.393566333699929,0.3169810642819968,43.38424814814815,105.81481481481481,1.0,27,1.3525208527645707,IND248197AAA → IND248122AAB
IND600044AAD,IND603001AAA,2.4111883010063857,0.2903884409445545,25.678595833333333,49.625,1.0,48,1.3515918526859205,IND600044AAD → IND603001AAA
IND534260AAC,IND533106AAA,2.537593042057381,0.12055955298904163,54.77266666666666,121.08333333333333,1.0,12,1.3512050827196649,IND534260AAC → IND533106AAA
IND412210AAC,IND411033AAA,2.523152709359606,0.13827197471417582,66.1568625,132.0,1.0,8,1.350742676158095,IND412210AAC → IND411033AAA
IND532001AAB,IND530012AAA,2.3853230487601045,0.32081158752344385,70.37104224137931,120.90517241379311,1.0,232,1.350372695761075,IND532001AAB → IND530012AAA
IND424006AAA,IND421302AAG,2.364930521641805,0.34583376347473704,164.44208229166665,259.7083333333333,1.0,96,1.3497223376991432,IND424006AAA → IND421302AAG
IND313324AAA,IND313001AAB,2.1610094625618483,0.6174333921364568,48.694339024390246,74.4390243902439,1.0,41,1.3496338026656762,IND313324AAA → IND313001AAB
IND301705AAA,IND123001AAA,2.2825361512791993,0.4533129753613273,41.15335,68.0,1.0,2,1.3490083531200778,IND301705AAA → IND123001AAA
IND205001AAB,IND110037AAM,2.4740884118747903,0.19677326075659118,173.18573636363638,340.72727272727275,1.0,11,1.3486673429768934,IND205001AAB → IND110037AAM
IND802158AAB,IND821115AAB,2.261621833475643,0.5025646642143545,70.5703925,138.85,0.975,40,1.3479181326545637,IND802158AAB → IND821115AAB
IND799250AAA,IND799008AAA,2.5304577330103277,0.1148312435410291,101.57766000000001,191.4,1.0,5,1.34663246626644,IND799250AAA → IND799008AAA
IND852118A1B,IND854326AAB,2.150289661319073,0.6191479789837663,53.121433333333336,86.0,1.0,3,1.3458602582227592,IND852118A1B → IND854326AAB
IND142026AAA,IND000000ACA,2.511111111111111,0.13787037037037048,46.275800000000004,89.33333333333333,1.0,3,1.3458055555555557,IND142026AAA → IND000000ACA
IND396191AAB,IND421302AAG,2.3907197785773557,0.2977217515603223,99.34955000000001,179.08333333333334,1.0,12,1.3456044368990392,IND396191AAB → IND421302AAG
IND575004AAB,IND574117AAA,2.4736954759799588,0.18163320733426627,32.07309,71.3,1.0,10,1.3439681525922635,IND575004AAB → IND574117AAA
IND754211AAA,IND754202AAA,2.606060606060606,0.0,36.1261,86.0,1.0,2,1.3424242424242425,IND754211AAA → IND754202AAA
IND532001AAB,IND532201AAA,2.2936837891106183,0.41063520462429914,42.19266666666667,73.66666666666667,1.0,3,1.340664077031537,IND532001AAB → IND532201AAA
IND421302AAN,IND400072AAB,2.4876993070070874,0.14938129116393065,21.2852875,42.25,1.0,48,1.339894110152014,IND421302AAN → IND400072AAB
IND781018AAB,IND784168AAB,2.540436613822849,0.07885188568781333,165.90961249999998,293.625,1.0,8,1.3398302112354836,IND781018AAB → IND784168AAB
IND451666AAA,IND424006AAA,2.399000563098077,0.2661729971766248,73.5600425,128.05,1.0,40,1.3394521243922184,IND451666AAA → IND424006AAA
IND431517AAB,IND411033AAA,2.5339946489911243,0.08578593386393758,184.51896907894738,356.01973684210526,1.0,152,1.339333639755631,IND431517AAB → IND411033AAA
IND516115AAA,IND517501AAB,2.2868031751499744,0.4139865556938187,56.47837555555555,100.39259259259259,1.0,135,1.3389172367681355,IND516115AAA → IND517501AAB
IND209304AAA,IND212601AAA,2.095350986795391,0.6672551640851735,64.4185859375,98.625,1.0,64,1.3383169439437086,IND209304AAA → IND212601AAA
IND401104AAA,IND401209AAA,2.4194139194139197,0.23459995438017386,19.257,42.5,1.0,2,1.33814555407962,IND401104AAA → IND401209AAA
IND784168AAB,IND784176AAA,2.432522607146937,0.21538036421245904,47.25285294117647,79.76470588235294,1.0,17,1.3376231521225126,IND784168AAB → IND784176AAA
IND574211AAA,IND574202AAA,2.5322067423460615,0.08221808720591421,26.19005,46.875,1.0,8,1.3375481231001989,IND574211AAA → IND574202AAA
IND127201AAA,IND124141AAA,2.451603349673203,0.18946375542659877,40.4696875,71.0,1.0,8,1.3374804664972606,IND127201AAA → IND124141AAA
IND712310AAE,IND711303AAA,2.315596893156107,0.3702471271970232,36.61205444444444,61.6,1.0,90,1.3373128954215499,IND712310AAE → IND711303AAA
IND341503AAB,IND341510AAB,2.318311012602808,0.3659543844822457,37.902766666666665,61.541666666666664,1.0,24,1.337110720385797,IND341503AAB → IND341510AAB
IND303002AAA,IND302014AAA,2.208100501950226,0.5108025015720127,38.684355,61.0,1.0,20,1.3364809512516942,IND303002AAA → IND302014AAA
IND854326AAB,IND852113AAA,2.463034870394096,0.16796711941754053,74.170175,132.5,1.0,4,1.3356040839829004,IND854326AAB → IND852113AAA
IND262405AAA,IND263153AAB,2.472560975609756,0.15394482450922062,32.542699999999996,78.0,1.0,2,1.3352078375966687,IND262405AAA → IND263153AAB
IND302014AAA,IND303702AAB,2.4365301805151427,0.2008674306558889,40.25644761904762,72.33333333333333,1.0,21,1.3348723014028239,IND302014AAA → IND303702AAB
IND441206AAB,IND442605AAA,2.4055079491291065,0.2413666917378599,36.27903658536585,65.48780487804878,1.0,41,1.3346131871730007,IND441206AAB → IND442605AAA
IND243201AAA,IND262001AAA,2.3632071242102786,0.29547608136404563,31.8963,66.0,1.0,13,1.3339256740933252,IND243201AAA → IND262001AAA
IND680587AAA,IND683511AAA,2.32307991393535,0.34860490298079416,47.44504482758621,104.51724137931035,1.0,29,1.3338134364683782,IND680587AAA → IND683511AAA
IND600008AAA,IND600044AAC,2.10959313414071,0.6615162036341506,31.108794285714286,56.371428571428574,0.9714285714285714,70,1.3337206861751008,IND600008AAA → IND600044AAC
IND140501AAA,IND160002AAC,2.0213773971126914,1.0688764650165494,15.663357142857143,31.535714285714285,0.6785714285714286,28,1.3327853269214698,IND140501AAA → IND160002AAC
IND533401AAA,IND533308AAB,2.5614210355642903,0.02542822490844411,74.264175,156.25,1.0,4,1.3321968816982495,IND533401AAA → IND533308AAB
IND786190AAA,IND786001AAB,2.495660187151784,0.1112126697343145,38.588071428571425,65.0,1.0,7,1.3316278757810078,IND786190AAA → IND786001AAB
IND712406AAA,IND712612AAA,2.5783625730994153,6.839711364178743e-07,41.31255,107.0,1.0,2,1.3313452344311072,IND712406AAA → IND712612AAA
IND400701AAA,IND410206AAA,2.4422754926532018,0.17701580570382316,18.695899999999998,36.22,1.0,50,1.3300149387724278,IND400701AAA → IND410206AAA
IND787057AAA,IND787059AAB,2.292277591973244,0.3767676962226373,27.51596,56.2,1.0,10,1.329941345656089,IND787057AAA → IND787059AAB
IND209304AAA,IND282001AAA,2.437399474291756,0.17964367919471358,147.17785757575757,248.1010101010101,1.0,99,1.3288528934751165,IND209304AAA → IND282001AAA
IND382430AAB,IND380005AAA,2.0056575499460365,0.7633587677033236,22.136805555555558,38.398148148148145,0.9907407407407407,108,1.328492872511634,IND382430AAB → IND380005AAA
IND515004AAA,IND515801AAA,2.5229671717171716,0.06194552437251298,55.2926,101.83333333333333,1.0,6,1.3277705259986226,IND515004AAA → IND515801AAA
IND384265AAB,IND385340AAB,2.082509757874251,0.9815116785448872,47.21446666666666,88.33333333333333,0.6666666666666666,3,1.3274574067131666,IND384265AAB → IND385340AAB
IND313001AAB,IND311001AAA,2.4093222566906776,0.21138534227605824,92.45636666666667,176.33333333333334,1.0,6,1.3271445053590885,IND313001AAB → IND311001AAA
IND591307AAC,IND580028AAA,2.483602975962729,0.10657765375564808,78.154895,169.3,1.0,20,1.3254144865117863,IND591307AAC → IND580028AAA
IND736135AAA,IND736165AAA,2.5206320079477975,0.054051339498132185,33.342470000000006,77.5,1.0,10,1.3244682050285588,IND736135AAA → IND736165AAA
IND313001AAB,IND382430AAB,2.401318311517873,0.20817132928051094,147.3854866197183,234.08450704225353,1.0,142,1.3229787233913026,IND313001AAB → IND382430AAB
IND584128AAA,IND583121AAA,2.442007995556589,0.14877119742359587,23.572683333333334,37.833333333333336,1.0,6,1.3214345574497144,IND584128AAA → IND583121AAA
IND575004AAB,IND575014AAA,2.5175438596491224,0.0444752231455832,19.896349999999998,46.5,1.0,2,1.3203601108033238,IND575004AAB → IND575014AAA
IND383255AAB,IND384205AAA,1.9447419928194538,0.9431531512653275,69.17276486486486,116.67567567567568,0.8648648648648649,37,1.3203022019668393,IND383255AAB → IND384205AAA
IND841226AAB,IND841428AAA,2.4529857397504458,0.1285680412174592,30.091375,51.25,1.0,4,1.319764708265416,IND841226AAB → IND841428AAA
IND787001AAA,IND787057AAA,2.4191880400611363,0.17304829059647236,51.63957083333333,89.33333333333333,1.0,24,1.3195897032033963,IND787001AAA → IND787057AAA
IND110037AAM,IND421302AAG,2.1874165201617295,0.48009880918541425,701.0337603680981,1048.678527607362,1.0,815,1.3189962508203161,IND110037AAM → IND421302AAG
IND342902A1B,IND302014AAA,2.4466323423263128,0.13443895782782025,144.74339777777777,261.2111111111111,1.0,90,1.3189846242788712,IND342902A1B → IND302014AAA
IND768004AAD,IND768028AAB,2.546875,0.00048828125,33.907250000000005,61.0,1.0,2,1.3188964843750002,IND768004AAD → IND768028AAB
IND444005AAB,IND443301AAA,2.307131451362261,0.31955543481863574,71.607645,117.8,1.0,20,1.318719210990495,IND444005AAB → IND443301AAA
IND415612AAA,IND415408AAC,2.445616444258035,0.1339562697755169,80.638778125,160.25,1.0,32,1.3184334586358692,IND415612AAA → IND415408AAC
IND842001AAA,IND847212AAA,2.143927813453632,0.5228616776038465,69.71018522727273,117.17045454545455,1.0,88,1.314429628662607,IND842001AAA → IND847212AAA
IND277211AAA,IND277201AAA,2.491904761904762,0.058264172335600904,23.5233,51.8,1.0,5,1.314241156462585,IND277211AAA → IND277201AAA
IND411033AAA,IND410503AAA,2.3855786943552904,0.19850251093577265,38.392353846153846,74.61538461538461,1.0,13,1.313782231022848,IND411033AAA → IND410503AAA
IND250002AAA,IND131028AAB,2.1755556781781156,0.4776134398201976,60.38718666666667,109.8,1.0,15,1.3135063032173055,IND250002AAA → IND131028AAB
IND826001AAC,IND828111AAA,2.5185185185185186,0.016460905349794188,10.447366666666667,22.666666666666668,1.0,3,1.3123456790123458,IND826001AAC → IND828111AAA
IND413307AAB,IND413304AAA,2.4169603645147126,0.15119247056475857,25.168899999999997,43.666666666666664,1.0,12,1.3121418869753125,IND413307AAB → IND413304AAA
IND683511AAA,IND686028AAB,2.132289724925345,0.5294291333237418,57.64387619047619,123.33333333333333,1.0,21,1.3117446299672606,IND683511AAA → IND686028AAB
IND841424AAA,IND841226AAB,2.4075352135999655,0.1605412068835218,45.40128888888889,75.33333333333333,1.0,9,1.311176447505043,IND841424AAA → IND841226AAB
IND470113AAA,IND470117AAA,2.5142857142857142,0.014693877551020456,20.7331,36.5,1.0,2,1.310122448979592,IND470113AAA → IND470117AAA
IND221313AAA,IND232101AAB,2.2658668730650153,0.3453756266234701,19.405150000000003,36.5,1.0,6,1.3099594372130472,IND221313AAA → IND232101AAB
IND712311AAA,IND743235AAA,2.453364631614071,0.09442905087674129,55.880280000000006,97.95,1.0,20,1.309674567908651,IND712311AAA → IND743235AAA
IND415301AAB,IND413307AAB,2.2060536741347225,0.4215356622175831,24.804771428571428,42.42857142857143,1.0,14,1.308882168319164,IND415301AAB → IND413307AAB
IND384355AAB,IND384205AAA,2.4712482468443198,0.0654681933792185,29.39535,66.0,1.0,2,1.3081397567514934,IND384355AAB → IND384205AAA
IND521105AAA,IND521333AAA,2.4825994318181817,0.04942067675480901,35.634125,81.0,1.0,8,1.3078659757537154,IND521105AAA → IND521333AAA
IND501359AAE,IND533106AAA,2.4452126715429903,0.09863053259668032,230.1704617647059,376.3872549019608,1.0,204,1.3076742283962002,IND501359AAE → IND533106AAA
IND261201AAB,IND261001AAA,2.151711274738975,0.5155588335561851,32.6238,59.71052631578947,0.9736842105263158,38,1.3074574231203402,IND261201AAB → IND261001AAA
IND508207AAB,IND508206AAA,2.4005291005291007,0.15600991013689436,42.107933333333335,73.0,1.0,3,1.3070146132527087,IND508207AAB → IND508206AAA
IND516101AAA,IND516115AAA,2.405829716005182,0.1487335618079001,25.37307714285714,43.22857142857143,1.0,70,1.306951954944443,IND516101AAA → IND516115AAA
IND673592AAA,IND673121AAA,2.189246070328958,0.43049776440999726,14.90935,29.681818181818183,1.0,22,1.3048477574545823,IND673592AAA → IND673121AAA
IND825301AAA,IND825409AAA,2.3853953969234545,0.16873180938035315,46.37978571428572,79.45238095238095,1.0,42,1.3047777015834876,IND825301AAA → IND825409AAA
IND421302AAG,IND421401AAC,2.381206356321496,0.17376473442957985,29.781697959183674,52.51020408163265,1.0,49,1.3046119628574724,IND421302AAG → IND421401AAC
IND583101AAA,IND583201AAA,2.3705762721330186,0.18526089899947742,46.17863703703704,80.29629629629629,1.0,54,1.3038087785530508,IND583101AAA → IND583201AAA
IND580028AAA,IND403726AAA,2.3638398586477667,0.19256025107517358,122.27550000000001,233.6206896551724,1.0,87,1.3033040187816587,IND580028AAA → IND403726AAA
IND160002AAC,IND147105AAA,2.089026480957483,0.5586988535757933,61.709108333333326,119.08333333333333,1.0,12,1.3032202484557311,IND160002AAC → IND147105AAA
IND721139AAC,IND721602AAB,2.0640468159866736,0.7564879939485639,47.737775,96.33333333333333,0.8333333333333334,12,1.3025651245792387,IND721139AAC → IND721602AAB
IND142001AAB,IND151001AAA,1.9597912302751013,0.7280924519540503,59.53784999999999,109.25,1.0,4,1.3023442276962556,IND142001AAB → IND151001AAA
IND462011AAA,IND462022AAA,2.379895104895105,0.1672070175152619,12.301375,27.4,1.0,20,1.3021201472126207,IND462011AAA → IND462022AAA
IND712311AAA,IND713103AAA,2.3187370861136203,0.2486040054477293,62.66520952380952,99.76190476190476,1.0,21,1.302076036079767,IND712311AAA → IND713103AAA
IND713205AAB,IND723133AAA,2.168611670020121,0.4445653397244636,63.92756666666667,131.66666666666666,1.0,3,1.3008142699253875,IND713205AAB → IND723133AAA
IND400072AAB,IND400701AAB,2.3745614035087717,0.16839242843951982,17.2705,35.666666666666664,1.0,6,1.3003422899353645,IND400072AAB → IND400701AAB
IND484661AAE,IND484001AAA,2.327258655450145,0.22838347672824605,48.58705,81.33333333333333,1.0,6,1.2994185051985319,IND484661AAE → IND484001AAA
IND752050AAA,IND751002AAB,2.350925925925926,0.18924021583942222,21.7967,35.833333333333336,1.0,6,1.297142435122197,IND752050AAA → IND751002AAB
IND814133AAB,IND816109AAA,2.234809319168863,0.40046551581657797,64.94712857142856,113.34285714285714,0.9428571428571428,35,1.2969205252696616,IND814133AAB → IND816109AAA
IND500039AAC,IND508116AAA,2.298608104569448,0.2580517700414642,30.679926923076923,52.11538461538461,1.0,26,1.2968587728402183,IND500039AAC → IND508116AAA
IND574227AAA,IND574104AAA,2.116700452110669,0.49679605337194704,14.999242105263157,23.736842105263158,1.0,19,1.2957189968558518,IND574227AAA → IND574104AAA
IND305901AAA,IND342602AAC,1.959588599272366,0.7618198436437663,55.24183888888889,78.33333333333333,0.9444444444444444,18,1.2957147261354096,IND305901AAA → IND342602AAC
IND276140AAA,IND276129AAA,2.474903474903475,0.018634188518358415,36.0182,80.0,1.0,2,1.2955516465168975,IND276140AAA → IND276129AAA
IND125005AAA,IND335523AAB,2.1245286825036103,0.6841974864395063,84.52118,204.0,0.8,5,1.295070718933296,IND125005AAA → IND335523AAB
IND811105AAA,IND803212AAB,2.3951435691873892,0.121732736084521,54.80258333333333,100.0,1.0,6,1.294577248500312,IND811105AAA → IND803212AAB
IND530012AAC,IND501359AAE,2.461719122966777,0.03248562544626706,333.3721130434783,565.8695652173913,1.0,23,1.2944333368205911,IND530012AAC → IND501359AAE
IND723130AAA,IND723101AAA,2.092442775089834,0.523727637387024,28.0561,41.46666666666667,1.0,30,1.2940954012520407,IND723130AAA → IND723101AAA
IND243001AAA,IND244901AAB,2.2176521871374812,0.35525394594288534,45.45256666666666,70.0,1.0,6,1.293637058637858,IND243001AAA → IND244901AAB
IND425405AAA,IND425409AAA,2.456878686433923,0.034472014340645785,47.31933333333333,90.66666666666667,1.0,3,1.293093078875763,IND425405AAA → IND425409AAA
IND275303AAA,IND276140AAA,2.3262867647058822,0.20771495638696655,23.246274999999997,37.75,1.0,4,1.2928291927984428,IND275303AAA → IND276140AAA
IND341306AAA,IND302014AAA,2.3322589719250555,0.19973725427139422,123.769828125,207.96875,1.0,32,1.2928247650514404,IND341306AAA → IND302014AAA
IND764001AAC,IND764059AAA,2.063108336743328,0.5869542571739796,28.675214285714286,44.34285714285714,0.9714285714285714,35,1.2927581832780966,IND764001AAC → IND764059AAA
IND781001AAA,IND781018AAB,2.0788510171946704,0.8370817396716476,28.668240000000004,75.0,0.7,20,1.2926649287793626,IND781001AAA → IND781018AAB
IND845401AAA,IND845305AAA,2.31681277530361,0.24015039765031035,37.47636363636364,65.04545454545455,0.9772727272727273,44,1.2919520475983552,IND845401AAA → IND845305AAA
IND000000ACB,IND110043AAA,2.026222842061151,0.6755384162273514,26.14347462686567,53.38805970149254,0.9253731343283582,67,1.2907626019911733,IND000000ACB → IND110043AAA
IND643001AAA,IND643212AAA,2.457618220336258,0.02507506797666178,37.238927777777775,64.88888888888889,1.0,18,1.290569808527502,IND643001AAA → IND643212AAA
IND574216AAA,IND575004AAB,2.30240930940794,0.23139341029707403,42.787506896551726,69.10344827586206,1.0,29,1.2903817468522982,IND574216AAA → IND575004AAB
IND713205AAB,IND722101AAC,2.1010203069527744,0.49967326481998503,32.978696,67.08,1.0,25,1.2903101022271053,IND713205AAB → IND722101AAC
IND505001AAB,IND501359AAE,2.197383170985359,0.3694575208583759,104.66565714285714,182.14285714285714,1.0,7,1.2897905246516566,IND505001AAB → IND501359AAE
IND135001AAA,IND173025AAA,2.354528916624199,0.1582987640916763,49.932611111111115,90.5,1.0,36,1.2893011958771825,IND135001AAA → IND173025AAA
IND281121AAB,IND110037AAM,2.20742745637646,0.3522298968793961,99.55568787878788,174.3181818181818,1.0,66,1.288639951614403,IND281121AAB → IND110037AAM
IND533201AAA,IND533262AAA,2.1385389775740653,0.44237092052287375,45.186566666666664,80.77777777777777,1.0,18,1.2881268671864883,IND533201AAA → IND533262AAA
IND421302AAR,IND400612AAA,2.3904834296138646,0.10282268947074495,14.039539130434783,26.782608695652176,1.0,23,1.2870401786867693,IND421302AAR → IND400612AAA
IND607106AAA,IND607801AAA,2.2919774669774666,0.23327725707608743,14.308033333333332,22.533333333333335,1.0,30,1.286774163913813,IND607106AAA → IND607801AAA
IND785682AAA,IND786001AAB,2.3599792261942563,0.1369285801885144,64.96509666666667,104.86666666666666,1.0,30,1.2850702645342569,IND785682AAA → IND786001AAB
IND756019AAA,IND757001AAA,2.4270147123407995,0.046860003284405136,45.14223333333334,79.0,1.0,3,1.2848638859216412,IND756019AAA → IND757001AAA
IND486001AAA,IND486771AAA,2.252167730299667,0.27894838969861974,51.079125,102.5,1.0,4,1.2845516090294526,IND486001AAA → IND486771AAA
IND332001AAB,IND333042AAA,1.9226618346791926,0.8608208142176954,32.077014285714284,61.035714285714285,0.8571428571428571,28,1.2844538352798427,IND332001AAB → IND333042AAA
IND000000ACB,IND125001AAA,2.168091311720241,0.38988062410852975,101.36058857142858,172.0,1.0,105,1.2842007119206553,IND000000ACB → IND125001AAA
IND712311AAA,IND713205AAB,2.2272584393789057,0.3109052115935098,93.90849066666667,143.96,1.0,75,1.2841749392296153,IND712311AAA → IND713205AAB
IND144401AAB,IND144001AAB,2.0829052483464245,0.5023457174279512,12.622129411764705,20.029411764705884,1.0,34,1.2838658145669553,IND144401AAB → IND144001AAB
IND485001AAC,IND488001AAA,2.3634184069028996,0.1266813083431421,54.062774999999995,85.33333333333333,1.0,12,1.2833717552641024,IND485001AAC → IND488001AAA
IND421302AAG,IND400078AAB,2.4580419580419584,2.4451073402121475e-05,14.83015,29.5,1.0,2,1.283224118538804,IND421302AAG → IND400078AAB
IND515201AAA,IND515134AAA,1.8869261999329356,0.8603499430671671,42.327556666666666,76.5,0.9,30,1.2828754628933243,IND515201AAA → IND515134AAA
IND834002AAB,IND826004AAA,2.3847239619705616,0.09873410210045909,94.64924355400697,176.10452961672473,0.9965156794425087,287,1.282464519251115,IND834002AAB → IND826004AAA
IND515201AAA,IND515301AAA,2.346332427349508,0.14629366782810763,21.569802380952382,36.095238095238095,1.0,42,1.2824210712882356,IND515201AAA → IND515301AAA
IND360530AAB,IND362001AAA,2.0814986810316514,0.5086969869818597,50.492429292929295,91.16161616161617,0.98989898989899,99,1.2821782654769154,IND360530AAB → IND362001AAA
IND248001AAD,IND131028AAB,2.179998111619992,0.3743376857404592,127.98377251908396,255.7175572519084,0.9923664122137404,131,1.2820104740342566,IND248001AAD → IND131028AAB
IND274304AAB,IND274301AAB,2.334904474610357,0.1578615955976827,24.47335,39.26923076923077,1.0,26,1.2813202685234477,IND274304AAB → IND274301AAB
IND370110AAA,IND370001AAA,2.29735232629003,0.2077814306286296,33.797775,56.0,1.0,28,1.281275359704601,IND370110AAA → IND370001AAA
IND854326AAB,IND854311AAA,1.76158228629319,0.9166682194324921,33.901450000000004,44.95238095238095,1.0,42,1.2796333803470237,IND854326AAB → IND854311AAA
IND305001AAC,IND305802AAA,2.271915608757714,0.23498612822078252,26.230559090909093,50.77272727272727,1.0,22,1.2792620819693203,IND305001AAC → IND305802AAA
IND263153AAB,IND263401AAA,2.4299450549450547,0.023551654389566454,35.47625,82.0,1.0,2,1.2790435182948918,IND263153AAB → IND263401AAA
IND532222AAA,IND532001AAB,1.9830407596707122,0.6170981039673594,67.1563,107.5,1.0,4,1.2783457350584928,IND532222AAA → IND532001AAB
IND421302AAG,IND110037AAM,2.287915062023958,0.2090974953176374,682.1323404145077,1089.8569948186528,1.0,965,1.2778952734048745,IND421302AAG → IND110037AAM
IND781018AAB,IND785612AAB,2.2746576857136787,0.22558447715110672,146.880055,242.0,1.0,20,1.2775384174308035,IND781018AAB → IND785612AAB
IND421302AAG,IND444005AAB,2.411366356028672,0.04327038295573154,294.73775011933174,509.96658711217185,1.0,419,1.2775276572981882,IND421302AAG → IND444005AAB
IND781018AAB,IND793001AAA,2.330749643217782,0.14883906183279424,79.84433793103447,134.06896551724137,1.0,29,1.2769515758369512,IND781018AAB → IND793001AAA
IND160002AAC,IND147101AAA,2.2179145423643605,0.29855120485958636,49.68264444444444,94.55555555555556,1.0,27,1.2767311784036202,IND160002AAC → IND147101AAA
IND731204AAB,IND731301AAA,2.2972458310919848,0.19165440289436694,19.68196923076923,49.23076923076923,1.0,13,1.276394653305104,IND731204AAB → IND731301AAA
IND123401AAB,IND000000ACB,2.211408012888089,0.304096062425748,48.69958888888888,100.66666666666667,1.0,9,1.2757920238829599,IND123401AAB → IND000000ACB
IND691305AAA,IND689645AAA,2.3759433364988922,0.08463143305494522,20.359917777777778,43.91111111111111,1.0,45,1.2757667645160407,IND691305AAA → IND689645AAA
IND783129AAA,IND794101AAA,2.3581486319387843,0.10486413059068511,76.51065,127.75,1.0,4,1.2747186919527194,IND783129AAA → IND794101AAA
IND517501AAB,IND517644AAA,2.3822918066418506,0.07075287130781754,32.760828125,61.125,1.0,32,1.2741425840490856,IND517501AAB → IND517644AAA
IND302014AAA,IND305001AAC,2.3684556510662977,0.088899838871411,85.75885238095238,153.70238095238096,1.0,84,1.2740522120879425,IND302014AAA → IND305001AAC
IND686507AAA,IND686513AAA,2.3864087301587302,0.06474413539421252,12.847814285714287,20.821428571428573,1.0,28,1.2739867326817558,IND686507AAA → IND686513AAA
IND303106AAA,IND302014AAA,2.344073200492571,0.12044069094055838,57.7521,102.14285714285714,1.0,7,1.2737614874791958,IND303106AAA → IND302014AAA
IND826004AAA,IND828111AAA,2.426767676767677,0.010024487297214517,11.56805,24.25,1.0,4,1.2737144168962353,IND826004AAA → IND828111AAA
IND811213AAA,IND811201AAB,2.425,0.01125000000000002,30.03,56.0,1.0,2,1.273375,IND811213AAA → IND811201AAB
IND342005AAD,IND342902AAA,2.0994627837445536,0.4441626628997035,67.943815,144.1,1.0,20,1.2730339123677326,IND342005AAD → IND342902AAA
IND458990AAA,IND312605AAB,2.12824922856874,0.4052521466979285,45.70363666666667,90.76666666666667,1.0,30,1.2728753354368747,IND458990AAA → IND312605AAB
IND562132AAA,IND462022AAA,2.2995117560398244,0.17668935616103065,738.64670976,1127.5392,1.0,625,1.272811509264239,IND562132AAA → IND462022AAA
IND396191AAC,IND395023AAA,2.4252900673016065,0.007065397896622079,71.6384,126.5,1.0,4,1.2722356462896292,IND396191AAC → IND395023AAA
IND785675AAA,IND785612AAB,2.3712728683083326,0.07675788916234319,100.39128571428571,159.28571428571428,1.0,7,1.271536514072036,IND785675AAA → IND785612AAB
IND144001AAB,IND000000ACA,2.2853405397910733,0.1901958210272371,53.560968115942025,87.73913043478261,1.0,69,1.2711949622246004,IND144001AAB → IND000000ACA
IND421302AAG,IND410401AAA,2.2115827916429165,0.2833559021465119,66.15172272727273,114.93181818181819,1.0,44,1.2696398873011203,IND421302AAG → IND410401AAA
IND211002AAB,IND485001AAC,2.359232871257698,0.08621122348063823,103.35041666666666,178.96153846153845,1.0,78,1.2695565155472708,IND211002AAB → IND485001AAC
IND415605AAA,IND415709AAA,2.3538731128472974,0.09134134899411034,32.111134375,53.71875,1.0,32,1.268951649837152,IND415605AAA → IND415709AAA
IND402301AAA,IND402107AAA,2.2474945179984194,0.24194859683057102,53.55064867256637,83.23893805309734,0.9911504424778761,113,1.268927518991902,IND402301AAA → IND402107AAA
IND205001AAB,IND209721AAB,2.270889122833169,0.20107201763401866,41.52664,70.86666666666666,1.0,30,1.2686772544234732,IND205001AAB → IND209721AAB
IND000000ACB,IND201301AAM,2.1192614418713385,0.40990740805657316,57.187352302631574,118.95065789473684,0.9901315789473685,304,1.267716272849718,IND000000ACB → IND201301AAM
IND533003AAA,IND533106AAA,2.121580514694034,0.39548917817343426,44.24073333333334,82.44444444444444,1.0,9,1.2672789593296439,IND533003AAA → IND533106AAA
IND431136AAC,IND431203AAA,1.9896066209391494,0.5694486591185404,43.81276696428572,62.1875,1.0,112,1.266677246111222,IND431136AAC → IND431203AAA
IND416602AAC,IND411033AAA,2.09466482116692,0.44108896138187176,178.12713780487806,331.390243902439,0.9878048780487805,82,1.2665340802959637,IND416602AAC → IND411033AAA
IND600032AAB,IND600076AAB,2.1392117074102366,0.3930998912390382,14.199165476190476,28.88095238095238,0.9761904761904762,84,1.2664717931929488,IND600032AAB → IND600076AAB
IND302014AAA,IND332404AAA,2.1856464182769297,0.557373690215722,58.5886,97.25,0.75,4,1.2664706743754885,IND302014AAA → IND332404AAA
IND523002AAA,IND523316AAB,2.401696265938069,0.01849966956396959,61.208200000000005,117.0,1.0,4,1.2662284072444185,IND523002AAA → IND523316AAB
IND641008AAA,IND641001AAA,2.2670825906120022,0.19686791369710538,13.791133333333335,30.0,1.0,6,1.2658934103539325,IND641008AAA → IND641001AAA
IND524101AAB,IND517501AAB,2.2289038695975605,0.24698059741235548,66.1927109375,115.28125,1.0,64,1.2656557270627309,IND524101AAB → IND517501AAB
IND784001AAA,IND790114AAA,2.3050550452739236,0.14536528039778254,46.215575,96.0,1.0,4,1.2656316022289043,IND784001AAA → IND790114AAA
IND573201AAB,IND573116AAA,1.9457626649340813,0.6243124103004335,32.87921428571429,50.82142857142857,1.0,28,1.2655987890637626,IND573201AAB → IND573116AAA
IND581334AAA,IND581343AAC,2.2656641604010024,0.19629273685466797,21.346899999999998,45.0,1.0,2,1.2651534852168014,IND581334AAA → IND581343AAC
IND533201AAA,IND533242AAA,2.373809523809524,0.05089569160997725,21.0756,34.5,1.0,2,1.2647925170068026,IND533201AAA → IND533242AAA
IND403726AAA,IND416510AAA,2.261492221277138,0.20061083120584483,63.01302666666666,133.73333333333332,1.0,15,1.2647801378726087,IND403726AAA → IND416510AAA
IND334001AAB,IND334803AAA,2.106835310956534,0.40495120145959573,46.463883333333335,68.66666666666667,1.0,6,1.2642194848204924,IND334001AAB → IND334803AAA
IND431514AAA,IND431515AAA,2.1925589514115056,0.28942747384674067,28.14591875,42.4375,1.0,32,1.2638518227186246,IND431514AAA → IND431515AAA
IND580028AAA,IND590016AAA,2.2235017155706727,0.2450031366501531,68.72653968253968,109.2063492063492,1.0,63,1.2629016272233151,IND580028AAA → IND590016AAA
IND173025AAA,IND160002AAC,2.258483500968698,0.1980411778480686,65.777775,140.5,1.0,44,1.2628057537419,IND173025AAA → IND160002AAC
IND68004AAA,IND683511AAA,2.1723927789900728,0.35225029174698064,35.231722,71.04,0.96,50,1.2626321991201233,IND68004AAA → IND683511AAA
IND509216AAC,IND501359AAE,1.9753980085037008,0.574774125410593,26.0141,41.75,1.0,32,1.2625914410246584,IND509216AAC → IND501359AAE
IND814133AAA,IND816109AAA,2.176729024943311,0.3056998699423078,62.10423333333333,106.0,1.0,3,1.2624015709600167,IND814133AAA → IND816109AAA
IND202001AAB,IND110037AAM,2.280972926824646,0.16190878474908038,97.29161666666668,187.0,1.0,6,1.2609618061545824,IND202001AAB → IND110037AAM
IND331022A1B,IND331001A1C,2.11119625715899,0.7215336066371707,47.085366666666665,89.33333333333333,0.6666666666666666,3,1.2609385848547474,IND331022A1B → IND331001A1C
IND140401AAA,IND000000ACA,2.1801756955276086,0.3780746064473542,55.405300000000004,88.25,0.9166666666666666,12,1.2604926601452495,IND140401AAA → IND000000ACA
IND441206AAB,IND441603AAA,2.3261936419207876,0.09788596237120217,51.67666666666667,89.33333333333333,1.0,9,1.2598432454796757,IND441206AAB → IND441603AAA
IND743513AAA,IND743347AAA,2.163278079231242,0.3113577909782564,31.74895806451613,48.46774193548387,1.0,62,1.258718568985974,IND743513AAA → IND743347AAA
IND126112AAA,IND131028AAB,2.1030038230565107,0.45349696738297035,59.8206703125,101.59375,0.9375,64,1.2585006194374952,IND126112AAA → IND131028AAB
IND843301AAA,IND843320AAA,2.0967314659977703,0.3989729727232181,27.728305,52.5,1.0,40,1.2583844782160736,IND843301AAA → IND843320AAA
IND533106AAA,IND501359AAE,2.187949640814344,0.27602803667001646,228.2347330882353,368.1102941176471,1.0,136,1.2579882673267426,IND533106AAA → IND501359AAE
IND382715AAA,IND382430AAB,2.2396156234421163,0.20704915443322106,48.40081153846154,91.15384615384616,1.0,52,1.2579609957068127,IND382715AAA → IND382430AAB
IND232104AAB,IND221010AAB,2.3592753623188405,0.04713639991598398,27.299925,55.25,1.0,4,1.2578510649023316,IND232104AAB → IND221010AAB
IND152101AAA,IND152026AAA,2.007217444717445,0.514197561840375,37.6012,69.5,1.0,4,1.2571462464390906,IND152101AAA → IND152026AAA
IND401209AAB,IND421302AAG,2.3882783882783882,0.0056869138187819746,25.9004,60.666666666666664,1.0,3,1.2570174294569898,IND401209AAB → IND421302AAG
IND174101AAB,IND160002AAC,2.0491893629155324,0.5468737238398723,64.53818636363636,128.1590909090909,0.9090909090909091,44,1.2564651350454474,IND174101AAB → IND160002AAC
IND786171AAA,IND786181AAC,2.2201436130007557,0.2276004173715341,12.428495238095238,18.571428571428573,1.0,21,1.2563375704117625,IND786171AAA → IND786181AAC
IND751002AAB,IND562132AAA,2.3444441367929003,0.0617055492262162,759.4264130311616,1347.542492917847,1.0,706,1.256289319485025,IND751002AAB → IND562132AAA
IND688524AAA,IND683511AAA,2.2662863833990787,0.16568853342416742,42.5286,92.0952380952381,1.0,21,1.2562211133868817,IND688524AAA → IND683511AAA
IND121004AAB,IND121102AAA,2.130714946594652,0.34641982922462855,28.23858243902439,42.34634146341463,1.0,205,1.2562119274052495,IND121004AAB → IND121102AAA
IND700053AAA,IND700136AAB,2.2758620689655173,0.1521997621878717,23.15815,57.0,1.0,2,1.2560047562425685,IND700053AAA → IND700136AAB
IND602001AAB,IND609001AAA,2.3556629845329535,0.045288940014497396,30.575177272727274,52.36363636363637,1.0,22,1.2558518758175308,IND602001AAB → IND609001AAA
IND816109AAA,IND826004AAA,1.9386691666231524,0.7189494666013673,164.38384175824174,286.0659340659341,0.8791208791208791,91,1.2548887703659348,IND816109AAA → IND826004AAA
IND413709AAA,IND423701AAB,2.3667579464424815,0.027029895395373135,25.727425,58.416666666666664,1.0,12,1.2548121471956046,IND413709AAA → IND423701AAB
IND562108AAA,IND572101AAA,2.060113304244868,0.4353562025159835,42.074850000000005,81.64285714285714,1.0,14,1.2546521824527421,IND562108AAA → IND572101AAA
IND273014AAB,IND274301AAB,2.317719049426367,0.09053519031638413,48.353833333333334,86.0,1.0,3,1.2542481768654619,IND273014AAB → IND274301AAB
IND423106AAA,IND423105AAA,1.9237386473273699,0.615529763066954,31.14889375,55.25,1.0,16,1.2541543878510342,IND423106AAA → IND423105AAA
IND110064AAA,IND000000ACB,1.5110666242873767,1.2814535789641794,34.12540555555556,52.32222222222222,0.8833333333333333,180,1.2538627234042046,IND110064AAA → IND000000ACB
IND501359AAE,IND508252AAB,2.1090074645251407,0.3654927493043392,49.54245714285714,74.0,1.0,21,1.253250810601358,IND501359AAE → IND508252AAB
IND416012AAA,IND591237AAB,2.081997597762759,0.40059482127587376,32.39728,52.6,1.0,20,1.252977485487866,IND416012AAA → IND591237AAB
IND425409AAA,IND425406AAA,2.3609208091664233,0.026870367484960994,39.81412777777778,66.44444444444444,1.0,18,1.2524294339120579,IND425409AAA → IND425406AAA
IND636016AAA,IND636402AAA,1.6868546384086827,1.0917118017848009,39.802283333333335,69.16666666666667,0.8333333333333334,6,1.2522553958989133,IND636016AAA → IND636402AAA
IND000000ACB,IND209304AAA,2.2591686604562033,0.17659317603572172,239.53979776951672,399.3382899628253,0.9851301115241635,269,1.252184450450447,IND000000ACB → IND209304AAA
IND424006AAA,IND424304AAC,2.253398556577477,0.16482799782536042,42.6001,68.54166666666667,1.0,24,1.2508078219785987,IND424006AAA → IND424304AAC
IND518501AAA,IND518124AAA,2.063904458350985,0.4171783149239859,31.976913333333336,54.46666666666667,1.0,30,1.2507152778175898,IND518501AAA → IND518124AAA
IND583227AAA,IND583201AAA,2.210179211469534,0.22155816086638153,20.523033333333334,51.333333333333336,1.0,3,1.250539132847728,IND583227AAA → IND583201AAA
IND464668AAA,IND462022AAA,2.1870452194700314,0.2480293797585913,88.4240625,149.125,1.0,8,1.24922690171559,IND464668AAA → IND462022AAA
IND794101AAA,IND781018AAB,2.221660641806983,0.20005693760683851,120.62891944444443,217.86111111111111,1.0,72,1.2486813380048447,IND794101AAA → IND781018AAB
IND521001AAA,IND521225AAB,2.350135504759053,0.02710099816088622,51.49728,89.93333333333334,1.0,15,1.2481845013518873,IND521001AAA → IND521225AAB
IND742101AAC,IND742202AAA,2.249446927066093,0.16065289641657687,59.30005,99.25,1.0,4,1.2479746397514104,IND742101AAC → IND742202AAA
IND273014AAB,IND273304AAA,2.1401590149931478,0.36116963516115347,57.10827777777778,105.77777777777777,0.9444444444444444,18,1.2477478298789386,IND273014AAB → IND273304AAA
IND504293AAA,IND505001AAB,2.1623532732533772,0.27504924261405855,87.52762857142858,146.0,1.0,35,1.2474560820855685,IND504293AAA → IND505001AAB
IND821115AAB,IND821109AAA,2.2284057042390377,0.1863559934569731,44.98985555555556,75.27777777777777,1.0,18,1.247269079732707,IND821115AAB → IND821109AAA
IND000000ACB,IND160002AAC,2.015222235592946,0.49333079972562366,156.76504710365853,234.77591463414635,0.9771341463414634,656,1.2472283780573046,IND000000ACB → IND160002AAC
IND757025AAA,IND757001AAA,2.255466428995841,0.14946140567536187,24.186,37.72727272727273,1.0,11,1.247024993300945,IND757025AAA → IND757001AAA
IND476111AAA,IND477001AAB,2.3164621769272933,0.06752725634521081,53.50756666666666,84.5,1.0,6,1.2468430476744805,IND476111AAA → IND477001AAB
IND577598AAB,IND573142AAA,2.052041133129019,0.42005239232890684,52.213804,94.94,1.0,50,1.2468321709502797,IND577598AAB → IND573142AAA
IND560085AAA,IND562132AAA,1.948182045484124,0.7010843874329554,22.731466666666666,53.76190476190476,0.8571428571428571,21,1.2467409915663934,IND560085AAA → IND562132AAA
IND712103AAA,IND712124AAA,2.3636363636363638,0.0,11.4154,26.0,1.0,2,1.2454545454545456,IND712103AAA → IND712124AAA
IND600016AAC,IND600119AAA,1.8452735819499133,0.9176023282796085,22.094668181818182,38.36363636363637,0.7727272727272727,22,1.2452083130820297,IND600016AAC → IND600119AAA
IND400072AAB,IND421302AAR,2.0523838139188704,0.4131559581826603,22.38760983606557,38.49180327868852,1.0,61,1.2449003130223464,IND400072AAB → IND421302AAR
IND754022AAA,IND751002AAB,2.267794297206062,0.12474433405647516,55.22188333333333,92.16666666666667,1.0,6,1.2445410190993673,IND754022AAA → IND751002AAB
IND533262AAA,IND533201AAA,2.179418578497526,0.24165948466904144,35.6893,59.2,1.0,10,1.2442652767997229,IND533262AAA → IND533201AAA
IND577002AAA,IND581110AAE,2.155812427898229,0.27281014903830514,43.9966625,73.5,1.0,8,1.244168015870783,IND577002AAA → IND581110AAE
IND000000ACA,IND147301AAA,2.010324049539736,0.4661781803786553,32.13248333333333,50.333333333333336,1.0,6,1.243983073929491,IND000000ACA → IND147301AAA
IND403726AAA,IND581400AAB,2.201260909570049,0.21099344846797866,85.448375,162.25,1.0,4,1.2438023983684132,IND403726AAA → IND581400AAB
IND787059AAB,IND791102AAA,2.29248253531866,0.08423271458629157,68.99369999999999,114.25,1.0,4,1.2422628285033515,IND787059AAB → IND791102AAA
IND212601AAA,IND210001AAA,2.261610578494491,0.12371877221157367,58.0624,96.078125,1.0,64,1.2417598630612687,IND212601AAA → IND210001AAA
IND411033AAA,IND403726AAA,2.2907602777443556,0.08287850034791398,288.2006047761194,504.6507462686567,1.0,335,1.2411676612021165,IND411033AAA → IND403726AAA
IND500010AAA,IND501359AAE,2.0985653861735503,0.3368838283530272,29.358503125,51.8125,1.0,32,1.2404913029753284,IND500010AAA → IND501359AAE
IND785612AAB,IND781018AAB,2.318406811301025,0.04364830218154035,136.30283333333333,214.88888888888889,1.0,9,1.240457215174872,IND785612AAB → IND781018AAB
IND144001AAC,IND000000ACA,2.0549255982606836,0.39332551895926265,50.023292500000004,72.7,1.0,40,1.2399678949920523,IND144001AAC → IND000000ACA
IND721434AAB,IND721401AAA,2.2945238095238096,0.07173476946334091,36.657975,84.0,1.0,4,1.2393299546485261,IND721434AAB → IND721401AAA
IND263153AAB,IND263139AAA,1.9869368620152592,0.4803064146165167,31.15112142857143,70.92857142857143,1.0,14,1.2388666691910588,IND263153AAB → IND263139AAA
IND535591AAA,IND535558AAA,2.273611111111111,0.09385995370370383,18.980233333333334,35.666666666666664,1.0,3,1.2376024305555555,IND535591AAA → IND535558AAA
IND402107AAA,IND402109AAA,2.228573383413357,0.1491594206777813,28.42140857142857,47.285714285714285,1.0,70,1.2361771795686771,IND402107AAA → IND402109AAA
IND560300AAA,IND000000ACS,2.3340458152958155,0.007559750579907502,29.559625,76.5,1.0,4,1.2358862512922986,IND560300AAA → IND000000ACS
IND431603AAA,IND413517AAA,2.30765358605375,0.042065667800483195,59.907920000000004,114.9,1.0,10,1.235681134761645,IND431603AAA → IND413517AAA
IND243301AAB,IND244901AAB,1.6635371393080598,1.2005092753130446,55.40267333333334,100.03333333333333,0.7,30,1.2355676383171375,IND243301AAB → IND244901AAB
IND000000ACB,IND124103AAA,2.055118404731814,0.3776330658603557,38.993448275862065,74.24137931034483,1.0,29,1.2353372816508323,IND000000ACB → IND124103AAA
IND803116AAA,IND803108AAB,2.2922126901086175,0.06133401673767303,35.494542307692306,68.15384615384616,1.0,26,1.235285281064749,IND803116AAA → IND803108AAB
IND531036AAA,IND530012AAA,2.274066755810177,0.08446186155863988,28.2279,61.5625,1.0,16,1.2349652607916628,IND531036AAA → IND530012AAA
IND501359AAE,IND411033AAA,2.2435563849190627,0.12488703356879453,312.11016062500005,504.34791666666666,1.0,480,1.2348886640382635,IND501359AAE → IND411033AAA
IND560027AAA,IND560099AAA,1.9251343101343104,0.975644277904748,16.858914285714285,35.714285714285715,0.5714285714285714,7,1.2341755788537199,IND560027AAA → IND560099AAA
IND852201AAA,IND852131AAA,2.332661290322581,0.003585132674297572,34.56625,73.5,1.0,2,1.2341400559313216,IND852201AAA → IND852131AAA
IND793001AAA,IND793150AAA,2.3028056484578223,0.04305638446058202,50.986175,82.5,1.0,4,1.2340391747213035,IND793001AAA → IND793150AAA
IND531163AAA,IND535001AAA,2.25731322209055,0.10297381977698794,19.398258974358974,32.53846153846154,1.0,39,1.2338174347693165,IND531163AAA → IND535001AAA
IND600048AAA,IND600044AAD,2.159090909090909,0.2324380165289256,11.07965,22.5,1.0,2,1.2333677685950415,IND600048AAA → IND600044AAD
IND152123AAA,IND152026AAA,2.3171769671769673,0.020439104158155377,51.22723333333334,111.66666666666667,1.0,3,1.2330025181182336,IND152123AAA → IND152026AAA
IND501359AAE,IND509358AAA,1.642205009203279,0.9171203340660632,30.20951176470588,37.088235294117645,1.0,34,1.2320181039011306,IND501359AAE → IND509358AAA
IND573142AAA,IND573201AAB,1.9521169187423055,0.5038335535429401,36.09214117647059,64.6470588235294,1.0,34,1.2319968335598042,IND573142AAA → IND573201AAB
IND743235AAA,IND743270AAA,2.2312013694366635,0.13160938594755256,18.191133333333337,36.833333333333336,1.0,6,1.231963363558931,IND743235AAA → IND743270AAA
IND362720AAA,IND362560AAA,2.2021277665294785,0.17032965892897747,26.47381739130435,38.98550724637681,1.0,69,1.2319500042904847,IND362720AAA → IND362560AAA
IND421302AAG,IND834002AAB,2.2331843374026232,0.1272583284963056,847.0533333333333,1395.6544715447155,1.0,246,1.231451233509941,IND421302AAG → IND834002AAB
IND282001AAF,IND283122AAB,2.14743060401258,0.3372739887977996,20.2984975,34.35,0.9,40,1.2301544382443719,IND282001AAF → IND283122AAB
IND586101AAB,IND416404AAA,2.2883750662706435,0.04803573300468046,45.81214666666666,72.06666666666666,1.0,15,1.2297607464096616,IND586101AAB → IND416404AAA
IND423701AAB,IND422011AAD,2.0242644165244363,0.4038857912858191,69.68131888888888,108.86666666666666,0.9944444444444445,180,1.2292048373288536,IND423701AAB → IND422011AAD
IND577002AAA,IND581115AAC,2.11667276190295,0.27503017406141184,25.079514473684213,41.14473684210526,1.0,76,1.2291781569796036,IND577002AAA → IND581115AAC
IND572101AAA,IND562101AAA,2.2799818271960737,0.0563684865341812,52.107350000000004,87.625,1.0,8,1.2289032768386838,IND572101AAA → IND562101AAA
IND423601AAA,IND423701AAB,1.9743392859153728,0.4637804567237003,20.758383333333335,37.111111111111114,1.0,36,1.2288698513832594,IND423601AAA → IND423701AAB
IND600044AAE,IND600056AAB,1.986579981394309,0.48129701240847994,24.50876436781609,45.2183908045977,0.9655172413793104,87,1.2286762686940607,IND600044AAE → IND600056AAB
IND721212AAA,IND712310AAE,2.190279799158511,0.16792284982790348,51.545045,86.2125,1.0,80,1.2264887746117754,IND721212AAA → IND712310AAE
IND384205AAA,IND385001AAA,1.913574943372647,0.5352173690130825,53.26513333333333,98.66666666666667,1.0,3,1.2259951880529836,IND384205AAA → IND385001AAA
IND842003AAB,IND480886AAA,2.232438317224213,0.10896598460045467,63.59502580645161,103.38709677419355,1.0,31,1.2256651222698216,IND842003AAB → IND480886AAA
IND851127AAA,IND851112AAB,2.293091168091168,0.027845248821032304,32.246375,60.25,1.0,4,1.225590041882777,IND851127AAA → IND851112AAB
IND262701AAA,IND262802AAA,2.1684880777080267,0.1922196882667018,28.4551875,43.875,1.0,40,1.2250611375632212,IND262701AAA → IND262802AAA
IND413517AAA,IND431603AAA,2.0243823898122932,0.38414978500367347,60.0212,102.4,1.0,10,1.2249978914260193,IND413517AAA → IND431603AAA
IND501101AAB,IND501359AAE,2.264561128526646,0.06086765491330328,48.92658333333333,83.0,1.0,6,1.2240847478846495,IND501101AAB → IND501359AAE
IND144001AAC,IND160002AAC,2.1662468737099823,0.21557307916028837,85.7528472440945,138.83070866141733,0.9763779527559056,254,1.224084059058851,IND144001AAC → IND160002AAC
IND803101AAA,IND805110AAD,2.229041242100705,0.10615713573551376,27.511605555555555,43.55555555555556,1.0,18,1.2234636375609362,IND803101AAA → IND805110AAD
IND160002AAC,IND000000ACB,2.1483366224163167,0.21167970378385065,160.70190768156425,264.3100558659218,1.0,716,1.222838560101682,IND160002AAC → IND000000ACB
IND504215AAA,IND505326AAB,2.089255372313843,0.28649326760907406,47.0357,94.33333333333333,1.0,3,1.2216501292082595,IND504215AAA → IND505326AAB
IND560099AAB,IND560043AAC,1.8606925546331923,0.681284033475817,21.849764864864863,44.2972972972973,0.9099099099099099,111,1.221635204868995,IND560099AAB → IND560043AAC
IND306116AAA,IND306001AAA,2.0966737266598336,0.2756332808923504,72.09245000000001,122.3,1.0,10,1.2213594749316385,IND306116AAA → IND306001AAA
IND786001AAB,IND792103AAB,2.286779969125567,0.022046084748020108,68.60880999999999,115.6,1.0,10,1.221325813074633,IND786001AAB → IND792103AAB
IND574104AAA,IND574216AAA,2.2168870604204156,0.11405723368248104,34.198821153846154,60.42307692307692,1.0,52,1.2209719942729105,IND574104AAA → IND574216AAA
IND122002AAD,IND122503AAA,2.2658755943849114,0.0480057608297346,21.577257142857142,35.42857142857143,1.0,7,1.220751966002885,IND122002AAD → IND122503AAA
IND283203AAA,IND110037AAM,2.1572669938154387,0.19144427392313917,149.80207076923077,239.6769230769231,1.0,130,1.2203400797031172,IND283203AAA → IND110037AAM
IND515671AAA,IND515591AAA,2.047058823529412,0.3378200692041525,56.17476666666666,110.33333333333333,1.0,3,1.2201695501730105,IND515671AAA → IND515591AAA
IND814112AAA,IND814133AAA,2.2839946149156676,0.018331147178537874,53.457883333333335,86.33333333333333,1.0,6,1.2190971901198284,IND814112AAA → IND814133AAA
IND723101AAA,IND723202AAA,2.081923606523149,0.2869647165788326,36.70613214285714,64.75,1.0,28,1.2188588575829093,IND723101AAA → IND723202AAA
IND518206AAA,IND518002AAA,1.8551879699248122,0.589137136073266,45.474766666666675,71.33333333333333,1.0,3,1.2188163287919047,IND518206AAA → IND518002AAA
IND533242AAA,IND533201AAA,2.2476190476190476,0.06548752834467106,21.0233,32.5,1.0,2,1.2186938775510205,IND533242AAA → IND533201AAA
IND231217AAA,IND231225AAB,2.2698618340723606,0.035714928449687815,31.656514285714284,50.57142857142857,1.0,14,1.2186592121638506,IND231217AAA → IND231225AAB
IND261001AAA,IND262701AAA,2.1224347404394694,0.22899545215649247,42.88772881355933,84.66101694915254,1.0,59,1.2176725318227355,IND261001AAA → IND262701AAA
IND000000ACB,IND125033AAA,2.1790578628667867,0.15332443278067545,92.25164166666667,153.0,1.0,12,1.2176204749809174,IND000000ACB → IND125033AAA
IND127021AAA,IND127201AAA,2.065927161979794,0.30375987592951664,45.487883333333336,65.0,1.0,24,1.2174988275707725,IND127021AAA → IND127201AAA
IND501359AAE,IND500039AAC,2.191218570894642,0.13619519679795777,25.35966666666667,45.57575757575758,1.0,33,1.217345987397244,IND501359AAE → IND500039AAC
IND842001AAA,IND845401AAA,2.1965225475036805,0.1280013825537544,61.10903125,97.3125,1.0,16,1.2170094337675985,IND842001AAA → IND845401AAA
IND000000ACB,IND282002AAD,2.0877761365136274,0.26999709948853196,110.80058055555556,163.55555555555554,1.0,72,1.2161095844520105,IND000000ACB → IND282002AAD
IND591307AAC,IND580030AAA,2.243272776404519,0.06066658653316881,78.02340000000001,152.2,1.0,5,1.2155090865217584,IND591307AAC → IND580030AAA
IND342602AAC,IND306304AAB,2.271050521251002,0.023440378801666106,50.07115,81.0,1.0,2,1.2154523221409008,IND342602AAC → IND306304AAB
IND842001AAA,IND848114AAA,2.1405528664660443,0.19732811648640106,51.74414683544304,79.0,1.0,79,1.215419581532338,IND842001AAA → IND848114AAA
IND562132AAA,IND683511AAA,2.0978853600503182,0.25193668274970615,251.8832,477.13793103448273,1.0,29,1.2147351488450393,IND562132AAA → IND683511AAA
IND788026AAC,IND781018AAB,2.139525892773825,0.1956262117478441,208.2289879194631,346.28859060402687,1.0,149,1.2144982206338832,IND788026AAC → IND781018AAB
IND509124AAA,IND509103AAC,1.978583916083916,0.4057705843107941,37.496750000000006,66.25,1.0,8,1.2131647417268046,IND509124AAA → IND509103AAC
IND000000ABA,IND683565AAA,1.6932160282362712,1.4002818996953357,16.65936153846154,30.846153846153847,0.38461538461538464,13,1.2127555965877246,IND000000ABA → IND683565AAA
IND821115AAB,IND802101AAA,2.1673027916510517,0.14988017617071966,65.67630833333334,116.0,1.0,24,1.2118851695116366,IND821115AAB → IND802101AAA
IND431136AAC,IND411033AAA,2.1753979537056427,0.13779390144958817,143.73255076923076,227.26153846153846,1.0,130,1.2114973519171337,IND431136AAC → IND411033AAA
IND465683AAA,IND465001AAA,1.7532903996061657,0.7513718671881017,41.24113333333333,89.58974358974359,0.9487179487179487,39,1.2113431046142815,IND465683AAA → IND465001AAA
IND425412AAA,IND425409AAA,2.2345406053718837,0.057354117467273216,34.19056,56.25,1.0,20,1.2110224773889355,IND425412AAA → IND425409AAA
IND501359AAE,IND462022AAA,2.216910484823838,0.07899608421044407,454.70013403908797,699.9039087947883,1.0,614,1.2104630191926684,IND501359AAE → IND462022AAA
IND274509AAB,IND274304AAA,2.2020071313549576,0.0983379510757837,46.46418333333333,87.16666666666667,1.0,6,1.2103042378647182,IND274509AAB → IND274304AAA
IND362001AAA,IND362220AAA,2.097987986695716,0.25279105095810744,25.087666666666664,37.72222222222222,0.9814814814814815,54,1.2094769544101633,IND362001AAA → IND362220AAA
IND413307AAC,IND413002AAA,2.132192314569917,0.18676407103516512,55.989059999999995,93.7,1.0,10,1.2089061471385165,IND413307AAC → IND413002AAA
IND444602AAA,IND444005AAB,2.236190419210109,0.04611018652405731,60.95868928571428,99.96428571428571,1.0,84,1.208309223641261,IND444602AAA → IND444005AAB
IND585401AAA,IND502286AAB,2.099068087414367,0.227526559351644,37.4893,76.72727272727273,1.0,44,1.20788520277124,IND585401AAA → IND502286AAB
IND815353AAA,IND814133AAB,2.152077678260056,0.15673332683180166,70.120928125,107.8125,1.0,32,1.207851069353563,IND815353AAA → IND814133AAB
IND509324AAA,IND508248AAB,2.2156888209829386,0.07042094156189715,39.0041,60.4,1.0,20,1.2074018108617446,IND509324AAA → IND508248AAB
IND572201AAB,IND577101AAA,2.07845047109753,0.2487972743788814,64.579975,123.0,1.0,4,1.2060193707526765,IND572201AAB → IND577101AAA
IND131028AAB,IND201204AAA,2.1130058705291535,0.2012549144604702,51.25522962962963,81.51851851851852,1.0,27,1.2055788225498023,IND131028AAB → IND201204AAA
IND560099AAG,IND560099AAB,1.8035714285714286,0.6128826530612246,10.892,21.5,1.0,2,1.205293367346939,IND560099AAG → IND560099AAB
IND202001AAB,IND205001AAB,2.1078283129368534,0.20651178546902563,89.29373617021275,155.36170212765958,1.0,47,1.2050848608154492,IND202001AAB → IND205001AAB
IND712311AAA,IND421302AAG,2.1641264658322026,0.1229741287310271,978.2864024064172,1531.1042780748662,1.0,374,1.202542824952189,IND712311AAA → IND421302AAG
IND560099AAB,IND560048AAB,1.7489045268017214,1.0618017005484048,21.74888977272727,46.93181818181818,0.6136363636363636,88,1.202193229976119,IND560099AAB → IND560048AAB
IND742137AAA,IND742401AAA,2.1077161985801416,0.19625211066666834,20.025122222222222,47.166666666666664,1.0,18,1.2019621126320572,IND742137AAA → IND742401AAA
IND484446AAA,IND842003AAB,1.9957299069895607,0.41143847398887734,179.60296333333332,266.8666666666667,0.9333333333333333,30,1.2017235049924875,IND484446AAA → IND842003AAB
IND431603AAA,IND413531AAA,2.175318691213469,0.12584037911264337,79.53498085106384,127.25531914893617,0.9787234042553191,47,1.2014966114957766,IND431603AAA → IND413531AAA
IND733201AAA,IND733202AAB,2.1167133520074697,0.18092204201942233,48.2688,67.33333333333333,1.0,3,1.2009619534088147,IND733201AAA → IND733202AAB
IND143001AAA,IND144001AAB,2.0805275603495774,0.2290488379526228,56.868246052631584,88.78947368421052,1.0,76,1.200925675525618,IND143001AAA → IND144001AAB
IND470004AAA,IND470113AAA,2.241484629872532,0.01372022268516826,57.393525000000004,89.75,1.0,8,1.2007099187545633,IND470004AAA → IND470113AAA
IND560300AAA,IND562132AAA,1.8530464544059728,0.5932194997018917,30.892497882352945,75.61882352941177,0.9364705882352942,425,1.200125608143545,IND560300AAA → IND562132AAA
IND764020AAC,IND764001AAC,2.25,0.0,17.1324,27.0,1.0,2,1.2,IND764020AAC → IND764001AAC
IND733129AAB,IND733129AAA,2.1537062937062936,0.12677805840671535,19.790113333333334,37.06666666666667,1.0,15,1.199515935004532,IND733129AAB → IND733129AAA
IND505503AAA,IND506164AAA,2.2475258659469186,0.0012835462041726493,43.18356666666667,67.66666666666667,1.0,3,1.1993954102400193,IND505503AAA → IND506164AAA
IND160002AAC,IND160102AAC,2.011640605363541,0.3156800730534609,28.997249484536084,47.628865979381445,1.0,97,1.1993602640614547,IND160002AAC → IND160102AAC
IND403702AAA,IND575004AAB,2.107090076565722,0.1868643440386162,165.524065625,290.5104166666667,1.0,96,1.1988953338378736,IND403702AAA → IND575004AAB
IND201007AAA,IND245101AAA,2.183110976307019,0.08480920812090961,27.620410000000003,67.5,1.0,10,1.1986871529590806,IND201007AAA → IND245101AAA
IND276128AAA,IND276305AAA,1.8587715325193583,0.5170003707671857,31.346608333333336,53.0,1.0,12,1.198608724237899,IND276128AAA → IND276305AAA
IND811201AAB,IND811213AAA,2.233974358974359,0.015381875958799035,30.0628,48.75,1.0,4,1.1982043063773833,IND811201AAB → IND811213AAA
IND509358AAA,IND508248AAB,2.2144185777297785,0.041170615874113935,52.149904166666666,82.04166666666667,1.0,24,1.1981186158541457,IND509358AAA → IND508248AAB
IND803213AAA,IND811105AAA,2.0164672954528027,0.30260154544001816,43.4262,76.0,1.0,6,1.1973673818131267,IND803213AAA → IND811105AAA
IND000000ACB,IND821115AAB,2.1774496676271857,0.08621291123572403,457.8754646616541,685.0631578947368,1.0,665,1.1968437404215917,IND000000ACB → IND821115AAB
IND854105AAA,IND853204AAA,2.1496498725446096,0.12221765961198336,50.25481666666667,78.83333333333333,1.0,6,1.196525246901439,IND854105AAA → IND853204AAA
IND764071AAB,IND530012AAA,2.1718723028617086,0.09132399424729222,193.30180370370368,320.25925925925924,1.0,27,1.1961461194188712,IND764071AAB → IND530012AAA
IND842001AAA,IND845412AAB,2.187054828973794,0.07085923073797813,41.162609302325585,63.02325581395349,1.0,43,1.196079700810911,IND842001AAA → IND845412AAB
IND209304AAA,IND221313AAA,2.1739991782070924,0.08724859535975184,179.25474880952382,277.14285714285717,1.0,84,1.1957742498907624,IND209304AAA → IND221313AAA
IND248001AAA,IND131028AAB,2.1296124129608467,0.14540959449769983,144.3816388888889,274.99074074074076,1.0,108,1.1954678435336488,IND248001AAA → IND131028AAB
IND131028AAB,IND124507AAA,2.0246550589599996,0.28439802760225236,32.222025,73.35,1.0,20,1.1951814318646756,IND131028AAB → IND124507AAA
IND577201AAA,IND577432AAA,2.2027777777777775,0.046682098765432244,45.54185,73.5,1.0,2,1.1951157407407407,IND577201AAA → IND577432AAA
IND464221AAA,IND470004AAA,2.081093723472189,0.20847514276896628,92.04324,139.2,1.0,5,1.1949800322195654,IND464221AAA → IND470004AAA
IND241124AAB,IND242001AAA,2.1947916666666667,0.05685975646386008,23.465925,35.5,1.0,4,1.1949745936058247,IND241124AAB → IND242001AAA
IND242307AAB,IND207247AAB,2.200864761098628,0.04569652979875876,82.12474499999999,180.95,1.0,20,1.1940548633790786,IND242307AAB → IND207247AAB
IND532001AAB,IND532127AAA,1.980217633845758,0.3396923664290261,30.454111904761902,54.88095238095238,1.0,42,1.193994763467011,IND532001AAB → IND532127AAA
IND126102AAA,IND126116AAA,2.2163736146632567,0.02457093335893421,28.298310000000004,43.7,1.0,10,1.193920725872983,IND126102AAA → IND126116AAA
IND516227AAA,IND515004AAA,2.185786676000137,0.06531927754499962,123.21633125,200.5625,1.0,16,1.1939104536635547,IND516227AAA → IND515004AAA
IND425412AAA,IND425406AAA,2.186110026995778,0.06410823133340468,43.54098333333334,66.83333333333333,1.0,6,1.1936764801983326,IND425412AAA → IND425406AAA
IND731301AAA,IND713205AAB,2.009938872172334,0.2983043181265754,60.54268545454545,110.85454545454546,1.0,55,1.193466844306906,IND731301AAA → IND713205AAB
IND263645AAA,IND263601AAA,2.1460925626738296,0.11649463369614672,48.0362,102.15,1.0,20,1.193385415178376,IND263645AAA → IND263601AAA
IND421302AAG,IND401104AAB,2.0687198944372858,0.21832660320122166,23.003915,42.5,1.0,20,1.1929859387352808,IND421302AAG → IND401104AAB
IND425406AAA,IND425409AAA,2.215966386554622,0.019333380410987963,37.1252,58.5,1.0,2,1.1921865687451452,IND425406AAA → IND425409AAA
IND441614AAA,IND481001AAA,2.1710671923090223,0.07685762224758491,31.535211111111114,47.72222222222222,1.0,18,1.1914841635978846,IND441614AAA → IND481001AAA
IND281401AAA,IND121004AAB,2.1422160624751436,0.11425449103386494,55.01314285714286,87.04761904761905,1.0,21,1.191162772300217,IND281401AAA → IND121004AAB
IND834002AAB,IND829122AAA,2.0748539696014228,0.20297797571539736,35.54764285714286,54.714285714285715,1.0,28,1.1908349805551883,IND834002AAB → IND829122AAA
IND125005AAA,IND125047AAB,2.218935574229692,0.008535969681990436,36.337783333333334,65.83333333333333,1.0,6,1.1901350205964738,IND125005AAA → IND125047AAB
IND442101AAB,IND445001AAB,2.206394497710287,0.024878541762643314,42.522285714285715,67.17142857142858,1.0,35,1.190021361612908,IND442101AAB → IND445001AAB
IND431136AAC,IND431122AAA,2.205480599984101,0.025771237497797018,76.44598444444445,118.75555555555556,1.0,45,1.1899236112429796,IND431136AAC → IND431122AAA
IND277201AAA,IND221706AAA,2.0131600441603927,0.3176568589646193,62.83797857142857,96.39285714285714,0.9642857142857143,28,1.1898467896392573,IND277201AAA → IND221706AAA
IND641008AAA,IND641011AAA,2.196078431372549,0.03767781622452918,11.893699999999999,35.0,1.0,2,1.1897347174163784,IND641008AAA → IND641011AAA
IND333028AAA,IND333504AAA,2.0220306513409962,0.26916993291349206,33.73895,67.0,1.0,2,1.1895632404104461,IND333028AAA → IND333504AAA
IND695012AAA,IND695101AAB,1.994172494172494,0.4719138670187622,22.527516666666667,46.166666666666664,0.8333333333333334,6,1.1892431577746263,IND695012AAA → IND695101AAB
IND174021AAA,IND176048AAA,2.0948292644988045,0.16987810434768688,28.455250000000003,56.666666666666664,1.0,12,1.1888951371038279,IND174021AAA → IND176048AAA
IND248122AAB,IND248001AAA,2.1648706314610204,0.0764056498307408,33.20879333333333,74.53333333333333,1.0,15,1.1888699475336304,IND248122AAB → IND248001AAA
IND751015AAA,IND751002AAB,2.119047619047619,0.13401360544217694,10.208966666666667,14.833333333333334,1.0,6,1.1878231292517007,IND751015AAA → IND751002AAB
IND581320AAA,IND575004AAB,2.1649430193389594,0.07142893757191907,85.46606666666666,153.16666666666666,1.0,6,1.1874058890071597,IND581320AAA → IND575004AAB
IND472001AAA,IND474003AAA,2.1136284546002186,0.1753591095400785,152.5617296296296,334.0740740740741,0.9629629629629629,27,1.186948003591,IND472001AAA → IND474003AAA
IND000000AFG,IND673632AAA,2.02140882235343,0.25752375235332636,34.86325,78.0,1.0,6,1.18582065464737,IND000000AFG → IND673632AAA
IND721134AAB,IND721139AAC,1.7810835277787005,0.7012393352911813,16.02696875,22.125,0.875,32,1.1853052116988345,IND721134AAB → IND721139AAC
IND560099AAB,IND560083AAB,1.7673611111111112,0.5943528163580246,16.7908,29.5,1.0,2,1.1852502893518517,IND560099AAB → IND560083AAB
IND712406AAA,IND712602AAA,2.11280591641123,0.13261429239518854,30.102,65.0,1.0,3,1.1849066542830486,IND712406AAA → IND712602AAA
IND517501AAB,IND517583AAA,2.1561993594449733,0.07412333368401595,22.0974649122807,34.473684210526315,1.0,57,1.1847167438831943,IND517501AAB → IND517583AAA
IND813102AAA,IND812002AAA,2.103792046848625,0.14398634165782237,34.42691764705882,66.97058823529412,1.0,34,1.1847127212367967,IND813102AAA → IND812002AAA
IND845455AAB,IND845418AAB,2.124046284729027,0.11554143458201617,67.19674166666667,118.5,1.0,12,1.1842809442662157,IND845455AAB → IND845418AAB
IND689503AAB,IND683511AAA,2.2048414596808144,0.00678568721598077,81.91731999999999,178.6,1.0,5,1.18397229003712,IND689503AAB → IND683511AAA
IND530012AAA,IND531162AAA,2.059630804536267,0.19898691734531554,14.793592857142857,26.5,1.0,14,1.1835483970181013,IND530012AAA → IND531162AAA
IND767017AAA,IND768004AAD,2.1551849288565426,0.07118774506610329,62.9466375,118.875,1.0,8,1.1834302950624482,IND767017AAA → IND768004AAD
IND122001AAA,IND000000ACB,1.8317374373392596,0.5773408566666338,27.098014999999997,45.2125,0.925,80,1.183397231935694,IND122001AAA → IND000000ACB
IND610001AAA,IND605010AAB,2.1389064002903333,0.09058439646112028,89.77212666666668,162.0,1.0,60,1.1827378790544696,IND610001AAA → IND605010AAB
IND638701AAA,IND641607AAA,2.017094418496357,0.252580493993007,20.038345098039215,37.35294117647059,1.0,51,1.182611915596445,IND638701AAA → IND641607AAA
IND722122AAA,IND713205AAB,1.9673888972463052,0.31739113613931125,50.63972653061224,86.83673469387755,1.0,49,1.1821728997403154,IND722122AAA → IND713205AAB
IND700065AAA,IND700026AAC,2.1882256191950464,0.021698968702174543,12.0458,39.0,1.0,4,1.181799938288671,IND700065AAA → IND700026AAC
IND000000ACB,IND110024AAA,2.07083624433961,0.17573558265340403,40.36853611111111,91.44444444444444,1.0,36,1.1810551725318652,IND000000ACB → IND110024AAA
IND847103AAA,IND847404AAB,2.109219383217453,0.12396445762246049,29.963424324324325,62.21621621621622,1.0,37,1.1808770905737194,IND847103AAA → IND847404AAB
IND201301AAM,IND000000ACB,1.9762636979085222,0.3559144476276895,56.09000483091787,95.10144927536231,0.9420289855072463,207,1.1798885091038895,IND201301AAM → IND000000ACB
IND562132AAA,IND560048AAB,1.9507740798192639,0.4411525725100639,25.719640277777778,57.208333333333336,0.8888888888888888,72,1.1793220703473914,IND562132AAA → IND560048AAB
IND768216AAA,IND770001AAA,1.9395561391223155,0.34457623917699787,35.25345,63.5,1.0,10,1.1791953274020255,IND768216AAA → IND770001AAA
IND362265AAA,IND362720AAA,2.1168921654028345,0.1181841696635433,33.12348205128205,51.8974358974359,0.9871794871794872,78,1.178365963214043,IND362265AAA → IND362720AAA
IND282002AAD,IND474003AAA,1.6438207324376217,0.8349012498674889,79.45046530612245,120.57142857142857,0.8979591836734694,49,1.1773864230373363,IND282002AAD → IND474003AAA
IND504201AAA,IND505001AAB,2.1572470913383377,0.048184275254808416,64.131475,100.0,1.0,4,1.1773541191117778,IND504201AAA → IND505001AAB
IND362220AAA,IND362225AAA,2.1183240240756582,0.09711477583644647,21.37586111111111,38.22222222222222,1.0,18,1.1764640423811974,IND362220AAA → IND362225AAA
IND416606AAA,IND416510AAA,2.035277141159494,0.20777201928087952,14.617407142857143,25.5,1.0,14,1.1764424622480614,IND416606AAA → IND416510AAA
IND362001AAA,IND360370AAA,1.987632740447958,0.26968972073017594,28.199755,39.55,1.0,20,1.1759600123982359,IND362001AAA → IND360370AAA
IND207247AAB,IND205001AAB,2.045587794272005,0.19224735016478162,44.12988,95.35,1.0,20,1.1759093227582365,IND207247AAB → IND205001AAB
IND600056AAB,IND631501AAA,2.1155377279370247,0.0966522291322021,27.954397222222223,42.638888888888886,1.0,36,1.1752107599144705,IND600056AAB → IND631501AAA
IND641607AAA,IND641654AAA,2.008420771890023,0.23927995588868156,14.418713636363636,25.954545454545453,1.0,22,1.1751522955226137,IND641607AAA → IND641654AAA
IND388320AAA,IND390022AAA,2.0215774801400155,0.22045656855174325,32.944608333333335,53.333333333333336,1.0,12,1.1747679626215293,IND388320AAA → IND390022AAA
IND000000ACA,IND160002AAC,2.026949208130753,0.2224071778416584,59.22342508250826,84.5973597359736,0.9900990099009901,303,1.174531539575096,IND000000ACA → IND160002AAC
IND600044AAD,IND600056AAB,1.8770341819028526,0.45020713910241866,25.185745098039217,42.01960784313726,0.9607843137254902,51,1.1741111086095137,IND600044AAD → IND600056AAB
IND246701AAA,IND246763AAA,2.0211418503523766,0.21792248803513142,29.967866666666666,45.25,1.0,24,1.1738334865514901,IND246701AAA → IND246763AAA
IND202001AAB,IND207123AAA,1.657588061340734,1.0359041814955583,69.1536,86.83333333333333,0.6666666666666666,6,1.1738064789849612,IND202001AAB → IND207123AAA
IND152116AAA,IND152026AAA,1.907221425155428,0.6999321406835473,47.84903333333333,76.0,0.6666666666666666,3,1.1728682122672354,IND152116AAA → IND152026AAA
IND784001AAA,IND784168AAB,2.1749540181097906,0.008420899748950222,74.175575,111.5,1.0,4,1.1725078771686013,IND784001AAA → IND784168AAB
IND305601AAC,IND305001AAC,2.015578473813768,0.217577137529032,38.7025,68.2,1.0,20,1.1715045307842167,IND305601AAC → IND305001AAC
IND518401AAA,IND518422AAB,2.0380118325927823,0.18661512843886352,30.989625,43.875,1.0,24,1.171189271568772,IND518401AAA → IND518422AAB
IND411033AAA,IND431603AAA,2.137473691092657,0.05387122831584675,257.29669644268773,400.0118577075099,1.0,253,1.1711508449318169,IND411033AAA → IND431603AAA
IND848210AAA,IND851127AAA,1.990466162929931,0.2829217314502604,28.811396666666667,51.93333333333333,0.9666666666666667,30,1.1710629846070504,IND848210AAA → IND851127AAA
IND563131AAB,IND563116AAA,1.9201170243316625,0.34327191224814296,13.871428125,26.53125,1.0,32,1.1710283834071078,IND563131AAB → IND563116AAA
IND852118AAA,IND854326AAB,1.9113600995953937,0.3542900500795817,55.6388,80.66666666666667,1.0,3,1.1708310548620322,IND852118AAA → IND854326AAB
IND251001AAA,IND247554AAA,1.9252760916619611,0.3349948818288523,24.629191666666667,44.375,1.0,24,1.1706089012134402,IND251001AAA → IND247554AAA
IND160002AAC,IND144001AAB,2.0972539450111194,0.11333448580661558,97.93594444444444,149.2888888888889,0.9888888888888889,90,1.169568590413099,IND160002AAC → IND144001AAB
IND485001AAC,IND471001AAA,2.158068288293693,0.020752702255257847,92.57690178571428,142.96428571428572,1.0,56,1.1694531259940546,IND485001AAC → IND471001AAA
IND600056AAB,IND600110AAA,1.85930953383914,0.4366724610046117,27.895765178571427,50.69642857142857,0.9821428571428571,112,1.1693684089798966,IND600056AAB → IND600110AAA
IND450331AAA,IND452001AAC,2.126711961033979,0.0608935707405677,53.953110434782616,91.47826086956522,1.0,115,1.168952855635762,IND450331AAA → IND452001AAC
IND605601AAA,IND607106AAA,2.0503687670354336,0.16183523674408715,20.552766666666667,34.19444444444444,1.0,36,1.1686980778373997,IND605601AAA → IND607106AAA
IND842001AAA,IND845418AAB,1.9886778203810154,0.27027019066674396,68.82144054054055,109.16216216216216,0.972972972972973,37,1.1684440772443212,IND842001AAA → IND845418AAB
IND401501AAA,IND401602AAA,2.0192861408134655,0.20231639882644625,22.521927450980392,42.705882352941174,1.0,51,1.16840937597332,IND401501AAA → IND401602AAA
IND721306AAA,IND721133AAA,2.167763157894737,0.0036573753462603867,19.788800000000002,38.0,1.0,2,1.168202475761773,IND721306AAA → IND721133AAA
IND274509AAB,IND274001AAA,2.166666666666667,0.003472222222222216,29.2137,52.0,1.0,2,1.1677083333333333,IND274509AAB → IND274001AAA
IND485771AAA,IND486001AAA,2.1685425685425685,0.000948507961494978,47.47763333333334,71.33333333333333,1.0,3,1.167701579805476,IND485771AAA → IND486001AAA
IND560083AAB,IND562132AAA,1.713096628602626,0.7527770945267255,28.38908181818182,54.60909090909091,0.8545454545454545,110,1.1674354161627045,IND560083AAB → IND562132AAA
IND731224AAA,IND742147AAA,2.129478690133297,0.05043978459134441,20.634939393939394,46.60606060606061,1.0,33,1.166923411430722,IND731224AAA → IND742147AAA
IND244713AAA,IND263401AAA,2.1145186335403725,0.0697895680167425,24.10099375,47.0,1.0,16,1.1667443238211719,IND244713AAA → IND263401AAA
IND632301AAA,IND606803AAA,2.1070260879471405,0.07848127283798395,23.2767375,42.1875,1.0,16,1.1663548170302513,IND632301AAA → IND606803AAA
IND723202AAA,IND713205AAB,2.027402796942687,0.1845504834635205,117.65548877551021,192.58163265306123,1.0,98,1.166326263816131,IND723202AAA → IND713205AAB
IND600110AAA,IND600056AAB,2.0534410949528175,0.1493770534619383,29.876355,53.725,1.0,40,1.1661895540197085,IND600110AAA → IND600056AAB
IND210501AAB,IND209304AAA,1.8705048614508444,0.5670123308442104,77.45415319148935,121.61702127659575,0.8226950354609929,141,1.1651141544718988,IND210501AAB → IND209304AAA
IND516390AAA,IND515004AAA,2.0694723264662387,0.11976034327408631,69.54690000000001,121.05,1.0,60,1.1637170335687212,IND516390AAA → IND515004AAA
IND783301AAA,IND783348AAA,2.0497691154539237,0.1448848611804493,34.59624545454545,54.0,1.0,22,1.1633731045357043,IND783301AAA → IND783348AAA
IND276305AAA,IND223101AAB,2.0733577091185786,0.11336512534784846,27.715742857142857,52.214285714285715,1.0,14,1.163352621251786,IND276305AAA → IND223101AAB
IND854326AAB,IND852131AAA,2.0635813435685226,0.12627826234423245,79.062002,120.62,1.0,50,1.1633160161306788,IND854326AAB → IND852131AAA
IND507002AAA,IND507159AAA,2.0891884531590414,0.0916741980470474,22.804133333333336,35.333333333333336,1.0,3,1.163177640677731,IND507002AAA → IND507159AAA
IND145001AAA,IND176201AAA,1.9461193568336426,0.2815574437501618,17.881985714285715,43.142857142857146,1.0,7,1.1629149758585056,IND145001AAA → IND176201AAA
IND517325AAA,IND517408AAA,2.15625,0.0,46.6587,69.0,1.0,2,1.1625,IND517325AAA → IND517408AAA
IND505001AAB,IND505184AAC,1.8022133347430764,0.4718251961720558,48.08142222222222,88.77777777777777,1.0,9,1.1624328927488472,IND505001AAB → IND505184AAC
IND322201AAA,IND303503AAA,1.8249907403909391,0.4403899216212587,29.931707142857142,37.142857142857146,1.0,56,1.1621132726427534,IND322201AAA → IND303503AAA
IND500039AAB,IND501301AAC,2.0375,0.155625,11.4122,16.25,1.0,4,1.1616875,IND500039AAB → IND501301AAC
IND160002AAC,IND134203AAA,1.968731231231231,0.246640566523731,33.310340000000004,59.8,1.0,5,1.1614846624496118,IND160002AAC → IND134203AAA
IND341001AAC,IND341303AAA,1.8118019887192884,0.45582075611013084,60.707946428571425,91.89285714285714,1.0,28,1.1614670223207546,IND341001AAC → IND341303AAA
IND517644AAA,IND524132AAA,2.0723881673881674,0.10795465175934905,34.61492333333333,53.56666666666667,1.0,30,1.1613416624830717,IND517644AAA → IND524132AAA
IND283203AAA,IND282002AAD,2.150892857142857,0.0026801658163265116,35.2799,54.5,1.0,2,1.1611611926020409,IND283203AAA → IND282002AAD
IND388220AAA,IND388320AAA,1.9458905330408864,0.27409154366289384,21.994635714285714,39.666666666666664,1.0,42,1.1605836763152229,IND388220AAA → IND388320AAA
IND781018AAB,IND785621AAA,2.119238892306925,0.04258357191822334,167.30542727272726,251.8181818181818,1.0,11,1.1604706284982371,IND781018AAB → IND785621AAA
IND209111AAA,IND285001AAD,1.9930349928285946,0.20897288980048553,41.59376825396826,61.492063492063494,1.0,63,1.1599058640715836,IND209111AAA → IND285001AAD
IND600032AAB,IND600044AAD,1.8885992795083704,0.39213968062029086,10.499581818181818,21.454545454545453,0.9545454545454546,22,1.1594452523530718,IND600032AAB → IND600044AAD
IND125001AAA,IND000000ACB,1.976277803481263,0.22787533391472395,104.48607857142856,174.38571428571427,1.0,70,1.1588737215669223,IND125001AAA → IND000000ACB
IND000000ACB,IND302014AAA,2.060929220857082,0.1149133469666659,126.92779777777778,186.88518518518518,1.0,270,1.1588456924328328,IND000000ACB → IND302014AAA
IND845418AAB,IND845438AAA,2.060755940902544,0.11431673140779124,49.46253243243243,78.83783783783784,1.0,37,1.1585973957833553,IND845418AAB → IND845438AAA
IND312605AAB,IND313001AAB,2.0400805968762517,0.16481786619600308,102.24632619047618,191.95238095238096,0.9761904761904762,42,1.1583347414664444,IND312605AAB → IND313001AAB
IND342602AAC,IND311302AAA,2.068072345453739,0.10209870884607652,78.57240833333334,113.25,1.0,12,1.1578585508353185,IND342602AAC → IND311302AAA
IND521225AAB,IND521201AAA,1.6893748704126061,0.6069574221702287,38.72735476190476,69.35714285714286,1.0,42,1.1578371748161111,IND521225AAB → IND521201AAA
IND591307AAC,IND580002AAA,2.0495185975847248,0.12621242735642318,64.04128750000001,128.875,1.0,8,1.1576711672408169,IND591307AAC → IND580002AAA
IND000000ACB,IND131028AAB,1.8916967480076223,0.41031749694784647,61.92919001349527,114.08502024291498,0.9230769230769231,741,1.15669702521048,IND000000ACB → IND131028AAB
IND781018AAB,IND784001AAA,2.043255837185131,0.13073087005526296,110.31622499999999,167.83333333333334,1.0,24,1.1565215958906312,IND781018AAB → IND784001AAA
IND500032AAA,IND502295AAA,1.9913234611604178,0.19992790283148357,19.584425,29.583333333333332,1.0,12,1.1565077553136123,IND500032AAA → IND502295AAA
IND483225AAA,IND483501AAA,2.131948654339546,0.012024742546489029,38.48548333333333,60.166666666666664,1.0,6,1.1563868844997651,IND483225AAA → IND483501AAA
IND413531AAA,IND413517AAA,2.0902426050568645,0.06665226495280926,40.55016296296296,60.370370370370374,1.0,27,1.1560927215085885,IND413531AAA → IND413517AAA
IND517583AAA,IND516101AAA,2.1243808633543284,0.019687453971025042,39.960353125,59.3125,1.0,128,1.155658581533039,IND517583AAA → IND516101AAA
IND000000ACB,IND834002AAB,2.0308671573381964,0.1460204104037526,630.255987654321,865.679012345679,0.9972565157750343,729,1.1553299407889146,IND000000ACB → IND834002AAB
IND110037AAM,IND110092AAC,1.9053218470309583,0.3103603858995887,22.601799999999997,51.0,1.0,3,1.15523685458226,IND110037AAM → IND110092AAC
IND457001AAA,IND382430AAB,2.0446739813689367,0.12413685701819449,185.60271944444446,266.69444444444446,1.0,36,1.1551106496530332,IND457001AAA → IND382430AAB
IND638001AAA,IND638052AAA,2.133986928104575,0.004261181596821762,18.881533333333334,37.0,1.0,3,1.1548731257208766,IND638001AAA → IND638052AAA
IND581314AAA,IND403726AAA,2.010592714954719,0.16808323395300218,81.57622666666666,146.7111111111111,1.0,45,1.1546620561677883,IND581314AAA → IND403726AAA
IND425409AAA,IND424304AAC,2.1238785369220152,0.015941957543361855,61.25390000000001,96.33333333333333,1.0,3,1.1543340020318147,IND425409AAA → IND424304AAC
IND713145AAB,IND741101AAB,2.131074168797954,0.003670338367750078,31.4787,60.5,1.0,2,1.1535307690295067,IND713145AAB → IND741101AAB
IND792001AAA,IND786001AAB,2.049837097689597,0.11142592450479628,86.21549230769232,133.6153846153846,1.0,13,1.1533626164272777,IND792001AAA → IND786001AAB
IND767001AAA,IND762001AAA,2.1037182306473565,0.03858494914540466,110.05698888888888,168.0,1.0,9,1.153062777002564,IND767001AAA → IND762001AAA
IND000000AEM,IND110064AAB,1.9907918767133246,0.1886864971165566,37.09751060606061,77.07575757575758,1.0,66,1.152922699820297,IND000000AEM → IND110064AAB
IND462022AAA,IND209304AAA,2.0487697433717176,0.11873360776920888,288.25464152380954,418.9790476190476,0.9923809523809524,525,1.1528422653937354,IND462022AAA → IND209304AAA
IND144040AAA,IND144001AAB,2.0956578109712782,0.048522746756053454,26.713805555555556,40.05555555555556,1.0,18,1.1528199484153274,IND144040AAA → IND144001AAB
IND754103AAA,IND754142AAA,2.123456790123457,0.011431184270690429,49.218133333333334,98.66666666666667,1.0,3,1.1528120713305898,IND754103AAA → IND754142AAA
IND403726AAB,IND403401AAA,2.0405879010951473,0.12188686438850606,22.934858333333334,50.75,1.0,12,1.1528012197546107,IND403726AAB → IND403401AAA
IND000000AFJ,IND695572AAB,2.111111111111111,0.02469135802469138,17.66505,44.0,1.0,2,1.151851851851852,IND000000AFJ → IND695572AAB
IND484551AAA,IND484001AAA,2.1192307692307693,0.01304733727810656,33.3754,48.5,1.0,2,1.1516065088757397,IND484551AAA → IND484001AAA
IND523002AAA,IND523226AAA,1.938153464469254,0.25376286978338347,21.28175,38.5,1.0,6,1.1513902467227166,IND523002AAA → IND523226AAA
IND263139AAA,IND263153AAB,1.7073933837456654,0.8938877698424755,30.917616666666664,62.333333333333336,0.6666666666666666,12,1.1511236844510089,IND263139AAA → IND263153AAB
IND845412AAB,IND845401AAA,1.976270753030557,0.3017810633988183,37.01956666666667,51.166666666666664,0.9,30,1.1510426202318682,IND845412AAB → IND845401AAA
IND508206AAA,IND508207AAB,2.113208768355827,0.017759509579728088,40.73621818181818,60.09090909090909,1.0,11,1.1506113602162493,IND508206AAA → IND508207AAB
IND834002AAB,IND832109AAB,2.02674382401333,0.13304407598397622,79.16527714285715,125.64285714285714,1.0,70,1.150610752400525,IND834002AAB → IND832109AAB
IND758001AAA,IND758035AAA,2.1013784304122765,0.03290896969838059,55.34803333333333,81.55555555555556,1.0,9,1.1504240630744247,IND758001AAA → IND758035AAA
IND506002AAA,IND506143AAA,2.0392717092262,0.11533555181891542,26.703832352941177,38.5,1.0,34,1.1503093492361545,IND506002AAA → IND506143AAA
IND506169AAB,IND505503AAA,2.125,0.0,23.4994,34.0,1.0,2,1.1500000000000001,IND506169AAB → IND505503AAA
IND508213AAB,IND508001AAA,2.030926432814305,0.12492908070840522,42.19966071428571,60.857142857142854,1.0,28,1.1498492973382437,IND508213AAB → IND508001AAA
IND306304AAB,IND311302AAA,2.0815217391304346,0.056769848771266444,49.73715,71.0,1.0,2,1.1496396502835537,IND306304AAB → IND311302AAA
IND495677AAA,IND496001AAA,2.0231095813287734,0.1323933994904535,81.47130740740741,149.55555555555554,1.0,27,1.1489618523786456,IND495677AAA → IND496001AAA
IND384205AAA,IND382430AAB,2.036924987524384,0.1122154465807319,61.952149999999996,105.5,1.0,4,1.148434628983973,IND384205AAA → IND382430AAB
IND110037AAM,IND282001AAC,2.0839340206140196,0.04929370948748562,113.217725,162.75,1.0,8,1.1483617210918535,IND110037AAM → IND282001AAC
IND614809AAA,IND610001AAA,2.040784675469204,0.10613816343556357,35.23467804878049,62.81707317073171,1.0,82,1.1481553192183507,IND614809AAA → IND610001AAA
IND364290AAA,IND365560AAB,2.1125226860254083,0.00717388941406651,32.945899999999995,51.0,1.0,2,1.1471612412343832,IND364290AAA → IND365560AAB
IND302014AAA,IND306401AAB,2.1020182328526285,0.018002629799962,165.55435384615384,252.23076923076923,1.0,26,1.1462080820810399,IND302014AAA → IND306401AAB
IND732204AAB,IND732123AAC,1.8863961906992175,0.47145976281862473,27.142466666666667,68.0,0.8333333333333334,6,1.1459964051252745,IND732204AAB → IND732123AAC
IND534001AAA,IND521333AAA,1.9002452177452176,0.2861899664331699,24.600964285714287,48.642857142857146,1.0,14,1.1459550770280382,IND534001AAA → IND521333AAA
IND395023AAD,IND395006AAA,2.004231460363536,0.14750508557797154,15.047518867924529,26.79245283018868,1.0,53,1.145944109818806,IND395023AAD → IND395006AAA
IND431122AAA,IND431127AAA,2.1069204196830245,0.009624044758256345,27.239900000000002,39.714285714285715,1.0,14,1.1456553813006867,IND431122AAA → IND431127AAA
IND784176AAA,IND781018AAB,2.009792306008385,0.13742032837876209,143.36241875,236.03125,1.0,32,1.1451430209169826,IND784176AAA → IND781018AAB
IND600110AAA,IND600056AAD,2.084580323357413,0.03721525559752865,29.600700000000003,52.75,1.0,4,1.144996706022224,IND600110AAA → IND600056AAD
IND609001AAA,IND614018AAA,1.996817832535918,0.15357970641073684,57.1729,99.61111111111111,1.0,36,1.1448010449375883,IND609001AAA → IND614018AAA
IND783370AAB,IND783301AAA,2.1084262073623776,0.004174779393171664,51.3884,76.33333333333333,1.0,6,1.1446229167629027,IND783370AAB → IND783301AAA
IND531001AAA,IND531116AAA,2.0470068113226008,0.08417021966757791,29.047871999999998,51.68,1.0,25,1.1440537904293138,IND531001AAA → IND531116AAA
IND271201AAA,IND271210AAA,2.050595238095238,0.07848410197412299,20.685722222222225,29.77777777777778,1.0,18,1.143783325830332,IND271201AAA → IND271210AAA
IND431203AAA,IND431112AAB,2.0536979753878954,0.07255548960496475,42.599534285714284,60.41428571428571,1.0,70,1.1432458370366476,IND431203AAA → IND431112AAB
IND125033AAA,IND125005AAA,2.0620915032679736,0.05999829125549998,21.5574,36.0,1.0,2,1.1428360886838396,IND125033AAA → IND125005AAA
IND152026AAA,IND152107AAA,2.1064425770308124,0.00025108082448665564,27.3656,40.0,1.0,2,1.142652355059671,IND152026AAA → IND152107AAA
IND587103AAB,IND582101AAB,2.0823371483907627,0.031241208190318875,69.58105,127.5,1.0,8,1.1423072218134007,IND587103AAB → IND582101AAB
IND302014AAB,IND302006AAA,1.9601964033719548,0.19366038665527083,13.616984375,27.53125,1.0,32,1.1421766773453632,IND302014AAB → IND302006AAA
IND344022AAB,IND342301AAA,1.8262371003723743,0.37035190166653736,130.5938111111111,200.88888888888889,1.0,9,1.141600410648911,IND344022AAB → IND342301AAA
IND285205AAB,IND210431AAA,1.9419554345371102,0.28246103133673633,53.81144666666667,106.86666666666666,0.9333333333333333,15,1.141520483215865,IND285205AAB → IND210431AAA
IND679322AAA,IND673639AAA,2.0206490813108458,0.10998859504839627,27.325175,57.5,1.0,4,1.1412562110388573,IND679322AAA → IND673639AAA
IND825102AAA,IND827013AAA,2.097076923076923,0.005919571005917172,27.77908,45.6,1.0,5,1.1406066405325443,IND825102AAA → IND827013AAA
IND476001AAA,IND476111AAA,2.072916666666667,0.0366753472222222,29.0819,42.0,1.0,2,1.1401692708333335,IND476001AAA → IND476111AAA
IND733128AAA,IND733134AAA,1.9703096903096904,0.17309764966650937,19.070173333333333,26.666666666666668,1.0,15,1.140053171023829,IND733128AAA → IND733134AAA
IND583227AAA,IND583231AAA,1.9204145150228742,0.23766831475530947,29.616637333333333,44.76,1.0,75,1.1394663004357426,IND583227AAA → IND583231AAA
IND362001AAA,IND362265AAA,1.9689418825558809,0.17101727306738795,45.46989375,60.9375,1.0,16,1.1388819349425687,IND362001AAA → IND362265AAA
IND502220AAC,IND501359AAE,1.863881036267131,0.4013602286680999,91.07032090909091,116.41818181818182,0.9090909090909091,110,1.138687755834555,IND502220AAC → IND501359AAE
IND125047AAB,IND125051AAA,1.9636019608504773,0.1769379831272644,52.669541379310346,90.72413793103448,1.0,29,1.1385221792783704,IND125047AAB → IND125051AAA
IND176110AAB,IND177033AAA,2.0468480557468323,0.06245051703485913,27.333144444444443,60.44444444444444,1.0,9,1.1374743774091907,IND176110AAB → IND177033AAA
IND508207AAB,IND521225AAB,2.0553489305106214,0.05046294698850005,96.0387,159.33333333333334,1.0,60,1.1372784563007987,IND508207AAB → IND521225AAB
IND305802AAA,IND341512AAA,1.9824749023118589,0.1474347957074608,32.331808333333335,59.416666666666664,1.0,12,1.1372203996369818,IND305802AAA → IND341512AAA
IND125033AAA,IND125001AAA,1.9948400412796696,0.13011083527430853,21.276433333333333,35.0,1.0,3,1.1369692670941605,IND125033AAA → IND125001AAA
IND302014AAB,IND304001AAA,2.0101423902894493,0.10955199182069356,46.5559625,70.625,1.0,8,1.1369225536619878,IND302014AAB → IND304001AAA
IND136027AAA,IND132039AAA,1.8727867996775558,0.2920346216437904,32.15408571428571,55.04761904761905,1.0,42,1.1367251063641595,IND136027AAA → IND132039AAA
IND388620AAB,IND388320AAA,1.8768349257753496,0.2865757909714864,35.63142173913043,54.27536231884058,1.0,69,1.1367067076015858,IND388620AAB → IND388320AAA
IND686540AAA,IND686028AAB,2.070680489101542,0.028046013168988065,15.343725,29.5,1.0,4,1.1366859995913132,IND686540AAA → IND686028AAB
IND110037AAM,IND282001AAA,1.9956090815963614,0.12756175642787884,112.522121875,162.0,1.0,32,1.136512159566908,IND110037AAM → IND282001AAA
IND411033AAA,IND580028AAA,1.977047446849013,0.15036807396532362,258.8783557894737,348.7684210526316,1.0,95,1.1359294009292022,IND411033AAA → IND580028AAA
IND223101AAB,IND222125AAB,1.948267800752273,0.18869945797070142,27.869435714285714,49.5,1.0,14,1.1359169576921198,IND223101AAB → IND222125AAB
IND791125AAB,IND791102AAA,2.066088785351865,0.030746560195311537,72.53079375,106.375,1.0,16,1.1356594821993395,IND791125AAB → IND791102AAA
IND382430AAB,IND313001AAB,2.045016995163276,0.06414214715588229,160.46522818791945,228.73154362416108,0.9932885906040269,149,1.1352360193932833,IND382430AAB → IND313001AAB
IND686513AAA,IND686540AAA,2.013402505069172,0.0994366099607494,27.681683333333336,53.791666666666664,1.0,24,1.1351919850158936,IND686513AAA → IND686540AAA
IND532421AAA,IND532201AAA,1.8897447530647027,0.2954479535585315,25.61730625,34.59375,0.96875,32,1.1351572872934403,IND532421AAA → IND532201AAA
IND244221AAA,IND131028AAB,1.941440563090148,0.21065178760613493,98.2974872,144.632,0.984,125,1.1349717615178996,IND244221AAA → IND131028AAB
IND521225AAB,IND521301AAA,1.7471817868374417,0.4536530930414373,41.47367368421053,64.60526315789474,1.0,38,1.134968642647408,IND521225AAB → IND521301AAA
IND515801AAA,IND515761AAA,1.999846000993542,0.11649703144167976,67.347925,140.5,1.0,4,1.1348875098299207,IND515801AAA → IND515761AAA
IND736135AAA,IND736101AAA,2.072803657694962,0.018420352884905282,22.503983333333334,48.0,1.0,6,1.1346475689434565,IND736135AAA → IND736101AAA
IND853204AAA,IND851204AAA,1.9937282679313295,0.12334096127704679,46.794842424242425,67.0909090909091,1.0,33,1.1344935955556459,IND853204AAA → IND851204AAA
IND742147AAA,IND742137AAA,1.9678991596638657,0.1577062825130052,14.869979999999998,34.8,1.0,5,1.1344715486194479,IND742147AAA → IND742137AAA
IND142401AAA,IND000000ACA,1.9494259545923633,0.181936864484327,28.401175,38.25,1.0,12,1.1343514411822433,IND142401AAA → IND000000ACA
IND000000ACB,IND110030AAD,1.833324069635993,0.371821225086145,34.47943925925926,64.83703703703704,0.9629629629629629,135,1.1337648842691295,IND000000ACB → IND110030AAD
IND488001AAA,IND471001AAA,2.065594914117779,0.024861625521729925,46.24449166666667,67.5,1.0,12,1.1336964533036307,IND488001AAA → IND471001AAA
IND560099AAB,IND560078AAC,1.861758305565616,0.3857285011536156,17.670394642857143,35.07142857142857,0.9107142857142857,56,1.1336361582866168,IND560099AAB → IND560078AAC
IND110037AAM,IND201007AAA,1.9354073176970938,0.3641018277926755,23.691294444444445,57.388888888888886,0.8333333333333334,18,1.1333934754166404,IND110037AAM → IND201007AAA
IND509301AAA,IND501359AAE,1.927031482233404,0.23182276237172794,50.089623809523815,69.30952380952381,0.9761904761904762,42,1.133216564462023,IND509301AAA → IND501359AAE
IND144001AAA,IND144040AAA,1.9239073787409702,0.21131641201864423,24.590486666666667,35.43333333333333,1.0,30,1.1329578751019813,IND144001AAA → IND144040AAA
IND313001AAB,IND312001AAA,2.0272779756346537,0.07243198711961749,73.25554923076923,112.50769230769231,1.0,65,1.1326407863897467,IND313001AAB → IND312001AAA
IND562132AAA,IND560078AAC,1.8315581631699804,0.3597224035106778,24.065406666666668,41.36,0.9733333333333334,75,1.1325399863211956,IND562132AAA → IND560078AAC
IND577101AAA,IND577132AAD,2.063110511042842,0.023344751280167185,29.51865714285714,42.57142857142857,1.0,14,1.1322476298011868,IND577101AAA → IND577132AAD
IND591102AAA,IND591307AAC,2.0563396232178857,0.029922039219571518,37.14435833333333,70.44444444444444,1.0,36,1.1315124610530256,IND591102AAA → IND591307AAC
IND712311AAA,IND000000ACB,2.0016948285484855,0.10241211450957591,741.1991370820668,1113.354103343465,1.0,658,1.131401565772267,IND712311AAA → IND000000ACB
IND508223AAA,IND500039AAC,1.8744175989138738,0.2861063150048574,77.47457794117648,111.25,0.9852941176470589,68,1.1311871693611244,IND508223AAA → IND500039AAC
IND845438AAA,IND845455AAB,1.910379412471398,0.22236699608294827,32.831916666666665,55.53333333333333,1.0,30,1.1308618638134438,IND845438AAA → IND845455AAB
IND000000AAS,IND783370AAC,1.924721263706771,0.20080033786504475,36.86171111111111,50.55555555555556,1.0,18,1.130128606842222,IND000000AAS → IND783370AAC
IND416012AAA,IND415003AAA,1.9940344199765416,0.10768985282231133,79.60172765957446,124.8936170212766,1.0,47,1.12992072383731,IND416012AAA → IND415003AAA
IND785001AAA,IND785682AAA,1.9328814268162682,0.18617585157854827,49.89169393939394,71.24242424242425,1.0,33,1.1290053262000717,IND785001AAA → IND785682AAA
IND507117AAB,IND507303AAA,1.8133433420950635,0.5526711508885335,85.31414027777777,131.59722222222223,0.7916666666666666,72,1.1286386821045855,IND507117AAB → IND507303AAA
IND487551AAA,IND464668AAA,1.9228609971998352,0.34113141326896645,62.64111428571428,110.38095238095238,0.8571428571428571,21,1.1286266800034812,IND487551AAA → IND464668AAA
IND411033AAA,IND431136AAC,1.9804547758756441,0.12107241964894658,133.7328925,193.05833333333334,1.0,120,1.1285036362449417,IND411033AAA → IND431136AAC
IND000000ACB,IND122015AAC,1.9699516170104405,0.13453038580527005,25.652562500000002,50.25,1.0,8,1.1283397625457572,IND000000ACB → IND122015AAC
IND244921AAB,IND243201AAA,1.9148786763918342,0.2066178763764007,27.1495,61.0,1.0,6,1.1279368334696538,IND244921AAB → IND243201AAA
IND533106AAA,IND533201AAA,1.8261895933753554,0.6575193084301958,78.9741,125.0,0.6666666666666666,3,1.1277316298792008,IND533106AAA → IND533201AAA
IND000000AEL,IND000000ACB,1.811227346287608,0.3731539336837214,39.30629,67.81,0.97,100,1.1274371186201597,IND000000AEL → IND000000ACB
IND243002AAA,IND243503AAB,2.033769063180828,0.04585368400567675,25.4394,45.5,1.0,2,1.1272637304740343,IND243002AAA → IND243503AAB
IND854335AAA,IND852118A1B,1.7986111111111112,0.3588927469135803,24.8941,31.0,1.0,2,1.1271122685185186,IND854335AAA → IND852118A1B
IND757041AAA,IND757001AAA,1.989648033126294,0.1037339951733687,34.69745,62.5,1.0,2,1.1269794118025283,IND757041AAA → IND757001AAA
IND501359AAE,IND500050AAA,1.7486875797550123,0.524969308686814,25.398288571428573,41.214285714285715,0.9,70,1.1269658245080492,IND501359AAE → IND500050AAA
IND683572AAA,IND680307AAA,1.7253010878010877,0.5920131175606603,12.14913181818182,17.318181818181817,0.8636363636363636,22,1.1268152794795423,IND683572AAA → IND680307AAA
IND421302AAG,IND411033AAA,1.900202007386384,0.2600475488704334,82.5170879213483,125.92977528089888,0.9606741573033708,356,1.1262973148066948,IND421302AAG → IND411033AAA
IND465001AAA,IND462022AAA,1.8083552398517588,0.3431146029926011,121.0269125,163.875,1.0,24,1.1262764768384839,IND465001AAA → IND462022AAA
IND121004AAB,IND121004AAA,1.9147225057551145,0.20116955238185832,13.735613043478262,19.652173913043477,1.0,46,1.1262398680166033,IND121004AAB → IND121004AAA
IND136128AAA,IND136027AAA,2.0491907294670804,0.02177088788693624,26.57582954545455,38.13636363636363,1.0,44,1.126207558152913,IND136128AAA → IND136027AAA
IND713205AAB,IND722122AAA,1.8966142050040355,0.22408912062957906,45.910199999999996,79.33333333333333,1.0,6,1.125872418190488,IND713205AAB → IND722122AAA
IND244921AAB,IND262001AAA,1.9803792390898687,0.11238050175329105,50.62897142857143,96.14285714285714,1.0,7,1.1258658461619349,IND244921AAB → IND262001AAA
IND560099AAB,IND560002AAA,1.822426780447151,0.6184361818812226,16.929574074074075,34.648148148148145,0.7037037037037037,54,1.1256126778543383,IND560099AAB → IND560002AAA
IND370110AAA,IND370615AAB,1.956178595504725,0.14314289611057596,61.379349999999995,108.0,1.0,4,1.1254143070350628,IND370110AAA → IND370615AAB
IND583201AAA,IND583227AAA,2.0259956174595706,0.049638149643438774,21.849402083333334,47.6875,1.0,48,1.12528969187686,IND583201AAA → IND583227AAA
IND382430AAB,IND395023AAA,1.9975046507575394,0.08613115122528577,150.798014,215.79333333333332,1.0,300,1.1248412056706016,IND382430AAB → IND395023AAA
IND600016AAC,IND600056AAB,2.0119949494949494,0.0659514972961943,25.95505,47.0,1.0,4,1.1245834289868382,IND600016AAC → IND600056AAB
IND470004AAA,IND462022AAA,2.053778009917401,0.008763999895431238,111.40525714285715,164.71428571428572,1.0,7,1.1241404039355898,IND470004AAA → IND462022AAA
IND486771AAA,IND486661AAA,1.9128968253968255,0.19563062169312184,26.237033333333333,40.166666666666664,1.0,6,1.1238479166666668,IND486771AAA → IND486661AAA
IND576201AAA,IND581320AAA,1.990951477793583,0.08875114860740375,37.2125875,56.625,1.0,8,1.1230059356996545,IND576201AAA → IND581320AAA
IND476111AAA,IND477001AAA,1.9708719583501602,0.11313565157309677,50.02395,72.83333333333333,1.0,18,1.122289478811993,IND476111AAA → IND477001AAA
IND160002AAC,IND135001AAA,2.0207476372975903,0.045013928825914984,46.9702,80.0,1.0,3,1.1218032335668107,IND160002AAC → IND135001AAA
IND422011AAD,IND413709AAA,2.01765836265669,0.048657551879766114,65.1151,102.9090909090909,1.0,11,1.121660610626606,IND422011AAD → IND413709AAA
IND000000ACB,IND124112AAA,1.968789566320627,0.14120790908877498,79.85630285714286,126.05714285714286,0.9714285714285714,35,1.1213067706834547,IND000000ACB → IND124112AAA
IND603102AAA,IND600056AAB,1.9372886467928818,0.15333889904508,51.58183428571429,92.11428571428571,1.0,35,1.1209171284306767,IND603102AAA → IND600056AAB
IND244901AAB,IND243002AAA,1.9246561168339962,0.19005791961355098,45.28072083333333,68.70833333333333,0.9791666666666666,48,1.1206298226176639,IND244901AAB → IND243002AAA
IND811307AAA,IND811213AAA,2.0431985294117645,0.01108516706314876,34.8448,49.5,1.0,2,1.1206049618836504,IND811307AAA → IND811213AAA
IND627401AAA,IND627005AAA,1.948446476685343,0.13518667308877613,33.22135769230769,63.30769230769231,1.0,26,1.1199345926007702,IND627401AAA → IND627005AAA
IND600073AAA,IND603203AAA,2.0297619047619047,0.02558106575963713,13.1264,19.0,1.0,2,1.1195790816326532,IND600073AAA → IND603203AAA
IND683565AAA,IND683511AAA,1.9781463026402297,0.09369376704336181,13.811846153846155,33.23076923076923,1.0,26,1.1193666511691005,IND683565AAA → IND683511AAA
IND785621AAA,IND785001AAA,1.9314895177808273,0.1557746327897601,37.907833333333336,57.333333333333336,1.0,6,1.119328196949259,IND785621AAA → IND785001AAA
IND140301AAA,IND140901AAA,1.9664594177752073,0.10876399166686182,15.151436842105262,28.18421052631579,1.0,38,1.1192129646101414,IND140301AAA → IND140901AAA
IND712311AAA,IND751002AAB,1.865235071020213,0.2479429696242272,233.48517171052632,318.8311403508772,0.9956140350877193,456,1.1191611298216693,IND712311AAA → IND751002AAB
IND854326AAB,IND000000ACB,1.9982476697360376,0.07794317323874145,644.1781931034483,1013.5850945494994,0.9877641824249166,899,1.1190112745935126,IND854326AAB → IND000000ACB
IND600076AAB,IND600056AAB,1.977135902871197,0.09318300557942419,29.6436875,49.375,1.0,8,1.118809262822306,IND600076AAB → IND600056AAB
IND761200AAA,IND532001AAB,1.9985907526010804,0.08957472324123743,52.528838888888885,75.91666666666667,0.9722222222222222,36,1.11797538467947,IND761200AAA → IND532001AAB
IND126102AAA,IND131301AAA,2.023015873015873,0.02738809103888472,36.294725,54.75,1.0,4,1.1174227765180147,IND126102AAA → IND131301AAA
IND815301AAA,IND815353AAA,1.9918882172752141,0.068262561403095,39.139133333333334,54.833333333333336,1.0,6,1.117234055331014,IND815301AAA → IND815353AAA
IND110037AAM,IND226004AAC,1.9756250558411448,0.08942739866950626,268.69797,378.75,1.0,20,1.1170782419373098,IND110037AAM → IND226004AAC
IND000000ACB,IND421302AAG,1.9395230983536127,0.13649141501428694,674.0505580086581,970.6283240568955,1.0,1617,1.1167566638457311,IND000000ACB → IND421302AAG
IND431708AAA,IND431514AAA,1.9993035558332528,0.056042594586538964,32.7575375,45.3125,1.0,32,1.116534200709263,IND431708AAA → IND431514AAA
IND758034AAA,IND756100AAC,2.035649501578518,0.006955215824795227,140.2191,206.14285714285714,1.0,7,1.116346365378846,IND758034AAA → IND756100AAC
IND125001AAA,IND125047AAB,1.99392365570937,0.06187261862837752,36.503,60.285714285714285,1.0,14,1.1161312478722611,IND125001AAA → IND125047AAB
IND231208AAA,IND231217AAA,1.930253623188406,0.1465130093467759,33.5619,45.5,1.0,6,1.1160553520793952,IND231208AAA → IND231217AAA
IND530012AAA,IND501359AAE,2.010154317652307,0.03980559025390902,320.5398185654009,468.8945147679325,1.0,237,1.1160034041370956,IND530012AAA → IND501359AAE
IND110037AAM,IND209304AAA,1.9440972778875998,0.12756430625879359,239.75699777282853,333.6971046770601,1.0,449,1.1159082030326781,IND110037AAM → IND209304AAA
IND148102AAA,IND151001AAA,1.9784261715296196,0.08150239102036398,53.871333333333325,88.33333333333333,1.0,3,1.1158211859179572,IND148102AAA → IND151001AAA
IND758034AAA,IND758001AAA,2.0332939322301025,0.006871557060808094,46.245666666666665,67.66666666666667,1.0,3,1.1153790400102834,IND758034AAA → IND758001AAA
IND600083AAA,IND600116AAB,2.0357142857142856,0.002551020408163263,13.6142,26.5,1.0,2,1.1150510204081634,IND600083AAA → IND600116AAB
IND722154AAA,IND712602AAA,2.0357142857142856,0.0025510204081632946,30.3637,56.0,1.0,2,1.1150510204081634,IND722154AAA → IND712602AAA
IND577201AAA,IND562132AAA,1.9435202965924097,0.12293120219864549,150.65112277227723,227.34653465346534,1.0,101,1.1142874792965576,IND577201AAA → IND562132AAA
IND571104AAA,IND577598AAB,1.966330537977397,0.09218935917785095,27.761648387096773,38.483870967741936,1.0,31,1.114189022944314,IND571104AAA → IND577598AAB
IND425409AAA,IND425412AAA,2.033333333333333,0.002222222222222251,35.31699999999999,57.0,1.0,2,1.1139999999999999,IND425409AAA → IND425412AAA
IND575004AAB,IND574227AAA,1.9963200379867045,0.051127370956134024,27.360583333333334,44.333333333333336,1.0,6,1.113866226481522,IND575004AAB → IND574227AAA
IND141003AAB,IND000000ACA,1.8736388611388612,0.46376473658352485,14.2983125,19.0,0.75,8,1.113584965430602,IND141003AAB → IND000000ACA
IND395023AAD,IND396445AAA,1.9382746080888495,0.12688471342344745,17.97986428571429,25.5,1.0,14,1.1133752572625741,IND395023AAD → IND396445AAA
IND562132AAA,IND395023AAA,2.013491180920405,0.025505392534453077,646.8411510638298,933.2340425531914,1.0,47,1.1130480901284978,IND562132AAA → IND395023AAA
IND263153AAB,IND131028AAB,1.9556799317465374,0.14477786666122988,161.61731818181818,252.80213903743316,0.9572192513368984,187,1.1128711080980536,IND263153AAB → IND131028AAB
IND523226AAA,IND523316AAB,1.9685673365388476,0.08403678165407612,50.880360975609754,78.92682926829268,1.0,41,1.112637969111762,IND523226AAA → IND523316AAB
IND306401AAB,IND302014AAA,1.9923180146670356,0.05227293660916594,178.4653875576037,251.61290322580646,1.0,217,1.112609086849564,IND306401AAB → IND302014AAA
IND124103AAA,IND127021AAA,1.9661180667292573,0.08655435216414632,50.688788888888894,72.29629629629629,1.0,27,1.1124135323409468,IND124103AAA → IND127021AAA
IND000000ACB,IND110037AAK,1.721227497725162,0.5085832334117693,26.759150318471338,47.32484076433121,0.9044585987261147,157,1.11240354873143,IND000000ACB → IND110037AAK
IND322001AAC,IND302014AAB,1.8831487960116462,0.22356751877863892,83.28911944444445,127.05555555555556,0.9722222222222222,36,1.1119964407049168,IND322001AAC → IND302014AAB
IND444005AAB,IND421302AAG,1.9879830160939551,0.06458910455915173,286.3340770883055,421.4200477326969,0.9904534606205251,419,1.1117059759914851,IND444005AAB → IND421302AAG
IND676509AAA,IND679322AAA,1.8789331039331039,0.1997643017607775,16.338633333333334,30.0,1.0,6,1.1115025321014746,IND676509AAA → IND679322AAA
IND123401AAB,IND123106AAB,1.9849273255061333,0.057807857253244034,42.582723333333334,78.06666666666666,1.0,30,1.1113132873784266,IND123401AAB → IND123106AAB
IND505001AAB,IND504251AAA,1.9514249365862641,0.09962093683985929,71.474475,106.75,1.0,4,1.1104562556864634,IND505001AAB → IND504251AAA
IND462022AAA,IND465669AAB,1.9999177832713997,0.03397692601302043,70.15675897435898,99.7948717948718,1.0,39,1.110160191112466,IND462022AAA → IND465669AAB
IND560099AAB,IND562132AAA,1.7226315293859498,0.5189043867351699,33.071806839622646,65.84669811320755,0.8844339622641509,424,1.1100541164541762,IND560099AAB → IND562132AAA
IND000000ACB,IND382430AAB,1.957146841592176,0.09020234269739982,482.113208438061,646.0628366247756,1.0,557,1.1099194394460905,IND000000ACB → IND382430AAB
IND752056AAA,IND751002AAB,2.012531328320802,0.015508696553413566,19.7222,26.333333333333332,1.0,3,1.1096651402943452,IND752056AAA → IND751002AAB
IND571301AAA,IND571111AAB,1.964192826168929,0.07986627337840753,28.844437499999998,39.5,1.0,16,1.109637012481094,IND571301AAA → IND571111AAB
IND571426AAA,IND571104AAA,1.8929886559587774,0.17475949922581568,57.33977333333333,89.08888888888889,1.0,45,1.1096233121512555,IND571426AAA → IND571104AAA
IND000000ACB,IND110043AAC,1.898353518656908,0.16667101163724463,36.067613333333334,74.44444444444444,1.0,45,1.1093427109539367,IND000000ACB → IND110043AAC
IND263601AAA,IND263645AAA,2.0215201465201464,1.0482496746232936e-05,47.677949999999996,95.0,1.0,2,1.1086112033570825,IND263601AAA → IND263645AAA
IND473001AAA,IND473331AAA,1.8874805596341604,0.1781502040336451,34.22809090909091,60.04545454545455,1.0,22,1.1084372850637578,IND473001AAA → IND473331AAA
IND460001AAA,IND480334AAA,1.8515298366745976,0.320139740287846,65.24229047619048,93.5,0.9047619047619048,84,1.1080824281847643,IND460001AAA → IND480334AAA
IND425406AAA,IND425412AAA,2.0031395891690007,0.022748117711136686,43.20216666666667,63.5,1.0,6,1.1080802709809414,IND425406AAA → IND425412AAA
IND581325AAA,IND580028AAA,2.002412052588044,0.02368370560077147,58.2045880952381,98.57142857142857,1.0,42,1.108069932715449,IND581325AAA → IND580028AAA
IND533003AAA,IND533401AAA,1.8751072422409412,0.19168052141679667,47.1145,69.01851851851852,1.0,54,1.1075470533214153,IND533003AAA → IND533401AAA
IND518422AAB,IND518102AAA,2.0082078775729486,0.01207040170318415,76.16312500000001,109.03571428571429,1.0,28,1.1069042715401347,IND518422AAB → IND518102AAA
IND530012AAC,IND533106AAA,1.9601675308498074,0.07384937687946458,111.019534375,151.25,1.0,32,1.1062218254037623,IND530012AAC → IND533106AAA
IND000000AFT,IND400072AAB,2.0027850877192983,0.015954327546127533,17.356479999999998,30.2,1.0,20,1.1059003333515576,IND000000AFT → IND400072AAB
IND583101AAA,IND577535AAC,1.8892115946714596,0.16608513200703362,51.09433,68.86666666666666,1.0,30,1.105510177470694,IND583101AAA → IND577535AAC
IND110037AAM,IND201301AAF,1.9169965220811427,0.12897772765676627,24.632073333333334,54.13333333333333,1.0,15,1.105491927129487,IND110037AAM → IND201301AAF
IND505209AAA,IND504201AAA,1.671175003157762,0.4557648881500021,31.38542,40.2,1.0,10,1.1051994677081054,IND505209AAA → IND504201AAA
IND110044AAB,IND110037AAM,1.933571921522232,0.10584291273845438,21.28142857142857,39.714285714285715,1.0,7,1.105181642430429,IND110044AAB → IND110037AAM
IND360003AAA,IND360311AAA,1.9738751526251526,0.050772042668700154,24.5076375,32.125,1.0,8,1.104781673850671,IND360003AAA → IND360311AAA
IND614620AAA,IND630561AAA,1.9176028687349462,0.1245102388803062,59.39862292993631,78.77070063694268,1.0,157,1.1043942191580705,IND614620AAA → IND630561AAA
IND501359AAE,IND413002AAA,1.9584856187417472,0.09855285798515237,184.51775073529413,279.15441176470586,0.9705882352941176,136,1.10413657548048,IND501359AAE → IND413002AAA
IND396580AAB,IND396321AAA,1.9506429407729715,0.07875607530596372,28.920287878787878,42.90909090909091,1.0,33,1.1038839989009777,IND396580AAB → IND396321AAA
IND854105AAB,IND851204AAA,1.9452426540662493,0.08541524426078961,78.31938,113.3,1.0,20,1.1037216349047367,IND854105AAB → IND851204AAA
IND363421AAB,IND364710AAA,1.9717078536916592,0.049896622736034846,45.543400000000005,62.743589743589745,1.0,39,1.1036521282974743,IND363421AAB → IND364710AAA
IND403726AAA,IND575004AAB,1.9439259259950892,0.0866216784825025,193.4246892857143,309.89285714285717,1.0,28,1.1035568739427866,IND403726AAA → IND575004AAB
IND501359AAE,IND000000ACB,1.9387708407319608,0.14591178354213746,863.4884232142857,1329.8035714285713,0.9464285714285714,56,1.1032104427839968,IND501359AAE → IND000000ACB
IND232104AAB,IND232327AAA,1.8636045997346307,0.1920697055814342,44.65671428571428,96.85714285714286,1.0,7,1.1030627515682825,IND232104AAB → IND232327AAA
IND144601AAA,IND144001AAA,2.0018382352941178,0.007359699394463656,21.46695,33.0,1.0,2,1.1029432039359863,IND144601AAA → IND144001AAA
IND841405AAA,IND841301AAC,1.9077561664833484,0.2428858322881592,60.697700000000005,102.55555555555556,0.8888888888888888,9,1.1026348829464538,IND841405AAA → IND841301AAC
IND250611AAA,IND247776AAA,1.993399525669487,0.017124794731115795,32.90876363636364,52.68181818181818,1.0,22,1.1024972486871296,IND250611AAA → IND247776AAA
IND591115AAB,IND580028AAA,1.9684684684684683,0.0484389519138554,44.42078333333333,62.833333333333336,1.0,6,1.101919072961544,IND591115AAB → IND580028AAA
IND509124AAA,IND509103AAB,1.9353225088751407,0.09158267823660833,35.16025,59.611111111111114,1.0,18,1.1016038070210388,IND509124AAA → IND509103AAB
IND636005AAA,IND636016AAA,1.8572916666666666,0.4439626736111109,11.836725,19.0,0.75,4,1.10110546875,IND636005AAA → IND636016AAA
IND387620AAB,IND389230AAB,1.970309273741768,0.04250365673364246,46.547057142857135,86.57142857142857,1.0,7,1.1008748065168001,IND387620AAB → IND389230AAB
IND627005AAA,IND629001AAA,1.969025974025974,0.043941457244054655,59.822325000000006,100.25,1.0,4,1.100792826783606,IND627005AAA → IND629001AAA
IND395023AAA,IND396191AAC,1.9340013551247583,0.09063970274841106,66.93733499999999,94.9,1.0,40,1.1007924528744266,IND395023AAA → IND396191AAC
IND816107AAA,IND826004AAA,1.8737393038270969,0.16925286781723123,140.5740390625,229.96875,1.0,64,1.100271581876008,IND816107AAA → IND826004AAA
IND732138AAA,IND733124AAA,1.9575305092797355,0.057387348857005346,28.456280000000003,47.1,1.0,10,1.100228408368996,IND732138AAA → IND733124AAA
IND754160AAA,IND754142AAA,2.0,0.0,30.898,56.0,1.0,2,1.1,IND754160AAA → IND754142AAA
IND421302AAG,IND712311AAA,1.9728454747567437,0.03595671910243996,1019.6748611694153,1477.367316341829,1.0,667,1.0999252056334294,IND421302AAG → IND712311AAA
IND263601AAA,IND262501AAA,1.905644857699347,0.12514191436357783,88.24682,179.7,1.0,30,1.0998005173888121,IND263601AAA → IND262501AAA
IND785001AAA,IND785112AAC,1.8752561603438798,0.16303075482847762,18.935588888888887,25.77777777777778,1.0,9,1.0990116905860954,IND785001AAA → IND785112AAC
IND577598AAC,IND577501AAA,1.9479807897788104,0.0649203657156878,34.60763636363637,49.5,1.0,22,1.0986684256262305,IND577598AAC → IND577501AAA
IND416122AAA,IND395023AAA,1.9554279746194367,0.053873220816874026,329.342152173913,497.4347826086956,1.0,23,1.098333156092837,IND416122AAA → IND395023AAA
IND695609AAA,IND695012AAA,1.783053983053983,0.2827077959210411,22.979300000000002,43.333333333333336,1.0,9,1.0980339319979056,IND695609AAA → IND695012AAA
IND396445AAA,IND396321AAA,1.8626846100759142,0.1763084555815605,21.722633333333334,37.285714285714285,1.0,21,1.0979663807048339,IND396445AAA → IND396321AAA
IND751015AAA,IND752055AAA,1.9828556899495116,0.015166063586113823,20.079633333333334,35.666666666666664,1.0,6,1.0976920950556388,IND751015AAA → IND752055AAA
IND758034AAA,IND757037AAA,1.9596349973161569,0.04520487880351589,82.72906666666667,126.16666666666667,1.0,6,1.0974154625675177,IND758034AAA → IND757037AAA
IND313001AAB,IND306401AAB,1.9531466212913333,0.06099082091487649,118.26192881355932,174.83898305084745,0.9915254237288136,118,1.0970135219096404,IND313001AAB → IND306401AAB
IND425412AAA,IND424304AAC,1.9375,0.0703125,43.6707,60.0,1.0,2,1.0960937499999999,IND425412AAA → IND424304AAC
IND562132AAA,IND751002AAB,1.9606133420749596,0.039024082530470544,707.6475765281174,1026.2469437652812,1.0,818,1.095952561589125,IND562132AAA → IND751002AAB
IND582209AAA,IND582101AAB,1.9315768150307624,0.07717454977721284,34.439053125,60.8125,1.0,32,1.0957830909454687,IND582209AAA → IND582101AAB
IND416012AAA,IND415409AAB,1.8019363038277512,0.2499918528466368,35.638475,48.125,1.0,8,1.0957720773850916,IND416012AAA → IND415409AAB
IND424006AAA,IND424101AAA,1.8486812273631867,0.18647998480391198,35.260482352941175,47.411764705882355,1.0,51,1.0954164863864484,IND424006AAA → IND424101AAA
IND263645AAA,IND262501AAA,1.9030828588552593,0.11391475166573596,111.35352499999999,227.75,1.0,4,1.0954075690418246,IND263645AAA → IND262501AAA
IND563131AAA,IND563125AAB,1.9172677342162867,0.09413499816355453,32.65808857142857,48.24285714285714,1.0,70,1.0951475931355812,IND563131AAA → IND563125AAB
IND411033AAA,IND416012AAA,1.9050888628780924,0.10953518920632739,145.37217619047618,219.1984126984127,1.0,126,1.0948961019131354,IND411033AAA → IND416012AAA
IND781018AAB,IND781102AAA,1.8317307692307692,0.2069387943786982,25.990499999999997,33.666666666666664,1.0,3,1.0947739460059172,IND781018AAB → IND781102AAA
IND673104AAA,IND673506AAA,1.8291338885572632,0.2098847889479893,13.284085294117647,25.58823529411765,1.0,34,1.0946189921073022,IND673104AAA → IND673506AAA
IND202001AAB,IND282002AAD,1.8692515401395244,0.15571662054025426,63.737334999999995,99.475,1.0,40,1.0944156022178861,IND202001AAB → IND282002AAD
IND732138AAA,IND733102AAA,1.7761717673007995,0.2788633636735906,44.910875000000004,83.5,1.0,4,1.094127716022397,IND732138AAA → IND733102AAA
IND160002AAC,IND000000ACA,1.924367571097178,0.10327956258949735,62.34157890625,84.7109375,0.9765625,128,1.0936996472157203,IND160002AAC → IND000000ACA
IND425406AAA,IND425405AAA,1.956024531024531,0.03733293041734604,21.008775,39.5,1.0,4,1.0936096915350162,IND425406AAA → IND425405AAA
IND854335AAA,IND852111AAA,1.8458399149133338,0.18396697689682165,26.31122857142857,34.464285714285715,1.0,28,1.09352605903438,IND854335AAA → IND852111AAA
IND562132AAA,IND560099AAB,1.7240834509991354,0.4077709555936306,34.697459448818904,60.5492125984252,0.937007874015748,508,1.0930670292824678,IND562132AAA → IND560099AAB
IND000000ACT,IND000000ACB,1.6870705993673494,0.5085269839829591,32.26735923566879,50.84076433121019,0.8853503184713376,314,1.0929914304832289,IND000000ACT → IND000000ACB
IND591302AAB,IND591115AAB,1.9043907322654463,0.10375409834187754,33.457175,57.0,1.0,4,1.0928825224087417,IND591302AAB → IND591115AAB
IND827013AAA,IND829121AAA,1.9324831993728748,0.06590230009447777,27.997735714285714,37.357142857142854,1.0,14,1.0927639697774933,IND827013AAA → IND829121AAA
IND504296AAA,IND505001AAB,1.9410771276595746,0.053285429828748454,84.27326000000001,123.2,1.0,5,1.0924164800124543,IND504296AAA → IND505001AAB
IND505425AAA,IND505001AAB,1.9592185592185594,0.02843260117985389,49.62696666666667,85.66666666666667,1.0,3,1.09221720404138,IND505425AAA → IND505001AAB
IND421302AAG,IND462022AAA,1.945705529701931,0.04854794952298194,412.55991731843574,605.9944134078212,0.9972067039106145,358,1.0920086079108513,IND421302AAG → IND462022AAA
IND342601AAA,IND342902A1B,1.9193462564312471,0.07878980901687428,34.3621,70.0,1.0,12,1.091375445277561,IND342601AAA → IND342902A1B
IND834002AAB,IND000000ACB,1.9379398507435635,0.06400849450914434,584.6253965957447,847.6744680851064,0.9893617021276596,470,1.0911869992884666,IND834002AAB → IND000000ACB
IND502286AAB,IND502220AAC,1.8244473515798467,0.20364848605980362,44.445926086956526,74.06521739130434,1.0,46,1.0908734864498797,IND502286AAB → IND502220AAC
IND148028AAA,IND147001AAB,1.8310996101189747,0.19320601594804226,45.67335666666667,67.8,1.0,30,1.0904016488320025,IND148028AAA → IND147001AAB
IND251309AAB,IND131028AAB,1.9482425444590157,0.03674116602325101,52.767186666666674,101.76666666666667,1.0,30,1.0903193675905816,IND251309AAB → IND131028AAB
IND680587AAA,IND68004AAA,1.871624661390926,0.13818174959675264,29.253923076923076,58.256410256410255,1.0,39,1.0901043894353961,IND680587AAA → IND68004AAA
IND470004AAA,IND470117AAA,1.939161220043573,0.045744594315576606,43.90613333333334,62.666666666666664,1.0,3,1.0893878663121024,IND470004AAA → IND470117AAA
IND515411AAA,IND516360AAB,1.8567518353098027,0.1550322865502522,62.376733333333334,88.5,1.0,6,1.089210420088997,IND515411AAA → IND516360AAB
IND575004AAB,IND576101AAA,1.8821959548200684,0.12043558564404716,46.34309999999999,80.66666666666667,1.0,3,1.0890090576212414,IND575004AAB → IND576101AAA
IND821307AAA,IND824101AAA,1.9438780775468083,0.03748667700939017,26.774713333333334,36.2,1.0,15,1.0887972341215404,IND821307AAA → IND824101AAA
IND140901AAA,IND160055AAA,1.8456867315690846,0.16824399257756367,12.6506925,24.65,1.0,40,1.088747890400903,IND140901AAA → IND160055AAA
IND160003AAA,IND160002AAC,1.7326365663322185,0.8180770069686022,26.304325,48.5,0.5,4,1.0884777286234681,IND160003AAA → IND160002AAC
IND312403AAA,IND312001AAA,1.7712990491957479,0.45166414042981234,66.2175037037037,95.44444444444444,0.8148148148148148,27,1.0884633062516875,IND312403AAA → IND312001AAA
IND781018AAB,IND784125AAA,1.9426924841011528,0.03703341086811031,53.375766666666664,75.33333333333333,1.0,12,1.0881870169008943,IND781018AAB → IND784125AAA
IND508206AAA,IND507002AAA,1.9357142857142857,0.04629251700680272,31.035,46.5,1.0,4,1.0881734693877552,IND508206AAA → IND507002AAA
IND000000ACB,IND127021AAA,1.9511229415203186,0.025241807467578797,84.32404,126.9,1.0,10,1.0880217188484012,IND000000ACB → IND127021AAA
IND000000ACB,IND751002AAB,1.912925528012439,0.08664881617448687,881.8475364595545,1240.981242672919,0.9894490035169988,853,1.0879995571124212,IND000000ACB → IND751002AAB
IND458001AAB,IND458990AAA,1.5800695081508855,0.7468411168234836,27.386081818181818,40.81818181818182,0.7727272727272727,22,1.0878983201255812,IND458001AAB → IND458990AAA
IND000000ACB,IND501359AAE,1.8781611089073493,0.12188651668933209,799.9372946918853,1112.077486272117,0.9993898718730934,1639,1.0876473601316674,IND000000ACB → IND501359AAE
IND209304AAA,IND211002AAB,1.7932423837752036,0.23379301273728695,120.5598074074074,145.22222222222223,1.0,189,1.0874348573312675,IND209304AAA → IND211002AAB
IND411033AAA,IND521225AAB,1.8853659981542428,0.10995794564045175,485.0386228739003,677.0791788856305,1.0,341,1.0871337829538326,IND411033AAA → IND521225AAB
IND721401AAA,IND721306AAA,1.930536611139219,0.04958832188495626,65.5142125,116.5,1.0,8,1.0870911410211745,IND721401AAA → IND721306AAA
IND811307AAA,IND811201AAB,1.9648380355276907,0.003552351424743608,55.77596666666667,80.66666666666667,1.0,3,1.0870009196384993,IND811307AAA → IND811201AAB
IND829122AAA,IND825301AAA,1.865801955448939,0.13538706439148732,42.829590476190475,58.785714285714285,1.0,42,1.0869369014970218,IND829122AAA → IND825301AAA
IND416510AAA,IND416606AAA,1.9111277705470058,0.0733778240139668,34.21560588235294,65.30882352941177,1.0,68,1.0864644554229925,IND416510AAA → IND416606AAA
IND131028AAB,IND250002AAA,1.945185506964157,0.0273785885624675,64.82263333333333,103.33333333333333,1.0,3,1.0862877793544032,IND131028AAB → IND250002AAA
IND121004AAB,IND000000ACB,1.8516817799622336,0.14857787797409858,45.860091534391536,77.05820105820106,1.0,189,1.0852460753771231,IND121004AAB → IND000000ACB
IND721602AAB,IND721139AAC,1.7958937232828434,0.2208056708110461,47.660007692307694,77.92307692307692,1.0,26,1.0845991905564512,IND721602AAB → IND721139AAC
IND209304AAA,IND000000ACB,1.8601690357420422,0.15938287230052353,248.67184522292996,365.10668789808915,0.9745222929936306,628,1.084239163885063,IND209304AAA → IND000000ACB
IND586211AAA,IND585314AAA,1.7586837859468434,0.3465660124746327,57.963473943661974,100.62676056338029,0.9225352112676056,142,1.0842038815014088,IND586211AAA → IND585314AAA
IND562159AAA,IND562117AAA,1.910856871133551,0.06497420240759999,27.12812272727273,48.54545454545455,1.0,22,1.0838350091757005,IND562159AAA → IND562117AAA
IND000000ACB,IND521225AAB,1.9294408030663222,0.03978379165115136,898.6706897959184,1284.6224489795918,1.0,686,1.0837114587218744,IND000000ACB → IND521225AAB
IND421302AAG,IND160002AAC,1.9346950947673935,0.03220410903055846,799.418013559322,1117.2203389830509,1.0,59,1.083539270616125,IND421302AAG → IND160002AAC
IND607001AAA,IND608001AAA,1.9035955029869838,0.071122838478662,32.89597272727273,44.27272727272727,1.0,22,1.0827750527383921,IND607001AAA → IND608001AAA
IND515301AAA,IND561202AAB,1.8557533051099229,0.13352189810752646,13.99739375,25.0,1.0,32,1.082357891476227,IND515301AAA → IND561202AAB
IND562132AAA,IND302014AAA,1.913989753827213,0.05557044782421621,968.0544515337424,1392.6932515337423,0.9989775051124744,978,1.0819602874118925,IND562132AAA → IND302014AAA
IND721501AAC,IND721253AAC,1.9168011925143038,0.0500574723171222,68.37552,121.6,1.0,20,1.081737718700858,IND721501AAC → IND721253AAC
IND422103AAC,IND423601AAA,1.9492337164750957,0.006267890958735194,36.148266666666665,50.333333333333336,1.0,6,1.081573853877659,IND422103AAC → IND423601AAA
IND767001AAA,IND767017AAA,1.9053117543313622,0.06450096475288249,41.19246666666666,55.22222222222222,1.0,9,1.0814749911584098,IND767001AAA → IND767017AAA
IND483501AAA,IND483770AAA,1.9005112535897948,0.06902730333832359,42.99991428571428,75.14285714285714,1.0,7,1.080912692437415,IND483501AAA → IND483770AAA
IND486889AAA,IND231205AAA,1.8513449068841483,0.13250584979112853,66.01485833333334,104.91666666666667,1.0,12,1.0802897176909978,IND486889AAA → IND231205AAA
IND400072AAB,IND411033AAA,1.8910943478444575,0.12932242772341665,81.933415,122.575,0.95,40,1.080234467454808,IND400072AAB → IND411033AAA
IND160002AAC,IND147001AAD,1.9128338297041303,0.0495762069088982,38.07382142857143,54.214285714285715,1.0,14,1.0800063939543216,IND160002AAC → IND147001AAD
IND631501AAA,IND600056AAB,1.8512906846240178,0.46458505745823375,22.105933333333336,38.0,0.6666666666666666,3,1.0798917910870773,IND631501AAA → IND600056AAB
IND424006AAA,IND425412AAA,1.8981340657157721,0.06848385414357983,66.04587500000001,93.25,1.0,12,1.0797987825293827,IND424006AAA → IND425412AAA
IND620020AAA,IND621112AAA,1.8845137362637363,0.08651612201513825,13.142586000000001,19.56,1.0,50,1.079760331110036,IND620020AAA → IND621112AAA
IND520011AAA,IND521185AAA,1.822017713848977,0.19123923482300198,31.184004761904763,40.88095238095238,0.9761904761904762,42,1.0790359988436342,IND520011AAA → IND521185AAA
IND176048AAA,IND175015AAA,1.9158103917364595,0.041967364112760266,65.96733125,150.03125,1.0,32,1.078914365928412,IND176048AAA → IND175015AAA
IND521105AAA,IND534001AAA,1.929738562091503,0.022566107052842888,18.275825,33.25,1.0,4,1.0786652569524542,IND521105AAA → IND534001AAA
IND821115AAB,IND824101AAA,1.9411764705882353,0.006920415224913498,32.3463,45.0,1.0,2,1.0785467128027681,IND821115AAB → IND824101AAA
IND781335AAA,IND000000AET,1.8988827080751784,0.062074374249178915,56.48478333333333,77.5,1.0,12,1.0781753955048252,IND781335AAA → IND000000AET
IND752055AAA,IND751002AAB,1.889102564102564,0.0748339907955292,26.679375,34.25,1.0,4,1.0780912228796844,IND752055AAA → IND751002AAB
IND573116AAA,IND573142AAA,1.6801801801801801,0.8532180829478131,44.601200000000006,82.0,0.5,2,1.0780374969564162,IND573116AAA → IND573142AAA
IND110037AAM,IND282002AAD,1.941161873048929,0.004198715904317582,112.8571,154.25,1.0,8,1.077724363990867,IND110037AAM → IND282002AAD
IND507002AAA,IND508207AAB,1.9362997548069432,0.00987328663029584,61.1638375,84.375,1.0,8,1.0774818879118662,IND507002AAA → IND508207AAB
IND713103AAA,IND713205AAB,1.9133026131148785,0.040439859579591717,50.99569333333333,71.33333333333333,1.0,15,1.0774530031198288,IND713103AAA → IND713205AAB
IND209304AAA,IND209206AAB,1.3579492425562811,1.2571348817580719,36.35576956521739,33.7536231884058,0.5217391304347826,69,1.076841900680369,IND209304AAA → IND209206AAB
IND341505AAA,IND341510AAB,1.895348874964195,0.061883973816574143,75.737925,129.5,1.0,4,1.0767047421306504,IND341505AAA → IND341510AAB
IND515004AAA,IND515401AAB,1.7964927097534336,0.21304870986309227,42.052576470588235,55.450980392156865,0.9803921568627451,51,1.0766293439191246,IND515004AAA → IND515401AAB
IND562132AAA,IND577501AAA,1.9118949097308346,0.03929363520306612,108.0783,148.625,1.0,8,1.0765460544532537,IND562132AAA → IND577501AAA
IND606201AAC,IND605601AAA,1.864427549197906,0.10239445108446256,62.96719041095891,91.73287671232876,1.0,146,1.0764893550045014,IND606201AAC → IND605601AAA
IND562132AAA,IND560083AAB,1.585596332975165,0.5589413261301066,28.381888442211054,43.42713567839196,0.914572864321608,199,1.0762927903255806,IND562132AAA → IND560083AAB
IND712311AAA,IND721306AAA,1.902461625815071,0.05082607824030811,81.69738970588234,123.25,1.0,68,1.076232473798121,IND712311AAA → IND721306AAA
IND442605AAA,IND441603AAA,1.898916696385232,0.05545096095554696,23.77514,32.7,1.0,10,1.076201966840757,IND442605AAA → IND441603AAA
IND282002AAD,IND110037AAM,1.8894746487270793,0.06730702033588813,129.13094999999998,179.625,1.0,8,1.075981965591598,IND282002AAD → IND110037AAM
IND470004AAA,IND473443AAA,1.9233956416032405,0.021693598025801925,109.19062000000001,157.1,1.0,10,1.0758663360490368,IND470004AAA → IND473443AAA
IND424101AAA,IND431103AAA,1.880050505050505,0.07914849250076515,24.68433333333333,32.0,1.0,3,1.0757647497704317,IND424101AAA → IND431103AAA
IND637301AAA,IND638001AAA,1.9107155142758856,0.036289602333106824,21.729499999999998,34.0,1.0,10,1.0751730864102864,IND637301AAA → IND638001AAA
IND305001AAC,IND306401AAB,1.8998334500343075,0.05721039184729668,93.82027572815534,131.5631067961165,0.9902912621359223,103,1.0741838762086888,IND305001AAC → IND306401AAB
IND441603AAA,IND442605AAA,1.923611111111111,0.014901620370370381,21.3152,30.666666666666668,1.0,3,1.0739149305555555,IND441603AAA → IND442605AAA
IND328001AAA,IND474003AAA,1.6219203872848789,0.4693979777442989,50.07329473684211,70.05263157894737,0.9473684210526315,19,1.0737980745530307,IND328001AAA → IND474003AAA
IND000000ACB,IND842001AAA,1.9088578339387372,0.03281398040085054,539.0070558333334,749.1430555555555,1.0,720,1.0733873276957502,IND000000ACB → IND842001AAA
IND363310AAB,IND382430AAB,1.7366680163083856,0.26185536680584687,84.8361,137.27777777777777,1.0,54,1.0732238165651085,IND363310AAB → IND382430AAB
IND600116AAB,IND600056AAB,1.7987465790914068,0.17879240188219175,22.93121,37.8,1.0,10,1.0731363522012203,IND600116AAB → IND600056AAB
IND160002AAC,IND140301AAA,1.728890959105449,0.2717087459094961,35.196378571428575,63.095238095238095,1.0,42,1.0730690074150284,IND160002AAC → IND140301AAA
IND518002AAA,IND501359AAE,1.876853597128277,0.0719149126002183,115.99356979166667,154.03125,1.0,96,1.0723159126313762,IND518002AAA → IND501359AAE
IND160002AAC,IND184104AAA,1.8947788447955825,0.06044916577206649,188.80523333333335,298.75,0.9861111111111112,72,1.0718796209831865,IND160002AAC → IND184104AAA
IND131028AAB,IND244001AAA,1.7244865715123787,0.2933097670627839,120.61194736842106,172.60526315789474,0.9802631578947368,152,1.0718665060922077,IND131028AAB → IND244001AAA
IND431127AAA,IND414502AAA,1.8758740013540942,0.07118218723168235,45.2002380952381,79.95238095238095,1.0,21,1.0717042567111423,IND431127AAA → IND414502AAA
IND322201AAA,IND302014AAB,1.8325454123799987,0.12844071842372082,72.7275090909091,98.68181818181819,1.0,22,1.0715503804791158,IND322201AAA → IND302014AAB
IND363621AAB,IND360002AAB,1.8080682810758713,0.1609528722851766,28.1200125,41.5,1.0,8,1.0715131741159016,IND363621AAB → IND360002AAB
IND140301AAA,IND140001AAA,1.826085589703602,0.13601540238889817,25.72667142857143,42.38095238095238,1.0,42,1.0712388565981104,IND140301AAA → IND140001AAA
IND421302AAG,IND000000ACB,1.8811242328051105,0.06408001960279318,654.6597108747045,935.4271079590228,0.9984239558707644,1269,1.0712008857641115,IND421302AAG → IND000000ACB
IND411033AAA,IND410505AAB,1.6580386119965227,0.3594294218052436,21.19634285714286,37.785714285714285,1.0,14,1.0710442713401822,IND411033AAA → IND410505AAB
IND201301AAL,IND201301AAF,1.858459372546321,0.09146620511143837,18.5631375,38.0,1.0,24,1.07082361055196,IND201301AAL → IND201301AAF
IND110052AAA,IND000000ACB,1.8160696630964923,0.14783340197954545,44.48126714285714,76.12857142857143,1.0,70,1.0707778858324606,IND110052AAA → IND000000ACB
IND515761AAA,IND515004AAA,1.8803579631426253,0.06068130445901215,43.311885964912285,73.6140350877193,1.0,57,1.0703475765947539,IND515761AAA → IND515004AAA
IND332713AAA,IND332715AAB,1.8715213358070502,0.07197457326664841,37.09975,69.0,1.0,2,1.0702009063028146,IND332713AAA → IND332715AAB
IND786190AAA,IND792103AAB,1.8726539997721454,0.07046101154500757,36.32818333333333,51.166666666666664,1.0,36,1.0701999033723604,IND786190AAA → IND792103AAB
IND502313AAA,IND503111AAC,1.875619559044856,0.06412934729385239,54.03523333333333,71.72222222222223,1.0,18,1.0694866278060982,IND502313AAA → IND503111AAC
IND502295AAA,IND500050AAA,1.8697699376646746,0.06935004311533187,22.201328571428572,37.42857142857143,1.0,7,1.0687129880004695,IND502295AAA → IND500050AAA
IND521001AAA,IND521165AAA,1.9009177670168382,0.0267888423477113,30.9558,42.333333333333336,1.0,6,1.0684037595110487,IND521001AAA → IND521165AAA
IND580028AAA,IND421302AAG,1.7552653208759346,0.2200255497495517,339.9149958333333,441.5833333333333,1.0,24,1.0681137932752394,IND580028AAA → IND421302AAG
IND201301AAF,IND203205AAA,1.8244851206306418,0.15330431691170443,40.90211578947369,74.21052631578948,0.9736842105263158,38,1.0678906064836629,IND201301AAF → IND203205AAA
IND122004AAA,IND122413AAE,1.742319508577879,0.2654023248393281,27.30792514619883,45.45614035087719,0.9707602339181286,171,1.0677765710583886,IND122004AAA → IND122413AAE
IND573201AAB,IND573134AAB,1.8224244246368608,0.12850731093668938,34.9657,45.833333333333336,1.0,6,1.0675219631357513,IND573201AAB → IND573134AAB
IND411033AAA,IND400072AAB,1.8889022967910587,0.039271591511797065,83.487335,126.45,1.0,40,1.0673423961699626,IND411033AAA → IND400072AAB
IND757001AAA,IND757041AAA,1.8495287674502943,0.09059077856625594,37.08296,63.8,1.0,5,1.0669887405499945,IND757001AAA → IND757041AAA
IND609110AAA,IND609602AAA,1.8957054935726412,0.02850871682188678,35.05985625,46.4375,1.0,16,1.0668348124756226,IND609110AAA → IND609602AAA
IND632006AAA,IND632301AAA,1.84649229647552,0.09400599632470935,33.18461785714286,50.857142857142854,1.0,28,1.0667987174876208,IND632006AAA → IND632301AAA
IND758001AAA,IND757037AAA,1.9051515524383742,0.014841246550173558,44.57251666666667,67.16666666666667,1.0,6,1.066512994940402,IND758001AAA → IND757037AAA
IND824101AAA,IND821307AAA,1.9045907316535935,0.015275885034576067,27.85365,36.625,1.0,8,1.0664190581718103,IND824101AAA → IND821307AAA
IND680307AAA,IND683511AAA,1.6950048614487117,0.293243452758815,17.256590909090907,25.0,1.0,11,1.0659749804071292,IND680307AAA → IND683511AAA
IND587103AAB,IND582209AAA,1.9072783337804111,0.009209052121383477,50.301729411764704,83.25490196078431,1.0,51,1.0656740491485794,IND587103AAB → IND582209AAA
IND848114AAA,IND848210AAA,1.809021273339455,0.13825796132171636,23.836936363636365,44.36363636363637,1.0,22,1.065085897732297,IND848114AAA → IND848210AAA
IND500055AAA,IND501401AAC,1.8419117647058822,0.09410142733564004,15.376900000000003,24.0,1.0,2,1.064995134083045,IND500055AAA → IND501401AAC
IND625516AAA,IND685514AAA,1.8979863221884499,0.018933542890775996,33.380985714285714,88.85714285714286,1.0,7,1.0648745917426128,IND625516AAA → IND685514AAA
IND413304AAA,IND413002AAA,1.8992217217746055,0.06810383558758515,45.1149358974359,62.282051282051285,0.9487179487179487,39,1.0647352240015022,IND413304AAA → IND413002AAA
IND321408AAB,IND321606AAA,1.8534487286293828,0.20239276387952843,37.71625,59.125,0.875,8,1.0645973206156119,IND321408AAB → IND321606AAA
IND110037AAM,IND201001AAC,1.7628260930054676,0.3348234230729875,27.82991034482759,59.6551724137931,0.8620689655172413,29,1.0641981537792558,IND110037AAM → IND201001AAC
IND562132AAA,IND560058AAB,1.7884212641933233,0.38755115393079387,12.948474999999998,26.35,0.775,40,1.0641338518565675,IND562132AAA → IND560058AAB
IND160002AAC,IND147001AAB,1.8356407209348387,0.0989301554840533,36.9977,53.666666666666664,1.0,6,1.0639353350191514,IND160002AAC → IND147001AAB
IND503111AAC,IND503185AAA,1.855001505684064,0.07283295227611525,57.56663,80.8,1.0,60,1.0638504879564603,IND503111AAC → IND503185AAA
IND387001AAA,IND388220AAA,1.8120657222383565,0.1297851095240209,19.16722380952381,32.166666666666664,1.0,42,1.0637618217525489,IND387001AAA → IND388220AAA
IND506001AAC,IND505122AAA,1.774451447245565,0.17899252565950122,37.16605,55.5,1.0,4,1.0634783365960765,IND506001AAC → IND505122AAA
IND505326AAB,IND505327AAA,1.8550724637681162,0.07099348876286495,29.157849999999996,38.5,1.0,2,1.063327032136106,IND505326AAB → IND505327AAA
IND560099AAB,IND560058AAB,1.7098134196445145,0.4166499171958492,25.090444370860926,48.93377483443709,0.847682119205298,151,1.06322497877815,IND560099AAB → IND560058AAB
IND133004AAA,IND135001AAA,1.8662080011499707,0.05283886439932593,43.40331666666666,69.72222222222223,1.0,18,1.062334859779786,IND133004AAA → IND135001AAA
IND131028AAB,IND136118AAA,1.8562405111551314,0.0654185334957409,81.21031960784315,116.47058823529412,1.0,102,1.062121764510775,IND131028AAB → IND136118AAA
IND826004AAA,IND815301AAA,1.8593005413164723,0.05985256760358491,47.72721333333333,79.73333333333333,1.0,15,1.0616759868076644,IND826004AAA → IND815301AAA
IND421302AAG,IND131028AAB,1.8750352475990761,0.0454535441340094,731.6393348178138,992.0229419703104,0.9932523616734144,741,1.0616258707818576,IND421302AAG → IND131028AAB
IND826004AAA,IND821115AAB,1.8300441527451763,0.0983151794266739,175.47704038461538,227.84615384615384,1.0,52,1.0615122149260727,IND826004AAA → IND821115AAB
IND452001AAC,IND425508AAB,1.8828031174704536,0.027947105185522205,36.665333333333336,62.25,1.0,12,1.0615053785438382,IND452001AAC → IND425508AAB
IND821115AAB,IND000000ACB,1.8666578220478784,0.05695143211419026,462.86598638132295,679.4708171206225,0.9922178988326849,257,1.061413928103214,IND821115AAB → IND000000ACB
IND244001AAA,IND263153AAB,1.849255058209056,0.07194033172276554,67.1748453125,123.203125,1.0,64,1.0612841228004521,IND244001AAA → IND263153AAB
IND561207AAB,IND572101AAA,1.856543575110431,0.061132410841693,60.639419999999994,106.9,1.0,10,1.0609571532966804,IND561207AAB → IND572101AAA
IND152026AAA,IND152024AAA,1.8875,0.0188033824640967,26.836175,34.75,1.0,4,1.060641014739229,IND152026AAA → IND152024AAA
IND626138AAA,IND625008AAA,1.630032846184308,0.3602067029294277,51.85689166666666,76.875,1.0,48,1.0600751493525518,IND626138AAA → IND625008AAA
IND232104AAB,IND233221AAC,1.3448592128161492,1.238843756989251,72.7691375,77.875,0.5,8,1.059596812223235,IND232104AAB → IND233221AAC
IND402109AAA,IND402301AAA,1.7825501997979012,0.15466593181661648,40.786496638655464,54.39495798319328,1.0,119,1.0594198594641453,IND402109AAA → IND402301AAA
IND251201AAA,IND250002AAA,1.8976480836236933,4.59062268571912e-05,32.00135,65.5,1.0,2,1.0590730053175343,IND251201AAA → IND250002AAA
IND786184AAA,IND786190AAA,1.879142300194932,0.024506602938702913,27.947111111111113,36.77777777777778,1.0,9,1.0590089009595838,IND786184AAA → IND786190AAA
IND416012AAA,IND395023AAA,1.8528038791690282,0.05886777516835889,342.27419413407824,475.31284916201116,1.0,358,1.058781884218119,IND416012AAA → IND395023AAA
IND501359AAE,IND712311AAA,1.8596255755988615,0.049059999376099686,727.7529827272728,969.0454545454545,1.0,110,1.0585682300523747,IND501359AAE → IND712311AAA
IND562132AAA,IND580028AAA,1.7996829201991027,0.1274429081549629,210.94352391304346,271.6521739130435,1.0,46,1.05810604052613,IND562132AAA → IND580028AAA
IND562132AAA,IND560300AAA,1.7212274372599854,0.27879568249234554,28.229146600331674,56.398009950248756,0.9485903814262023,603,1.0567067940795587,IND562132AAA → IND560300AAA
IND209304AAA,IND208012AAA,1.6900336724531897,0.5530699164878414,33.74973571428571,27.857142857142858,0.7142857142857143,42,1.0562201582133426,IND209304AAA → IND208012AAA
IND585104AAA,IND585211AAA,1.8269555482026314,0.08395825364788345,31.228608571428577,47.27142857142857,1.0,70,1.0559696953754176,IND585104AAA → IND585211AAA
IND123001AAA,IND123401AAB,1.7354429431804996,0.20422908840425094,33.89698076923077,52.38461538461539,1.0,26,1.0554459037934751,IND123001AAA → IND123401AAB
IND160002AAC,IND140901AAA,1.7074264791371654,0.24143325552716086,34.87768952380952,55.2,1.0,105,1.0554005683130143,IND160002AAC → IND140901AAA
IND431203AAA,IND431136AAC,1.8435471637336265,0.059610385798301004,45.3651,61.6875,1.0,16,1.055301981232941,IND431203AAA → IND431136AAC
IND431107AAB,IND431136AAC,1.852663985530535,0.04676714133946456,39.80919166666667,74.08333333333333,1.0,12,1.0550957366140534,IND431107AAB → IND431136AAC
IND846004AAA,IND847103AAA,1.8217403067946545,0.08673942373334606,25.0940425,41.475,1.0,40,1.0547179498378658,IND846004AAA → IND847103AAA
IND501359AAE,IND500010AAA,1.7426283596976087,0.29637371967968285,32.368229166666666,51.375,0.8958333333333334,48,1.0547134597829484,IND501359AAE → IND500010AAA
IND121004AAB,IND121001AAA,1.7897434972434973,0.1289302950123683,11.772362222222222,19.68888888888889,1.0,45,1.0545764874011094,IND121004AAB → IND121001AAA
IND365560AAA,IND365560AAB,1.8414707931223366,0.05966980156908586,54.67402083333334,83.54166666666667,1.0,24,1.0544892577196605,IND365560AAA → IND365560AAB
IND505302AAB,IND505327AAA,1.8541666666666665,0.04253472222222228,31.171350000000004,62.5,1.0,2,1.0544270833333333,IND505302AAB → IND505327AAA
IND585330AAE,IND585401AAA,1.8524799021150191,0.04331344041870593,37.00327619047619,48.45238095238095,1.0,42,1.0539859929716193,IND585330AAE → IND585401AAA
IND733140AAA,IND733102AAA,1.7772203632487913,0.14328371882858704,23.936703846153844,36.0,1.0,26,1.0538732609480927,IND733140AAA → IND733102AAA
IND176061AAA,IND160002AAC,1.6225921521265019,0.45974813139706017,145.3100777777778,252.27777777777777,0.8888888888888888,18,1.0536279669363855,IND176061AAA → IND160002AAC
IND390020AAA,IND391110AAD,1.7160455951226388,0.2584684908263523,24.748385714285714,43.107142857142854,0.9642857142857143,28,1.0532444995826755,IND390020AAA → IND391110AAD
IND413002AAA,IND413307AAC,1.8755730604500986,0.007852482279270448,50.97754444444445,67.33333333333333,1.0,9,1.0525849688638207,IND413002AAA → IND413307AAC
IND160002AAC,IND143001AAA,1.8572714951982943,0.05576769041167736,146.98501074380167,204.82644628099175,0.9752066115702479,121,1.0522008886738954,IND160002AAC → IND143001AAA
IND311001AAA,IND313324AAA,1.873846153846154,0.007616042077580533,89.7283,121.8,1.0,10,1.0518232741617357,IND311001AAA → IND313324AAA
IND284001AAA,IND284403AAA,1.7659680763247947,0.18690609858733093,72.59071851851851,96.74074074074075,0.9629629629629629,27,1.0513479489950062,IND284001AAA → IND284403AAA
IND302014AAA,IND313001AAB,1.8392869679004193,0.05649685861783502,213.9899525139665,283.89385474860336,0.994413407821229,179,1.050987867091887,IND302014AAA → IND313001AAB
IND177001AAA,IND176110AAB,1.8615917458710347,0.019760617266651997,24.6327,43.857142857142854,1.0,7,1.0505648835284094,IND177001AAA → IND176110AAB
IND421302AAG,IND382430AAB,1.8514130938434346,0.03449373531413422,263.81050151515154,359.8060606060606,0.996969696969697,330,1.0500042672225232,IND421302AAG → IND382430AAB
IND131028AAB,IND251001AAA,1.8189418766400627,0.09786928594642964,72.10205952380953,115.28571428571429,0.9761904761904762,42,1.049794679297097,IND131028AAB → IND251001AAA
IND841301AAC,IND841226AAB,1.841159420289855,0.24325309808863688,39.12258,48.0,0.8,5,1.049439697542533,IND841301AAC → IND841226AAB
IND562132AAA,IND600056AAB,1.7922140199887029,0.10827829462180968,191.40064945054945,255.8021978021978,1.0,182,1.049369096382024,IND562132AAA → IND600056AAB
IND521301AAA,IND521001AAA,1.8071542796280313,0.08457227708295831,30.269473684210528,38.73684210526316,1.0,38,1.0482333949761002,IND521301AAA → IND521001AAA
IND421302AAG,IND413002AAA,1.8186529946086274,0.10405657509462703,216.49018672566373,312.46902654867256,0.9646017699115044,113,1.0480587013452904,IND421302AAG → IND413002AAA
IND466001AAA,IND466116AAA,1.8325028750503134,0.05014547388221381,34.22371333333333,46.03333333333333,1.0,30,1.0480447921847897,IND466001AAA → IND466116AAA
IND637408AAA,IND637001AAA,1.757871637288804,0.14939841881790294,30.382215000000002,43.9,1.0,20,1.0479681805608925,IND637408AAA → IND637001AAA
IND560300AAB,IND563116AAA,1.8450891389242645,0.03139042985843627,63.3455,104.88888888888889,1.0,9,1.0474527845272368,IND560300AAB → IND563116AAA
IND562132AAA,IND000000ACS,1.7648076529623593,0.13735827986583637,22.85807777777778,39.166666666666664,1.0,18,1.0471305451446946,IND562132AAA → IND000000ACS
IND321001AAB,IND321001AAA,1.6568374079089487,0.3645830606047621,28.546491666666668,44.0,0.9166666666666666,12,1.047109881345008,IND321001AAB → IND321001AAA
IND110044AAB,IND000000ACB,1.6471306121002312,0.3467024243094621,40.343918101545256,62.82119205298013,0.9448123620309051,453,1.0463066807422026,IND110044AAB → IND000000ACB
IND411033AAA,IND414001AAA,1.8543335412574413,0.013807763427649073,84.58822777777777,113.66666666666667,1.0,18,1.0458757455312713,IND411033AAA → IND414001AAA
IND802301AAA,IND804401AAA,1.7485826503855624,0.5044692664354248,68.91256999999999,86.8,0.65,20,1.0457738400848524,IND802301AAA → IND804401AAA
IND521201AAA,IND521105AAA,1.7759170653907497,0.11736414764619242,21.794633333333337,37.333333333333336,1.0,3,1.0455760704501575,IND521201AAA → IND521105AAA
IND532201AAA,IND532222AAA,1.7471264351590439,0.15515161916787032,26.647497500000004,40.25,1.0,40,1.0453960598139787,IND532201AAA → IND532222AAA
IND786001AAB,IND786190AAA,1.822304373282286,0.05198828642332431,39.93271428571428,51.142857142857146,1.0,7,1.0445182352399116,IND786001AAB → IND786190AAA
IND815301AAA,IND814112AAA,1.8030685648541256,0.07734196749049134,50.20883333333333,87.66666666666667,1.0,3,1.0444300161887976,IND815301AAA → IND814112AAA
IND811399AAA,IND209304AAA,1.8103352993656578,0.06747506752775422,227.87173529411766,288.5176470588235,1.0,170,1.0443766400045895,IND811399AAA → IND209304AAA
IND562132AAA,IND421302AAG,1.7496915963098356,0.1474369125883998,531.2862922480621,673.1046511627907,1.0,258,1.0441077123004543,IND562132AAA → IND421302AAG
IND627117AAA,IND629001AAA,1.7517076420096303,0.14322197757948146,31.22704090909091,52.36363636363637,1.0,22,1.0436496500776964,IND627117AAA → IND629001AAA
IND722101AAA,IND722122AAA,1.839949154441908,0.02458427747300845,23.247548148148148,29.51851851851852,1.0,27,1.0433549450186657,IND722101AAA → IND722122AAA
IND131028AAB,IND000000ACB,1.641853110658509,0.47412814458019314,67.66455697368421,105.44868421052631,0.8131578947368421,760,1.0429270560585142,IND131028AAB → IND000000ACB
IND591115AAB,IND590016AAA,1.8457068311195446,0.014813126192896004,34.022999999999996,44.25,1.0,8,1.0427266703056868,IND591115AAB → IND590016AAA
IND301001AAB,IND321001AAB,1.7592178288315585,0.12954856394304268,54.375090196078425,86.11764705882354,1.0,51,1.0425517007155363,IND301001AAB → IND321001AAB
IND530012AAA,IND531001AAA,1.8263126249968356,0.03922490090664037,19.265326666666667,29.266666666666666,1.0,15,1.0422925202707263,IND530012AAA → IND531001AAA
IND461111AAA,IND460001AAA,1.8380249220457148,0.02360633557674191,58.74278375,78.45,1.0,80,1.0422918694913084,IND461111AAA → IND460001AAA
IND110037AAM,IND131028AAB,1.7912411301205868,0.28494008930911774,30.28852,79.6,0.8,5,1.04197847884097,IND110037AAM → IND131028AAB
IND305404AAA,IND305601AAC,1.5467250174127127,0.595090147586914,44.45527894736842,63.526315789473685,0.8157894736842105,38,1.0419538933464225,IND305404AAA → IND305601AAC
IND641062AAD,IND641607AAA,1.7963454616902894,0.07699933505609202,30.253622727272727,49.36363636363637,1.0,22,1.0416379851929436,IND641062AAD → IND641607AAA
IND110037AAM,IND202001AAB,1.7461168807729315,0.14966216974828914,92.96965197368421,135.4078947368421,0.993421052631579,152,1.041371719023133,IND110037AAM → IND202001AAB
IND125005AAA,IND000000ACB,1.8213025800809584,0.042709978908339254,104.55771714285714,158.45714285714286,1.0,35,1.0413340257048853,IND125005AAA → IND000000ACB
IND388320AAA,IND388220AAA,1.838206627680312,0.020051753815988956,18.792133333333332,31.0,1.0,3,1.0412981772169216,IND388320AAA → IND388220AAA
IND783348AAA,IND783129AAA,1.7737140191733087,0.10454981967597334,61.17656,98.06666666666666,1.0,30,1.0408505535721155,IND783348AAA → IND783129AAA
IND501359AAE,IND751002AAB,1.8268254069420367,0.033373005515124995,514.598704290429,687.8250825082508,1.0,303,1.040742064431352,IND501359AAE → IND751002AAB
IND110043AAA,IND110078AAA,1.6574914301169823,0.34985743225260263,16.66609696969697,32.45454545454545,0.9090909090909091,66,1.0406810744498465,IND110043AAA → IND110078AAA
IND000000ACB,IND302022AAD,1.7691325074600803,0.10835456400936505,127.16269277777778,165.6888888888889,1.0,180,1.0401593721868418,IND000000ACB → IND302022AAD
IND431717AAA,IND431603AAA,1.8370051277281243,0.017687994491713165,43.902625,57.875,1.0,8,1.0401084494387636,IND431717AAA → IND431603AAA
IND614018AAA,IND613104AAA,1.8080383881586288,0.05518128137893133,51.63612666666666,88.46666666666667,1.0,30,1.0397697396771308,IND614018AAA → IND613104AAA
IND110035AAC,IND110037AAM,1.7552422723475356,0.12474228438682333,18.691566666666667,29.166666666666668,1.0,6,1.0395195942550615,IND110035AAC → IND110037AAM
IND422103AAC,IND422605AAA,1.8171347748046796,0.04212203779146516,27.224991666666668,36.916666666666664,1.0,48,1.0394905212593115,IND422103AAC → IND422605AAA
IND842001AAA,IND854326AAB,1.7753540343823375,0.10706349597671287,168.75217703349284,214.67464114832535,0.9904306220095693,209,1.0393898491488196,IND842001AAA → IND854326AAB
IND560099AAB,IND683511AAA,1.7462525455545996,0.14492452386805837,246.91915874439462,376.60538116591925,0.9910313901345291,223,1.039287792422616,IND560099AAB → IND683511AAA
IND825409AAA,IND000000ACB,1.8182355193038382,0.04261237423828389,544.7997509771988,751.6954397394137,0.996742671009772,614,1.039100721295952,IND825409AAA → IND000000ACB
IND802119AAA,IND802158AAB,1.6836327854015865,0.21866091193680387,48.837515625,61.03125,1.0,32,1.0390513877416758,IND802119AAA → IND802158AAB
IND403507AAA,IND403726AAB,1.6317024137094682,0.28663581415248734,20.7757375,43.5,1.0,8,1.0386717097295335,IND403507AAA → IND403726AAB
IND572201AAB,IND577116AAA,1.7803418803418805,0.08826484768792456,48.47696666666667,68.33333333333333,1.0,3,1.0386162064431295,IND572201AAB → IND577116AAA
IND826004AAA,IND815353AAA,1.8016769888019628,0.05941660662587997,74.60725833333333,112.41666666666667,1.0,12,1.0384957775085493,IND826004AAA → IND815353AAA
IND604303AAA,IND603102AAA,1.8083405915213695,0.04907551876076724,43.902490909090915,60.81818181818182,1.0,11,1.0380588922367782,IND604303AAA → IND603102AAA
IND342601AAA,IND342902AAA,1.8060743719083607,0.052007727380772674,33.59525,63.5,1.0,6,1.038032066977576,IND342601AAA → IND342902AAA
IND341512AAA,IND341505AAA,1.795879812618943,0.06505957515169378,25.421916666666664,42.833333333333336,1.0,6,1.0378697975930853,IND341512AAA → IND341505AAA
IND362225AAA,IND362265AAA,1.8353839619893542,0.01064978514826921,26.951624999999996,35.041666666666664,1.0,24,1.0373485203402224,IND362225AAA → IND362265AAA
IND414001AAA,IND414203AAB,1.8421239296752292,0.0016631456348967402,45.0722,58.0,1.0,3,1.0373485155605606,IND414001AAA → IND414203AAB
IND201204AAA,IND250002AAA,1.7529675638371292,0.2847856592752624,24.19255,38.333333333333336,0.8333333333333334,6,1.0366227233174303,IND201204AAA → IND250002AAA
IND560300AAB,IND563130AAA,1.8104999981757341,0.03918663943326906,34.438465,54.025,1.0,40,1.0359559911002745,IND560300AAB → IND563130AAA
IND764059AAA,IND764071AAB,1.8105158730158728,0.036898069412950374,11.233816666666668,13.666666666666666,1.0,6,1.0352757700302342,IND764059AAA → IND764071AAB
IND457226AAA,IND382430AAB,1.8012412498714232,0.04797088014387702,203.1166033653846,264.1682692307692,1.0,208,1.0348877639917324,IND457226AAA → IND382430AAB
IND641062AAD,IND638401AAA,1.7754542308959869,0.08070558499514909,33.5984125,46.96875,1.0,64,1.0343933678569395,IND641062AAD → IND638401AAA
IND403726AAA,IND581303AAA,1.7267314209826368,0.14540965438054762,61.27893846153846,100.05128205128206,1.0,39,1.034315464707219,IND403726AAA → IND581303AAA
IND384205AAA,IND384355AAB,1.7291314631659902,0.1418180242564702,31.426703846153845,50.19230769230769,1.0,26,1.0341979925433373,IND384205AAA → IND384355AAB
IND641607AAA,IND641664AAA,1.7614619883040938,0.09814829634189437,17.22705,29.0,1.0,10,1.0340292842242058,IND641607AAA → IND641664AAA
IND341303AAA,IND341306AAA,1.7348216979099331,0.13117483146776132,29.152757142857144,36.0,1.0,28,1.0332811286043015,IND341303AAA → IND341306AAA
IND000000ACT,IND160002AAC,1.802076992554412,0.05951096057291329,128.9404261904762,178.83809523809524,0.9809523809523809,210,1.0329697994793532,IND000000ACT → IND160002AAC
IND000000ACB,IND411033AAA,1.7924425285032701,0.060930768955032834,706.7954499107143,932.1508928571428,0.9919642857142857,1120,1.0328455278021036,IND000000ACB → IND411033AAA
IND160002AAC,IND181152AAA,1.786225342850114,0.05827719393710735,218.68877333333333,352.6,1.0,30,1.0319732953211778,IND160002AAC → IND181152AAA
IND581110AAE,IND581119AAB,1.788861723432844,0.05400776512421218,35.483971875,52.4375,1.0,96,1.0317470189104014,IND581110AAE → IND581119AAB
IND390022AAA,IND395023AAA,1.7897832918760128,0.05029838042222385,105.35274897959184,137.51020408163265,1.0,147,1.0310028308770722,IND390022AAA → IND395023AAA
IND600056AAB,IND600044AAE,1.7458229343615084,0.15743584361768084,27.561596116504855,48.47572815533981,0.9514563106796117,103,1.0309968200337911,IND600056AAB → IND600044AAE
IND302014AAA,IND110037AAM,1.6705735690296832,0.22834053477225283,149.25738376623377,199.24025974025975,0.9805194805194806,154,1.0308874321993933,IND302014AAA → IND110037AAM
IND396321AAA,IND396580AAB,1.7844763139386166,0.05607380285384056,29.226106250000004,37.975,1.0,80,1.0306126664315989,IND396321AAA → IND396580AAB
IND160002AAC,IND131028AAB,1.8037895485553401,0.029155474599831775,103.07120104166667,135.44791666666666,1.0,96,1.0302624618020857,IND160002AAC → IND131028AAB
IND321001AAB,IND321401AAB,1.696241388619905,0.17218833088669427,50.24613333333334,83.66666666666667,1.0,6,1.0301530547139703,IND321001AAB → IND321401AAB
IND523002AAA,IND600056AAB,1.8150519415254704,0.012699662153707244,191.46430283687943,270.4822695035461,1.0,141,1.0298306752563005,IND523002AAA → IND600056AAB
IND144527AAA,IND141115AAA,1.793354997399115,0.04075829486963291,30.1344375,54.875,1.0,8,1.029569487420536,IND144527AAA → IND141115AAA
IND000000ADV,IND600044AAC,1.7507659205350123,0.09626442458639448,29.302237500000004,44.986111111111114,1.0,72,1.0291856955899232,IND000000ADV → IND600044AAC
IND273014AAB,IND277303AAC,1.7616597683121076,0.08074959111473562,81.32740666666666,121.77777777777777,1.0,90,1.0288887846592638,IND273014AAB → IND277303AAC
IND501359AAE,IND500008AAC,1.7598047404540538,0.08316009953609872,21.207913157894737,32.18421052631579,1.0,38,1.0288699260424512,IND501359AAE → IND500008AAC
IND742102AAB,IND713130AAA,1.7604276291750287,0.07949975225945966,54.53256404494382,90.12359550561797,1.0,89,1.0280209773478495,IND742102AAB → IND713130AAA
IND000000ACA,IND144514AAA,1.6108792740513171,0.7348574690164219,52.985458333333334,83.04166666666667,0.5416666666666666,24,1.0273089503254536,IND000000ACA → IND144514AAA
IND141010AAA,IND000000ACA,1.8181818181818181,0.0,15.531,20.0,1.0,2,1.0272727272727273,IND141010AAA → IND000000ACA
IND000000ACB,IND121002AAB,1.6934184877154788,0.19835456828527703,46.2065137829912,74.27272727272727,0.967741935483871,341,1.027196346216936,IND000000ACB → IND121002AAB
IND572101AAA,IND561203AAB,1.7930491764764693,0.032717350736045155,35.650243055555556,47.94444444444444,1.0,72,1.0270348758114014,IND572101AAA → IND561203AAB
IND247776AAA,IND251309AAB,1.8072263993316626,0.01089153570686349,24.551864285714284,32.642857142857146,1.0,14,1.0261580204447243,IND247776AAA → IND251309AAB
IND395023AAA,IND110037AAM,1.790371630121003,0.03451418464438151,572.603374385511,783.620957309185,0.9987063389391979,773,1.026114809123475,IND395023AAA → IND110037AAM
IND712311AAA,IND713145AAB,1.7102422879119576,0.13982817146766768,68.42856666666667,102.16666666666667,1.0,12,1.0260453666050835,IND712311AAA → IND713145AAB
IND506132AAA,IND122001AAJ,1.7824784723761073,0.043452915344099924,38.849897368421054,49.44736842105263,1.0,38,1.026027263553673,IND506132AAA → IND122001AAJ
IND282002AAD,IND205001AAB,1.7778811449882548,0.14378653352783977,90.93539761904762,124.52380952380952,0.9047619047619048,42,1.0257169894822251,IND282002AAD → IND205001AAB
IND680712AAA,IND683511AAA,1.687415733565901,0.16896689390916775,28.93929722222222,43.888888888888886,1.0,36,1.0256563615991108,IND680712AAA → IND683511AAA
IND364004AAB,IND365560AAA,1.7610186205040523,0.07046410458288252,76.34895714285715,96.11428571428571,1.0,35,1.0255466795764858,IND364004AAB → IND365560AAA
IND573134AAB,IND577101AAA,1.7992202729044835,0.018246829983774682,48.08215,64.0,1.0,2,1.025162158156926,IND573134AAB → IND577101AAA
IND751002AAB,IND760003AAB,1.7531130544087896,0.18306603176390876,116.08759583333334,168.66666666666666,0.8958333333333334,96,1.0249150312926885,IND751002AAB → IND760003AAB
IND124112AAA,IND125033AAA,1.7793104719201656,0.043632762290944656,30.1768125,41.25,1.0,8,1.0248140174553497,IND124112AAA → IND125033AAA
IND826004AAA,IND209304AAA,1.7916926104529354,0.027108496830947734,399.77834583333333,523.7708333333334,1.0,96,1.0248095932304584,IND826004AAA → IND209304AAA
IND673592AAA,IND562132AAA,1.728518547645305,0.11123428297128406,167.2788638655462,256.70588235294116,1.0,119,1.0247777039495074,IND673592AAA → IND562132AAA
IND421302AAG,IND562132AAA,1.736296328196498,0.10147472396818433,489.47423421750665,639.5402298850574,0.9991158267020336,1131,1.0246956964796647,IND421302AAG → IND562132AAA
IND306401AAB,IND342005AAD,1.7325499345524138,0.12388670392640587,49.42211666666667,65.96296296296296,0.9814814814814815,54,1.0246304294433317,IND306401AAB → IND342005AAD
IND151506AAA,IND151001AAA,1.5254993261703094,0.5678017100618666,57.84655833333333,83.125,0.8125,48,1.0242902434866838,IND151506AAA → IND151001AAA
IND632006AAA,IND600056AAB,1.781791139122185,0.0672797979705394,73.06079411764706,98.73529411764706,0.9705882352941176,68,1.024076865628271,IND632006AAA → IND600056AAB
IND000000ACB,IND600056AAB,1.7932831339816389,0.02161518570243765,1117.7386109359607,1457.1201970443349,1.0,1015,1.023797809303387,IND000000ACB → IND600056AAB
IND518002AAA,IND518401AAA,1.7404690397139737,0.09156528516674638,28.89551923076923,46.5,1.0,26,1.0236572014356136,IND518002AAA → IND518401AAA
IND364270AAA,IND364001AAA,1.79578173374613,0.017368646700981216,38.5529,54.25,1.0,4,1.0235232875087465,IND364270AAA → IND364001AAA
IND631102AAA,IND600056AAB,1.7522411743100104,0.07505803854723872,56.67078611111111,88.22222222222223,1.0,36,1.0234138812881757,IND631102AAA → IND600056AAB
IND508001AAA,IND501359AAE,1.7830186635124552,0.03399991183252054,78.74442285714285,102.2,1.0,70,1.0234074389547383,IND508001AAA → IND501359AAE
IND413709AAA,IND423109AAA,1.7656745455222767,0.0827316661417087,22.28869230769231,37.0,0.9743589743589743,39,1.0233970103591155,IND413709AAA → IND423109AAA
IND177101AAA,IND176001AAA,1.7871939736346516,0.028025719869059888,39.2157,93.75,1.0,4,1.0232853054145785,IND177101AAA → IND176001AAA
IND503122AAA,IND502110AAA,1.6197483305061784,0.24742656358475487,35.84826842105264,53.421052631578945,1.0,38,1.0221273012778977,IND503122AAA → IND502110AAA
IND847212AAA,IND847226AAA,1.6724484115288714,0.461218891209947,37.1116119047619,45.61904761904762,0.7142857142857143,42,1.021630746260247,IND847212AAA → IND847226AAA
IND575004AAB,IND562132AAA,1.7352733750463711,0.11068964252540062,185.4515423076923,269.11538461538464,0.9807692307692307,52,1.0215470120069379,IND575004AAB → IND562132AAA
IND581320AAA,IND581334AAA,1.657423526765632,0.19506241659693258,34.064949999999996,53.0,1.0,8,1.0214881356853327,IND581320AAA → IND581334AAA
IND521225AAB,IND523002AAA,1.7689097937469174,0.04618326382702216,85.08292222222222,119.33333333333333,1.0,18,1.0214188966468736,IND521225AAB → IND523002AAA
IND131028AAB,IND160002AAC,1.7204298788768873,0.10685754022121068,106.29576916666666,129.33333333333334,1.0,240,1.0202292136171183,IND131028AAB → IND160002AAC
IND400016AAA,IND400015AAA,1.8,0.0,12.2279,18.0,1.0,2,1.02,IND400016AAA → IND400015AAA
IND585104AAA,IND585330AAE,1.790859621945404,0.01217313506611577,45.653515,57.68333333333333,1.0,60,1.0199957892979965,IND585104AAA → IND585330AAE
IND362220AAA,IND362265AAA,1.7563514957264956,0.055434436722335584,28.593239999999998,33.8,1.0,10,1.019170929307299,IND362220AAA → IND362265AAA
IND501359AAE,IND506002AAA,1.7873580308429489,0.023149657829202818,98.25117272727273,125.88181818181818,0.990909090909091,110,1.0191608369586678,IND501359AAE → IND506002AAA
IND462022AAA,IND000000ACB,1.7389811157963766,0.12359767093918635,407.45965667655787,588.1557863501483,0.9540059347181009,674,1.0188735280157368,IND462022AAA → IND000000ACB
IND581334AAA,IND581314AAA,1.7191073185126893,0.1040221797653624,44.0214875,71.25,1.0,8,1.0188495813346845,IND581334AAA → IND581314AAA
IND176215AAA,IND176061AAA,1.7589153561517115,0.04993324443363349,33.3566,81.33333333333333,1.0,6,1.0185461157907745,IND176215AAA → IND176061AAA
IND560099AAB,IND560300AAA,1.6646737791420587,0.3248832639091113,38.18568975206612,66.40495867768595,0.8495867768595041,605,1.0182105238874082,IND560099AAB → IND560300AAA
IND574221AAA,IND562132AAA,1.6854062142068773,0.1456441250958181,160.5106406779661,233.0677966101695,1.0,59,1.0178557232114962,IND574221AAA → IND562132AAA
IND424304AAC,IND425412AAA,1.7790512970146837,0.020230745651729578,42.51334444444444,53.27777777777778,1.0,18,1.0176897425013924,IND424304AAC → IND425412AAA
IND305001AAC,IND342602AAC,1.738391486572807,0.0743145558986217,81.19604,103.4,1.0,10,1.0176509613987093,IND305001AAC → IND342602AAC
IND751002AAB,IND756100AAC,1.7415605886577972,0.10290959964659305,76.32805833333333,97.8,0.9666666666666667,60,1.0174971153570969,IND751002AAB → IND756100AAC
IND625532AAA,IND685514AAA,1.751907813242887,0.05373512246131031,79.957775,166.5,1.0,4,1.016883662035548,IND625532AAA → IND685514AAA
IND423601AAA,IND413709AAA,1.6812883031266814,0.23070165149826963,29.94429166666667,53.25,0.9166666666666666,12,1.0167258167001534,IND423601AAA → IND413709AAA
IND507002AAA,IND508213AAB,1.7758062625225466,0.02123212896542889,45.97235952380952,58.0,1.0,42,1.0166921436986474,IND507002AAA → IND508213AAB
IND505001AAA,IND505327AAA,1.7568710359408035,0.04634177956366861,35.55015,55.5,1.0,2,1.016650948245422,IND505001AAA → IND505327AAA
IND561202AAB,IND515134AAA,1.7349606483697848,0.1373460303368034,44.125170833333335,78.47916666666667,0.9375,96,1.016438068448955,IND561202AAB → IND515134AAA
IND334001AAC,IND334803AAA,1.7249238090569359,0.08813404311473276,46.918125,57.666666666666664,1.0,12,1.0164097365571942,IND334001AAC → IND334803AAA
IND560300AAA,IND563130AAA,1.7700845220482724,0.027583493361193392,34.39177,52.3,1.0,10,1.016308856827667,IND560300AAA → IND563130AAA
IND505327AAA,IND505425AAA,1.6340445339929344,0.2627471203806207,26.525194444444445,30.61111111111111,0.9444444444444444,18,1.0157752830446933,IND505327AAA → IND505425AAA
IND515134AAA,IND515201AAA,1.7360565952416027,0.06947463292380118,37.414317777777775,58.922222222222224,1.0,90,1.0152650279737816,IND515134AAA → IND515201AAA
IND334803AAA,IND341001AAC,1.7422444280287417,0.06079035314852134,41.98983333333334,51.888888888888886,1.0,9,1.015134877156053,IND334803AAA → IND341001AAC
IND142001AAB,IND152026AAA,1.692624803909912,0.12629651290546148,55.39368275862069,71.76724137931035,1.0,116,1.0149388754356035,IND142001AAB → IND152026AAA
IND581314AAA,IND581334AAA,1.711080586080586,0.10048668135893421,47.47996666666668,73.0,1.0,3,1.0145782388399147,IND581314AAA → IND581334AAA
IND425201AAA,IND425508AAB,1.741405929863591,0.058613159721559754,26.755894444444444,43.916666666666664,1.0,36,1.0141463198619043,IND425201AAA → IND425508AAB
IND695572AAB,IND000000AFJ,1.7747252747252746,0.013585315783117976,17.07825,35.0,1.0,2,1.0139657046250452,IND695572AAB → IND000000AFJ
IND411033AAA,IND562132AAA,1.7284575260197779,0.07641986320859645,436.28156597633136,565.5029585798817,0.9970414201183432,338,1.013421395405993,IND411033AAA → IND562132AAA
IND175101AAA,IND160002AAC,1.7474392112668047,0.26650357068845837,146.962403125,279.21875,0.78125,32,1.0133017557132593,IND175101AAA → IND160002AAC
IND335513AAA,IND335001AAA,1.7746981497788663,0.06242110161693749,46.72161666666667,67.33333333333333,0.9444444444444444,18,1.0119389237299612,IND335513AAA → IND335001AAA
IND282001AAC,IND000000ACB,1.7146150096087602,0.08663164855665965,126.78290625,171.4375,1.0,16,1.011835498410502,IND282001AAC → IND000000ACB
IND605010AAB,IND607001AAA,1.7516420361247949,0.0367581932062992,25.480275000000002,50.833333333333336,1.0,12,1.0116842724118078,IND605010AAB → IND607001AAA
IND140001AAA,IND140118AAA,1.7609736201295505,0.023844702593166747,33.821342105263156,46.973684210526315,1.0,38,1.0115428588297704,IND140001AAA → IND140118AAA
IND160102AAC,IND160002AAC,1.653969292683221,0.3787852817768914,26.787188392857143,43.410714285714285,0.7857142857142857,112,1.0109375873206417,IND160102AAC → IND160002AAC
IND203135AAA,IND203396AAB,1.704087112178958,0.09671358221812924,44.056108333333334,74.05555555555556,1.0,36,1.010648919537022,IND203135AAA → IND203396AAB
IND721501AAC,IND721306AAA,1.7695739445739447,0.009211784095881503,70.158875,111.25,1.0,4,1.0105931130583423,IND721501AAC → IND721306AAA
IND630561AAA,IND623407AAA,1.7577136467193937,0.024094449395678775,29.144056,35.45333333333333,1.0,75,1.0103137935064612,IND630561AAA → IND623407AAA
IND421302AAG,IND501359AAE,1.7426709859829992,0.0868970283944295,413.1105301043219,553.8748137108793,0.9567809239940388,671,1.01017178010974,IND421302AAG → IND501359AAE
IND395023AAA,IND562132AAA,1.7448981868660691,0.040899490937819596,609.8805014973262,793.4909090909091,0.9967914438502674,935,1.0092665551828537,IND395023AAA → IND562132AAA
IND160002AAC,IND142001AAB,1.7556868902422005,0.02276291802650176,95.78911666666667,125.51587301587301,1.0,126,1.009103631504831,IND160002AAC → IND142001AAB
IND303503AAA,IND302014AAB,1.7473802103094882,0.04946333714170947,49.1270328125,62.53125,0.984375,64,1.0091035852663082,IND303503AAA → IND302014AAB
IND712311AAA,IND826004AAA,1.7360015289539026,0.07328120695951153,146.24044736842106,178.35526315789474,0.9736842105263158,76,1.0084902368273092,IND712311AAA → IND826004AAA
IND695121AAA,IND695572AAB,1.76071771365889,0.013981752438108924,12.37925294117647,22.735294117647058,1.0,34,1.0084816111949888,IND695121AAA → IND695572AAB
IND000000AFG,IND673027AAB,1.7648953301127213,0.007488830285161586,33.8408,65.0,1.0,2,1.008204781130637,IND000000AFG → IND673027AAB
IND742101AAC,IND713130AAA,1.6834397774158056,0.11438439988199134,54.31270476190476,81.0952380952381,1.0,21,1.0076912309309196,IND742101AAC → IND713130AAA
IND572201AAB,IND573201AAB,1.7312407870949797,0.05037732289547838,44.54018333333334,70.33333333333333,1.0,6,1.0076095117066355,IND572201AAB → IND573201AAB
IND626123AAA,IND627756AAA,1.7436052563317816,0.03362102535390851,36.749405882352946,64.41176470588235,1.0,34,1.0075284101388853,IND626123AAA → IND627756AAA
IND000000ACB,IND122001AAA,1.5553110564839039,0.4854586449870068,25.963546428571426,40.38392857142857,0.7991071428571429,224,1.0074941589468065,IND000000ACB → IND122001AAA
IND573116AAA,IND571432AAB,1.7276773152087168,0.05435677195715133,45.68391666666667,59.208333333333336,1.0,24,1.007377957670632,IND573116AAA → IND571432AAB
IND501359AAE,IND518002AAA,1.740102771269766,0.03765517429092175,118.29504251968504,146.71653543307087,1.0,127,1.007337660795183,IND501359AAE → IND518002AAA
IND732103AAB,IND733128AAA,1.7218946965204651,0.06111366784457807,42.06113888888889,56.22222222222222,1.0,36,1.0070919789615596,IND732103AAB → IND733128AAA
IND131028AAB,IND247667AAB,1.742033448991165,0.04490630230876989,90.26003666666666,149.0222222222222,0.9888888888888889,90,1.0069519369557638,IND131028AAB → IND247667AAB
IND370201AAA,IND363310AAB,1.6912245411977427,0.09994638396911998,98.69124285714285,175.57142857142858,1.0,7,1.0064737316698331,IND370201AAA → IND363310AAB
IND623315AAB,IND614620AAA,1.7289292966853056,0.04781793987241869,24.161018333333335,30.833333333333332,1.0,60,1.0059171006358478,IND623315AAB → IND614620AAA
IND560099AAH,IND562125AAA,1.7647058823529411,0.0,11.646,30.0,1.0,2,1.0058823529411764,IND560099AAH → IND562125AAA
IND560099AAB,IND683511AAB,1.7552028595526514,0.012574787945385423,245.62374375,377.375,1.0,16,1.0058535802046762,IND560099AAB → IND683511AAB
IND422011AAD,IND423109AAA,1.7278903400799512,0.04887086784953335,55.43177333333333,68.4,1.0,15,1.0058173963868404,IND422011AAD → IND423109AAA
IND530012AAA,IND532001AAB,1.7249913083940462,0.052281402585290654,59.56126212121212,72.89772727272727,1.0,264,1.0056809441332057,IND530012AAA → IND532001AAB
IND533262AAA,IND533106AAA,1.734262496962618,0.03687428115287162,45.46136428571429,68.28571428571429,1.0,14,1.0047672831309087,IND533262AAA → IND533106AAA
IND700026AAC,IND700065AAA,1.600250626566416,0.2131330833349037,13.91055,31.0,1.0,4,1.0040401756270376,IND700026AAC → IND700065AAA
IND424006AAA,IND425405AAA,1.7412856043409262,0.02503195993289518,43.47434444444444,58.111111111111114,1.0,9,1.0040238297162392,IND424006AAA → IND425405AAA
IND382430AAB,IND364004AAB,1.7128193946026902,0.06262391768486963,95.82489090909091,124.8961038961039,1.0,77,1.0039149331465371,IND382430AAB → IND364004AAB
IND580028AAA,IND591115AAB,1.7562245514086898,0.0029904790388869534,45.19105,57.333333333333336,1.0,12,1.003386964275142,IND580028AAA → IND591115AAB
IND562132AAA,IND560060AAB,1.5957706191819494,0.3723017143102284,21.51659,38.84285714285714,0.8428571428571429,70,1.002855904822991,IND562132AAA → IND560060AAB
IND756029AAA,IND712311AAA,1.7496634209747286,0.009248635858990398,124.0201,157.5,1.0,8,1.0026399591475885,IND756029AAA → IND712311AAA
IND515004AAA,IND562132AAA,1.7263455016286613,0.039162473638756135,129.90616805555555,211.30555555555554,1.0,72,1.0022869427430914,IND515004AAA → IND562132AAA
IND000000ACB,IND462022AAA,1.7270334608403388,0.03749695555703697,409.5699323144105,552.67903930131,1.0,458,1.0020624710032466,IND000000ACB → IND462022AAA
IND562132AAA,IND501359AAE,1.6974197260301158,0.08221976657489356,294.18009204545456,365.0738636363636,0.9943181818181818,176,1.001929274929969,IND562132AAA → IND501359AAE
IND382430AAB,IND384205AAA,1.4337332395951023,0.7961881200359755,65.72155263157894,92.44736842105263,0.631578947368421,76,1.0018234160593598,IND382430AAB → IND384205AAA
IND000000ACB,IND125005AAA,1.7155438932744111,0.05118600732356433,101.42445714285714,146.5,1.0,28,1.0015733595068337,IND000000ACB → IND125005AAA
IND382430AAB,IND389001AAA,1.7018371584994523,0.06913393294457336,79.5507619047619,97.61904761904762,1.0,105,1.001475043283153,IND382430AAB → IND389001AAA
IND521225AAB,IND521185AAA,1.697867378099936,0.07339111178761254,36.836016666666666,47.666666666666664,1.0,6,1.001164284776258,IND521225AAB → IND521185AAA
IND422605AAA,IND413709AAA,1.7393474697003126,0.017659385641228653,33.142427777777776,52.5,1.0,54,1.0010368035724937,IND422605AAA → IND413709AAA
IND333504AAA,IND332713AAA,1.727110694183865,0.03305478072012645,36.121674999999996,56.25,1.0,4,1.0007607118895838,IND333504AAA → IND332713AAA
IND625008AAA,IND626123AAA,1.7282299518228288,0.03104281587212775,46.560076470588236,68.72549019607843,1.0,51,1.00060482549077,IND625008AAA → IND626123AAA
IND148028AAA,IND147001AAD,1.7204603388813915,0.04060566993185311,44.36188333333333,62.0,1.0,6,1.0003658365321126,IND148028AAA → IND147001AAD
IND302014AAB,IND303008AAB,1.6970252186561483,0.10012057027970499,43.75143142857143,55.48571428571429,0.9714285714285714,35,1.0002748299749422,IND302014AAB → IND303008AAB
IND575004AAB,IND671323AAD,1.7084520417853752,0.054036357929995185,24.34096666666667,45.0,1.0,3,0.9995917240931488,IND575004AAB → IND671323AAD
IND124141AAA,IND000000ACB,1.7290003181217077,0.1547999879991244,70.49170769230768,113.23076923076923,0.8717948717948718,39,0.9995785851868819,IND124141AAA → IND000000ACB
IND000000ACB,IND110064AAA,1.6097028453848214,0.34279379485929284,37.888564335664334,67.08391608391608,0.8426573426573427,286,0.9995164794089193,IND000000ACB → IND110064AAA
IND474003AAA,IND476001AAA,1.66494565994566,0.11162852479555607,30.417366666666666,53.5,1.0,6,0.999466821416931,IND474003AAA → IND476001AAA
IND562132AAC,IND000000ACB,1.7381283495343847,0.025699009336691378,1144.006112820513,1489.6410256410256,0.9871794871794872,78,0.9991148887686075,IND562132AAC → IND000000ACB
IND515004AAA,IND501359AAE,1.7213300680923305,0.047346387310185936,191.91380168776374,237.042194092827,0.9873417721518988,237,0.9989384750755577,IND515004AAA → IND501359AAE
IND175001AAA,IND175101AAA,1.707129548394021,0.17111899767082675,44.40776470588236,100.67647058823529,0.8823529411764706,34,0.9988934010117977,IND175001AAA → IND175101AAA
IND382430AAB,IND000000ACB,1.7282390927819158,0.03187151092637735,456.5980788530466,586.483870967742,0.992831541218638,558,0.998706552756271,IND382430AAB → IND000000ACB
IND000000ACB,IND390022AAA,1.7260868832159195,0.05557763165491248,485.213554025974,680.0883116883117,0.9714285714285714,385,0.998536614211413,IND000000ACB → IND390022AAA
IND821115AAB,IND209304AAA,1.718930589085133,0.06986000282901221,254.79257166666667,325.7125,0.9666666666666667,240,0.998530236482757,IND821115AAB → IND209304AAA
IND125001AAA,IND335524AAA,1.7385923540502843,0.17456335440598547,101.32219333333333,191.06666666666666,0.8333333333333334,30,0.9978059479419095,IND125001AAA → IND335524AAA
IND335001AAA,IND125104AAA,1.652621092155054,0.12174455290821382,71.12886,93.2,1.0,40,0.9975718027344858,IND335001AAA → IND125104AAA
IND131028AAB,IND247667AAA,1.719147280226074,0.031931885002005056,90.24431,146.13333333333333,1.0,30,0.9972384775910312,IND131028AAB → IND247667AAA
IND473443AAA,IND470113AAA,1.721088608238254,0.029205169976441705,50.24530714285714,72.78571428571429,1.0,14,0.997196994288234,IND473443AAA → IND470113AAA
IND487001AAB,IND487551AAA,1.6822984915006192,0.08041608166284023,39.5583875,59.25,1.0,8,0.9970442210990997,IND487001AAB → IND487551AAA
IND586211AAA,IND586128AAA,1.7337457144903954,0.011486239882460458,31.47980666666667,54.666666666666664,1.0,15,0.9969441577608964,IND586211AAA → IND586128AAA
IND560300AAA,IND560085AAA,1.6172966587871622,0.3054777370149761,25.732948611111112,41.083333333333336,0.8611111111111112,72,0.996895317952691,IND560300AAA → IND560085AAA
IND272001AAA,IND272175AAA,1.6620729813664596,0.10649400060118573,29.13995,34.5,1.0,4,0.9967773927269397,IND272001AAA → IND272175AAA
IND506143AAA,IND506167AAB,1.7301160990712074,0.015535230316827324,24.507516,29.32,1.0,25,0.9967070087235311,IND506143AAA → IND506167AAB
IND505326AAB,IND505425AAA,1.7275541795665634,0.018422490390974704,25.7516,31.0,1.0,2,0.9965484189439178,IND505326AAB → IND505425AAA
IND000000ACB,IND121004AAB,1.647347776908605,0.14520400303397957,45.82155405405405,68.64864864864865,0.9783783783783784,185,0.9960138251871494,IND000000ACB → IND121004AAB
IND535501AAB,IND532001AAB,1.7105537042131245,0.03795914701569105,64.05235,103.25,1.0,4,0.9956092257899573,IND535501AAB → IND532001AAB
IND571105AAA,IND571213AAA,1.7014442307706037,0.04553086433472397,33.886716666666665,51.958333333333336,1.0,24,0.9942369516086587,IND571105AAA → IND571213AAA
IND786001AAB,IND786602AAA,1.6420338036600794,0.14453788164786974,25.96265,41.916666666666664,0.9791666666666666,48,0.9939248859583927,IND786001AAB → IND786602AAA
IND508248AAB,IND508377AAB,1.706728859805485,0.03724308796857124,39.50436578947368,47.60526315789474,1.0,38,0.9938644703127655,IND508248AAB → IND508377AAB
IND151001AAA,IND160002AAC,1.6841453324117608,0.06651860196882786,122.54348198757764,152.26708074534162,1.0,161,0.9936137135553527,IND151001AAA → IND160002AAC
IND395023AAA,IND390022AAA,1.6784765029509805,0.09227980270713215,100.50218867924528,125.64150943396227,0.9811320754716981,53,0.9934141646340413,IND395023AAA → IND390022AAA
IND757037AAA,IND758001AAA,1.6604761904761904,0.09721950113378686,40.57775,57.5,1.0,2,0.9933563265306123,IND757037AAA → IND758001AAA
IND577501AAA,IND577002AAA,1.6491702075190604,0.11046023444515746,44.991009999999996,53.46666666666667,1.0,30,0.9928061533411715,IND577501AAA → IND577002AAA
IND000000ACB,IND562132AAA,1.697871888251501,0.04729646738758138,1033.9525609927653,1367.2122186495176,0.9981913183279743,4976,0.9927950910152671,IND000000ACB → IND562132AAA
IND781018AAB,IND781354AAA,1.6911350827111695,0.053855241334875154,48.66565625,66.125,1.0,16,0.9926106054849303,IND781018AAB → IND781354AAA
IND110085AAB,IND110039AAA,1.7724686028257455,0.3732937365504576,12.569199999999999,26.571428571428573,0.5714285714285714,7,0.9924041335240069,IND110085AAB → IND110039AAA
IND758035AAA,IND758001AAA,1.7295238095238095,0.0006965986394557855,57.3639,70.66666666666667,1.0,3,0.9920185034013607,IND758035AAA → IND758001AAA
IND625106AAA,IND625008AAA,1.6920752618302826,0.04976552463346893,37.02487307692308,61.07692307692308,1.0,26,0.9917597621221538,IND625106AAA → IND625008AAA
IND560043AAC,IND560064AAA,1.6526829118073822,0.10159217326411725,13.197936842105262,28.57894736842105,1.0,76,0.991550816702188,IND560043AAC → IND560064AAA
IND521225AAB,IND501359AAE,1.6945369672179893,0.044082374555258506,175.5455962121212,234.16666666666666,1.0,132,0.9910394992537733,IND521225AAB → IND501359AAE
IND141003AAB,IND142026AAA,1.681742338105004,0.05992626277799937,34.55657380952381,42.26190476190476,1.0,42,0.9906748140754015,IND141003AAB → IND142026AAA
IND361001AAA,IND361305AAC,1.6763529107314505,0.06673166723710289,42.99480208333333,53.229166666666664,1.0,48,0.9905606644637112,IND361001AAA → IND361305AAC
IND245304AAA,IND245101AAA,1.666859296166019,0.07880929867518137,13.543589285714287,23.392857142857142,1.0,28,0.990386508068962,IND245304AAA → IND245101AAA
IND562132AAA,IND000000ACB,1.7123670406657203,0.023834898122972716,1143.918080880579,1471.7147165259348,0.9933655006031363,3316,0.9901069358841208,IND562132AAA → IND000000ACB
IND000000ACA,IND140406AAA,1.718668292352503,0.007590660113874279,42.16805,52.333333333333336,1.0,6,0.9897445149751636,IND000000ACA → IND140406AAA
IND473331AAA,IND473226AAA,1.6919766639045875,0.07680752847448617,57.787448148148144,109.62962962962963,0.9629629629629629,27,0.9887218129930697,IND473331AAA → IND473226AAA
IND132103AAA,IND132001AAA,1.6739756094461977,0.06199569445656149,34.41014,49.7,1.0,10,0.9881889521154475,IND132103AAA → IND132001AAA
IND414203AAB,IND414302AAB,1.6872015723525475,0.043854647511764634,65.75715,88.5,1.0,4,0.9880370231945484,IND414203AAB → IND414302AAB
IND736146AAA,IND736135AAA,1.6792006070220014,0.11654996462900129,47.6901,82.5,0.9375,16,0.987895232197501,IND736146AAA → IND736135AAA
IND574216AAA,IND562132AAA,1.6897283932179972,0.039747447034249546,160.80785454545455,222.45454545454547,1.0,11,0.9878155913974739,IND574216AAA → IND562132AAA
IND580028AAA,IND562132AAA,1.7078150803078633,0.012475927681165004,207.2291859375,269.78125,1.0,64,0.986868810427495,IND580028AAA → IND562132AAA
IND518124AAA,IND518206AAA,1.6928571428571428,0.03194104308390023,19.414816666666667,35.0,1.0,6,0.9867251700680272,IND518124AAA → IND518206AAA
IND125001AAA,IND335513AAA,1.6981246363572802,0.024814330269584236,107.63749803921569,160.23529411764707,1.0,51,0.9866941536237873,IND125001AAA → IND335513AAA
IND125005AAA,IND335513AAA,1.703530657664714,0.016397277379911954,103.91807619047619,156.14285714285714,1.0,21,0.9863314462798592,IND125005AAA → IND335513AAA
IND627756AAA,IND626117AAA,1.6874297164082417,0.03778295843671941,27.771473529411765,42.73529411764706,1.0,34,0.9863067740943127,IND627756AAA → IND626117AAA
IND403726AAA,IND403702AAA,1.6773171951692722,0.051185740515995955,38.89353888888889,62.94444444444444,1.0,18,0.9862826002225077,IND403726AAA → IND403702AAA
IND560043AAC,IND560099AAB,1.6160218798225825,0.40397049757125025,23.405336363636366,43.984848484848484,0.7272727272727273,66,0.9857817193822263,IND560043AAC → IND560099AAB
IND302014AAB,IND303303AAA,1.53838227098031,0.3457028786732974,36.96791666666667,47.888888888888886,0.8888888888888888,18,0.9857304386607799,IND302014AAB → IND303303AAA
IND160002AAC,IND562132AAA,1.6644472569172923,0.06531006418452051,1264.3934320987655,1682.7283950617284,1.0,81,0.9853719220222732,IND160002AAC → IND562132AAA
IND621211AAA,IND621010AAA,1.655824478551751,0.07627006396276084,23.724054545454546,35.54545454545455,1.0,22,0.9852108106095288,IND621211AAA → IND621010AAA
IND000000ABD,IND562132AAA,1.676035593948697,0.048857071076396974,219.22347986111112,336.86805555555554,1.0,144,0.9850713589023979,IND000000ABD → IND562132AAA
IND306401AAB,IND343001AAA,1.701590253313697,0.11475368896213209,71.61741500000001,95.0,0.9,20,0.9850622080141186,IND306401AAB → IND343001AAA
IND530012AAA,IND533106AAA,1.6884829327174247,0.15537488823462542,112.4124,137.3125,0.875,16,0.9845056395573576,IND530012AAA → IND533106AAA
IND605010AAB,IND600056AAB,1.692682247890217,0.024527582216646984,91.90043333333332,128.11111111111111,1.0,18,0.9844311738210809,IND605010AAB → IND600056AAB
IND221303AAA,IND231001AAA,1.641735679779158,0.09158170856034074,28.935533333333336,37.0,1.0,3,0.9841687844797655,IND221303AAA → IND231001AAA
IND577132AAD,IND573134AAB,1.7108544251447477,0.1470154404694139,34.70867,50.7,0.85,20,0.9834464021987233,IND577132AAD → IND573134AAB
IND581343AAC,IND581314AAA,1.693515198174622,0.1864624534930651,31.294999999999998,48.916666666666664,0.8333333333333334,12,0.9833448153177684,IND581343AAC → IND581314AAA
IND842003AAB,IND487001AAA,1.661813537715422,0.061533328230139385,63.9609875,96.5,1.0,8,0.9831854135552106,IND842003AAB → IND487001AAA
IND000000ACB,IND110085AAB,1.627414098801864,0.1313092865756043,42.12773393939394,71.8,0.9757575757575757,165,0.9830856982206996,IND000000ACB → IND110085AAB
IND721253AAC,IND721501AAC,1.683827480027215,0.02944088082194412,72.98693333333334,116.0,1.0,3,0.9823632562574693,IND721253AAC → IND721501AAC
IND764071AAB,IND764073AAA,1.6736231361231362,0.042994780008217943,32.521750000000004,37.333333333333336,1.0,6,0.9823476884517199,IND764071AAB → IND764073AAA
IND507111AAA,IND507117AAB,1.6289196196712732,0.10194152938587522,30.481939473684207,43.973684210526315,1.0,38,0.9821503066842718,IND507111AAA → IND507117AAB
IND390022AAA,IND382430AAB,1.6702999410960735,0.0453468992767104,70.07612307692308,82.7948717948718,1.0,39,0.9817240462214425,IND390022AAA → IND382430AAB
IND621704AAA,IND621802AAA,1.6622838750964821,0.20249083053638975,33.56426470588235,50.588235294117645,0.8529411764705882,34,0.9815431521406862,IND621704AAA → IND621802AAA
IND842003AAB,IND480661AAA,1.6529494628485557,0.06613332107740681,97.03775714285715,122.5,1.0,14,0.9810197814626445,IND842003AAB → IND480661AAA
IND632006AAA,IND562132AAA,1.6656243282760435,0.04915666683575821,132.91665,211.38888888888889,1.0,18,0.980996731361145,IND632006AAA → IND562132AAA
IND262001AAA,IND262122AAB,1.6114772491530374,0.31972975190860836,33.39443,47.65,0.8,20,0.9805098252337975,IND262001AAA → IND262122AAB
IND575014AAA,IND403726AAA,1.6932618569728457,0.009814442770572378,193.33886153846154,299.9230769230769,1.0,13,0.98024907562031,IND575014AAA → IND403726AAA
IND131021AAA,IND131028AAA,1.6437263437263439,0.228894912057304,11.994925225225225,16.207207207207208,0.8468468468468469,111,0.9802130651617829,IND131021AAA → IND131028AAA
IND125050AAA,IND125051AAA,1.6911976911976911,0.012168687493362819,23.590766666666667,36.666666666666664,1.0,3,0.9801296827270853,IND125050AAA → IND125051AAA
IND395023AAA,IND382430AAB,1.6582917044961754,0.06537433927360893,148.990423880597,181.01492537313433,0.9900497512437811,201,0.9799439089536872,IND395023AAA → IND382430AAB
IND683511AAA,IND000000ADM,1.5539735824604246,0.37820964834174936,18.53327894736842,33.526315789473685,0.8157894736842105,38,0.9797891695919578,IND683511AAA → IND000000ADM
IND302014AAA,IND000000ACB,1.6532608447224886,0.0711777637811225,122.29492081218274,162.73604060913706,0.9898477157360406,197,0.9796119817441443,IND302014AAA → IND000000ACB
IND713145AAB,IND741316AAA,1.6582125603864732,0.053429995449135334,26.301666666666666,39.333333333333336,1.0,3,0.97931402278933,IND713145AAB → IND741316AAA
IND670643AAA,IND673632AAA,1.663751995234846,0.045842425565792704,54.60748,92.28888888888889,1.0,45,0.9792535257636763,IND670643AAA → IND673632AAA
IND206001AAA,IND000000ACB,1.6676405046474856,0.09734858803257468,190.6659233463035,257.2762645914397,0.9416342412451362,257,0.9787510506423075,IND206001AAA → IND000000ACB
IND160002AAC,IND110037AAM,1.6767593248159491,0.059029538149849466,135.44700555555556,203.15555555555557,0.9666666666666667,90,0.9784125913713345,IND160002AAC → IND110037AAM
IND562132AAA,IND560043AAC,1.6379197164019597,0.30398927186022434,20.655959090909093,41.621212121212125,0.7727272727272727,66,0.9781828499370331,IND562132AAA → IND560043AAC
IND600056AAB,IND562132AAA,1.6651540941232146,0.06429077110494401,182.14029807692307,269.14903846153845,0.9759615384615384,208,0.9781373305192306,IND600056AAB → IND562132AAA
IND605601AAA,IND600056AAB,1.683908082167807,0.013758856549677938,100.05580714285713,140.47619047619048,1.0,42,0.9776908898320262,IND605601AAA → IND600056AAB
IND515591AAA,IND516269AAA,1.6653603980872218,0.03537669940799961,50.938703333333336,78.96666666666667,1.0,30,0.9767571690572886,IND515591AAA → IND516269AAA
IND759122AAC,IND767017AAA,1.6732570562887281,0.023778692578720655,97.77360714285714,127.35714285714286,1.0,14,0.9764364302891075,IND759122AAC → IND767017AAA
IND752030AAA,IND754022AAA,1.690909090909091,0.0001652892561983452,24.3432,35.5,1.0,2,0.9764132231404958,IND752030AAA → IND754022AAA
IND473226AAA,IND473001AAA,1.5495789114562684,0.18748655485286353,29.78644,55.8,1.0,20,0.9760775310383666,IND473226AAA → IND473001AAA
IND784110AAA,IND781018AAB,1.5329790755931754,0.779684300521609,117.44302857142857,155.42857142857142,0.42857142857142855,7,0.9756683489651814,IND784110AAA → IND781018AAB
IND628613AAA,IND627005AAA,1.6331772299693452,0.0935260652624083,27.50507358490566,45.83018867924528,0.9811320754716981,53,0.97566833420797,IND628613AAA → IND627005AAA
IND608301AAA,IND639104AAB,1.6717757804975852,0.08509094006746981,89.785365625,128.13541666666666,0.9375,96,0.975487594219275,IND608301AAA → IND639104AAB
IND493118AAC,IND495334AAB,1.645541374414661,0.05678751825917472,32.629825000000004,47.43333333333333,1.0,60,0.9752528052436168,IND493118AAC → IND495334AAB
IND600056AAB,IND530012AAA,1.6734710544413245,0.05999618191737268,435.06910408163264,544.6326530612245,0.9591836734693877,49,0.9751423783925578,IND600056AAB → IND530012AAA
IND722143AAB,IND723133AAA,1.6168483003242518,0.09407183654446709,34.466265,57.4,1.0,20,0.9749608710930409,IND722143AAB → IND723133AAA
IND505001AAB,IND504208AAB,1.6010902419174882,0.1130670705019173,65.25731176470588,75.82352941176471,1.0,34,0.9743562179175705,IND505001AAB → IND504208AAB
IND600056AAB,IND632006AAA,1.6193115283062023,0.14643563726212766,66.07392884615385,90.59615384615384,0.9423076923076923,52,0.974347610193427,IND600056AAB → IND632006AAA
IND231225AAB,IND486886AAA,1.6767480667480668,0.012149661238835026,23.124657142857142,42.857142857142854,1.0,7,0.9743441250708772,IND231225AAB → IND486886AAA
IND282001AAA,IND000000ACB,1.6457673760551608,0.05260000309416574,127.22097,168.9,1.0,40,0.974086951350314,IND282001AAA → IND000000ACB
IND501359AAE,IND562132AAA,1.6578719604568364,0.044701792192013874,292.22204,403.92727272727274,0.990909090909091,110,0.9738320491130661,IND501359AAE → IND562132AAA
IND581115AAC,IND581110AAE,1.6430110322022087,0.06889378997156542,23.697622972972972,29.39189189189189,0.9864864864864865,74,0.973818495818299,IND581115AAC → IND581110AAE
IND385001AAA,IND385535AAA,1.640454981623305,0.057621872905730655,24.206684210526316,27.842105263157894,1.0,19,0.9734685545210412,IND385001AAA → IND385535AAA
IND303106AAA,IND303002AAA,1.645540142067506,0.05054844358897493,26.203328571428575,31.214285714285715,1.0,14,0.9733805899036949,IND303106AAA → IND303002AAA
IND571111AAB,IND571313AAB,1.666382565223986,0.022625267504068052,29.037799999999997,44.5,1.0,20,0.9733406063408149,IND571111AAB → IND571313AAB
IND585314AAA,IND586211AAA,1.6631863385178878,0.02480057604254634,60.30558518518519,91.5925925925926,1.0,27,0.9727147082199191,IND585314AAA → IND586211AAA
IND673632AAA,IND683511AAA,1.6704777449225334,0.014392003980337947,99.59610555555555,168.94444444444446,1.0,36,0.9725086991631148,IND673632AAA → IND683511AAA
IND263153AAB,IND244715AAA,1.5518127297018094,0.4638287730915004,57.087812500000005,113.14583333333333,0.7083333333333334,48,0.9723737238081739,IND263153AAB → IND244715AAA
IND421302AAG,IND422011AAD,1.6565362838853077,0.03032061355644335,89.35896825396826,106.61111111111111,1.0,126,0.9717106976210561,IND421302AAG → IND422011AAD
IND480661AAA,IND480001AAA,1.651829895250948,0.03544239580490379,55.724716666666666,66.83333333333333,1.0,6,0.9713646768418503,IND480661AAA → IND480001AAA
IND110044AAB,IND110030AAD,1.560307794057794,0.27359625207892724,12.667693333333334,22.2,0.8833333333333333,60,0.9712019932467958,IND110044AAB → IND110030AAD
IND636705AAB,IND562132AAA,1.643709901193465,0.04550842914855156,95.04290909090909,168.72727272727272,1.0,33,0.9711364892219516,IND636705AAB → IND562132AAA
IND110043AAC,IND000000ACB,1.6601483839961553,0.022859731019004726,36.10416,56.4,1.0,5,0.9709172729041635,IND110043AAC → IND000000ACB
IND480001AAA,IND480661AAA,1.5841385992093644,0.12383209514607872,49.59747,55.733333333333334,1.0,30,0.9708050682275694,IND480001AAA → IND480661AAA
IND403726AAA,IND411033AAA,1.597454654290745,0.16952618208477374,237.36397991266375,328.73362445414847,0.9344978165938864,229,0.9701890613198962,IND403726AAA → IND411033AAA
IND160002AAC,IND140603AAA,1.5985248585599436,0.160685039347166,23.69419223300971,29.262135922330096,0.941747572815534,103,0.9701397270727874,IND160002AAC → IND140603AAA
IND680307AAA,IND680712AAA,1.6560560256491261,0.025691765018289257,15.573257142857143,26.785714285714285,1.0,14,0.9701299397651374,IND680307AAA → IND680712AAA
IND532127AAA,IND535591AAA,1.6291568837641233,0.05923348357563005,40.21358870967742,57.5,1.0,62,0.9694327985783384,IND532127AAA → IND535591AAA
IND600056AAB,IND501359AAE,1.6438623910801455,0.04417376826182222,365.7442701863354,432.18633540372673,0.9937888198757764,161,0.9689337328733378,IND600056AAB → IND501359AAE
IND533106AAA,IND530012AAA,1.655780865568208,0.020655407055006937,112.10555227272727,139.63636363636363,1.0,88,0.9685089683437854,IND533106AAA → IND530012AAA
IND518102AAA,IND518002AAA,1.6206074587923844,0.07827227193193505,95.57160259740259,128.12987012987014,0.987012987012987,77,0.9678285612004305,IND518102AAA → IND518002AAA
IND501359AAE,IND509001AAA,1.5829486517835294,0.11532387830700201,57.845295588235295,67.13235294117646,1.0,68,0.9677766242055125,IND501359AAE → IND509001AAA
IND131028AAE,IND124507AAA,1.6597701149425288,0.010823094200026423,34.7797,62.0,1.0,2,0.9671549742370195,IND131028AAE → IND124507AAA
IND591123AAC,IND587103AAB,1.6614578686767076,0.008569957192494725,50.38399272727273,70.25454545454545,1.0,55,0.9671541346284316,IND591123AAC → IND587103AAB
IND785612AAB,IND785621AAA,1.6654040404040404,0.0016866901336598232,38.80845,48.5,1.0,2,0.9666676232017142,IND785612AAB → IND785621AAA
IND603203AAA,IND600048AAA,1.6666666666666667,0.0,14.162,20.0,1.0,2,0.9666666666666668,IND603203AAA → IND600048AAA
IND516360AAB,IND516001AAA,1.658962877365304,0.009724976850136789,41.374125,53.0,1.0,4,0.9665026440011628,IND516360AAB → IND516001AAA
IND574117AAA,IND576101AAA,1.6614906832298137,0.005574630608386996,24.751350000000002,36.5,1.0,2,0.9662686624744417,IND574117AAA → IND576101AAA
IND562132AAA,IND416012AAA,1.6376996632067387,0.047310441078954865,323.9930117056856,372.943143812709,0.9899665551839465,299,0.9662629641615659,IND562132AAA → IND416012AAA
IND610001AAA,IND614715AAA,1.6473864274550774,0.06356992345948531,20.87679019607843,31.274509803921568,0.9607843137254902,51,0.9662608421375236,IND610001AAA → IND614715AAA
IND627005AAA,IND627117AAA,1.6219884865929404,0.056262883497505495,40.225996,53.0,1.0,25,0.9656742596864277,IND627005AAA → IND627117AAA
IND573103AAA,IND572201AAB,1.6405228758169936,0.029828271177752143,24.679833333333335,28.0,1.0,3,0.9651576316801231,IND573103AAA → IND572201AAB
IND144514AAA,IND141115AAA,1.626198681843843,0.0481767409647631,26.072429999999997,45.6,1.0,10,0.9649324950269661,IND144514AAA → IND141115AAA
IND523002AAA,IND523230AAA,1.6361980516022134,0.034253656413440706,55.057455555555556,77.14285714285714,1.0,63,0.9647553175649176,IND523002AAA → IND523230AAA
IND603001AAA,IND603301AAA,1.5700559267752388,0.448266719412852,24.60321836734694,34.673469387755105,0.673469387755102,49,0.9645432028604818,IND603001AAA → IND603301AAA
IND470117AAA,IND470227AAB,1.6047027224273747,0.1585279300039663,82.81751666666666,110.33333333333333,0.9166666666666666,24,0.9644394679721396,IND470117AAA → IND470227AAB
IND673573AAA,IND673592AAA,1.6499407013386478,0.014723501042553835,44.68373333333333,71.58333333333333,1.0,24,0.9643933308482254,IND673573AAA → IND673592AAA
IND768028AAA,IND767001AAA,1.496011526298969,0.7182465330147557,98.8819,86.75,0.5,4,0.9638785704240144,IND768028AAA → IND767001AAA
IND722101AAB,IND713205AAB,1.646245868826514,0.017517513119587123,34.59216,49.4,1.0,5,0.9637536014664818,IND722101AAB → IND713205AAB
IND147301AAA,IND000000ACA,1.6416666666666666,0.023472222222222176,29.875999999999998,37.0,1.0,2,0.9637083333333334,IND147301AAA → IND000000ACA
IND562132AAA,IND572101AAA,1.6111959654270736,0.1190003394050246,35.44835,41.333333333333336,0.9444444444444444,18,0.9635118213256701,IND562132AAA → IND572101AAA
IND247554AAA,IND248001AAD,1.5515777181577695,0.39291036915548083,68.9671125,142.75,0.75,8,0.9635041980097521,IND247554AAA → IND248001AAD
IND302022AAD,IND000000ACB,1.635887524394712,0.028402148298584017,114.47519738562092,150.13725490196077,1.0,153,0.96287565424746,IND302022AAD → IND000000ACB
IND521225AAB,IND507002AAA,1.5802458824927987,0.16153507088408187,97.14744029850746,127.2089552238806,0.9402985074626866,67,0.9626484265011502,IND521225AAB → IND507002AAA
IND562132AAA,IND577598AAC,1.5985393063337208,0.07625360358342105,83.427495,98.6,1.0,60,0.9622918036085146,IND562132AAA → IND577598AAC
IND000000ACB,IND110092AAC,1.5920330450697655,0.08481057673348708,45.10216571428572,77.51428571428572,1.0,35,0.9622563910479525,IND000000ACB → IND110092AAC
IND332001AAB,IND334001AAB,1.6180934568628935,0.059811131661189294,119.40768,139.4111111111111,0.9888888888888889,90,0.9618473889101808,IND332001AAB → IND334001AAB
IND262501AAA,IND263153AAB,1.618009286831295,0.24805820647945226,129.664445,229.425,0.8,40,0.9616211766763537,IND262501AAA → IND263153AAB
IND181152AAB,IND160002AAC,1.6621633036883607,0.12164986818681588,211.9881,300.4,0.8666666666666667,15,0.9613602819313891,IND181152AAB → IND160002AAC
IND494334AAB,IND493445AAB,1.6461387393827152,0.06921406107570002,119.73149545454545,160.87878787878788,0.9393939393939394,66,0.9610378958939779,IND494334AAB → IND493445AAB
IND689650AAA,IND690548AAA,1.6478086550166886,0.006160263681784037,29.63761666666667,48.166666666666664,1.0,12,0.9609715411112107,IND689650AAA → IND690548AAA
IND000000ACB,IND328001AAA,1.6533704913357252,0.09835648970223054,146.521884,210.94,0.9,50,0.9608551434449593,IND000000ACB → IND328001AAA
IND341030AAA,IND341303AAA,1.625442443176736,0.03553477020616475,42.08317777777778,51.77777777777778,1.0,9,0.9608374083325439,IND341030AAA → IND341303AAA
IND530043AAA,IND531163AAA,1.6031333056177777,0.0641449558674962,19.810574285714285,30.37142857142857,1.0,35,0.96049680900736,IND530043AAA → IND531163AAA
IND131028AAB,IND124001AAB,1.6375036439865633,0.01757833027203877,46.45601666666667,68.16666666666667,1.0,12,0.960274956676237,IND131028AAB → IND124001AAB
IND600056AAB,IND560099AAB,1.6269005572395854,0.03013415650715951,174.47344054054057,228.17567567567568,1.0,148,0.9598004698479822,IND600056AAB → IND560099AAB
IND414502AAA,IND431107AAB,1.6318199554069117,0.02269057881426464,26.76388,40.7,1.0,10,0.9595351558070442,IND414502AAA → IND431107AAB
IND686507AAA,IND686540AAA,1.6483516483516483,6.037918125830171e-05,20.7329,33.0,1.0,2,0.9593587730950367,IND686507AAA → IND686540AAA
IND382430AAB,IND387620AAB,1.5538416217628968,0.2913658791442061,48.539883333333336,62.666666666666664,0.8333333333333334,6,0.9589464124484206,IND382430AAB → IND387620AAB
IND212501AAA,IND212402AAA,1.6186528849572328,0.03762760204161064,19.443516666666667,31.36111111111111,1.0,36,0.9587494345953764,IND212501AAA → IND212402AAA
IND384355AAB,IND385001AAA,1.6137209301592106,0.04309013331162368,56.65596176470588,82.55882352941177,1.0,34,0.9584154120571713,IND384355AAB → IND385001AAA
IND524003AAA,IND501359AAE,1.6313649335722442,0.02231602118607151,263.00752151898735,330.3586497890295,0.9957805907172996,237,0.957974956999909,IND524003AAA → IND501359AAE
IND000000ACA,IND144001AAB,1.6150444116889209,0.03963036293997577,49.27319019607843,57.549019607843135,1.0,51,0.957906873557561,IND000000ACA → IND144001AAB
IND577002AAA,IND580028AAA,1.6329642429660516,0.014643972395510931,86.53083030303031,100.57575757575758,1.0,66,0.957578888905074,IND577002AAA → IND580028AAA
IND334001AAC,IND341001AAC,1.6401960784313725,0.004744032689328457,71.88995,83.8,1.0,10,0.9575016411793476,IND334001AAC → IND341001AAC
IND621212AAA,IND621704AAA,1.6071131540560888,0.048731636716117806,29.639409375,35.40625,1.0,32,0.957464752637271,IND621212AAA → IND621704AAA
IND160002AAC,IND151001AAA,1.5980761126451395,0.07825691189653947,114.92705132743362,155.6283185840708,0.9823008849557522,113,0.9573977841137434,IND160002AAC → IND151001AAA
IND625008AAA,IND685514AAA,1.6248608916167444,0.024660939675333664,93.81802,179.4,1.0,5,0.9573426385492979,IND625008AAA → IND685514AAA
IND403726AAB,IND403002AAA,1.5514945652173913,0.371533570284604,14.2948625,29.5,0.75,8,0.9570578971723378,IND403726AAB → IND403002AAA
IND110037AAM,IND000000ACB,1.611277244266898,0.08319493228817965,36.06767916666667,54.75,0.9583333333333334,24,0.9569693773932131,IND110037AAM → IND000000ACB
IND639001AAA,IND624001AAA,1.6252204952599858,0.022553951849297496,51.711674074074075,62.55555555555556,1.0,27,0.9568543836587836,IND639001AAA → IND624001AAA
IND184121AAA,IND160002AAC,1.6328199906222531,0.22627657627030756,184.45830307692307,262.4923076923077,0.7846153846153846,65,0.9563955845146089,IND184121AAA → IND160002AAC
IND244901AAC,IND244921AAB,1.628787878787879,0.015668044077134968,19.583966666666665,31.0,1.0,3,0.9562155647382922,IND244901AAC → IND244921AAB
IND571104AAA,IND573142AAA,1.6394230769230769,0.0004160502958579852,30.39245,47.5,1.0,2,0.9558940458579881,IND571104AAA → IND573142AAA
IND621802AAA,IND621212AAA,1.5989489549032452,0.05436577878091586,50.64673333333334,67.16666666666667,1.0,6,0.955889315595573,IND621802AAA → IND621212AAA
IND000000ACA,IND143001AAA,1.63746034853737,0.0023644369062011034,97.25148571428572,116.14285714285714,1.0,7,0.9556934704868084,IND000000ACA → IND143001AAA
IND515865AAB,IND515761AAA,1.623474684972318,0.020414178494522605,34.68955555555556,46.25,1.0,36,0.955514127537284,IND515865AAB → IND515761AAA
IND683511AAA,IND562132AAA,1.6007343982142743,0.07479864977891182,262.783520625,404.8625,0.975,160,0.9552333542193833,IND683511AAA → IND562132AAA
IND712410AAC,IND712406AAA,1.5185211047213614,0.24252149955568375,36.066725,58.166666666666664,0.9166666666666666,12,0.9551648917552497,IND712410AAC → IND712406AAA
IND722151AAA,IND723130AAA,1.63165401426271,0.008048487942867864,58.38026666666667,72.0,1.0,3,0.9550761520879444,IND722151AAA → IND723130AAA
IND591201AAA,IND586101AAB,1.6180568459980222,0.025891388221932914,86.84048333333332,124.83333333333333,1.0,6,0.9549901548657888,IND591201AAA → IND586101AAB
IND605601AAA,IND636102AAA,1.5864643301103658,0.06785867246123914,78.03539,91.66666666666667,1.0,30,0.9549433337825182,IND605601AAA → IND636102AAA
IND518002AAA,IND584101AAA,1.612781315514517,0.067475975349255,64.47229090909092,102.05454545454545,0.9636363636363636,55,0.9544462279014924,IND518002AAA → IND584101AAA
IND562132AAA,IND573201AAB,1.5961520190391265,0.0528257262341818,99.61501160714285,118.50892857142857,1.0,112,0.9543085254859052,IND562132AAA → IND573201AAB
IND506002AAA,IND506343AAA,1.6183706816059757,0.022035744581056834,37.064175000000006,42.25,1.0,4,0.9539589960167073,IND506002AAA → IND506343AAA
IND560099AAB,IND000000ACS,1.6294642857142856,0.006736288265306113,17.3227,30.0,1.0,2,0.9538066007653061,IND560099AAB → IND000000ACS
IND322230AAA,IND322241AAA,1.6032248726055027,0.04123708652521314,24.857227272727272,34.67272727272727,1.0,55,0.953661074999765,IND322230AAA → IND322241AAA
IND303702AAB,IND332001AAB,1.591250283440878,0.05674482281100179,57.26950625,67.1875,1.0,16,0.9535235602196518,IND303702AAB → IND332001AAB
IND415409AAB,IND415124AAA,1.636995406968233,0.15815806054029743,27.372620833333333,34.291666666666664,0.8333333333333334,24,0.9522455809493825,IND415409AAB → IND415124AAA
IND211002AAB,IND209304AAA,1.6103382049540038,0.19243158828011733,138.61257916666668,157.70833333333334,0.8333333333333334,144,0.9518647584656367,IND211002AAB → IND209304AAA
IND585104AAA,IND586128AAA,1.5880958168699764,0.05511977889154515,53.32006870229008,74.55725190839695,1.0,131,0.9517742604154542,IND585104AAA → IND586128AAA
IND122004AAA,IND000000ACB,1.62397504456328,0.006322139291626546,28.035024999999997,42.75,1.0,4,0.9514866596128,IND122004AAA → IND000000ACB
IND501141AAA,IND501101AAB,1.6183851239625988,0.013454952567606468,26.021455000000003,44.35,1.0,20,0.9513905353553216,IND501141AAA → IND501101AAB
IND244301AAA,IND244412AAA,1.6083286968819506,0.02661709551019061,27.80865,47.22727272727273,1.0,22,0.9513166074058375,IND244301AAA → IND244412AAA
IND636352AAA,IND636705AAB,1.6037671957671957,0.03199468016012989,28.05092,41.6,1.0,5,0.9511052823549173,IND636352AAA → IND636705AAB
IND689645AAA,IND691551AAA,1.5673467786274804,0.34718257777482825,23.855316666666667,37.1,0.7333333333333333,30,0.9510934847834407,IND689645AAA → IND691551AAA
IND263601AAA,IND263153AAB,1.556390977443609,0.09166713776923512,80.7778,179.25,1.0,4,0.9500565323082142,IND263601AAA → IND263153AAB
IND842003AAB,IND487001AAB,1.5497943793745326,0.1498303538721666,64.276015,92.8,0.95,20,0.949866857911463,IND842003AAB → IND487001AAB
IND361305AAC,IND361315AAA,1.5841568302092623,0.05283886223261417,35.806504545454544,40.40909090909091,1.0,22,0.9495143907534892,IND361305AAC → IND361315AAA
IND332001AAB,IND334001AAC,1.5953691451460035,0.037799874219223616,119.31947407407407,137.66666666666666,1.0,27,0.9494876203241684,IND332001AAB → IND334001AAC
IND562132AAA,IND583101AAA,1.6095967595448655,0.018095927876675157,156.055471,177.07,1.0,100,0.9492674821809489,IND562132AAA → IND583101AAA
IND524132AAA,IND524101AAB,1.60346705956178,0.025937976152103956,33.1027,48.42857142857143,1.0,28,0.9491682166703432,IND524132AAA → IND524101AAB
IND632402AAA,IND631102AAA,1.5943379446640316,0.035188277420437154,26.333372727272728,38.95454545454545,1.0,22,0.9482916610917438,IND632402AAA → IND631102AAA
IND606105AAA,IND606201AAC,1.596240755563134,0.045368734010150624,39.75538108108108,47.770270270270274,0.9864864864864865,74,0.9480528683742447,IND606105AAA → IND606201AAC
IND370001AAA,IND370615AAB,1.6105180204595582,0.07484840810166893,37.308012500000004,56.8125,0.9375,16,0.947911730614324,IND370001AAA → IND370615AAB
IND535558AAA,IND535501AAB,1.5906996988518727,0.03854370296935293,24.886805000000003,35.775,1.0,40,0.9478429904315551,IND535558AAA → IND535501AAB
IND811213AAA,IND813213AAA,1.6139162561576355,9.175786842679786e-05,39.1146,46.0,1.0,2,0.9455940298235822,IND811213AAA → IND813213AAA
IND712612AAA,IND722154AAA,1.567017543859649,0.06247682363804249,21.076166666666666,32.333333333333336,1.0,3,0.9455500646352724,IND712612AAA → IND722154AAA
IND344001AAA,IND342301AAA,1.592796766966866,0.02762758889533257,139.15288055555556,178.83333333333334,1.0,36,0.9454069834553461,IND344001AAA → IND342301AAA
IND333042AAA,IND333031AAA,1.573655465660293,0.052704445368077696,57.58879743589743,80.87179487179488,1.0,39,0.9452735198745406,IND333042AAA → IND333031AAA
IND361305AAC,IND361335AAA,1.611791926851026,0.0010193263148212822,61.571774999999995,69.0,1.0,4,0.9450225686348569,IND361305AAC → IND361335AAA
IND140401AAA,IND142401AAA,1.607357173889432,0.006724265122955135,37.562466666666666,42.77777777777778,1.0,9,0.9449601490926595,IND140401AAA → IND142401AAA
IND312001AAA,IND311001AAA,1.6007676248324276,0.013663876003254954,45.013710256410256,57.205128205128204,1.0,39,0.9444062127339475,IND312001AAA → IND311001AAA
IND341505AAA,IND341503AAB,1.6566129858061291,0.21631406563178168,65.628325,107.27777777777777,0.7222222222222222,36,0.9442060806786529,IND341505AAA → IND341503AAB
IND345001AAA,IND342301AAA,1.6264811282643274,0.12153813589427016,102.05841428571429,124.57142857142857,0.8571428571428571,7,0.9441967492168692,IND345001AAA → IND342301AAA
IND360575AAA,IND360510AAB,1.5967681027176097,0.14017903904386692,30.84991219512195,45.78048780487805,0.8780487804878049,41,0.9441755869465455,IND360575AAA → IND360510AAB
IND152024AAA,IND152123AAA,1.4970814132104455,0.1507423845940272,27.8944,39.75,1.0,4,0.9440552806623863,IND152024AAA → IND152123AAA
IND530012AAA,IND751002AAB,1.5935726125465104,0.02043106831804135,241.6328350877193,270.3333333333333,1.0,57,0.9435583655140166,IND530012AAA → IND751002AAB
IND362560AAA,IND362150AAA,1.5879560186189927,0.040376126602801946,46.73328769230769,68.2,0.9846153846153847,65,0.9426798608130531,IND362560AAA → IND362150AAA
IND505467AAA,IND505122AAA,1.5713529178958698,0.04709220501697346,41.00731923076923,58.80769230769231,1.0,26,0.9426688286634399,IND505467AAA → IND505122AAA
IND614616AAA,IND630002AAA,1.5835845167887537,0.02862238729477797,32.110015625,51.375,1.0,32,0.9420205229039349,IND614616AAA → IND630002AAA
IND560058AAB,IND562132AAA,1.585487041706635,0.20464947576078713,13.028964285714284,28.107142857142858,0.8214285714285714,28,0.9420182308394616,IND560058AAB → IND562132AAA
IND600056AAB,IND524003AAA,1.578133905243952,0.034692154996554224,101.37866082474227,122.65979381443299,1.0,97,0.9416612085965471,IND600056AAB → IND524003AAA
IND304001AAA,IND322001AAC,1.5965008792122546,0.009679348478583457,46.29444285714286,51.0,1.0,7,0.941504156228477,IND304001AAA → IND322001AAC
IND523316AAB,IND522647AAA,1.577617438052933,0.033859042646323466,51.36382619047619,58.38095238095238,1.0,42,0.9412046880150702,IND523316AAB → IND522647AAA
IND505001AAB,IND505172AAA,1.5763888888888888,0.03481867283950616,30.001350000000002,33.5,1.0,2,0.9410011574074074,IND505001AAB → IND505172AAA
IND421802AAA,IND411033AAA,1.5428207506414238,0.07932528952527125,60.48050357142857,90.60714285714286,1.0,28,0.9409258871141509,IND421802AAA → IND411033AAA
IND413304AAA,IND415301AAB,1.547616655349283,0.07242810135454268,38.006083333333336,52.27777777777778,1.0,36,0.9407750925460762,IND413304AAA → IND415301AAB
IND000000ACA,IND142001AAB,1.5718970327908521,0.03959219340763372,54.0627,64.36111111111111,1.0,36,0.940636471138631,IND000000ACA → IND142001AAB
IND683511AAA,IND680104AAA,1.526002405705853,0.11730583204328943,52.66212708333333,84.625,0.9791666666666666,48,0.939342711895328,IND683511AAA → IND680104AAA
IND793150AAA,IND781018AAB,1.6507448002993919,0.1301190737184303,131.87578000000002,177.0,0.8,5,0.9393336422352858,IND793150AAA → IND781018AAB
IND563101AAB,IND563131AAA,1.559824121119006,0.04966230045524855,23.609312,27.8,1.0,50,0.938828338584177,IND563101AAB → IND563131AAA
IND411033AAA,IND000000ACB,1.5895447182480107,0.029498599774491718,700.4057628787879,854.6482683982684,0.9805194805194806,924,0.9388233113873959,IND411033AAA → IND000000ACB
IND571430AAA,IND571124AAA,1.5279519607770253,0.09163820224906999,33.65817894736842,48.526315789473685,1.0,19,0.9386722449855311,IND571430AAA → IND571124AAA
IND341001AAC,IND341030AAA,1.6132754828407,0.22766235759802253,33.595275,51.0,0.75,4,0.9386089004156869,IND341001AAC → IND341030AAA
IND384205AAA,IND382715AAA,1.5301768159847233,0.08820564615529827,34.42552222222222,48.80555555555556,1.0,36,0.9385324202404789,IND384205AAA → IND382715AAA
IND768028AAB,IND767001AAA,1.510580303527349,0.6130617993371573,99.30272500000001,91.25,0.5,4,0.9381506612120869,IND768028AAB → IND767001AAA
IND144514AAA,IND000000ACA,1.5495689655172413,0.060948647443519584,43.25705,72.0,1.0,2,0.9381121804399524,IND144514AAA → IND000000ACA
IND722202AAA,IND722101AAC,1.5778101063642502,0.021333152405139742,24.190806666666667,32.8,1.0,15,0.937523988267242,IND722202AAA → IND722101AAC
IND303108AAB,IND303106AAA,1.5679782101169715,0.08995779748291148,34.62404444444444,38.77777777777778,0.9444444444444444,18,0.9375119566249953,IND303108AAB → IND303106AAA
IND389001AAA,IND389151AAA,1.5914612736647866,0.08048630294086984,50.86787142857143,58.904761904761905,0.9206349206349206,63,0.9369208765386519,IND389001AAA → IND389151AAA
IND577535AAC,IND577522AAA,1.5705080758021936,0.02856227638855243,44.4637,48.2,1.0,30,0.9367719132374434,IND577535AAC → IND577522AAA
IND465669AAB,IND465683AAA,1.565039125310023,0.034607563982432185,33.821177272727276,48.09090909090909,1.0,22,0.936397919318739,IND465669AAB → IND465683AAA
IND201001AAC,IND000000ACB,1.570213882746704,0.24928752199448065,69.61724444444445,94.44444444444444,0.7777777777777778,9,0.9362051430303591,IND201001AAC → IND000000ACB
IND160102AAD,IND160002AAD,1.5761247021075004,0.35094669503949755,28.010366666666666,42.916666666666664,0.6666666666666666,12,0.9357338893548495,IND160102AAD → IND160002AAD
IND560300AAA,IND563101AAB,1.5491646313245393,0.11922791828902378,37.81933,50.96666666666667,0.9333333333333333,30,0.9354342280165229,IND560300AAA → IND563101AAB
IND361315AAA,IND361335AAA,1.5811336460292815,0.009888335458920271,32.51067272727273,35.27272727272727,1.0,22,0.9354199590493887,IND361315AAA → IND361335AAA
IND586128AAA,IND586211AAA,1.5719517447421905,0.021612941057998124,30.14816338028169,45.0,1.0,71,0.9352645802142757,IND586128AAA → IND586211AAA
IND342005AAD,IND342902A1B,1.5776993969734896,0.013877681818188289,67.3157,104.75,1.0,4,0.9352430633348524,IND342005AAD → IND342902A1B
IND626607AAB,IND625008AAA,1.5781319517741443,0.013127287203098907,44.0799625,60.9375,1.0,16,0.9351909668705874,IND626607AAB → IND625008AAA
IND591304AAA,IND586101AAA,1.5633650592406767,0.032344071418249506,60.49447407407407,79.48148148148148,1.0,27,0.9350492451217456,IND591304AAA → IND586101AAA
IND221010AAB,IND232101AAB,1.5857142857142859,0.0004081632653061291,19.087049999999998,24.5,1.0,2,0.9344081632653062,IND221010AAB → IND232101AAB
IND627811AAA,IND627401AAA,1.5772164643957658,0.10979280030580724,30.120775000000002,43.65,0.9,20,0.9338244258500485,IND627811AAA → IND627401AAA
IND591126AAA,IND591102AAA,1.5689668174962292,0.019930665037798383,32.421325,46.0,1.0,4,0.9335659265098312,IND591126AAA → IND591102AAA
IND585211AAA,IND585222AAA,1.5042510860922573,0.12637241852763487,19.384748979591837,28.26530612244898,0.9795918367346939,49,0.9334897110156016,IND585211AAA → IND585222AAA
IND691506AAA,IND691305AAA,1.5593569376247016,0.03199073834526086,14.621599999999999,24.073170731707318,1.0,41,0.933339996553459,IND691506AAA → IND691305AAA
IND505325AAA,IND505327AAA,1.5103808761097763,0.09574208943799337,27.1334,29.0,1.0,9,0.9328749772753087,IND505325AAA → IND505327AAA
IND679531AAA,IND680587AAA,1.5334268312414767,0.06269525161648054,15.383886666666665,24.9,1.0,30,0.9321793079815349,IND679531AAA → IND680587AAA
IND562132AAA,IND577002AAA,1.5773127333989982,0.0022217423657605257,142.43103636363637,160.54545454545453,1.0,11,0.9315916160693275,IND562132AAA → IND577002AAA
IND590016AAA,IND591302AAB,1.5312314642264586,0.06332679175749066,34.06872,45.6,1.0,10,0.9314906232178306,IND590016AAA → IND591302AAB
IND679329AAA,IND673639AAA,1.5725417439703155,0.007887633736427818,18.24514285714286,26.285714285714285,1.0,7,0.9313829877090546,IND679329AAA → IND673639AAA
IND571313AAB,IND571440AAA,1.4457338794280281,0.3266831125827403,34.94178,58.45,0.85,20,0.9312984855460333,IND571313AAB → IND571440AAA
IND474003AAA,IND000000ACB,1.5572396084035238,0.08868942504913127,182.37141446945336,231.10932475884243,0.9389067524115756,311,0.9311746965996216,IND474003AAA → IND000000ACB
IND751002AAB,IND530012AAA,1.5658107033823767,0.015003729580418266,263.47667670454547,305.28977272727275,1.0,176,0.9308254002270762,IND751002AAB → IND530012AAA
IND627005AAA,IND628801AAA,1.5006364859748058,0.16055777692112091,32.237169411764704,47.92941176470588,0.9411764705882353,85,0.9307748686427292,IND627005AAA → IND628801AAA
IND751015AAA,IND752050AAA,1.5681818181818183,0.009297520661157023,12.94785,15.0,1.0,2,0.9300619834710746,IND751015AAA → IND752050AAA
IND571213AAA,IND571114AAA,1.5384921618596994,0.047270899413397675,57.91730833333333,82.25,1.0,24,0.9295781345678991,IND571213AAA → IND571114AAA
IND643217AAA,IND643001AAA,1.579075693674599,0.38838473444782684,28.774,40.2,0.6,20,0.9281456978041877,IND643217AAA → IND643001AAA
IND501359AAE,IND515004AAA,1.5692208885514831,0.032527320840522934,188.149903968254,216.86507936507937,0.9682539682539683,126,0.9279227421489407,IND501359AAE → IND515004AAA
IND600056AAB,IND600044AAD,1.5622317529552656,0.10519343429727376,26.895590476190478,43.523809523809526,0.9047619047619048,21,0.9278793028998599,IND600056AAB → IND600044AAD
IND532440AAA,IND532001AAB,1.5547621119181894,0.018791382545044394,34.495623529411766,47.73529411764706,1.0,34,0.9275422595307891,IND532440AAA → IND532001AAB
IND560300AAB,IND563101AAB,1.5508695367405154,0.09068961741625427,38.34455810810811,52.0,0.9324324324324325,74,0.9272844296508121,IND560300AAB → IND563101AAB
IND413002AAA,IND413501AAA,1.542002070696697,0.03348829721105054,47.677144444444444,55.0,1.0,63,0.926847317441994,IND413002AAA → IND413501AAA
IND635001AAA,IND562132AAA,1.5614725994397252,0.05723890920413076,76.33637999999999,128.25,0.95,20,0.9267607125371293,IND635001AAA → IND562132AAA
IND501359AAE,IND501141AAA,1.5409735829642197,0.03434412257878218,59.032186249999995,86.075,1.0,80,0.9266926699593225,IND501359AAE → IND501141AAA
IND388121AAA,IND388620AAB,1.5291919282604414,0.06621947070087107,32.26460185185185,43.574074074074076,0.9814814814814815,54,0.9259870569588825,IND388121AAA → IND388620AAB
IND244412AAA,IND244901AAB,1.405568690616076,0.4610283661120093,53.9031375,89.875,0.75,8,0.9255359860800332,IND244412AAA → IND244901AAB
IND342005AAD,IND344022AAB,1.5075421727672638,0.07357294895422252,70.10588888888888,78.94444444444444,1.0,18,0.9250887537931723,IND342005AAD → IND344022AAB
IND503187AAA,IND503122AAA,1.54352204438074,0.025441103082182993,27.445390000000003,38.6,1.0,40,0.925041148676951,IND503187AAA → IND503122AAA
IND635802AAB,IND562132AAA,1.5520341969598672,0.03771490833262634,109.67394146341462,167.46341463414635,0.975609756097561,41,0.9248110781130031,IND635802AAB → IND562132AAA
IND574202AAA,IND574239AAA,1.5215065590771235,0.051491096841419885,30.71580833333333,43.5,1.0,12,0.9240499526832755,IND574202AAA → IND574239AAA
IND201007AAA,IND201001AAA,1.5266122766122765,0.04448257000704553,10.629833333333332,18.166666666666668,1.0,6,0.9239896816470242,IND201007AAA → IND201001AAA
IND396321AAA,IND396001AAA,1.4919397530001246,0.08701913784344964,21.02073181818182,28.772727272727273,1.0,22,0.9228816425530847,IND396321AAA → IND396001AAA
IND206122AAA,IND206001AAA,1.5487600207946575,0.07764531081081634,48.98320344827586,52.08620689655172,0.9310344827586207,58,0.9221079463886941,IND206122AAA → IND206001AAA
IND151505AAA,IND151506AAA,1.6470773160428334,0.2763269213083062,28.465459999999997,43.8,0.6,5,0.9217290028096252,IND151505AAA → IND151506AAA
IND181152AAB,IND184121AAA,1.5138608870967742,0.053655329102352885,31.0980125,42.875,1.0,8,0.9216409535694156,IND181152AAB → IND184121AAA
IND413002AAA,IND501359AAE,1.5259627634496178,0.22049501060912194,211.05920504587155,258.29816513761466,0.8165137614678899,218,0.9214877370029507,IND413002AAA → IND501359AAE
IND628801AAA,IND628204AAA,1.4929697369143735,0.07937923684759401,13.698367647058824,18.147058823529413,1.0,34,0.9210016658200276,IND628801AAA → IND628204AAA
IND522647AAA,IND523201AAA,1.5009140333475572,0.06441270909740336,43.60034473684211,61.55263157894737,1.0,38,0.919689426068244,IND522647AAA → IND523201AAA
IND131028AAB,IND248001AAD,1.5510381100468176,0.1084783803974869,147.72351111111112,239.22222222222223,0.8888888888888888,9,0.9196254248046398,IND131028AAB → IND248001AAD
IND614602AAA,IND614804AAA,1.5407744565217392,0.010611945472764823,22.698775,36.5625,1.0,16,0.9194933662505251,IND614602AAA → IND614804AAA
IND516269AAA,IND516390AAA,1.5277472297104557,0.02734709546540908,60.52592542372881,86.50847457627118,1.0,59,0.919303020523805,IND516269AAA → IND516390AAA
IND249201AAA,IND246174AAA,1.5207290860456297,0.03322784384586155,83.88906666666666,190.75,1.0,12,0.9182599875720103,IND249201AAA → IND246174AAA
IND533308AAB,IND533003AAA,1.5145941046884042,0.074453832900313,38.96431,56.36666666666667,0.9666666666666667,30,0.9181737917454557,IND533308AAB → IND533003AAA
IND363330AAB,IND363310AAB,1.598705235867621,0.17853988571921917,27.3622375,54.0,0.75,16,0.9180440600628142,IND363330AAB → IND363310AAB
IND312605AAB,IND458001AAB,1.5606465698653198,0.1457418174806814,30.591754166666664,46.5,0.8333333333333334,24,0.9179811731903323,IND312605AAB → IND458001AAB
IND515134AAA,IND515591AAA,1.520638730465981,0.03216522600259779,38.30243125,62.6875,1.0,16,0.9179050599871716,IND515134AAA → IND515591AAA
IND712311AAA,IND821115AAB,1.569867469564097,0.053388739092111274,305.49983478260873,362.69565217391306,0.9130434782608695,23,0.9178766530315331,IND712311AAA → IND821115AAB
IND691574AAA,IND695614AAA,1.5117011851974258,0.043240650477405725,18.308409523809523,25.69047619047619,1.0,42,0.9176526692221921,IND691574AAA → IND695614AAA
IND474003AAA,IND473551AAA,1.4561502194088793,0.11726766556625637,73.44208,109.6,1.0,5,0.9176403874334287,IND474003AAA → IND473551AAA
IND382430AAB,IND370201AAA,1.5091812445501056,0.04477586703506433,189.17303309352516,271.67625899280574,1.0,139,0.9171052579305616,IND382430AAB → IND370201AAA
IND733134AAA,IND733129AAB,1.534979888603077,0.010365781453524478,18.986066666666666,27.11111111111111,1.0,9,0.9171016898772881,IND733134AAA → IND733129AAB
IND680012AAA,IND679303AAA,1.5098865943344828,0.04145152000631148,33.11486363636364,48.0,1.0,55,0.9163900937356867,IND680012AAA → IND679303AAA
IND591304AAA,IND586101AAB,1.5232516836508767,0.022803812349401594,56.32389375,71.4375,1.0,16,0.9161418171651713,IND591304AAA → IND586101AAB
IND639104AAB,IND620012AAA,1.5378787878787878,0.00286960514233241,44.095749999999995,59.0,1.0,2,0.916012396694215,IND639104AAB → IND620012AAA
IND535501AAB,IND532440AAA,1.51254760392017,0.036562429836380805,35.347552941176474,48.88235294117647,1.0,34,0.9159877705189824,IND535501AAB → IND532440AAA
IND363641AAA,IND360002AAB,1.498756716616995,0.05446209719261485,48.725814285714286,70.28571428571429,1.0,7,0.9158413158045826,IND363641AAA → IND360002AAB
IND852111AAA,IND852118AAA,1.5999999999999999,0.41795918367346924,39.29405,48.0,0.5,2,0.9153877551020408,IND852111AAA → IND852118AAA
IND335513AAA,IND335804AAD,1.507315215648549,0.04104343011337564,33.4919,48.333333333333336,1.0,6,0.9152391152934324,IND335513AAA → IND335804AAD
IND584123AAA,IND584128AAA,1.5190972222222223,0.02370675797325102,31.060100000000002,41.0,1.0,4,0.9147509162808641,IND584123AAA → IND584128AAA
IND695614AAA,IND695609AAA,1.4280701754385963,0.14456140350877197,15.606116666666667,27.5,1.0,6,0.9145964912280701,IND695614AAA → IND695609AAA
IND508277AAB,IND508223AAA,1.4889652894350547,0.0629618384289855,25.829333333333334,37.75,1.0,12,0.9144746673027175,IND508277AAB → IND508223AAA
IND000000ACB,IND201001AAC,1.5517369481014744,0.0614496811620658,62.23936944444444,77.77777777777777,0.9166666666666666,36,0.9141296835892095,IND000000ACB → IND201001AAC
IND362150AAA,IND362001AAA,1.5183663895847568,0.12765936599939248,43.28741228070176,67.45614035087719,0.8947368421052632,57,0.9140654182652995,IND362150AAA → IND362001AAA
IND576101AAA,IND576201AAA,1.5135729107715525,0.027307827579915473,32.67058333333333,37.833333333333336,1.0,6,0.9136215125825956,IND576101AAA → IND576201AAA
IND642001AAA,IND642126AAA,1.5277073732718893,0.008350512681659551,24.109,36.75,1.0,4,0.9135881031132537,IND642001AAA → IND642126AAA
IND585222AAA,IND585307AAB,1.5270681589016522,0.022638420922801154,27.334055555555558,38.541666666666664,0.9861111111111112,72,0.9134521231708346,IND585222AAA → IND585307AAB
IND606003AAA,IND606105AAA,1.5352118119975262,0.03142418316954209,12.851285714285714,17.821428571428573,0.9642857142857143,28,0.9127976940355874,IND606003AAA → IND606105AAA
IND561203AAB,IND562101AAA,1.5180091547949306,0.018069821152003476,19.702269444444443,27.52777777777778,1.0,36,0.9126246082635733,IND561203AAB → IND562101AAA
IND621010AAA,IND621212AAA,1.5095080036063009,0.060530671718819935,32.618071875,46.03125,0.96875,32,0.9125874029581664,IND621010AAA → IND621212AAA
IND581334AAA,IND581320AAA,1.530791788856305,0.00042999286211848806,29.54045,40.5,1.0,2,0.9124457134011575,IND581334AAA → IND581320AAA
IND826004AAA,IND814112AAA,1.5085389023291902,0.09190270007444354,84.8498375,125.0,0.9375,16,0.9122363709540092,IND826004AAA → IND814112AAA
IND792001AAA,IND792110AAA,1.524623803009576,0.007186776979108379,58.34625,62.25,1.0,4,0.9120055542975629,IND792001AAA → IND792110AAA
IND515671AAA,IND515134AAA,1.5066924990313975,0.029133333001358043,32.61129230769231,46.23076923076923,1.0,26,0.9114169995129664,IND515671AAA → IND515134AAA
IND756019AAA,IND756032AAA,1.5277777777777777,0.0007716049382716025,42.743,45.666666666666664,1.0,3,0.9113425925925926,IND756019AAA → IND756032AAA
IND507123AAA,IND506314AAA,1.4926078092658044,0.04596960765016304,86.81698125000001,102.9375,1.0,48,0.9108340060013705,IND507123AAA → IND506314AAA
IND209304AAA,IND206122AAA,1.5110722240451209,0.08940547097476796,53.0090724137931,55.327586206896555,0.9310344827586207,58,0.910560875738065,IND209304AAA → IND206122AAA
IND501359AAE,IND523002AAA,1.5171087995517107,0.032641561525818166,185.54507972027972,222.62937062937064,0.9790209790209791,143,0.9103422819847234,IND501359AAE → IND523002AAA
IND505001AAB,IND503111AAC,1.5313317871741785,0.24087961712747435,62.5768875,83.5,0.75,8,0.9097966000079137,IND505001AAB → IND503111AAC
IND843126AAA,IND843109AAB,1.524437012263099,0.3318538569665515,32.38635,36.833333333333336,0.6666666666666666,6,0.909330961995205,IND843126AAA → IND843109AAB
IND184104AAA,IND160002AAC,1.5716608389477815,0.10421207824304436,169.68595319148938,228.9787234042553,0.8297872340425532,47,0.9088641292647919,IND184104AAA → IND160002AAC
IND507111AAA,IND507303AAA,1.482480620155039,0.38506032089417686,70.76683333333334,91.0,0.6666666666666666,3,0.9085103443302686,IND507111AAA → IND507303AAA
IND518222AAA,IND518002AAA,1.4933122038430504,0.10156746585228786,41.77826666666667,47.4,0.9333333333333333,15,0.9077951212929065,IND518222AAA → IND518002AAA
IND562132AAA,IND411033AAA,1.5250242937405267,0.02838220329615356,454.88821493212674,538.3778280542987,0.9638009049773756,442,0.9076646499782695,IND562132AAA → IND411033AAA
IND403726AAB,IND403601AAA,1.4859277296777298,0.0398248811975978,14.375824999999999,19.25,1.0,12,0.9063185562303712,IND403726AAB → IND403601AAA
IND132103AAB,IND132001AAA,1.5056277056277056,0.012074736230580396,32.244725,39.0,1.0,4,0.9058735031202564,IND132103AAB → IND132001AAA
IND624202AAA,IND625218AAA,1.4987565876152833,0.020952390041618772,25.860275,34.5,1.0,20,0.9057883520585989,IND624202AAA → IND625218AAA
IND302014AAA,IND301001AAB,1.5143818604082924,0.08726926652102997,92.4403246031746,124.35714285714286,0.9126984126984127,126,0.9057430479291497,IND302014AAA → IND301001AAB
IND571432AAB,IND571426AAA,1.4758003832946456,0.10961403710242694,34.57789117647059,46.470588235294116,0.9411764705882353,34,0.9055573056250569,IND571432AAB → IND571426AAA
IND676306AAA,IND676509AAA,1.5182065741276267,0.13623856460074346,16.78907142857143,24.857142857142858,0.8571428571428571,14,0.9052970561741309,IND676306AAA → IND676509AAA
IND471001AAA,IND472001AAA,1.4914487635290945,0.028785587371728098,65.34140555555555,86.38888888888889,1.0,36,0.9052151816231563,IND471001AAA → IND472001AAA
IND574239AAA,IND574221AAA,1.5113911151505135,0.0015251071630724563,33.789342857142856,54.0,1.0,7,0.9050139782091271,IND574239AAA → IND574221AAA
IND344001AAA,IND345021AAA,1.492767323026296,0.025673961989015264,108.96728095238095,140.71428571428572,1.0,21,0.9048091178072228,IND344001AAA → IND345021AAA
IND600056AAB,IND605010AAB,1.4726458540377179,0.05233300190744466,94.84916282051282,127.41025641025641,1.0,78,0.9047582421873206,IND600056AAB → IND605010AAB
IND501359AAE,IND585104AAA,1.4896333379622566,0.06434300751400292,130.76510598802395,150.14970059880238,0.9640718562874252,167,0.904377794325331,IND501359AAE → IND585104AAA
IND560058AAB,IND560099AAB,1.4918777596738892,0.3947633903703779,27.336392592592595,44.32098765432099,0.6296296296296297,81,0.9040690098695581,IND560058AAB → IND560099AAB
IND756100AAC,IND756045AAB,1.4147286821705427,0.12694549606393846,33.41525,40.0,1.0,2,0.9039751216873986,IND756100AAC → IND756045AAB
IND591237AAB,IND591201AAA,1.462822510822511,0.062367341691497546,24.603720000000003,33.0,1.0,5,0.9038392068364536,IND591237AAB → IND591201AAA
IND581303AAA,IND581325AAA,1.507673718540049,0.0012211946125776428,81.8691,114.125,1.0,8,0.903435845799793,IND581303AAA → IND581325AAA
IND680104AAA,IND679576AAA,1.5303519232717526,0.11160819753482384,30.781171428571426,50.0,0.8571428571428571,21,0.9027660857120053,IND680104AAA → IND679576AAA
IND509203AAA,IND509301AAA,1.4869778848154134,0.026061599856264203,26.000342105263158,34.68421052631579,1.0,38,0.9026096338830445,IND509203AAA → IND509301AAA
IND480334AAA,IND480106AAA,1.447530212595894,0.09933174989389904,33.90481666666667,46.07142857142857,0.9761904761904762,42,0.9016687528636702,IND480334AAA → IND480106AAA
IND770001AAA,IND770017AAB,1.4761897205971222,0.03584672539621873,46.84972222222222,64.16666666666667,1.0,18,0.9012299058577145,IND770001AAA → IND770017AAB
IND695121AAA,IND695541AAA,1.4626959247648903,0.0535478228397913,23.0869,39.0,1.0,3,0.9011427167578935,IND695121AAA → IND695541AAA
IND584101AAA,IND509124AAA,1.4632624434991046,0.05010772202349362,41.23030476190476,65.14285714285714,1.0,42,0.9003372940066898,IND584101AAA → IND509124AAA
IND505001AAB,IND505302AAB,1.48454874373992,0.14060047468514644,31.8053625,45.875,0.875,8,0.8984996399015119,IND505001AAB → IND505302AAB
IND184104AAA,IND181152AAA,1.4813048109577285,0.018888952151474073,59.803799999999995,80.08333333333333,1.0,12,0.8981886100285336,IND184104AAA → IND181152AAA
IND503185AAA,IND503187AAA,1.4644032814799406,0.04126883735595556,28.99303157894737,37.10526315789474,1.0,38,0.898141963798763,IND503185AAA → IND503187AAA
IND641664AAA,IND638657AAA,1.4622961577258433,0.04390750328626592,28.661786486486488,38.86486486486486,1.0,74,0.8980907140762171,IND641664AAA → IND638657AAA
IND580028AAA,IND581402AAA,1.4787198239140031,0.02036037799555819,63.718714999999996,84.0,1.0,60,0.8975960429642688,IND580028AAA → IND581402AAA
IND501359AAE,IND503111AAC,1.465079121148575,0.03466557920060784,86.86295833333334,99.16666666666667,1.0,12,0.8964313222196123,IND501359AAE → IND503111AAC
IND110095AAB,IND000000ACB,1.4867811630746899,0.0056845783531658325,45.510071428571436,64.85714285714286,1.0,7,0.8964178387358257,IND110095AAB → IND000000ACB
IND332001AAB,IND333028AAA,1.4774955600327586,0.016125970759568117,68.762625,99.0,1.0,8,0.8958360152409738,IND332001AAB → IND333028AAA
IND305624AAA,IND305404AAA,1.5048885674428016,0.18019236573376315,65.662125,94.54166666666667,0.7916666666666666,24,0.8935131366972495,IND305624AAA → IND305404AAA
IND509124AAA,IND584101AAA,1.4778867102396516,0.003457784357025307,40.69728333333333,65.0,1.0,6,0.8921920194029682,IND509124AAA → IND584101AAA
IND321606AAA,IND321001AAA,1.4861909237379163,0.15763924424884718,43.9231,56.5,0.8333333333333334,6,0.8917681427698207,IND321606AAA → IND321001AAA
IND303702AAB,IND332404AAA,1.4732598039215685,0.06834063002833667,29.53190625,31.75,0.9375,16,0.8910561105771284,IND303702AAB → IND332404AAA
IND201007AAB,IND110044AAB,1.513069246939788,0.11894315588713195,24.197903333333333,42.333333333333336,0.8333333333333334,30,0.8909106455420548,IND201007AAB → IND110044AAB
IND307001AAA,IND306902AAA,1.4201860231271997,0.07439756013529415,28.88005,31.5,1.0,4,0.8903936772914681,IND307001AAA → IND306902AAA
IND695012AAA,IND691001AAB,1.493521455085184,0.08669738717840873,47.761575,75.11111111111111,0.8888888888888888,36,0.890084464854263,IND695012AAA → IND691001AAB
IND506001AAC,IND505467AAA,1.4725098635025105,0.04205335514276516,32.595503846153846,42.38461538461539,0.9615384615384616,26,0.8900814904053722,IND506001AAC → IND505467AAA
IND585222AAA,IND585211AAA,1.4297334311555325,0.06061078143901573,21.648750000000003,29.916666666666668,1.0,12,0.8900766068939178,IND585222AAA → IND585211AAA
IND203135AAA,IND203390AAA,1.4876310544722486,0.044762887063515465,70.00538125,107.5625,0.9375,16,0.8897312879079542,IND203135AAA → IND203390AAA
IND630561AAA,IND623701AAA,1.4386712778404795,0.044443710494199935,34.9112,46.0,1.0,10,0.8888016242844518,IND630561AAA → IND623701AAA
IND414001AAA,IND414302AAB,1.4533248081841432,0.022259960361326787,34.77285,42.0,1.0,2,0.8880079113820554,IND414001AAA → IND414302AAB
IND560099AAB,IND560060AAB,1.4693974237929353,0.22262950390359798,24.138809677419353,37.1505376344086,0.7741935483870968,93,0.8868058852043824,IND560099AAB → IND560060AAB
IND411033AAA,IND501359AAE,1.5000440852873371,0.06588088942130287,356.4762726235741,422.45247148288973,0.8897338403041825,263,0.8867020530325805,IND411033AAA → IND501359AAE
IND671323AAD,IND000000ACO,1.4419642857142856,0.029057716836734727,27.6167,43.5,1.0,2,0.8855030293367347,IND671323AAD → IND000000ACO
IND147001AAD,IND147201AAA,1.4615384615384617,0.002958579881656792,26.0465,39.5,1.0,2,0.8855029585798816,IND147001AAD → IND147201AAA
IND673506AAA,IND670643AAA,1.451065126701692,0.016876638607456033,17.460949999999997,26.941176470588236,1.0,34,0.8854890422629137,IND673506AAA → IND670643AAA
IND560083AAB,IND560058AAD,1.4543508562325769,0.01222524863123165,21.66803333333333,36.333333333333336,1.0,3,0.8854079170824003,IND560083AAB → IND560058AAD
IND480886AAA,IND480001AAA,1.471486598641127,0.024789555808591233,90.96081071428571,103.0,0.9642857142857143,28,0.8853172204847425,IND480886AAA → IND480001AAA
IND515801AAA,IND515865AAB,1.4743175016657044,0.05446400790840479,64.87195694444443,94.45833333333333,0.9305555555555556,72,0.8852328697054699,IND515801AAA → IND515865AAB
IND000000ACA,IND152026AAA,1.455642965751387,0.009412709307687896,93.82331428571429,104.57142857142857,1.0,7,0.8850809990928612,IND000000ACA → IND152026AAA
IND277303AAC,IND277211AAA,1.4555648956887346,0.00828150204014786,33.701233333333334,44.416666666666664,1.0,12,0.8847104088875383,IND277303AAC → IND277211AAA
IND503111AAC,IND505001AAB,1.4566973791163735,0.005407213790585932,62.862674999999996,83.5,1.0,4,0.8843011157837252,IND503111AAC → IND505001AAB
IND532222AAA,IND761200AAA,1.3877155339345086,0.5477321685420359,64.97371818181819,91.0909090909091,0.5454545454545454,22,0.8830422277727779,IND532222AAA → IND761200AAA
IND505001AAA,IND505302AAB,1.416469112195164,0.1078924969263448,31.536272222222223,44.22222222222222,0.9444444444444444,18,0.8822887272893024,IND505001AAA → IND505302AAB
IND284403AAA,IND472001AAA,1.5316121760007209,0.14712309509351243,61.39875,107.0,0.75,4,0.8817817989283421,IND284403AAA → IND472001AAA
IND362001AAA,IND360575AAA,1.4287877066094268,0.03352817423723607,60.051058035714284,66.03571428571429,1.0,112,0.8815735349149416,IND362001AAA → IND360575AAA
IND523230AAA,IND523105AAA,1.4548846587428736,0.04965563206423972,39.20505964912281,51.98245614035088,0.9473684210526315,57,0.8810610794322109,IND523230AAA → IND523105AAA
IND563101AAB,IND563125AAB,1.4506179304566402,0.001305814462935699,26.462249999999997,36.0,1.0,4,0.8806389165215368,IND563101AAB → IND563125AAB
IND842003AAB,IND484661AAE,1.443838980054825,0.20998261936843504,103.77914000000001,124.2,0.8,10,0.8805303778324606,IND842003AAB → IND484661AAE
IND242307AAB,IND242221AAA,1.4166086393281516,0.04445320990112086,36.48021,47.6,1.0,10,0.8799794187015968,IND242307AAB → IND242221AAA
IND721636AAB,IND721602AAB,1.3855501191848263,0.41795738123320125,27.516444444444446,33.44444444444444,0.6666666666666666,9,0.8796072620438908,IND721636AAB → IND721602AAB
IND142026AAA,IND141109AAA,1.4349322380024134,0.01579804873740932,23.807261111111114,50.888888888888886,1.0,18,0.8787123098221882,IND142026AAA → IND141109AAA
IND302014AAB,IND303301AAB,1.442686691629962,0.2357279841940834,30.29335769230769,32.19230769230769,0.7692307692307693,26,0.8785623026794406,IND302014AAB → IND303301AAB
IND201001AAC,IND110037AAM,1.4582677738927738,0.10892813786208878,29.420875000000002,46.0,0.875,8,0.8784855509157362,IND201001AAC → IND110037AAM
IND000000ACB,IND201007AAA,1.5302866315509311,0.1418533334913501,46.03714603174603,78.58730158730158,0.746031746031746,63,0.8784801764773013,IND000000ACB → IND201007AAA
IND160002AAC,IND174103AAA,1.4267471091000503,0.02356402142401611,53.30723333333333,62.333333333333336,1.0,3,0.8777680500672249,IND160002AAC → IND174103AAA
IND560300AAA,IND560043AAC,1.4596581019930674,0.41207695100778297,22.860256565656563,35.44444444444444,0.5656565656565656,99,0.8771832957965315,IND560300AAA → IND560043AAC
IND584101AAA,IND584123AAA,1.4254301451302676,0.022112694672646278,31.338690000000003,41.2,1.0,10,0.8768058664539009,IND584101AAA → IND584123AAA
IND273155AAA,IND273303AAA,1.4213675213675214,0.0275235590620206,16.882433333333335,16.0,1.0,3,0.8768040762656147,IND273155AAA → IND273303AAA
IND423105AAA,IND423301AAB,1.4184050886267006,0.029998455503040915,28.98890714285714,39.42857142857143,1.0,14,0.8763615721015924,IND423105AAA → IND423301AAB
IND585307AAB,IND585222AAA,1.4335270754625593,0.006579400136738907,26.028793750000002,33.9375,1.0,16,0.8753846502260453,IND585307AAB → IND585222AAA
IND395010AAB,IND395023AAA,1.4375,0.0,17.769299999999998,23.0,1.0,2,0.875,IND395010AAB → IND395023AAA
IND176201AAA,IND176303AAA,1.4624238852579783,0.07502558267169578,57.08432222222223,106.05555555555556,0.8888888888888888,18,0.8741438955713667,IND176201AAA → IND176303AAA
IND328001AAA,IND000000ACB,1.4834391396799607,0.03470814869524853,152.32085999999998,182.1,0.9,10,0.8737881004805589,IND328001AAA → IND000000ACB
IND246725AAB,IND246701AAA,1.4210120286471462,0.01751405749679051,33.794335000000004,43.9,1.0,20,0.8736590287078957,IND246725AAB → IND246701AAA
IND508116AAA,IND508223AAA,1.4218327235003014,0.014702914242469365,55.15806666666666,67.33333333333333,1.0,3,0.8731439636728614,IND508116AAA → IND508223AAA
IND735224AAA,IND736146AAA,1.4242568668309137,0.04997711424249627,46.73440416666667,58.416666666666664,0.9583333333333334,24,0.8721958810051144,IND735224AAA → IND736146AAA
IND465001AAA,IND465333AAA,1.420772491905308,0.17926045960247622,51.30126666666666,72.83333333333333,0.8333333333333334,6,0.872087134642866,IND465001AAA → IND465333AAA
IND689101AAA,IND690548AAA,1.425151515151515,0.00563558783097245,20.490645454545454,29.272727272727273,1.0,11,0.8717512824098977,IND689101AAA → IND690548AAA
IND562132AAA,IND518002AAA,1.430602784703184,0.021103074179872013,187.75503720930232,215.17441860465115,0.9767441860465116,172,0.8715952919491887,IND562132AAA → IND518002AAA
IND152026AAA,IND152116AAA,1.4080662393162393,0.026750829709094155,45.759150000000005,46.833333333333336,1.0,6,0.871251744639224,IND152026AAA → IND152116AAA
IND518124AAA,IND518002AAA,1.4245621197308438,0.0022495102846973197,59.769533333333335,72.33333333333333,1.0,3,0.8704997009777468,IND518124AAA → IND518002AAA
IND403702AAA,IND581314AAA,1.4206231044940723,0.005874779335117127,54.9947,74.0,1.0,3,0.870011675598164,IND403702AAA → IND581314AAA
IND577522AAA,IND562132AAA,1.412548499487909,0.01603130200547618,112.38521,124.4875,1.0,80,0.8698287903968065,IND577522AAA → IND562132AAA
IND480886AAA,IND480661AAA,1.41398315925074,0.013133481427534458,47.68246666666666,49.0,1.0,6,0.8695333081285562,IND480886AAA → IND480661AAA
IND413501AAA,IND413401AAA,1.4132444479768194,0.013737858200974184,31.01159761904762,39.785714285714285,1.0,42,0.86941913665102,IND413501AAA → IND413401AAA
IND144001AAB,IND143001AAA,1.4701555534240645,0.03884626490309345,60.39848823529412,66.91176470588235,0.8970588235294118,68,0.8688337478993773,IND144001AAB → IND143001AAA
IND246444AAB,IND246424AAA,1.4069786721158486,0.019073434763375134,28.121973333333337,58.666666666666664,1.0,15,0.8685134992753519,IND246444AAB → IND246424AAA
IND184104AAA,IND181152AAB,1.4027860017246336,0.01721179883059704,59.949325,75.5,1.0,8,0.8662779403390326,IND184104AAA → IND181152AAB
IND560058AAB,IND560060AAB,1.4030464097423356,0.3117820252056015,14.163045454545454,21.272727272727273,0.7045454545454546,88,0.8661168078222511,IND560058AAB → IND560060AAB
IND504296AAA,IND504208AAB,1.399819650532409,0.01978950987611318,44.80089999999999,58.0,1.0,3,0.8658647131757976,IND504296AAA → IND504208AAB
IND140401AAA,IND147301AAA,1.4057971014492754,0.010501995379122013,27.50215,27.0,1.0,2,0.8654694391934468,IND140401AAA → IND147301AAA
IND642001AAA,IND641062AAD,1.4234640756824217,0.07260310627432849,36.96921764705883,54.53921568627451,0.9117647058823529,102,0.8646959739199731,IND642001AAA → IND641062AAD
IND518002AAA,IND562132AAA,1.425105650978903,0.012315992147853947,196.07543161290323,250.52903225806452,0.967741935483871,155,0.8640596386810788,IND518002AAA → IND562132AAA
IND134203AAA,IND140501AAA,1.4665473372306397,0.1534150766214127,37.90447678571429,48.32142857142857,0.7678571428571429,56,0.8630006007358226,IND134203AAA → IND140501AAA
IND560300AAB,IND563125AAB,1.4043880169033407,0.003595136901996384,38.51776666666667,48.5,1.0,6,0.8628337478319352,IND560300AAB → IND563125AAB
IND140118AAA,IND160002AAC,1.4432371102820227,0.07985027151828715,77.75780117647058,110.50588235294117,0.8705882352941177,85,0.8624263961565305,IND140118AAA → IND160002AAC
IND136118AAA,IND136128AAA,1.397820265042052,0.008749128163947262,25.956986363636364,34.22727272727273,1.0,44,0.861752844466005,IND136118AAA → IND136128AAA
IND491001AAA,IND494334AAB,1.3925187400843824,0.013389485702179101,84.35904000000001,94.0,1.0,5,0.8610243417444068,IND491001AAA → IND494334AAB
IND624001AAA,IND625008AAA,1.4070726436425685,0.03030343167917866,53.606264,54.52,0.96,25,0.859920086960781,IND624001AAA → IND625008AAA
IND332404AAA,IND332001AAB,1.399436600352493,0.027227571100243656,41.070505555555556,42.94444444444444,0.9722222222222222,36,0.859609578137737,IND332404AAA → IND332001AAB
IND000000ACB,IND110052AAA,1.3883281862399879,0.012299530209214152,43.0432,62.92857142857143,1.0,14,0.8590211335587593,IND000000ACB → IND110052AAA
IND303008AAB,IND303338AAB,1.4330495459594068,0.15111735948788238,26.02334666666667,33.06666666666667,0.8,15,0.8585550262301275,IND303008AAB → IND303338AAB
IND635001AAA,IND636705AAB,1.3868002879990238,0.012503221067346864,43.41531666666666,56.0,1.0,12,0.8584710815198137,IND635001AAA → IND636705AAB
IND125005AAA,IND335524AAA,1.4503199709278685,0.08154229470643906,106.5765,168.07692307692307,0.8461538461538461,13,0.8584368306292329,IND125005AAA → IND335524AAA
IND585104AAA,IND585307AAB,1.3897531684391669,0.00697028818930829,42.296060714285716,54.357142857142854,1.0,28,0.8579923538324592,IND585104AAA → IND585307AAB
IND147101AAA,IND147105AAA,1.389811782420478,0.006812684291361284,24.7991875,30.9375,1.0,16,0.8579685182555997,IND147101AAA → IND147105AAA
IND207001AAA,IND207302AAA,1.4375131743195684,0.06318832635867734,32.854148,47.04,0.88,25,0.8579617676354306,IND207001AAA → IND207302AAA
IND141115AAA,IND000000ACA,1.4563827787070793,0.09586749693339863,30.215262962962964,44.51851851851852,0.8148148148148148,27,0.8557578050072958,IND141115AAA → IND000000ACA
IND131028AAB,IND244235AAA,1.4581676098425038,0.18513264938465016,104.2427880952381,136.3968253968254,0.7222222222222222,126,0.8554735054190633,IND131028AAB → IND244235AAA
IND518002AAA,IND518501AAA,1.4199643445103065,0.04720868112050105,52.811596296296294,59.96296296296296,0.9074074074074074,54,0.8543705643624951,IND518002AAA → IND518501AAA
IND581400AAB,IND581325AAA,1.4814337472760468,0.09014099016617244,78.49720625,102.53125,0.78125,32,0.8539907959602705,IND581400AAB → IND581325AAA
IND606803AAA,IND606801AAB,1.3929260989340042,0.033887817316018816,24.36830909090909,32.5,0.9545454545454546,22,0.8537004211320437,IND606803AAA → IND606801AAB
IND480001AAA,IND481661AAA,1.3979838723840656,0.04151728792396559,123.91045625,146.0,0.9375,16,0.852898735330816,IND480001AAA → IND481661AAA
IND262001AAA,IND244901AAB,1.438668278204369,0.06611315905139938,70.50160000000001,75.42857142857143,0.8571428571428571,7,0.8524441161400245,IND262001AAA → IND244901AAB
IND244715AAA,IND263401AAA,1.380327868852459,0.0007739854877721025,45.62765,80.0,1.0,2,0.8523633431873152,IND244715AAA → IND263401AAA
IND484001AAA,IND484446AAA,1.4955607992070326,0.3468091839042828,76.0218125,97.8125,0.5,16,0.8522670748540979,IND484001AAA → IND484446AAA
IND516001AAA,IND516227AAA,1.473123430685873,0.1234347503374797,38.92815,53.5,0.75,4,0.851279797375593,IND516001AAA → IND516227AAA
IND246001AAA,IND249201AAA,1.3595666112356846,0.024539346060744423,87.12300833333335,172.75,1.0,12,0.8511884483124973,IND246001AAA → IND249201AAA
IND509001AAA,IND509203AAA,1.4159139420278202,0.05246675470431103,30.846381578947366,40.0,0.8947368421052632,38,0.8505266558540004,IND509001AAA → IND509203AAA
IND148023AAA,IND148001AAA,1.3673719958202717,0.011089880355094936,28.65005,34.75,1.0,4,0.8502757624346372,IND148023AAA → IND148001AAA
IND147105AAA,IND147101AAA,1.3706293706293706,0.005501491515477542,26.00055,33.0,1.0,2,0.8499021957063915,IND147105AAA → IND147101AAA
IND184121AAA,IND181152AAB,1.3696236559139785,0.004426089721355083,31.29465,37.5,1.0,2,0.849177289281998,IND184121AAA → IND181152AAB
IND244901AAB,IND246725AAB,1.4063802334092401,0.11346706959559971,69.43348571428571,92.26785714285714,0.8392857142857143,56,0.8483779285280902,IND244901AAB → IND246725AAB
IND345001AAA,IND345021AAA,1.3538896973665886,0.018601812035488764,71.57538,66.25,1.0,20,0.8471364225572822,IND345001AAA → IND345021AAA
IND360311AAA,IND360050AAA,1.3647347421860165,0.003837237998311644,30.157159999999998,39.8,1.0,5,0.8470450682739,IND360311AAA → IND360050AAA
IND415709AAA,IND416122AAA,1.4309736842387657,0.057819712414937004,122.95889999999999,170.71428571428572,0.8571428571428571,7,0.8468782445628446,IND415709AAA → IND416122AAA
IND691001AAB,IND695012AAA,1.3654793906810037,0.002204049661328876,51.0118,68.66666666666667,1.0,3,0.8468529711708002,IND691001AAB → IND695012AAA
IND573201AAB,IND572201AAB,1.4288821202613675,0.0384154394525753,43.98701515151515,58.303030303030305,0.8787878787878788,33,0.8467138435766831,IND573201AAB → IND572201AAB
IND641062AAD,IND642126AAA,1.3681656533015434,0.08255044879878641,42.65614406779661,59.97457627118644,0.9152542372881356,118,0.846607667146694,IND641062AAD → IND642126AAA
IND581402AAA,IND577401AAA,1.4398261120779126,0.04919811395223492,55.04877037037037,84.25925925925925,0.8518518518518519,27,0.8462454345723911,IND581402AAA → IND577401AAA
IND209721AAB,IND209625AAA,1.4151465895215896,0.08076322831001584,26.153895,41.65,0.85,20,0.8452876043016405,IND209721AAB → IND209625AAA
IND000000ACT,IND131028AAB,1.4237840958602743,0.2564183345810136,28.631361714285713,58.05142857142857,0.6571428571428571,175,0.843581995861271,IND000000ACT → IND131028AAB
IND691001AAB,IND683511AAA,1.3597773303732454,0.03063702805595347,98.89684285714286,132.11111111111111,0.9682539682539683,63,0.8435782310422747,IND691001AAB → IND683511AAA
IND487001AAA,IND487551AAA,1.4351824322870728,0.022912429531670536,38.0393625,49.375,0.875,8,0.8434467017743303,IND487001AAA → IND487551AAA
IND560099AAB,IND515004AAA,1.352860515071307,0.006861993487601026,134.30284,154.8,1.0,10,0.8432028040748031,IND560099AAB → IND515004AAA
IND201301AAF,IND201301AAL,1.3511904761904763,0.00857426303854875,17.3354,26.0,1.0,2,0.8430484693877552,IND201301AAF → IND201301AAL
IND683511AAA,IND680012AAA,1.431949176401204,0.04304769720400549,37.78640727272727,56.36363636363637,0.8545454545454545,55,0.8420576160853196,IND683511AAA → IND680012AAA
IND732123AAC,IND732139AAA,1.3550420168067228,8.827060235858987e-06,10.73425,21.0,1.0,2,0.8420194548407599,IND732123AAC → IND732139AAA
IND686028AAB,IND689101AAA,1.3501744597191494,0.028107535483358405,19.930352173913043,23.82608695652174,0.9782608695652174,46,0.8419803054022326,IND686028AAB → IND689101AAA
IND504293AAA,IND504208AAB,1.3360930735930736,0.024226278321245832,44.34596666666667,54.333333333333336,1.0,6,0.8417051129336033,IND504293AAA → IND504208AAB
IND160002AAC,IND176041AAA,1.4298835797315537,0.04200184119862917,154.84250714285713,223.92857142857142,0.8571428571428571,14,0.8416968413950674,IND160002AAC → IND176041AAA
IND854334AAA,IND854335AAA,1.352439765694076,0.0012391797057309467,35.26005,39.5,1.0,4,0.8413476601893498,IND854334AAA → IND854335AAA
IND335803AAA,IND335804AAD,1.45926963421108,0.2095724869280305,18.893976470588235,26.11764705882353,0.6470588235294118,17,0.8406972468216647,IND335803AAA → IND335804AAD
IND464001AAA,IND464221AAA,1.3254643962848296,0.5338355706467043,67.27505000000001,80.0,0.5,2,0.8403364297079432,IND464001AAA → IND464221AAA
IND244901AAB,IND244221AAA,1.3852069135953362,0.2705227267705393,55.808350000000004,74.88333333333334,0.6833333333333333,60,0.8402395834692963,IND244901AAB → IND244221AAA
IND689101AAA,IND689650AAA,1.4572072133076917,0.1305785050035346,14.171563636363636,19.454545454545453,0.7272727272727273,11,0.8402382550059552,IND689101AAA → IND689650AAA
IND303301AAB,IND303303AAA,1.3917683765509852,0.05126323631462277,22.584480851063834,23.76595744680851,0.8936170212765957,47,0.8401714278977597,IND303301AAB → IND303303AAA
IND562132AAA,IND515004AAA,1.3680098598483625,0.02280109489880023,119.64903611111112,136.75,0.9537037037037037,108,0.8401553835200962,IND562132AAA → IND515004AAA
IND465333A1B,IND462022AAA,1.3374842100785733,0.016800063816501263,80.58635,80.0,1.0,4,0.8400337031763797,IND465333A1B → IND462022AAA
IND581402AAA,IND577201AAA,1.3929116868885014,0.10205211863992814,93.62608333333333,138.5,0.8333333333333334,6,0.837780310347379,IND581402AAA → IND577201AAA
IND184121AAA,IND181152AAA,1.3413461538461537,0.0022651627218934975,33.16745,39.0,1.0,2,0.8372180103550295,IND184121AAA → IND181152AAA
IND160002AAC,IND174307AAA,1.377593075756933,0.045051093015186325,117.4461612244898,172.4795918367347,0.9081632653061225,98,0.8370015377991658,IND160002AAC → IND174307AAA
IND131028AAB,IND248001AAA,1.430864518378287,0.10255513160143981,147.89733333333334,225.55555555555554,0.7777777777777778,18,0.8364456801650801,IND131028AAB → IND248001AAA
IND622407AAA,IND622001AAA,1.3874036209465863,0.04468685461084369,31.01731428571429,42.17857142857143,0.8928571428571429,28,0.8362246476190306,IND622407AAA → IND622001AAA
IND203131AAA,IND203135AAA,1.4075585257731356,0.061413916392892356,29.529796875,46.3125,0.84375,32,0.834572585227122,IND203131AAA → IND203135AAA
IND600056AAB,IND605601AAA,1.3424782245612215,0.09015177825714361,93.666985,114.25,0.9,40,0.8340368233016318,IND600056AAB → IND605601AAA
IND842001AAA,IND843329AAB,1.3539850903978667,0.02397146074170184,56.208084615384614,65.28205128205128,0.9487179487179487,39,0.8334008589970419,IND842001AAA → IND843329AAB
IND384205AAA,IND384170AAA,1.4595809283309285,0.2061986662106698,27.546275,39.0,0.625,8,0.8331919711955723,IND384205AAA → IND384170AAA
IND263153AAB,IND263002AAA,1.3791502183558797,0.15275154253501705,83.61144324324324,128.67567567567568,0.7837837837837838,37,0.8326206852379922,IND263153AAB → IND263002AAA
IND411033AAA,IND413002AAA,1.4082691678137547,0.06670581535093868,164.04663703703704,181.1141975308642,0.8302469135802469,324,0.8323934858048576,IND411033AAA → IND413002AAA
IND638501AAB,IND641062AAD,1.3883549478275743,0.1065070274840664,51.22235517241379,66.2183908045977,0.8160919540229885,87,0.8321216735831463,IND638501AAB → IND641062AAD
IND335513AAA,IND335803AAA,1.4135140109466469,0.16493218108060578,22.445059999999998,28.92,0.72,25,0.8308852587028405,IND335513AAA → IND335803AAA
IND685514AAA,IND625008AAA,1.4146293531573506,0.06070198123491259,90.22935333333334,144.6888888888889,0.8222222222222222,45,0.8307290023000806,IND685514AAA → IND625008AAA
IND360510AAB,IND360530AAB,1.336785400233676,0.1470433083392382,20.53302162162162,25.81081081081081,0.8378378378378378,37,0.8301785039465933,IND360510AAB → IND360530AAB
IND243301AAB,IND244901AAC,1.3039181071240886,0.028578708642370755,51.18208333333334,79.33333333333333,1.0,6,0.8301408554423467,IND243301AAB → IND244901AAC
IND854334AAA,IND852118AAA,1.3197278911564625,0.005237461638203749,23.88137142857143,28.285714285714285,1.0,7,0.8294623949540462,IND854334AAA → IND852118AAA
IND781022AAA,IND781018AAB,1.2868370538650118,0.7137294311782408,34.1268375,42.291666666666664,0.3333333333333333,24,0.8288536508994769,IND781022AAA → IND781018AAB
IND641654AAA,IND641664AAA,1.3734155070518705,0.050600340574700996,22.703869696969697,27.272727272727273,0.8787878787878788,33,0.8281826686295222,IND641654AAA → IND641664AAA
IND641062AAD,IND642001AAA,1.4102129402129402,0.043273490734424394,36.36253333333333,48.333333333333336,0.8333333333333334,6,0.8270672233055034,IND641062AAD → IND642001AAA
IND591201AAA,IND591304AAA,1.3768873355796023,0.020369974219161306,52.421306666666666,62.0,0.9,30,0.8268659264975894,IND591201AAA → IND591304AAA
IND723131AAA,IND722140AAA,1.3971203975236233,0.059730584513385046,33.92433333333333,43.75,0.8333333333333334,12,0.8267673343634648,IND723131AAA → IND722140AAA
IND122001AAA,IND122101AAC,1.3028846153846154,0.010401257396449695,12.068950000000001,19.0,1.0,2,0.824274223372781,IND122001AAA → IND122101AAC
IND344022AAB,IND344001AAA,1.3673171124674321,0.035577169628009296,61.59718055555556,60.72222222222222,0.8888888888888888,36,0.8242666625420423,IND344022AAB → IND344001AAA
IND630002AAA,IND622407AAA,1.3481457156384544,0.018340259759956443,42.478903571428575,54.535714285714285,0.9285714285714286,28,0.8233317927547973,IND630002AAA → IND622407AAA
IND600056AAB,IND600076AAB,1.4148830098136804,0.2170051724267064,28.057873770491803,39.85245901639344,0.639344262295082,61,0.8228580343420088,IND600056AAB → IND600076AAB
IND302014AAB,IND303603AAB,1.3834487734487735,0.1837050723687087,50.951185714285714,74.57142857142857,0.7142857142857143,7,0.8227767453758363,IND302014AAB → IND303603AAB
IND732139AAA,IND732123AAC,1.304953560371517,0.0002348340346404194,12.18755,23.5,1.0,2,0.8220518743589988,IND732139AAA → IND732123AAC
IND470113AAA,IND470227AAB,1.4026645905579183,0.06601095533785221,97.7778,110.0,0.8,5,0.820869122824523,IND470113AAA → IND470227AAB
IND756100AAC,IND757037AAA,1.399546531899473,0.11897515956000726,142.272625,143.5,0.75,4,0.8205111606277914,IND756100AAC → IND757037AAA
IND383315AAC,IND384205AAA,1.2979136764832107,0.0032063426377400986,83.73384,82.8,1.0,5,0.8201273733846063,IND383315AAC → IND384205AAA
IND814101AAB,IND816107AAA,1.376107099000702,0.07926292868895751,63.63893181818182,88.56818181818181,0.8181818181818182,44,0.8196762636615136,IND814101AAB → IND816107AAA
IND382421AAA,IND382721AAA,1.3181087295057883,0.044735562458536396,13.630339285714285,18.5,0.9285714285714286,28,0.8192355891113048,IND382421AAA → IND382721AAA
IND625531AAA,IND625516AAA,1.2879412385651225,0.012834901128387572,33.16230714285714,46.285714285714285,1.0,14,0.8190269657645652,IND625531AAA → IND625516AAA
IND285001AAD,IND285205AAB,1.3791134737439903,0.08035823464604706,26.536666666666665,40.04761904761905,0.8095238095238095,42,0.8186100027485531,IND285001AAD → IND285205AAB
IND201307AAA,IND201301AAL,1.4262981206928622,0.25346369167210536,16.26154827586207,25.25862068965517,0.5689655172413793,58,0.8172480109511904,IND201307AAA → IND201301AAL
IND784101AAA,IND790114AAA,1.2916057504873295,0.0004416534325376511,25.548433333333335,29.666666666666668,1.0,3,0.8167747962246932,IND784101AAA → IND790114AAA
IND327001AAB,IND312605AAB,1.3201983457611857,0.03248452242276567,61.65546428571428,58.57142857142857,0.9285714285714286,14,0.8163961236027326,IND327001AAB → IND312605AAB
IND176303AAA,IND176310AAA,1.3440953882773319,0.0365052743265943,45.21828888888889,91.0,0.8888888888888888,9,0.8152564042755778,IND176303AAA → IND176310AAA
IND723133AAA,IND723130AAA,1.393955078496906,0.12617172298962395,28.371496153846156,58.80769230769231,0.7307692307692307,26,0.8146643175264188,IND723133AAA → IND723130AAA
IND110044AAB,IND131028AAB,1.3769161154909,0.26883345903955375,29.27898,56.865,0.61,200,0.8144164839082261,IND110044AAB → IND131028AAB
IND638657AAA,IND638701AAA,1.3710653263291743,0.041769723084482416,23.702150793650794,30.476190476190474,0.8412698412698413,63,0.8133379998379668,IND638657AAA → IND638701AAA
IND577101AAA,IND577116AAA,1.314418158567775,0.6249810667692518,35.025866666666666,36.0,0.3333333333333333,3,0.8132615834578856,IND577101AAA → IND577116AAA
IND272155AAA,IND272001AAA,1.277596618357488,0.007341179199047814,32.70741666666667,30.666666666666668,1.0,6,0.8132410011027095,IND272155AAA → IND272001AAA
IND332001AAB,IND333001AAA,1.269774915946489,0.008152205867542428,46.047244444444445,53.111111111111114,1.0,9,0.8103556281388583,IND332001AAB → IND333001AAA
IND203396AAB,IND203390AAA,1.3224969736024503,0.037679720614501824,33.86611666666667,48.666666666666664,0.9,30,0.8103027056253307,IND203396AAB → IND203390AAA
IND573103AAA,IND577116AAA,1.3342060411721834,0.02098144639447268,32.137170000000005,32.8,0.9,10,0.8099768503872152,IND573103AAA → IND577116AAA
IND147301AAA,IND140401AAA,1.2619047619047619,0.010204081632653052,33.0131,32.5,1.0,2,0.8078231292517007,IND147301AAA → IND140401AAA
IND177101AAA,IND176001AAB,1.2657250470809793,0.004119789616294446,38.4966,65.5,1.0,2,0.8075259557172801,IND177101AAA → IND176001AAB
IND560099AAB,IND635001AAA,1.4263688596533906,0.3230931890320226,52.57026153846154,80.3076923076923,0.46153846153846156,13,0.8059370390325015,IND560099AAB → IND635001AAA
IND425401AAA,IND425109AAA,1.4191848967989125,0.04258294019146105,24.085500000000003,32.25,0.75,4,0.8054488407770033,IND425401AAA → IND425109AAA
IND423109AAA,IND413709AAA,1.3606701940035275,0.20271222343532758,23.832800000000002,34.666666666666664,0.6666666666666666,3,0.8050817446320093,IND423109AAA → IND413709AAA
IND691001AAB,IND691506AAA,1.324850783688502,0.024910230156465527,18.080840322580645,25.725806451612904,0.8870967741935484,62,0.803542414780405,IND691001AAB → IND691506AAA
IND524201AAA,IND523002AAA,1.2102966627231109,0.73984892552904,70.49414516129032,69.12903225806451,0.3225806451612903,62,0.8028475362963435,IND524201AAA → IND523002AAA
IND000000ACB,IND201301AAF,1.4143755435177856,0.15315030301660149,47.43174516129032,74.35483870967742,0.6290322580645161,62,0.8004049857314496,IND000000ACB → IND201301AAF
IND147001AAD,IND148023AAA,1.2496294760445703,0.0002927034298811112,44.49733333333334,59.333333333333336,1.0,3,0.7999396014467925,IND147001AAD → IND148023AAA
IND507002AAA,IND507117AAB,1.3635603001120242,0.047749145956412595,79.90902,93.8,0.8,5,0.7997488638317334,IND507002AAA → IND507117AAB
IND560060AAB,IND560099AAB,1.3564486385746206,0.18187532092448236,22.69140930232558,31.302325581395348,0.6744186046511628,43,0.7994676331025419,IND560060AAB → IND560099AAB
IND312601AAA,IND458664AAA,1.283625039700319,0.28084401531804104,47.51021666666666,57.333333333333336,0.6666666666666666,12,0.7977032204755399,IND312601AAA → IND458664AAA
IND184104AAA,IND184121AAA,1.3977258852258851,0.11781665665937653,33.43106666666667,43.166666666666664,0.6666666666666666,6,0.794435351088167,IND184104AAA → IND184121AAA
IND415003AAA,IND411033AAA,1.2966736497604783,0.010598262495834239,78.40315000000001,97.6,0.9,10,0.7918489386529416,IND415003AAA → IND411033AAA
IND181152AAA,IND184121AAA,1.3485065982404691,0.04004056634207246,31.242169999999998,38.2,0.8,10,0.7914148091988095,IND181152AAA → IND184121AAA
IND560300AAA,IND560002AAA,1.3181196482396171,0.5304287615002435,24.138872000000003,32.13333333333333,0.3466666666666667,75,0.7903764877459198,IND560300AAA → IND560002AAA
IND422011AAD,IND422103AAC,1.3270240106649258,0.2673278463921575,34.1405875,42.9375,0.59375,32,0.7891329581836176,IND422011AAD → IND422103AAC
IND144601AAA,IND144040AAA,1.3924682395644283,0.26813523341490964,43.661249999999995,45.0,0.5,2,0.7874278658502443,IND144601AAA → IND144040AAA
IND424006AAA,IND423106AAA,1.2804296853026815,0.01140380612441089,56.633605,60.9,0.9,20,0.7855930159583959,IND424006AAA → IND423106AAA
IND624001AAA,IND624619AAA,1.399186401273639,0.04809861827696382,26.586354999999998,34.8,0.7,20,0.7841041459925447,IND624001AAA → IND624619AAA
IND151001AAA,IND151103AAA,1.3391855058521724,0.04317771729989144,25.75701111111111,32.333333333333336,0.7777777777777778,9,0.7819608508641698,IND151001AAA → IND151103AAA
IND561207AAB,IND562108AAA,1.2986622212117849,0.03331376054217749,29.578706382978723,39.8936170212766,0.8297872340425532,47,0.7783951868601331,IND561207AAB → IND562108AAA
IND636102AAA,IND605601AAA,1.303204291237708,0.011545275151783522,87.18065200000001,90.2,0.84,25,0.7767452990406183,IND636102AAA → IND605601AAA
IND712310AAE,IND711409AAA,1.1875,0.0,19.579,19.0,1.0,2,0.775,IND712310AAE → IND711409AAA
IND623704AAA,IND626607AAB,1.2843731435079675,0.012606240147030667,38.88212857142857,51.642857142857146,0.8571428571428571,14,0.7746739865901533,IND623704AAA → IND626607AAB
IND345021AAA,IND342301AAA,1.3379567715952156,0.06399863384112797,45.36659333333333,44.266666666666666,0.7333333333333333,30,0.7743822987904246,IND345021AAA → IND342301AAA
IND642126AAA,IND642001AAA,1.3044374944523502,0.038710856504366946,22.383578461538463,29.676923076923078,0.8,65,0.7733882547322503,IND642126AAA → IND642001AAA
IND508206AAA,IND507159AAA,1.3047576472998426,0.04588778521784597,46.44369130434782,45.43478260869565,0.782608695652174,23,0.770452003180943,IND508206AAA → IND507159AAA
IND403726AAB,IND403507AAA,1.301243859341746,0.09855753309608885,19.723893333333333,32.2,0.7333333333333333,15,0.7700648036655251,IND403726AAB → IND403507AAA
IND625532AAA,IND625531AAA,1.3370471390227465,0.033013024206575745,36.1647,53.833333333333336,0.75,12,0.7697227628710713,IND625532AAA → IND625531AAA
IND695572AAB,IND695541AAA,1.3130718499898661,0.08267860092135954,16.466346153846153,24.846153846153847,0.7307692307692307,26,0.7692630895031235,IND695572AAB → IND695541AAA
IND147001AAB,IND147201AAA,1.2897058720334582,0.007886766767672025,26.102483333333335,35.0,0.8333333333333334,12,0.7682483788436849,IND147001AAB → IND147201AAA
IND184121AAA,IND184104AAA,1.3152597757860915,0.12842619322541468,32.29956666666667,40.0,0.6666666666666666,6,0.7646317682820609,IND184121AAA → IND184104AAA
IND333001AAA,IND333028AAA,1.2592783198218453,0.030862990147871666,33.3138,49.5,0.8333333333333334,6,0.7629702249730996,IND333001AAA → IND333028AAA
IND390022AAA,IND388320AAA,1.3521137962784315,0.2535256892250345,35.952333333333335,37.986111111111114,0.4861111111111111,72,0.7627365586122163,IND390022AAA → IND388320AAA
IND626117AAA,IND626138AAA,1.2359480848369737,0.0024154150083558128,20.79846666666667,31.555555555555557,0.8888888888888888,9,0.7617705251039629,IND626117AAA → IND626138AAA
IND854334AAA,IND852118A1B,1.2545911645290528,0.006435475143718029,23.690214285714287,26.857142857142858,0.8571428571428571,7,0.7609099654975936,IND854334AAA → IND852118A1B
IND502110AAA,IND502313AAA,1.3018387347048674,0.0363969339802642,32.085221052631574,38.6578947368421,0.7631578947368421,38,0.7606019424970789,IND502110AAA → IND502313AAA
IND636705AAB,IND635001AAA,1.3536082040998123,0.06335610627590854,44.27625833333334,55.916666666666664,0.6666666666666666,12,0.7604501135226974,IND636705AAB → IND635001AAA
IND384170AAA,IND384265AAB,1.2930827963596505,0.10102898184832189,26.0475,30.705882352941178,0.7058823529411765,17,0.7593065189807098,IND384170AAA → IND384265AAB
IND560300AAA,IND560058AAB,1.3423599341251518,0.21391598717540497,24.747487387387388,36.8018018018018,0.5135135135135135,111,0.7551728238567362,IND560300AAA → IND560058AAB
IND484001AAA,IND484224AAA,1.156057347670251,0.17431793905368054,40.61914,43.0,0.8,5,0.7547183207842045,IND484001AAA → IND484224AAA
IND134109AAA,IND160002AAC,1.2794083879341362,0.34046756326957206,21.95744255319149,30.80851063829787,0.46808510638297873,47,0.7543291560694197,IND134109AAA → IND160002AAC
IND480661AAA,IND481661AAA,1.251125465427887,0.06770623150744125,85.50871851851852,93.77777777777777,0.7777777777777778,27,0.7540953889567206,IND480661AAA → IND481661AAA
IND140901AAA,IND160002AAC,1.3263102166980512,0.17359870039671932,35.324807142857146,46.857142857142854,0.5714285714285714,84,0.7540322682268077,IND140901AAA → IND160002AAC
IND637211AAA,IND636402AAA,1.2897666386259725,0.03191671109154531,42.91716979166667,57.583333333333336,0.7604166666666666,96,0.7536066687778525,IND637211AAA → IND636402AAA
IND673632AAA,IND673104AAA,1.2521880511463845,0.007774032789127319,35.8133,47.333333333333336,0.8333333333333334,6,0.753207430295292,IND673632AAA → IND673104AAA
IND385340AAB,IND384205AAA,1.3092626171881734,0.13777954365085787,65.22423125,89.4375,0.625,16,0.7525389099705267,IND385340AAB → IND384205AAA
IND244601AAB,IND244901AAB,1.359601328079554,0.2926228985711821,62.157219999999995,97.68,0.4,25,0.7516274008031762,IND244601AAB → IND244901AAB
IND343001AAA,IND343029AAB,1.2383172383172383,0.009898461031328175,51.552233333333334,59.0,0.8333333333333334,6,0.7482964336362938,IND343001AAA → IND343029AAB
IND209101AAA,IND209111AAA,1.2644666951127912,0.26413915876384,45.28312692307692,33.57692307692308,0.5384615384615384,26,0.74656688721273,IND209101AAA → IND209111AAA
IND335701AAA,IND335051AAA,1.2802567998755943,0.3404545585272007,35.13489666666667,42.0,0.43333333333333335,30,0.744239087508398,IND335701AAA → IND335051AAA
IND209625AAA,IND241124AAB,1.2874452082847605,0.0622000310286289,42.022106666666666,72.56666666666666,0.7,30,0.7436380926224929,IND209625AAA → IND241124AAB
IND506343AAA,IND506169AAB,1.2571138211382114,0.04491787295921738,41.206675000000004,50.25,0.75,4,0.7413208903430497,IND506343AAA → IND506169AAB
IND303303AAA,IND322230AAA,1.2754633856353315,0.10929336547928974,57.03355983606557,59.71311475409836,0.6557377049180327,122,0.7396946753733293,IND303303AAA → IND322230AAA
IND695582AAA,IND695101AAB,1.291188693076565,0.1640363333456659,15.236528947368422,21.57894736842105,0.5789473684210527,38,0.7393705877606416,IND695582AAA → IND695101AAB
IND425109AAA,IND424201AAA,1.2750000000000001,0.014166666666666642,33.227025000000005,42.25,0.75,4,0.7392500000000001,IND425109AAA → IND424201AAA
IND614804AAA,IND614616AAA,1.2295540632207298,0.011058217187514534,24.454743333333333,32.166666666666664,0.8,30,0.7351390904445462,IND614804AAA → IND614616AAA
IND802212AAA,IND821115AAB,1.2952074834887335,0.0832378869662501,36.6176625,43.375,0.625,8,0.7305543594853685,IND802212AAA → IND821115AAB
IND614715AAA,IND614809AAA,1.1731622379808047,0.16063131064393005,33.51542156862745,38.6078431372549,0.7058823529411765,51,0.7292189942678539,IND614715AAA → IND614809AAA
IND632006AAA,IND635802AAB,1.2477575949336746,0.04273401472935698,39.96238571428572,45.57142857142857,0.7142857142857143,7,0.7262089566779911,IND632006AAA → IND635802AAB
IND581303AAA,IND581400AAB,1.2565488288585809,0.07168990153699513,41.553175,47.458333333333336,0.6666666666666666,24,0.7241265020045309,IND581303AAA → IND581400AAB
IND624001AAA,IND624703AAA,1.2404761904761905,0.007278911564625855,30.958075,35.25,0.75,4,0.7233741496598639,IND624001AAA → IND624703AAA
IND742223AAA,IND742226AAA,1.2680008014845596,0.19303975976082074,38.84208461538462,51.83076923076923,0.5230769230769231,65,0.722035325445147,IND742223AAA → IND742226AAA
IND335703AAA,IND335701AAA,1.326331153955486,0.15175058303702277,24.989385714285714,29.82857142857143,0.4857142857142857,35,0.721771922207587,IND335703AAA → IND335701AAA
IND673305AAA,IND673104AAA,1.2753900933162947,0.050800798576148505,17.1931225,23.025,0.65,40,0.7203962768993626,IND673305AAA → IND673104AAA
IND335524AAA,IND335523AAB,1.357076780758557,0.08664502751674927,33.4894,45.0,0.5,2,0.7188242205584476,IND335524AAA → IND335523AAB
IND201301AAL,IND201307AAA,1.2455099286678233,0.025505098122704913,15.608949999999998,20.9,0.7,10,0.7158555009039408,IND201301AAL → IND201307AAA
IND501359AAE,IND505001AAB,1.2181340520328283,0.011079232221745564,131.97593125,135.4375,0.75,16,0.7155773904796551,IND501359AAE → IND505001AAB
IND624619AAA,IND624601AAA,1.2416037509736249,0.022988872833780923,26.29005294117647,31.529411764705884,0.7058823529411765,17,0.7153028681219372,IND624619AAA → IND624601AAA
IND141109AAA,IND000000ACA,1.276273644498045,0.0973317785330845,45.95950277777778,65.0,0.5833333333333334,36,0.7147089913591433,IND141109AAA → IND000000ACA
IND531116AAA,IND531001AAA,1.270021829182351,0.08534235672577117,33.74848,40.6,0.6,5,0.7136114386906718,IND531116AAA → IND531001AAA
IND815353AAA,IND814112AAA,1.2067765567765567,0.01430508034903641,37.612725,44.75,0.75,4,0.7120021468153336,IND815353AAA → IND814112AAA
IND560099AAB,IND560058AAD,1.2776324722615557,0.04326046204108155,25.978612499999997,39.25,0.625,8,0.7115311275169468,IND560099AAB → IND560058AAD
IND110037AAM,IND250002AAC,1.2261155810135445,0.23425812589887562,60.61591666666667,73.66666666666667,0.5,6,0.7107236701750804,IND110037AAM → IND250002AAC
IND690548AAA,IND688009AAA,1.2508553442038717,0.03168143188704597,19.564062222222223,27.844444444444445,0.6666666666666666,45,0.7098465672476624,IND690548AAA → IND688009AAA
IND474003AAA,IND328001AAA,1.2575689926436195,0.0178798036344641,45.133933333333324,63.0,0.6666666666666666,3,0.708391538147787,IND474003AAA → IND328001AAA
IND281401AAA,IND321022AAA,1.2354721462888758,0.14038956623025925,27.325388000000004,37.68,0.56,25,0.7043057283846281,IND281401AAA → IND321022AAA
IND312001AAA,IND312601AAA,1.2188309928445316,0.13343812837226277,52.81961666666667,69.25,0.5833333333333334,12,0.7025638356494914,IND312001AAA → IND312601AAA
IND343029AAB,IND307001AAA,1.232494314340156,0.030246476060817755,59.38431666666667,67.83333333333333,0.6666666666666666,6,0.7020716685543078,IND343029AAB → IND307001AAA
IND272001AAA,IND273014AAB,1.1776984834763256,0.3022073177224923,101.50542,87.26666666666667,0.4666666666666667,15,0.7017415887072779,IND272001AAA → IND273014AAB
IND495334AAB,IND491995AAB,1.2226377374736388,0.17335478598313042,41.5668593220339,45.779661016949156,0.5254237288135594,59,0.6986886494284624,IND495334AAB → IND491995AAB
IND321001AAA,IND321401AAB,1.2110184073659862,0.013793259936308033,33.57514,37.4,0.7,20,0.6985453409272869,IND321001AAA → IND321401AAB
IND625008AAA,IND625516AAA,1.1731479727169383,0.006435781601441604,68.94265,88.25,0.75,4,0.6961899235672078,IND625008AAA → IND625516AAA
IND246174AAA,IND246444AAB,1.2240401305475948,0.026658848655785102,47.397146875000004,87.78125,0.65625,32,0.6944887068157735,IND246174AAA → IND246444AAB
IND282002AAD,IND281004AAA,1.1538144771298506,0.17647883712465462,75.850435,79.65,0.6,20,0.6944694419893367,IND282002AAD → IND281004AAA
IND415003AAA,IND412803AAB,1.2502400228942883,0.06580035601655068,30.504228571428573,48.07142857142857,0.5714285714285714,14,0.6912646873912519,IND415003AAA → IND412803AAB
IND335804AAD,IND335701AAA,1.2009055587367072,0.009609640471213035,45.841225,51.125,0.6875,16,0.6894951156360469,IND335804AAD → IND335701AAA
IND518206AAA,IND518222AAA,1.2096074952179603,0.05968604131905635,31.9430625,48.875,0.625,8,0.689248810482901,IND518206AAA → IND518222AAA
IND263153AAB,IND263645AAA,1.1519955392042933,0.0077065183383086275,80.356675,136.5,0.75,4,0.6881101711832098,IND263153AAB → IND263645AAA
IND160102AAD,IND160002AAC,1.2014089617506518,0.13470586729219294,27.897810256410256,33.02564102564103,0.5384615384615384,39,0.6825138064263802,IND160102AAD → IND160002AAC
IND363641AAA,IND363621AAB,1.196403753593296,0.11300711414255253,25.569788888888887,31.72222222222222,0.5555555555555556,18,0.6791303023467509,IND363641AAA → IND363621AAB
IND383001AAA,IND383315AAC,1.2252431250828568,0.05186495580086564,39.46753076923077,41.53846153846154,0.5769230769230769,26,0.6787336598503254,IND383001AAA → IND383315AAC
IND695582AAA,IND691574AAA,1.2658617424242424,0.07229215390170647,24.449,34.75,0.5,4,0.6780323431402089,IND695582AAA → IND691574AAA
IND756019AAA,IND757041AAA,1.2869791666666668,0.042839084201388926,47.383250000000004,58.0,0.5,2,0.6776433919270834,IND756019AAA → IND757041AAA
IND335804AAD,IND335703AAA,1.2551019900932285,0.12842784912800936,30.75823448275862,35.03448275862069,0.4482758620689655,29,0.6750519093963838,IND335804AAD → IND335703AAA
IND361335AAA,IND360002AAB,1.126818758925284,0.07786605416965278,143.37635555555556,137.0,0.6666666666666666,9,0.6740873198210094,IND361335AAA → IND360002AAB
IND560300AAA,IND560048AAB,1.1955735378963932,0.05526427673500571,26.461624999999998,32.833333333333336,0.5833333333333334,12,0.6698086981790591,IND560300AAA → IND560048AAB
IND505302AAB,IND505326AAB,1.2202386844855084,0.10197307615570003,39.49925,51.75,0.5,8,0.6686873966409134,IND505302AAB → IND505326AAB
IND363520AAC,IND363001AAA,1.1765429193782115,0.0064475847726048535,44.60054102564103,45.46153846153846,0.6410256410256411,39,0.6648591354907585,IND363520AAC → IND363001AAA
IND571438AAB,IND571401AAA,1.200552765600122,0.02488178280106098,24.371611764705882,36.411764705882355,0.5882352941176471,17,0.6641562293156612,IND571438AAB → IND571401AAA
IND563130AAA,IND563131AAB,1.2275423746290994,0.20541094828676504,22.2709,33.766666666666666,0.36666666666666664,30,0.6626402343376693,IND563130AAA → IND563131AAB
IND413709AAA,IND423601AAA,1.2395688545688546,0.05064544539023308,29.74755,35.25,0.5,4,0.6610211754446118,IND413709AAA → IND423601AAA
IND577116AAA,IND577101AAA,1.2227408594108167,0.07015733648798239,35.54518125,33.75,0.5,16,0.6601435447107213,IND577116AAA → IND577101AAA
IND244901AAB,IND244301AAA,1.0864999639805082,0.34959216346223515,71.25685,73.23333333333333,0.4,30,0.6594776346308738,IND244901AAB → IND244301AAA
IND504251AAA,IND504296AAA,1.135384856315089,0.015687406080110836,35.05896666666666,44.333333333333336,0.6666666666666666,6,0.6588601643500689,IND504251AAA → IND504296AAA
IND000000ACB,IND301001AAB,1.1918232030471858,0.2704118322990537,83.3882,95.58333333333333,0.3333333333333333,24,0.6578528309085905,IND000000ACB → IND301001AAB
IND384205AAA,IND383001AAA,1.2423291926488842,0.045161438237168804,57.13873636363637,58.03030303030303,0.48484848484848486,33,0.6559346539852497,IND384205AAA → IND383001AAA
IND148101AAA,IND148102AAA,1.1454545454545455,0.05619834710743799,24.3741,25.6,0.6,5,0.6550413223140495,IND148101AAA → IND148102AAA
IND423105AAA,IND423106AAA,1.241687979539642,0.024754547654711846,31.1847,36.0,0.5,2,0.6541015561122704,IND423105AAA → IND423106AAA
IND140406AAA,IND140401AAA,1.2265227054773238,0.18172445539305043,30.64127142857143,31.642857142857142,0.35714285714285715,14,0.6522692759517018,IND140406AAA → IND140401AAA
IND560099AAB,IND632006AAA,1.1937516075732069,0.030872766600109937,125.9984015625,132.265625,0.546875,64,0.6508249730093157,IND560099AAB → IND632006AAA
IND303338AAB,IND303603AAB,1.1335158776466672,0.029496663156099383,31.794704166666666,32.0,0.625,24,0.6497553500054967,IND303338AAB → IND303603AAB
IND643231AAA,IND643217AAA,1.2220950872787106,0.13458360680955178,22.62481111111111,40.5,0.3888888888888889,18,0.6458797836210165,IND643231AAA → IND643217AAA
IND621306AAA,IND625106AAA,1.165819203720145,0.05953210677737471,51.24790769230769,63.61538461538461,0.5384615384615384,39,0.6457257750597319,IND621306AAA → IND625106AAA
IND605010AAB,IND604303AAA,1.2074214835506853,0.2908128735562286,29.1455125,54.625,0.25,8,0.6452124554871428,IND605010AAB → IND604303AAA
IND628204AAA,IND627657AAA,1.1662115653277263,0.01992398867024334,27.37012794117647,32.794117647058826,0.5735294117647058,68,0.6445206462615752,IND628204AAA → IND627657AAA
IND501101AAB,IND509216AAC,1.2023897846284346,0.06327242069060567,35.319192,44.56,0.48,25,0.6439376400585556,IND501101AAB → IND509216AAC
IND676509AAA,IND678583AAA,1.0929360494577887,0.021654714914196457,22.875333333333334,26.0,0.6666666666666666,3,0.6436708342573745,IND676509AAA → IND678583AAA
IND370201AAA,IND363330AAB,1.1861421439918207,0.08327827957133586,87.09533749999999,113.20833333333333,0.4791666666666667,48,0.643190341468129,IND370201AAA → IND363330AAB
IND333028AAA,IND333502AAA,1.221526908635795,0.010538830609601186,36.6758,49.0,0.5,2,0.6417724126371983,IND333028AAA → IND333502AAA
IND424006AAA,IND425401AAA,1.2326567550096963,0.09472792263442092,27.925159999999998,32.0,0.4,5,0.6414810787942049,IND424006AAA → IND425401AAA
IND331023AAA,IND331304AAA,1.2115364474235442,0.011371775240010594,29.48341666666667,32.0,0.5,6,0.6380261115414209,IND331023AAA → IND331304AAA
IND695101AAB,IND691574AAA,1.1593480007507158,0.012492860828163638,12.535941025641026,15.282051282051283,0.5641025641025641,39,0.6367178277795047,IND695101AAB → IND691574AAA
IND562117AAA,IND562132AAA,1.1990839110985476,0.036649426679904576,61.332455555555555,82.03703703703704,0.48148148148148145,27,0.6350728368878349,IND562117AAA → IND562132AAA
IND174307AAA,IND176041AAA,1.170719579998044,0.08336291365831779,35.80157647058824,63.0,0.47058823529411764,17,0.6344731766849482,IND174307AAA → IND176041AAA
IND247554AAA,IND248001AAA,1.1641701280428054,0.05663117894552439,68.73883958333333,110.1875,0.5,48,0.6326574049007795,IND247554AAA → IND248001AAA
IND244713AAA,IND244715AAA,1.1985294117647058,0.005298442906574403,23.7808,42.0,0.5,2,0.6310012975778546,IND244713AAA → IND244715AAA
IND781018AAB,IND781005AAA,1.1842247240113093,0.27242807374099204,41.470025,49.583333333333336,0.25,12,0.6304183117268213,IND781018AAB → IND781005AAA
IND678683AAA,IND000000ABD,1.1722685920610714,0.0756686985172061,29.18706923076923,36.96153846153846,0.46153846153846156,26,0.6300695848411288,IND678683AAA → IND000000ABD
IND560300AAA,IND563131AAB,1.1630718954248367,0.11453353945063861,45.997099999999996,64.14285714285714,0.42857142857142855,7,0.6281602485765548,IND560300AAA → IND563131AAB
IND454001AAA,IND457001AAA,1.155000329247189,0.315744367763189,60.55145294117648,76.19117647058823,0.23529411764705882,68,0.6273116773219499,IND454001AAA → IND457001AAA
IND624703AAA,IND624619AAA,1.15625,0.048828125,36.35725,44.5,0.5,2,0.6271484375,IND624703AAA → IND624619AAA
IND457001AAA,IND457226AAA,1.184894886202452,0.1617414169877184,32.7616375,40.15625,0.34375,32,0.6256053795772963,IND457001AAA → IND457226AAA
IND505302AAB,IND505325AAA,1.21848401846009,0.06044459335222937,49.48142666666667,60.733333333333334,0.4,15,0.6255269853897049,IND505302AAB → IND505325AAA
IND508252AAB,IND508207AAB,1.0854225163823512,0.09531597803993509,86.83353749999999,73.5,0.5416666666666666,24,0.6252637999649211,IND508252AAB → IND508207AAB
IND815353AAA,IND826004AAA,1.2511336488618436,0.06870669523581814,85.73876666666666,94.0,0.3333333333333333,3,0.6210654681154829,IND815353AAA → IND826004AAA
IND683511AAA,IND000000ABA,1.1626081956376162,0.049818511757704506,23.06904255319149,29.617021276595743,0.46808510638297873,47,0.6204143636972514,IND683511AAA → IND000000ABA
IND382430AAB,IND388320AAA,1.099614443798868,0.19416183332976578,62.34945925925926,58.55555555555556,0.4074074074074074,27,0.6203165497406992,IND382430AAB → IND388320AAA
IND695541AAA,IND695572AAB,1.1114718614718615,0.08545801240606431,17.72375,24.0,0.5,2,0.620226148310564,IND695541AAA → IND695572AAB
IND523105AAA,IND524201AAA,1.1605538147261187,0.04146423645261859,43.14898684210526,43.13157894736842,0.47368421052631576,38,0.6187660599841278,IND523105AAA → IND524201AAA
IND263002AAA,IND263645AAA,1.180498006563861,0.024807217319487127,47.30223076923077,84.53846153846153,0.46153846153846156,26,0.6181029062829291,IND263002AAA → IND263645AAA
IND623526AAA,IND623704AAA,1.1609040855921047,0.010382401757920654,72.116153125,90.46875,0.5,32,0.617476354764218,IND623526AAA → IND623704AAA
IND160002AAC,IND160055AAA,1.17876805883327,0.08103570035476518,24.895038095238096,35.17460317460318,0.3968253968253968,63,0.6148655526873567,IND160002AAC → IND160055AAA
IND627005AAA,IND627811AAA,1.1471765692645912,0.11699550824577463,47.784459999999996,59.1,0.4,30,0.6139692801795689,IND627005AAA → IND627811AAA
IND246761AAA,IND244601AAB,1.150297619047619,0.012440653344671218,36.41735,44.5,0.5,2,0.613851243622449,IND246761AAA → IND244601AAB
IND145001AAA,IND176303AAA,1.1538768453251762,0.0018713951432980068,62.3021,102.0,0.5,2,0.61211215667306,IND145001AAA → IND176303AAA
IND246763AAA,IND244901AAB,1.117190456500661,0.10319829690261673,116.96267777777777,140.66666666666666,0.4444444444444444,18,0.6111690050043828,IND246763AAA → IND244901AAB
IND636016AAA,IND637211AAA,1.115709779894231,0.09529376735670503,36.03611066666667,40.4,0.4533333333333333,75,0.610872042164704,IND636016AAA → IND637211AAA
IND147201AAA,IND148023AAA,1.1373545862968941,0.057352837235802166,26.666792307692308,32.76923076923077,0.46153846153846156,13,0.6106092241510368,IND147201AAA → IND148023AAA
IND504201AAA,IND505184AAC,1.1461989150054166,0.09470788377177174,48.10535,74.0,0.4,10,0.6068919311336982,IND504201AAA → IND505184AAC
IND741165AAB,IND742121AAB,1.0106146719845526,0.19440996640544145,87.31637333333333,73.53333333333333,0.4666666666666667,30,0.6025688587154535,IND741165AAB → IND742121AAB
IND781018AAA,IND781018AAB,1.0629084967320261,0.08144436968687253,34.0619,37.0,0.5,2,0.5995967095988722,IND781018AAA → IND781018AAB
IND383315AAC,IND383255AAB,1.1405048805459053,0.030465493211054847,66.97426170212766,80.53191489361703,0.44680851063829785,47,0.599384153373168,IND383315AAC → IND383255AAB
IND532201AAA,IND761200AAA,1.108621667612025,0.007715314064325299,32.34,46.5,0.5,2,0.5957632612641076,IND532201AAA → IND761200AAA
IND562132AAA,IND570020AAA,1.1719621045164081,0.029312603148143036,106.61494814814814,121.0,0.37037037037037035,54,0.5886897338621173,IND562132AAA → IND570020AAA
IND600056AAB,IND635802AAB,1.1160058821197796,0.039880793679022974,93.24657368421053,94.57894736842105,0.42105263157894735,19,0.584682380425303,IND600056AAB → IND635802AAB
IND507159AAA,IND508206AAA,1.1509496714759873,0.013439033121981593,42.23263,42.8,0.4,10,0.5844115785269894,IND507159AAA → IND508206AAA
IND363001AAA,IND363421AAB,1.154835308832806,0.04671387294564272,25.87389285714286,36.67857142857143,0.35714285714285715,28,0.5830911425596724,IND363001AAA → IND363421AAB
IND638452AAA,IND638501AAB,1.1598445485673747,0.01302218286310504,18.82335,23.5,0.375,8,0.5803444742858814,IND638452AAA → IND638501AAB
IND152026AAA,IND152101AAA,1.0092879256965945,0.05590008530705747,38.8917,36.0,0.5,2,0.5704851958707551,IND152026AAA → IND152101AAA
IND244501AAA,IND244601AAB,1.0953936060283203,0.05612441502364405,30.6484625,60.125,0.375,16,0.5674947669184214,IND244501AAA → IND244601AAB
IND151001AAA,IND148101AAA,1.0904317383464879,0.0623983176349308,44.24061666666666,48.041666666666664,0.375,24,0.5673921906290744,IND151001AAA → IND148101AAA
IND623701AAA,IND623503AAA,1.102255952837204,0.05038926950230613,36.56023571428572,44.07142857142857,0.35714285714285715,14,0.5631620191284306,IND623701AAA → IND623503AAA
IND384265AAB,IND385320AAA,1.1231224830973916,0.03198550944322057,53.8561,64.45454545454545,0.3333333333333333,33,0.5588446460719229,IND384265AAB → IND385320AAA
IND638401AAA,IND638452AAA,1.1073238850895477,0.04993163925385727,21.54697878787879,21.272727272727273,0.3333333333333333,33,0.5579090458119763,IND638401AAA → IND638452AAA
IND577401AAA,IND577201AAA,1.0878572711374386,0.011896138522549476,57.70158260869566,71.30434782608695,0.391304347826087,23,0.5561030543595664,IND577401AAA → IND577201AAA
IND415124AAA,IND415605AAA,1.103915089989563,0.01108603475216842,69.05572000000001,142.61666666666667,0.3333333333333333,60,0.5448918464214757,IND415124AAA → IND415605AAA
IND000000AFJ,IND695121AAA,1.0953756613756613,0.023256282175667695,14.9063975,21.6,0.325,40,0.5426271492029648,IND000000AFJ → IND695121AAA
IND465001AAA,IND465333A1B,0.9167109993390401,0.201688476177146,62.5888,66.33333333333333,0.3333333333333333,3,0.5271909425887599,IND465001AAA → IND465333A1B
IND283122AAB,IND328001AAA,1.087644903625721,0.017450789019572654,50.65936666666667,52.523809523809526,0.2857142857142857,21,0.5260074838704459,IND283122AAB → IND328001AAA
IND732204AAB,IND732139AAA,0.9212719633927992,0.1399289433721261,27.94345,29.416666666666668,0.3333333333333333,12,0.5104874683687575,IND732204AAB → IND732139AAA
IND506002AAA,IND506132AAA,1.0745923479760457,0.06708143085065243,31.366494999999997,35.825,0.2,40,0.509961368445614,IND506002AAA → IND506132AAA
IND781018AAB,IND781022AAA,0.9842725445849108,0.1624188455172725,39.38652777777778,37.27777777777778,0.2222222222222222,18,0.5091013381558127,IND781018AAB → IND781022AAA
IND673632AAA,IND673305AAA,1.0742208299526557,0.030543561966571122,26.936442857142858,29.357142857142858,0.21428571428571427,14,0.5031371148567478,IND673632AAA → IND673305AAA
IND160055AAA,IND160002AAC,1.0565931960695436,0.10472725033929703,23.873828947368423,31.907894736842106,0.15789473684210525,76,0.5014238745822381,IND160055AAA → IND160002AAC
IND246761AAA,IND244901AAB,0.9853353707279279,0.07375014920417404,89.95245,101.5,0.25,4,0.4912591930524234,IND246761AAA → IND244901AAB
IND562101AAA,IND561207AAB,1.0444259014613473,0.011843403043528327,28.845051020408164,28.632653061224488,0.20408163265306123,49,0.4825478712935158,IND562101AAA → IND561207AAB
IND722140AAA,IND722151AAA,1.0493486917905523,0.038660523172386205,46.016,44.666666666666664,0.16666666666666666,18,0.4813376336679368,IND722140AAA → IND722151AAA
IND723130AAA,IND723131AAA,1.0161612327857974,0.03827798196807722,32.46866,47.9,0.2,10,0.47794788770474217,IND723130AAA → IND723131AAA
IND815351AAA,IND814101AAB,1.0418124582204742,0.020065190839093115,59.98753055555556,72.88888888888889,0.1388888888888889,36,0.4644112072065843,IND815351AAA → IND814101AAB
IND673632AAA,IND676306AAA,1.0547606389711652,0.008001541778687993,16.441455555555553,17.666666666666668,0.1111111111111111,9,0.4576380514554058,IND673632AAA → IND676306AAA
IND508116AAA,IND508277AAB,1.0493213938747121,0.006450799824528858,33.523625,36.75,0.10714285714285714,28,0.45380665464010067,IND508116AAA → IND508277AAB
IND412803AAB,IND421802AAA,1.1150537634408602,0.0006682853509076214,23.64775,34.0,0.0,2,0.4462219909816164,IND412803AAB → IND421802AAA
IND504296AAA,IND504293AAA,1.1,0.0,25.6401,33.0,0.0,2,0.44000000000000006,IND504296AAA → IND504293AAA
IND152026AAA,IND151001AAA,1.0231154509647382,0.008431763496242726,41.81594848484849,43.696969696969695,0.09090909090909091,33,0.43904843670749544,IND152026AAA → IND151001AAA
IND571440AAA,IND571430AAA,1.0011690197767615,0.01678191288999264,34.17670526315789,46.31578947368421,0.10526315789473684,19,0.43708112914612346,IND571440AAA → IND571430AAA
IND691001AAB,IND690573AAA,1.0810810810810811,0.0,30.4345,40.0,0.0,2,0.43243243243243246,IND691001AAB → IND690573AAA
IND623407AAA,IND623315AAB,1.0279771062271061,0.020041139033301538,14.182873333333333,20.7,0.03333333333333333,30,0.427203184200833,IND623407AAA → IND623315AAB
IND792103AAB,IND792001AAA,0.7881425209344888,0.12326432460129849,97.01475333333332,42.977777777777774,0.24444444444444444,45,0.42556963908751844,IND792103AAB → IND792001AAA
IND125051AAA,IND125111AAA,1.0351897204806688,0.004947460531811423,21.787475,32.0,0.0,4,0.41556012635181094,IND125051AAA → IND125111AAA
IND244715AAA,IND244713AAA,0.9664296818055526,0.010944498787973376,25.14101875,35.625,0.03125,32,0.39923022235861305,IND244715AAA → IND244713AAA
IND627657AAA,IND628613AAA,0.9607557157547876,0.016992751859505183,22.035034782608694,27.41304347826087,0.021739130434782608,46,0.3959218509902014,IND627657AAA → IND628613AAA
IND711303AAA,IND721134AAB,0.8064645487795393,0.09861704681668482,41.44723235294117,27.352941176470587,0.11764705882352941,34,0.38746505120388003,IND711303AAA → IND721134AAB
IND571401AAA,IND562160AAB,0.955906964566973,0.0034785021875079793,32.654815,38.8,0.0,20,0.3834063364830416,IND571401AAA → IND562160AAB
IND244235AAA,IND244901AAB,0.7890083582555429,0.09260795191374577,86.1471225,72.5625,0.125,80,0.38088572887634087,IND244235AAA → IND244901AAB
IND484224AAA,IND484446AAA,0.9415178571428571,0.001483179209183678,53.9186,47.0,0.0,2,0.37705209661989797,IND484224AAA → IND484446AAA
IND505184AAC,IND505209AAA,0.8941375968992248,0.03210361926116216,22.036949999999997,41.0,0.0,2,0.3672861245380386,IND505184AAC → IND505209AAA
IND141003AAB,IND141109AAA,0.8970588235294117,0.021193771626297597,35.04075,37.0,0.0,2,0.365181660899654,IND141003AAB → IND141109AAA
IND403726AAB,IND403507AAB,0.8834378980140573,0.0029753696882774436,23.69503333333333,26.666666666666668,0.0,3,0.35426777011210614,IND403726AAB → IND403507AAB
IND151302AAA,IND151505AAA,0.8042131176904211,0.025881713340592943,36.871663636363635,31.242424242424242,0.06060606060606061,33,0.3476315792601645,IND151302AAA → IND151505AAA
IND623503AAA,IND623526AAA,0.8553974501667237,0.00871016615057485,41.33095238095238,50.095238095238095,0.0,21,0.344772029911862,IND623503AAA → IND623526AAA
IND385320AAA,IND385340AAB,0.8012748852732036,0.022292587681581686,26.839541666666666,26.708333333333332,0.0,24,0.32719773041375594,IND385320AAA → IND385340AAB
IND151001AAA,IND151302AAA,0.7556968002961034,0.035793472573580704,54.74526428571429,30.535714285714285,0.03571428571428571,28,0.3237310476048013,IND151001AAA → IND151302AAA
IND826004AAA,IND828401AAB,0.7303709250542797,0.06786146762552783,35.042477777777776,28.444444444444443,0.0,9,0.3125068103093703,IND826004AAA → IND828401AAB
IND624601AAA,IND624101AAA,0.7682691368759859,0.0017782719914765598,59.42095862068965,101.41379310344827,0.0,29,0.30784113634783733,IND624601AAA → IND624101AAA
IND122001AAJ,IND507123AAA,0.7482965047648077,0.0035637211538880604,32.44807307692308,38.07692307692308,0.0,26,0.3003877182520895,IND122001AAJ → IND507123AAA
IND344001AAA,IND345001AAA,0.7337666598335394,0.008178827290847627,99.07031904761905,91.9047619047619,0.0,42,0.2959603121206701,IND344001AAA → IND345001AAA
IND624101AAA,IND624202AAA,0.7222616529561866,0.022022494928447798,47.7124,74.65,0.0,20,0.295511409661009,IND624101AAA → IND624202AAA
IND303603AAB,IND303338AAB,0.6925203156102986,0.05213761262471248,43.700475,32.0,0.0,4,0.2926494100315332,IND303603AAB → IND303338AAB
IND396191AAC,IND396105AAA,0.6776679841897233,0.03534310279283643,20.18,15.0,0.0,4,0.28167012451374024,IND396191AAC → IND396105AAA
IND244412AAA,IND243301AAB,0.6421314807613268,0.012543161596779933,88.321785,52.0,0.0,20,0.2606155407835647,IND244412AAA → IND243301AAB
IND465333A1B,IND465333AAA,0.6388888888888888,0.0,58.2535,46.0,0.0,2,0.25555555555555554,IND465333A1B → IND465333AAA
IND246761AAA,IND244501AAA,0.4196764860195633,0.008861715764675829,55.53964500000001,40.4,0.0,20,0.1705291091372281,IND246761AAA → IND244501AAA
IND110064AAA,IND110046AAA,3.0,,13.586200000000002,45.0,1.0,1,,IND110064AAA → IND110046AAA
IND110077AAA,IND110043AAA,1.3333333333333333,,11.7786,20.0,1.0,1,,IND110077AAA → IND110043AAA
IND110085AAB,IND110085AAA,2.076923076923077,,11.4111,27.0,1.0,1,,IND110085AAB → IND110085AAA
IND122001AAA,IND110037AAM,3.8666666666666667,,13.2356,58.0,1.0,1,,IND122001AAA → IND110037AAM
IND131028AAB,IND250002AAC,5.625,,89.7878,405.0,1.0,1,,IND131028AAB → IND250002AAC
IND131028AAB,IND250609AAA,2.9545454545454546,,24.9115,65.0,1.0,1,,IND131028AAB → IND250609AAA
IND148023AAA,IND148024AAB,2.0,,19.4578,36.0,1.0,1,,IND148023AAA → IND148024AAB
IND152116AAA,IND152107AAA,1.2666666666666666,,22.495,19.0,1.0,1,,IND152116AAA → IND152107AAA
IND173212AAA,IND160002AAC,2.0105263157894737,,101.7296,191.0,1.0,1,,IND173212AAA → IND160002AAC
IND173220AAA,IND173212AAA,3.53125,,41.0419,113.0,1.0,1,,IND173220AAA → IND173212AAA
IND201306AAA,IND201304AAA,2.1333333333333333,,13.3895,32.0,1.0,1,,IND201306AAA → IND201304AAA
IND205001AAB,IND283203AAA,4.689655172413793,,66.034,272.0,1.0,1,,IND205001AAB → IND283203AAA
IND207123AAA,IND202001AAB,8.098039215686274,,70.0116,413.0,1.0,1,,IND207123AAA → IND202001AAB
IND211010AAB,IND211002AAB,4.0,,9.8043,24.0,1.0,1,,IND211010AAB → IND211002AAB
IND221010AAA,IND221005A1A,4.166666666666667,,13.1201,50.0,1.0,1,,IND221010AAA → IND221005A1A
IND221313AAA,IND222136AAA,2.4375,,22.9743,39.0,1.0,1,,IND221313AAA → IND222136AAA
IND222001AAA,IND222136AAA,2.9166666666666665,,17.665200000000002,35.0,1.0,1,,IND222001AAA → IND222136AAA
IND242001AAA,IND242307AAB,6.230769230769231,,19.7927,81.0,1.0,1,,IND242001AAA → IND242307AAB
IND250221AAA,IND251201AAA,3.125,,19.9858,50.0,1.0,1,,IND250221AAA → IND251201AAA
IND263401AAA,IND244713AAA,2.409090909090909,,24.3682,53.0,1.0,1,,IND263401AAA → IND244713AAA
IND274304AAB,IND274304AAA,2.909090909090909,,15.9321,32.0,1.0,1,,IND274304AAB → IND274304AAA
IND284403AAA,IND474003AAA,2.5048076923076925,,223.2655,521.0,1.0,1,,IND284403AAA → IND474003AAA
IND306902AAA,IND306116AAA,1.5185185185185186,,30.8816,41.0,1.0,1,,IND306902AAA → IND306116AAA
IND335501AAA,IND331701AAA,1.7142857142857142,,23.5577,36.0,1.0,1,,IND335501AAA → IND331701AAA
IND360370AAA,IND360410AAA,2.4615384615384617,,16.2596,32.0,1.0,1,,IND360370AAA → IND360410AAA
IND388320AAA,IND388121AAA,4.25,,10.2572,51.0,1.0,1,,IND388320AAA → IND388121AAA
IND390018AAB,IND390020AAA,2.0,,12.0449,24.0,1.0,1,,IND390018AAB → IND390020AAA
IND396191AAC,IND396210AAA,3.909090909090909,,10.2921,43.0,1.0,1,,IND396191AAC → IND396210AAA
IND400072AAI,IND000000AFS,9.416666666666666,,14.7276,113.0,1.0,1,,IND400072AAI → IND000000AFS
IND400701AAA,IND400705AAA,3.6666666666666665,,18.925,55.0,1.0,1,,IND400701AAA → IND400705AAA
IND414302AAB,IND412210AAC,1.736842105263158,,22.8751,33.0,1.0,1,,IND414302AAB → IND412210AAC
IND421302AAR,IND421302AAF,4.235294117647059,,20.5132,72.0,1.0,1,,IND421302AAR → IND421302AAF
IND443201AAA,IND000000AAZ,6.25,,23.79,100.0,1.0,1,,IND443201AAA → IND000000AAZ
IND461001AAA,IND461111AAA,4.785714285714286,,21.1863,67.0,1.0,1,,IND461001AAA → IND461111AAA
IND500010AAA,IND500055AAA,1.8235294117647058,,15.9111,31.0,1.0,1,,IND500010AAA → IND500055AAA
IND500010AAA,IND501401AAC,3.8,,20.0311,57.0,1.0,1,,IND500010AAA → IND501401AAC
IND500055AAA,IND500010AAA,2.933333333333333,,12.4969,44.0,1.0,1,,IND500055AAA → IND500010AAA
IND501359AAE,IND501218AAC,6.777777777777778,,24.5035,122.0,1.0,1,,IND501359AAE → IND501218AAC
IND504208AAB,IND504251AAA,1.7894736842105263,,21.5952,34.0,1.0,1,,IND504208AAB → IND504251AAA
IND505326AAB,IND505001AAB,4.389830508474576,,63.4686,259.0,1.0,1,,IND505326AAB → IND505001AAB
IND505425AAA,IND504215AAA,3.4166666666666665,,18.1203,41.0,1.0,1,,IND505425AAA → IND504215AAA
IND509103AAB,IND509103AAC,1.9411764705882353,,18.9512,33.0,1.0,1,,IND509103AAB → IND509103AAC
IND518002AAA,IND518206AAA,1.9285714285714286,,36.8065,81.0,1.0,1,,IND518002AAA → IND518206AAA
IND521185AAA,IND520011AAA,1.7241379310344827,,41.8469,50.0,1.0,1,,IND521185AAA → IND520011AAA
IND530018AAA,IND531162AAA,4.375,,12.2135,35.0,1.0,1,,IND530018AAA → IND531162AAA
IND531001AAA,IND530012AAA,8.636363636363637,,24.7421,190.0,1.0,1,,IND531001AAA → IND530012AAA
IND533308AAB,IND533106AAA,1.962962962962963,,33.3582,53.0,1.0,1,,IND533308AAB → IND533106AAA
IND562125AAA,IND000000ACS,7.125,,16.7946,171.0,1.0,1,,IND562125AAA → IND000000ACS
IND563101AAB,IND560300AAB,6.163636363636364,,63.8641,339.0,1.0,1,,IND563101AAB → IND560300AAB
IND571213AAA,IND570020AAA,8.47887323943662,,85.0601,602.0,1.0,1,,IND571213AAA → IND570020AAA
IND577432AAA,IND577126AAA,2.1,,27.2213,42.0,1.0,1,,IND577432AAA → IND577126AAA
IND600008AAC,IND600004AAA,2.357142857142857,,13.2347,33.0,1.0,1,,IND600008AAC → IND600004AAA
IND621112AAA,IND620012AAA,6.458333333333333,,22.6467,155.0,1.0,1,,IND621112AAA → IND620012AAA
IND636005AAA,IND636005AAC,5.083333333333333,,15.441,61.0,1.0,1,,IND636005AAA → IND636005AAC
IND686028AAB,IND686632AAA,6.095238095238095,,21.2599,128.0,1.0,1,,IND686028AAB → IND686632AAA
IND686632AAA,IND686141AAA,2.5,,21.8507,50.0,1.0,1,,IND686632AAA → IND686141AAA
IND690537AAA,IND689503AAB,2.0714285714285716,,28.2977,58.0,1.0,1,,IND690537AAA → IND689503AAB
IND695541AAA,IND695012AAA,3.1333333333333333,,14.8704,47.0,1.0,1,,IND695541AAA → IND695012AAA
IND712311AAA,IND712310AAE,1.6666666666666667,,12.8884,20.0,1.0,1,,IND712311AAA → IND712310AAE
IND733202AAB,IND733210AAA,1.3225806451612903,,30.623,41.0,1.0,1,,IND733202AAB → IND733210AAA
IND733202AAC,IND733210AAA,2.1538461538461537,,25.6387,56.0,1.0,1,,IND733202AAC → IND733210AAA
IND741101AAB,IND741502AAB,2.6666666666666665,,16.773400000000002,32.0,1.0,1,,IND741101AAB → IND741502AAB
IND741121AAA,IND741201AAC,2.789473684210526,,20.7476,53.0,1.0,1,,IND741121AAA → IND741201AAC
IND751021AAA,IND751002AAB,3.2,,14.1166,32.0,1.0,1,,IND751021AAA → IND751002AAB
IND752050AAA,IND752056AAA,2.3333333333333335,,9.6907,14.0,1.0,1,,IND752050AAA → IND752056AAA
IND752055AAA,IND752050AAA,1.0,,19.4503,16.0,0.0,1,,IND752055AAA → IND752050AAA
IND756019AAA,IND756029AAA,1.3157894736842106,,27.9843,25.0,1.0,1,,IND756019AAA → IND756029AAA
IND756045AAB,IND756019AAA,1.6875,,23.0528,27.0,1.0,1,,IND756045AAB → IND756019AAA
IND760003AAB,IND761020AAA,2.5,,20.2236,35.0,1.0,1,,IND760003AAB → IND761020AAA
IND788151AAA,IND788806AAA,2.611111111111111,,25.9829,47.0,1.0,1,,IND788151AAA → IND788806AAA
IND788806AAA,IND788713AAA,4.230769230769231,,19.7019,55.0,1.0,1,,IND788806AAA → IND788713AAA
IND844101AAB,IND841207AAB,2.611111111111111,,23.8946,47.0,1.0,1,,IND844101AAB → IND841207AAB
IND852111AAA,IND854335AAA,1.5,,23.403,24.0,1.0,1,,IND852111AAA → IND854335AAA
IND852113AAA,IND852201AAA,3.9411764705882355,,22.5405,67.0,1.0,1,,IND852113AAA → IND852201AAA
