node,in_degree,out_degree,betweenness,pagerank,bottleneck_score
IND000000ACB,45,49,0.21791981684024062,0.010136936325719999,14.79020900763381
IND562132AAA,36,35,0.12427706455974705,0.00903830176346258,10.552422316352938
IND421302AAG,29,29,0.06773664278230872,0.006478809352767641,8.729038299918754
IND160002AAC,32,29,0.054453316934326666,0.008805306336380742,8.724422918674644
IND501359AAE,30,27,0.09216818474729699,0.008411530175273444,8.139390732951501
IND110037AAM,21,24,0.04055500602965449,0.005182088570680551,7.217776628983065
IND712311AAA,22,22,0.08849823810724092,0.006705768823345293,6.637411025889899
IND131028AAB,20,20,0.047590706510366884,0.005589206755997987,6.020713044630946
IND411033AAA,23,20,0.04301319183035611,0.006306391863262679,6.019097194291121
IND600056AAB,18,18,0.0419354661892961,0.004225621360497638,5.418041872883867
IND560099AAB,11,18,0.0034604816674133326,0.0022265659754879016,5.402052162459611
IND781018AAB,17,15,0.043573027320390305,0.00432115335785989,4.5187255569355145
IND842001AAA,12,15,0.024553759205167988,0.005110790697951582,4.511354740891453
IND209304AAA,16,13,0.03899403334401879,0.005100822686210022,3.9171278601434705
IND382430AAB,17,13,0.03152025953124697,0.00381031472500328,3.9137511982299995
IND560300AAA,4,12,0.005605152089942851,0.0009066716264680778,3.6025140623239174
IND302014AAB,9,12,0.00010350899138351654,0.0033076680937526863,3.6010337040246787
IND530012AAA,10,11,0.01770951061095161,0.0029582760272080983,3.307971287052543
IND713205AAB,7,11,0.014355563260818518,0.0029380997808365556,3.306623655238578
IND400072AAB,11,11,0.005069512059852782,0.0020334542361702215,3.302637841094792
IND462022AAA,13,9,0.02851548554005352,0.004512373229092167,2.7127599061847487
IND826004AAA,7,9,0.010192624258947557,0.002412612566099356,2.7048008334734086
IND000000ACA,13,9,0.008023958491065674,0.003112055189297526,2.704143199953215
IND424006AAA,2,9,0.0020456741653993213,0.00034028484205036563,2.7009203551187744
IND302014AAA,10,8,0.040291202765513026,0.0029808984300105706,2.417010750635208
IND854326AAB,8,8,0.018928831899203455,0.0017724153847237308,2.4081032573750982
IND580028AAA,9,8,0.01357766088211114,0.003791325577194842,2.406568462026003
IND395023AAA,8,8,0.013645973080253573,0.0018105085110951327,2.4060015417854297
IND521225AAB,8,8,0.012138524935390967,0.0027923157383224362,2.405693104695653
IND505001AAB,11,8,0.01158038844766505,0.002759694894682749,2.4054600638474706
IND518002AAA,10,8,0.00999812732849511,0.0028657129150967855,2.404858964805927
IND125001AAA,7,8,0.008934319624642147,0.0030506022950063734,2.4044889085383585
IND533106AAA,8,8,0.0062110073963316526,0.0019444555434652898,2.403067739621572
IND000000AFT,5,8,0.004816277026636557,0.0012959287686708633,2.4023152894412556
IND641062AAD,7,8,9.363357524445312e-05,0.0031894556065593977,2.4009942901120653
IND683511AAA,13,7,0.02268492813988856,0.0029752170017485224,2.10996653635648
IND244901AAB,10,7,0.013963777461276786,0.003996773126132279,2.1067845429223504
IND575004AAB,6,7,0.0135169960769016,0.0016307305438688234,2.1058960175939214
IND842003AAB,4,7,0.011188846485558849,0.0025011260337398145,2.1052258764043454
IND786001AAB,6,7,0.011185554680179162,0.0021101036265468893,2.105107252960036
IND834002AAB,5,7,0.007851675150990233,0.0016074998484820104,2.103622920014941
IND263153AAB,6,7,0.007212162708819332,0.00198865091308032,2.103481460357452
IND121004AAB,8,7,0.004468641246301956,0.0017243713831492618,2.1023047679134654
IND507002AAA,5,7,0.004593059965094351,0.0014539158016661298,2.102273398726538
IND152026AAA,6,7,0.004226312351365843,0.0015647537145539138,2.1021599510549125
IND751002AAB,13,6,0.021370723905996074,0.0029092657383219173,1.8094210692838948
IND515004AAA,6,6,0.012819936051194157,0.002571585355216332,1.8058994500270424
IND332001AAB,3,6,0.009606219610235613,0.0015920994079383032,1.8043201176664756
IND742101AAC,6,6,0.00911159537225804,0.0018353076071208686,1.8041952304310394
IND384205AAA,6,6,0.008407636695875952,0.0019495343464264946,1.8039479149822781
IND474003AAA,8,6,0.007753959911244566,0.002021249942263049,1.8037079589471765
IND403726AAA,4,6,0.007740830095590158,0.0015010494398523774,1.8035466468701915
IND273014AAB,6,6,0.00610904215047062,0.0026561696179324278,1.8032404677455678
IND110044AAB,2,6,0.0026035132585386384,0.0003935115888592413,1.801159458780073
IND573201AAB,4,5,0.013164006388593165,0.0015242350181245213,1.5057228730608747
IND416012AAA,5,5,0.010460756891671771,0.0020044429982064385,1.5047856356561307
IND821115AAB,6,5,0.009110982295277324,0.002156246757041065,1.5042912669452233
IND313001AAB,4,5,0.008779037685807168,0.0019207282168542219,1.504087833539379
IND523002AAA,4,5,0.006592322722607991,0.0020383259521750204,1.5032484268746957
IND221313AAA,1,5,0.00764430360394168,0.0004297430511626793,1.5031866443569255
IND585104AAA,5,5,0.006410242342712052,0.0016939448103233579,1.503072280380182
IND205001AAB,3,5,0.00640804780579226,0.0012069172094403484,1.502925294285149
IND742102AAB,5,5,0.005636789997203171,0.0015398782278476496,1.5027166794672355
IND431136AAC,5,5,0.005615088465440798,0.0015345233366962222,1.5027063923871853
IND756019AAA,3,5,0.006009373598696737,0.0009914015846096457,1.5027011699148616
IND125005AAA,4,5,0.005471267920875855,0.0010210204064262666,1.5024948132902782
IND282002AAD,6,5,0.004634854197713778,0.0014354797258497706,1.5022845855968405
IND144001AAB,5,5,0.00361440230689721,0.0024222197909061884,1.5021724268600307
IND201007AAA,8,5,0.0037516409823987367,0.0021554045428923817,1.5021472777558271
IND600044AAD,5,5,0.00361440230689721,0.001661116655816791,1.5019440959195038
IND413002AAA,5,5,0.0037017259607692705,0.0013735076180067325,1.5018927426697097
IND632006AAA,4,5,0.003256144154741187,0.0007376516778432433,1.5015237531652494
IND485001AAC,2,5,0.0028124819407899307,0.0006163642376727676,1.5013099020476177
IND110085AAB,4,5,0.0024117960748512653,0.0009412622218129102,1.5012470970964844
IND396191AAC,3,5,0.002010195818529353,0.0006087500260004075,1.5009867033352118
IND122001AAA,2,5,0.002061965757596862,0.00045433042170322466,1.5009610854295496
IND395023AAD,5,5,1.7922051511633604e-05,0.002388761936643159,1.5007237974015977
IND403726AAB,5,5,7.3151230659729e-06,0.0022056779277530476,1.5006646294275523
IND306401AAB,3,4,0.011822427582110424,0.001282779855236884,1.2051138049894152
IND305001AAC,5,4,0.009993921132732175,0.0027507517340545754,1.2048227939733092
IND211002AAB,6,4,0.008808017765020203,0.0018198813960915645,1.2040691715248355
IND532001AAB,5,4,0.00720978529382289,0.00165023329834298,1.203378984107032
IND691001AAB,2,4,0.006082524829356466,0.0013438588812565311,1.2028361675961194
IND756100AAC,3,4,0.006002789987937362,0.0010279518300413035,1.2027095015441873
IND390022AAA,5,4,0.005321817779518041,0.0013580375029828345,1.202536138362702
IND500039AAC,5,4,0.004817740051249752,0.0015634875654009727,1.2023961422901202
IND342005AAD,2,4,0.0052120251845056914,0.0008691136792618065,1.2023455441775808
IND151001AAA,5,4,0.004612550849249212,0.0014984633789735993,1.2022945593533918
IND788026AAC,3,4,0.004815179758176661,0.001192279375057853,1.202283755715788
IND431603AAA,4,4,0.0048133509774101685,0.0010966542329101175,1.2022543366608371
IND721306AAA,4,4,0.004814814002023363,0.0010807000806037324,1.2022501356249904
IND422011AAD,2,4,0.004810424928183779,0.0010530002668393047,1.2022400700513252
IND700053AAA,3,4,0.003614036550743911,0.001180401993422982,1.2017997352183245
IND388320AAA,4,4,0.0032330405577244876,0.0016630079812503366,1.201792118617465
IND712310AAE,5,4,0.0032314556143935285,0.0014959664113992984,1.2017413721691772
IND202001AAB,4,4,0.003149437409560241,0.0010092034557615433,1.2015625360005524
IND673632AAA,2,4,0.002434472956355781,0.0007512138249170013,1.2011991533300175
IND421302AAR,5,4,0.001615544929120115,0.0014167320119173662,1.2010712375752233
IND784001AAA,3,4,0.0014076125559698352,0.0006759630966329358,1.2007658339513778
IND401104AAA,4,4,0.0012082754524220737,0.000785926001431882,1.2007190879813983
IND362001AAA,3,4,4.05989330161496e-05,0.00194934984137017,1.2006010445256174
IND173212AAA,2,4,0.0010045492750347285,0.0005837804533052877,1.2005769538460054
IND184104AAA,2,4,0.0010021718600382874,0.0005789149965570527,1.2005745432429824
IND572201AAB,2,4,0.0010027204942682352,0.0005697681134939873,1.2005720186317554
IND184121AAA,3,4,0.00040342903708840544,0.0010068408248105573,1.2004634238622784
IND470004AAA,1,4,0.0008097841234032,0.0003100915529268941,1.2004169411152392
IND627005AAA,3,4,1.5727514591841734e-05,0.0009484757775202474,1.2002908337390927
IND600032AAB,3,4,5.85209845277832e-06,0.0008053706363430022,1.200243952030284
IND509124AAA,2,4,0.00020116588431425475,0.0005432061386309887,1.200243428195315
IND560300AAB,3,4,5.181545505064137e-06,0.0007749751034905347,1.2002345651492492
IND852111AAA,2,4,1.4264489978647156e-06,0.00033987297633628327,1.2001025324725
IND751015AAA,0,4,0.0,0.00012052430725825088,1.2000361572921774
IND785001AAA,3,3,0.00796580326269119,0.0015777597139668437,0.9036596492192664
IND605010AAB,2,3,0.007203201683063515,0.000811900682849175,0.90312485087808
IND506002AAA,3,3,0.006814402892107055,0.001057591506680917,0.903043038608847
IND335513AAA,3,3,0.004812253708950272,0.001250068393542439,0.9022999220016428
IND605601AAA,3,3,0.0048133509774101685,0.0011748155518619683,0.9022777850565226
IND249407AAA,5,3,0.0040138080262993306,0.0018985201828157178,0.9021750792653643
IND444005AAB,3,3,0.0044135795018547495,0.0013594039764625023,0.9021732529936806
IND732103AAB,4,3,0.0032490119097518637,0.002568200309584748,0.9020700648567761
IND503111AAC,3,3,0.004012345001686136,0.0010639971342819644,0.901924137140959
IND577002AAA,4,3,0.003213533562881895,0.002040561326711069,0.901897581823166
IND232104AAB,1,3,0.0040361191516505475,0.00035728649133759524,0.9017216336080615
IND301001AAB,5,3,0.0032118876601920513,0.0011162412167104447,0.9016196274290899
IND570020AAA,4,3,0.0028342444319112,0.0014531973238052166,0.901569656969906
IND201301AAF,8,3,0.001621762783726192,0.0025791627938001114,0.9014224539516305
IND600116AAB,4,3,0.0028130305750198787,0.0009447318131117021,0.9014086317739414
IND221010AAB,2,3,0.002843754091896965,0.0008539031395991498,0.9013936725786384
IND625008AAA,5,3,5.3034642228303525e-05,0.004123556840940176,0.9012582809091733
IND786181AAC,3,3,0.0020105615746826514,0.0013656790998017696,0.9012139283598135
IND500010AAA,3,3,0.002010195818529353,0.001311327977964894,0.9011974767208011
IND411014AAA,3,3,0.0016085955622074407,0.0015160373041402813,0.9010982494161249
IND583201AAA,3,3,0.002009464306222756,0.0009513276188966345,0.901089184008158
IND201007AAB,1,3,0.0021437769324978728,0.0007649204732518716,0.9010869869149746
IND505302AAB,2,3,0.002202400677087791,0.00040700274537291026,0.9010030610944469
IND573116AAA,1,3,0.002006172500843068,0.00036047913930029984,0.9009106127421272
IND563131AAB,3,3,0.0014056008971266927,0.0009153380427275737,0.9008368417716689
IND390020AAA,3,3,0.0012062637935789313,0.0011213767876329284,0.9008189185537213
IND465001AAA,1,3,0.001607132537594246,0.0005551378195375917,0.9008093943608989
IND600008AAC,3,3,0.0012066295497322299,0.0010623657435677003,0.9008013615429631
IND147001AAD,2,3,0.001607498293747545,0.0004319340791927711,0.9007725795412568
IND673592AAA,2,3,0.0012113843797251123,0.000838051575920113,0.900735969224666
IND425406AAA,2,3,0.0012256488697037595,0.0006699805933487034,0.900691253725886
IND854334AAA,2,3,0.0014040464334751734,0.0004314286996812065,0.9006910471832943
IND732138AAA,1,3,0.001212847404338307,0.0005042270542550539,0.9006364070780117
IND584101AAA,2,3,0.0012069953058855285,0.0004626306876351788,0.9006215873286447
IND508207AAB,3,3,0.0009092985350839094,0.0008179940988586793,0.9006091176436911
IND414001AAA,1,3,0.0012048007689657366,0.0003573279843966006,0.9005891187029051
IND181152AAB,3,3,0.000804663537257019,0.0008258625465550935,0.9005696241788692
IND505326AAB,2,3,0.001003086250421534,0.0004427391385141815,0.9005340562417228
IND110064AAA,2,3,0.000804663537257019,0.0006270891064141056,0.9005099921468269
IND563101AAB,2,3,0.0010021718600382874,0.0003310939138132514,0.9005001969181592
IND560043AAC,4,3,0.0008050292934103177,0.0005836811967434661,0.900497116076387
IND328001AAA,3,3,0.0008438991973381461,0.0005062734341089312,0.9004894417091679
IND425412AAA,4,3,0.000410561282077729,0.0010822243963572317,0.9004888918317382
IND370001AAA,2,3,0.0008072238303301095,0.00047558584394405705,0.9004655652853152
IND246761AAA,1,3,0.000803566268797123,0.000434883311987608,0.900451891501115
IND413709AAA,4,3,0.0005354060490703188,0.0007848423199411513,0.9004496151156104
IND380005AAA,1,3,0.000803566268797123,0.00038930039903796844,0.9004382166272301
IND591307AAC,1,3,0.0008075895864834082,0.0003100915529268941,0.9004160633004713
IND423109AAA,3,3,0.0005350402929170203,0.0006632744579588761,0.9004129984545544
IND581334AAA,2,3,0.0004703151802961611,0.000715147595613758,0.9004026703508025
IND344001AAA,1,3,0.000803566268797123,0.0002184452499548325,0.9003869600825052
IND815353AAA,2,3,0.0006351050805236542,0.00042587030699736683,0.9003818031243086
IND852201AAA,3,3,0.0004026975247818082,0.0007317357776914793,0.90038059974322
IND140401AAA,2,3,0.0004028804028584574,0.0006978281019964799,0.9003705005917423
IND641607AAA,2,3,4.169620147604553e-05,0.00102184918421399,0.9003232332358545
IND624001AAA,2,3,2.121385689132141e-05,0.0009365502746662844,0.9002894506251563
IND132001AAA,2,3,0.0004021488905518602,0.0004253329000142856,0.9002884594262249
IND263601AAA,1,3,0.0004021488905518602,0.00039854502480253154,0.9002804230636614
IND425409AAA,3,3,9.143903832466125e-07,0.0007571848890126729,0.900227521222857
IND854335AAA,2,3,0.0003349655811267874,0.00029251827178067524,0.9002217417139848
IND815301AAA,1,3,0.00023387058035504254,0.00033962812290331857,0.9001954366690129
IND508206AAA,3,3,2.2054225195924184e-05,0.0005898843352521585,0.9001857869906539
IND854311AAA,2,3,0.0002008001281609561,0.00032737084058258043,0.9001785313034391
IND504296AAA,1,3,0.00020116588431425472,0.0002989311039910679,0.9001701456849229
IND560058AAB,3,3,9.7534974212972e-07,0.00048625703077092257,0.900146267249128
IND758034AAA,1,3,0.0,0.0004034430540178793,0.9001210329162053
IND124112AAA,1,3,0.0,0.0003031089926309087,0.9000909326977892
IND274509AAB,1,3,1.389873382534851e-05,0.0002559049318386696,0.9000823309730817
IND141003AAB,0,3,0.0,0.00012052430725825088,0.9000361572921773
IND000000ACT,0,3,0.0,0.00012052430725825088,0.9000361572921773
IND401209AAB,0,3,0.0,0.00012052430725825088,0.9000361572921773
IND785682AAA,2,2,0.007161871237740768,0.0009854230258739907,0.6031603754028585
IND785612AAB,2,2,0.007165528799273754,0.0007179655799190046,0.6030816011936851
IND341001AAC,2,2,0.005183130448395098,0.0007161682940718508,0.6022881026675796
IND695012AAA,5,2,0.004073060523133711,0.0019532768852357245,0.6022152072748241
IND723130AAA,3,2,0.004013442270146031,0.0013484048082302673,0.6020098983505274
IND784168AAB,3,2,0.004222471911756207,0.0010434463952152726,0.6020020226832671
IND334001AAC,1,2,0.004577804014685841,0.0003256691749559378,0.6019288223583611
IND583101AAA,3,2,0.0040116134893795384,0.0009682144728746951,0.6018951097376142
IND610001AAA,2,2,0.00361440230689721,0.0011040930217715247,0.6017769888292903
IND303702AAB,1,2,0.003796365993163286,0.0005120545801369111,0.6016721627713064
IND305404AAA,1,2,0.0028122990627132815,0.0013050692834110104,0.6015164404101085
IND686028AAB,3,2,0.0024278893455964056,0.001303257205956747,0.6013621329000256
IND515671AAA,1,2,0.0028038866711874127,0.0005133549235640214,0.6012755611455441
IND312001AAA,2,2,0.0024106988063913692,0.0008644073239527497,0.6012236017197423
IND515134AAA,3,2,0.0024106988063913692,0.0008633050636653532,0.6012232710416562
IND242307AAB,1,2,0.0024092357817781748,0.0006240576145755761,0.6011509115970839
IND312605AAB,2,2,0.002010195818529353,0.001024203882467813,0.601111339492152
IND572101AAA,3,2,0.0016129846360470245,0.0014124305143790132,0.6010689230087325
IND262001AAA,2,2,0.0016078640499008435,0.0013781975901880125,0.6010566048970167
IND000000AAZ,2,2,0.001607132537594246,0.0011017950644864065,0.6009733915343836
IND333028AAA,2,2,0.002015316404675534,0.0005518626745643781,0.6009716853642395
IND233001AAA,1,2,0.0020226315277415067,0.0005342709833514733,0.6009693339061021
IND505425AAA,3,2,0.001809578568445046,0.0008153404095293137,0.6009684335502368
IND577201AAA,3,2,0.0018090299342150983,0.0008109033813663484,0.600966882988096
IND573134AAB,2,2,0.001607132537594246,0.0010780332823768308,0.6009662629997508
IND370201AAA,2,2,0.0020105615746826514,0.0005332096152640426,0.6009641875144522
IND246763AAA,1,2,0.0020076355254562625,0.0005266159422368351,0.6009610389928536
IND591201AAA,1,2,0.0020072697693029637,0.0005160656468335248,0.6009577276017712
IND635802AAB,4,2,0.0016082298060541421,0.0008820214099873196,0.6009078983454178
IND742202AAA,1,2,0.0020116588431425475,0.00033959902994763427,0.6009065432462413
IND764071AAB,1,2,0.0016082298060541421,0.0008658000232469785,0.6009030319293958
IND335804AAD,2,2,0.0016064010252876489,0.000834389200654254,0.6008928771703114
IND413304AAA,2,2,0.0016082298060541421,0.0007944172582556915,0.6008816170998983
IND341505AAA,1,2,0.001607132537594246,0.0007848739918964275,0.6008783152126066
IND742401AAA,1,2,0.0016085955622074407,0.0007620371576826705,0.6008720493721877
IND249201AAA,2,2,0.0016089613183607394,0.0007024112666680815,0.6008543079073447
IND581320AAA,2,2,0.0015019584848652368,0.0008381233379265439,0.600852220395324
IND123401AAB,1,2,0.001608595562207441,0.0005989151621136346,0.6008231127735171
IND535501AAB,1,2,0.0016078640499008435,0.000570851204472015,0.6008144009813019
IND415709AAA,1,2,0.0016078640499008435,0.0005677358163110846,0.6008134663648537
IND263401AAA,3,2,0.000804663537257019,0.0016319682194649277,0.6008114558807423
IND712406AAA,1,2,0.0016060352691343502,0.0005511511501515131,0.6008077594526992
IND758001AAA,4,2,0.000804663537257019,0.001560438294075609,0.6007899969031255
IND484001AAA,2,2,0.001607132537594246,0.0004889121076111863,0.600789526647321
IND742226AAA,1,2,0.0016137161483536218,0.00045329810329582777,0.6007814758903302
IND581314AAA,3,2,0.001388443243090277,0.0007304878154045264,0.6007745236418575
IND742121AAB,2,2,0.0012075439401154765,0.0009540638045568221,0.6007692367174132
IND581402AAA,1,2,0.0016045722445211556,0.00040516000730597007,0.6007633769000003
IND515801AAA,2,2,0.001205532281272334,0.000932947941593048,0.6007620972949869
IND574211AAA,1,2,0.0016060352691343502,0.00038550626981580943,0.6007580659885985
IND532201AAA,2,2,0.001205532281272334,0.0009000878134058061,0.6007522392565307
IND425405AAA,2,2,0.00163310122447845,0.0003269973392701513,0.6007513396915724
IND577101AAA,3,2,0.0008050292934103177,0.0014300153648092375,0.6007510163268068
IND600016AAC,2,2,0.0012069953058855285,0.0008809338632185058,0.6007470782813198
IND484661AAE,1,2,0.0016056695129810516,0.0003441584677135427,0.6007455153455065
IND581110AAE,2,2,0.0008042977811037204,0.0013841474225310536,0.6007369633392008
IND476111AAA,2,2,0.0012058980374256324,0.0008289713833143549,0.6007310506299646
IND741156AAA,1,2,0.0012069953058855285,0.0008223284400237764,0.6007294966543614
IND344022AAB,1,2,0.0016056695129810516,0.00026899429783520354,0.600722966094543
IND721139AAC,2,2,0.0008101498795564987,0.001299117122976962,0.6007137950887157
IND305901AAA,1,2,0.001200411695126153,0.0007440839934169042,0.6007033898760755
IND416510AAA,2,2,0.0012062637935789313,0.0006859253560415886,0.600688283124244
IND110043AAA,3,2,0.0012073610620388273,0.0006684703864471543,0.6006834855407497
IND733128AAA,1,2,0.0012190652589443838,0.0006372131612971714,0.6006787900519669
IND757041AAA,2,2,0.0008050292934103177,0.0011736058795440507,0.6006740934812274
IND533201AAA,3,2,0.0004028804028584574,0.0017086115108586567,0.600673735614401
IND574216AAA,2,2,0.0012066295497322299,0.0006184554134801923,0.6006681884439369
IND263645AAA,3,2,0.001205532281272334,0.0006173534479994346,0.6006674189469088
IND142001AAB,2,2,0.0011898047666804921,0.0006250968261956361,0.6006634509545309
IND680587AAA,1,2,0.0012069953058855285,0.0005865297251661181,0.600658757039904
IND587103AAB,1,2,0.001205532281272334,0.0005427498708519626,0.6006450378737646
IND571104AAA,1,2,0.0012062637935789313,0.0005183901742125407,0.6006380225696953
IND713128AAB,1,2,0.001205532281272334,0.000502478557464501,0.6006329564797482
IND721134AAB,1,2,0.0012150419412580986,0.0004646732510547354,0.6006254187518196
IND472001AAA,2,2,0.001184806099252077,0.000501192356963687,0.6006242801467899
IND786190AAA,3,2,0.0008050292934103177,0.0010064090117880068,0.6006239344209005
IND757037AAA,3,2,0.000804663537257019,0.0010051760513716643,0.6006234182303143
IND533262AAA,2,2,0.0008046635372570189,0.0010032431474546963,0.6006228383591392
IND563125AAB,3,2,0.0012045569315302042,0.0004483465880325685,0.6006163267490219
IND384265AAB,1,2,0.001205532281272334,0.0004309353272354953,0.6006114935106796
IND848210AAA,1,2,0.0012058980374256326,0.0004232500300432645,0.6006093342239832
IND695541AAA,2,2,0.0012223570643240715,0.000401177784642692,0.6006092961611225
IND244412AAA,1,2,0.001205532281272334,0.00041992385170205176,0.6006081900680196
IND521105AAA,1,2,0.001205532281272334,0.00041974650642788897,0.6006081368644373
IND110092AAC,3,2,0.000804663537257019,0.0009481318503944656,0.6006063049700211
IND480661AAA,3,2,0.0008032005126438244,0.0009161949861980962,0.6005961387009169
IND415003AAA,1,2,0.0011484356934642994,0.0004503979058720334,0.6005944936491473
IND126102AAA,1,2,0.001205532281272334,0.00036954584028696944,0.600593076664595
IND403702AAA,1,2,0.0012453524691359754,0.0003081594466433582,0.6005905888216474
IND509358AAA,1,2,0.0012048007689657366,0.00033409516895408214,0.6005821488582725
IND689101AAA,1,2,0.0012135789166449042,0.0003216152354923598,0.6005819161373056
IND244921AAB,2,2,0.0008038710655915386,0.0008564632175119028,0.6005784873914901
IND824101AAA,2,2,0.000804663537257019,0.0008524458113728242,0.6005775991583147
IND713145AAB,1,2,0.0012080925743454245,0.0002952163362730413,0.6005718019306201
IND342602AAC,2,2,0.000803566268797123,0.0008126355280936279,0.6005652171659469
IND732139AAA,2,2,6.58361075937561e-06,0.001872732484597337,0.6005644531896829
IND788806AAA,2,2,0.0008050292934103177,0.0007989562741685552,0.6005616985996147
IND792001AAA,1,2,0.0008042977811037204,0.0007520247300159725,0.6005473265314463
IND712602AAA,2,2,0.0010043663969580793,0.0004630933324958384,0.600540674558532
IND561207AAB,1,2,0.0004048920617016,0.0012545736477740596,0.6005383289190128
IND68004AAA,2,2,0.000803566268797123,0.0007210452470962833,0.6005377400816477
IND144601AAA,1,2,0.000803566268797123,0.0007050163619193548,0.6005329314160947
IND124507AAA,2,2,0.000804663537257019,0.0006959205406190153,0.6005306415770885
IND410505AAB,2,2,0.0008042977811037204,0.0006938726116744857,0.6005298808959438
IND504251AAA,2,2,0.000803566268797123,0.0006894499934805929,0.600528261505563
IND560048AAB,4,2,0.0008061265618702135,0.0006485663727981026,0.6005170205365875
IND521185AAA,2,2,0.000804663537257019,0.0006492577858361675,0.6005166427506536
IND413517AAA,2,2,0.0008042977811037204,0.0006432343715259937,0.6005146894238993
IND695101AAB,2,2,0.0004191565516802472,0.0011229336420117148,0.6005045427132756
IND132103AAA,2,2,0.0008032005126438244,0.0006084347119731424,0.6005038106186494
IND201301AAL,2,2,0.00040672084246809323,0.0011237061843276815,0.6004998001922855
IND500050AAA,2,2,0.0008061265618702134,0.000537510609105675,0.6004837038074797
IND802101AAA,1,2,0.000803566268797123,0.0005208943661158547,0.6004776948173536
IND515201AAA,1,2,0.000803566268797123,0.0005119498133548568,0.6004750114515253
IND244713AAA,3,2,1.828780766493225e-07,0.0015522277061345445,0.600465741463071
IND332713AAA,1,2,0.0008075895864834082,0.0004716765896851036,0.6004645388114989
IND148023AAA,2,2,0.0008061265618702135,0.0004712101889842231,0.6004638136814433
IND509301AAA,1,2,0.0008050292934103175,0.00045906339731843505,0.6004597307365597
IND473226AAA,1,2,0.0008072238303301092,0.0004180785467810127,0.6004483130961663
IND400011AAA,2,2,0.0008039320249504218,0.00041554814993961136,0.600446237254962
IND383315AAC,1,2,0.0008042977811037204,0.0003999833310075028,0.6004417141117437
IND760003AAB,1,2,0.0008039320249504218,0.00039495027104853554,0.6004400578912947
IND501101AAB,1,2,0.0008032005126438244,0.00039350692323198935,0.6004393322820271
IND814112AAA,3,2,0.000735962339795745,0.00047732892104974316,0.6004375836122332
IND846004AAA,1,2,0.000803566268797123,0.00037888197119692217,0.6004350910988779
IND414302AAB,2,2,0.0008042977811037204,0.00037571764450736693,0.6004344344057937
IND508116AAA,1,2,0.000803566268797123,0.00037480184104584773,0.6004338670598326
IND140301AAA,1,2,0.000803566268797123,0.00035712544200490525,0.6004285641401202
IND788151AAA,1,2,0.0008032005126438244,0.000343513726652379,0.6004243343230532
IND591302AAB,1,2,0.00040269752478180816,0.0008592420883301426,0.6004188516364117
IND767001AAA,3,2,5.85209845277832e-06,0.0013776521387952872,0.6004156364810197
IND517501AAB,2,2,8.77814767916748e-06,0.0013511719039728412,0.6004088628302635
IND767017AAA,2,2,5.85209845277832e-06,0.0013198680378168472,0.6003983012507261
IND400701AAA,1,2,0.0008042977811037204,0.00025098732904220954,0.6003970153111541
IND632301AAA,1,2,0.000803566268797123,0.00023545521711908186,0.6003920630726546
IND521001AAA,2,2,0.00040269752478180805,0.0007655619677398784,0.6003907476002347
IND283203AAA,2,2,0.00041391404681629973,0.000734499159503173,0.6003859153665775
IND413501AAA,2,2,0.00045019759312997726,0.000656416856527974,0.6003770040942104
IND585314AAA,2,2,0.0004019660124752109,0.000707857176855178,0.6003731435580466
IND274001AAA,2,2,0.0004242771378264283,0.0006422430520235382,0.6003623837707376
IND713130AAA,2,2,0.0005353450897114453,0.00047500711246981634,0.6003566401696255
IND321001AAB,1,2,0.0006020346283295697,0.00036422544810835584,0.6003500814857643
IND274304AAB,2,2,0.0004081838670812879,0.0006160238554811076,0.6003480807034768
IND400015AAA,3,2,0.0004030632809351067,0.0006208744943774927,0.6003474876606872
IND518206AAA,2,2,0.0004019660124752109,0.0006202725580787066,0.6003468681724137
IND125047AAB,2,2,0.00041184142861427426,0.0006037844737550572,0.6003458719135722
IND845455AAB,1,2,0.0004026975247818082,0.000615155873974937,0.6003456257721052
IND423601AAA,3,2,0.0004017831343985615,0.0006150126153943914,0.6003452170383777
IND505209AAA,2,2,0.0004019660124752109,0.0006077275923031582,0.600343104682681
IND722154AAA,2,2,0.00040269752478180816,0.0005950856569303979,0.6003396047069918
IND603203AAA,2,2,0.0004030632809351068,0.0005943863048399975,0.600339541203826
IND585211AAA,2,2,0.0004019660124752109,0.0005903718238602244,0.6003378979521481
IND854105AAB,1,2,0.0006040462871727123,0.00032065904247997423,0.6003378162276131
IND532222AAA,1,2,0.0004021488905518602,0.0005888022667156236,0.6003375002362354
IND635601AAB,1,2,0.0004019660124752109,0.0005832315282051919,0.6003357558634517
IND586128AAA,2,2,0.0004019660124752109,0.0005778059531398838,0.600334128190932
IND732204AAB,1,2,2.5602930730905153e-06,0.0011081634076584386,0.6003334731395268
IND533003AAA,2,2,0.0004019660124752109,0.0005691584319370474,0.6003315339345712
IND585307AAB,2,2,0.0004019660124752109,0.0005319394911682973,0.6003203682523406
IND721253AAC,2,2,0.0004019660124752109,0.0005176624123466072,0.600316085128694
IND140901AAA,2,2,0.0004019660124752109,0.0005117034253020388,0.6003142974325807
IND480001AAA,2,2,0.00020116588431425475,0.0007655024416049373,0.6003101170862072
IND691305AAA,1,2,0.0004158647463005594,0.0004745302724568336,0.6003087049802572
IND509103AAB,2,2,0.00020061725008430677,0.0007432010933674159,0.600303207228044
IND422103AAC,1,2,0.0005355889271469776,0.0002761766872031292,0.6002970885770197
IND624601AAA,1,2,2.0482344584724122e-05,0.0009587506559563737,0.6002958181346207
IND642001AAA,2,2,5.85209845277832e-06,0.0009721473153286727,0.6002939850339797
IND396321AAA,2,2,9.143903832466126e-06,0.0009663908214830576,0.6002935748079778
IND452001AAC,2,2,8.77814767916748e-06,0.0009483561545266238,0.6002880181054296
IND147001AAB,2,2,0.0004016002563219122,0.00042456207110572116,0.6002880087238605
IND518124AAA,1,2,0.00040269752478180816,0.00041572196534786146,0.6002857955995171
IND784110AAA,1,2,0.00040269752478180816,0.0004100891887973281,0.6002841057665519
IND602024AAA,1,2,0.0004019660124752109,0.00040712820493202733,0.6002829248664697
IND530043AAA,1,2,0.0004019660124752109,0.00040167265529470527,0.6002812882015784
IND271001AAA,1,2,3.65756153298645e-07,0.0009325647068641603,0.6002799157145206
IND321001AAA,2,2,0.00040288040285845747,0.0003944732325668731,0.6002794941309134
IND144514AAA,1,2,0.0004016002563219122,0.0003913832428138915,0.6002780550753729
IND134203AAA,1,2,0.0004019660124752109,0.00038994791715525704,0.6002777707801367
IND247554AAA,1,2,0.00040269752478180816,0.0003857847152439303,0.6002768144244859
IND793001AAA,1,2,0.0004019660124752109,0.0003845279963998923,0.60027614480391
IND636705AAB,2,2,0.0004030632809351068,0.00036027305372004196,0.60026930722849
IND400102AAC,1,2,0.0004023317686285095,0.000361226004409518,0.6002693005087743
IND562114AAA,1,2,0.00040342903708840544,0.00035799233115457263,0.6002687693141817
IND631501AAA,1,2,0.0004019660124752109,0.0003531996718420551,0.6002667463065426
IND147301AAA,2,2,0.0002008001281609561,0.0006192371269881927,0.6002660911893608
IND500008AAC,1,2,0.0004023317686285095,0.0003493891644039019,0.6002657494567726
IND635001AAA,2,2,0.0004016002563219122,0.0003432153639650718,0.6002636047117182
IND583227AAA,1,2,0.0004019660124752109,0.0003411083640331656,0.6002631189142
IND531001AAA,2,2,0.0004019660124752109,0.00032982135159490277,0.6002597328104685
IND600110AAA,1,2,0.0004023317686285095,0.00032501866249815095,0.6002584383062008
IND145001AAA,1,2,1.097268459895935e-06,0.0008599764449501871,0.600258431840869
IND504293AAA,2,2,0.00020116588431425472,0.0005917975312119908,0.6002580056130893
IND591304AAA,1,2,0.0004019660124752109,0.0003223407360010047,0.6002574886257903
IND573103AAA,2,2,0.00020025149393100813,0.0005824914015775199,0.6002548480180456
IND574117AAA,1,2,0.00037766684470379874,0.0003458077673960599,0.6002548090681004
IND712124AAA,2,2,0.0,0.0008277016244021121,0.6002483104873206
IND534001AAA,1,2,0.0004021488905518601,0.000276616782913652,0.6002438445910948
IND695572AAB,3,2,0.0002050063239238905,0.0005296169321382199,0.600240887609211
IND852113AAA,2,2,0.0002008001281609561,0.0005201848802618589,0.6002363755153429
IND591115AAB,2,2,1.828780766493225e-07,0.0007805517935533444,0.6002342386892966
IND244715AAA,2,2,0.0,0.0007773710213434481,0.6002332113064031
IND321606AAA,2,2,0.00020116588431425475,0.0005014673426269139,0.6002309065565138
IND243301AAB,1,2,0.0004019660124752109,0.00023242561099741176,0.6002305140882893
IND272001AAA,1,2,0.0004089153793878852,0.00022298788209164247,0.6002304625163827
IND851127AAA,1,2,0.0004023317686285095,0.0002289089482466742,0.6002296053919254
IND457001AAA,1,2,0.0004037947932417041,0.00022298788209164247,0.6002284142819242
IND303106AAA,1,2,0.0004037947932417041,0.00022298788209164247,0.6002284142819242
IND680307AAA,1,2,0.0004037947932417041,0.00022298788209164247,0.6002284142819242
IND283122AAB,1,2,0.0004037947932417041,0.00022298788209164247,0.6002284142819242
IND284403AAA,1,2,0.0004034290370884053,0.00022298788209164247,0.6002282679794628
IND251201AAA,1,2,0.00040342903708840544,0.00022298788209164247,0.6002282679794628
IND843126AAA,2,2,0.0,0.0007581807159284717,0.6002274542147785
IND843109AAB,2,2,0.0,0.0007431828768294991,0.6002229548630488
IND245304AAA,2,2,0.0,0.0007422238300578071,0.6002226671490173
IND852118AAA,2,2,0.00033469126401181347,0.0002925038456581725,0.6002216276593022
IND712103AAA,2,2,0.0,0.0007383628283455094,0.6002215088485037
IND480886AAA,1,2,0.0002008001281609561,0.00046630349436795467,0.6002202110995748
IND303603AAB,2,2,1.5544636515192413e-05,0.0006961613743584001,0.6002150662669136
IND322201AAA,1,2,2.852897995729431e-05,0.0006361848201663063,0.6002022670380328
IND852131AAA,2,2,0.0002008001281609561,0.0004002560477547137,0.6002003968655908
IND245101AAA,2,2,0.0,0.0006565889045564357,0.600196976671367
IND504208AAB,3,2,5.486342299479675e-07,0.0006526616885001011,0.600196017960242
IND811399AAA,1,2,0.00026216704390059583,0.0002860645485480324,0.6001906861821247
IND700065AAA,2,2,0.0,0.0006333495093295648,0.6001900048527988
IND282001AAA,2,2,0.0,0.0006320620140791892,0.6001896186042237
IND768004AAD,1,2,3.65756153298645e-06,0.0006239864720483158,0.6001886589662276
IND700026AAC,2,2,0.0,0.0006049452238365417,0.600181483567151
IND621802AAA,1,2,4.754829992882385e-06,0.0005890752821292602,0.600178624516636
IND560002AAA,3,2,0.0,0.0005902779830704365,0.6001770833949212
IND362220AAA,1,2,4.023317686285095e-06,0.0005843378001940753,0.6001769106671327
IND533308AAB,2,2,1.828780766493225e-07,0.000584974408828129,0.6001755654738791
IND581303AAA,1,2,0.0002008001281609561,0.0003136872294472316,0.6001744262200985
IND845418AAB,2,2,1.828780766493225e-07,0.0005778925791703045,0.6001734409249817
IND560078AAC,3,2,0.0,0.0005745087426002542,0.60017235262278
IND504215AAA,1,2,1.828780766493225e-06,0.0005612527106086786,0.6001691073254892
IND577401AAA,1,2,0.0002008001281609561,0.0002955361339411809,0.6001689808914468
IND630561AAA,1,2,1.4264489978647155e-05,0.0005403885162811075,0.6001678223508757
IND560060AAB,3,2,0.0,0.0005298340149996662,0.6001589502044998
IND742121AAA,1,2,1.097268459895935e-06,0.0005259251789039005,0.6001582164610552
IND147101AAA,2,2,0.0,0.0005066686779539107,0.6001520006033861
IND400015AAB,2,2,0.0,0.000506596888716692,0.600151979066615
IND695121AAA,1,2,0.0002039090554639946,0.00023079359575768675,0.6001508017009128
IND505184AAC,2,2,1.828780766493225e-07,0.0005019702937226143,0.6001506642393474
IND147105AAA,2,2,0.0,0.0004892254742166827,0.6001467676422649
IND273155AAA,1,2,5.1205861461810305e-06,0.0004804231828572578,0.6001461751893157
IND201001AAC,2,2,5.103842676091462e-05,0.0004100560921492093,0.6001434321983491
IND586211AAA,2,2,3.65756153298645e-07,0.000476207579530211,0.6001430085763204
IND204101AAA,1,2,1.2842882728904226e-05,0.0004593783880721284,0.6001429506695132
IND641008AAA,1,2,6.217854606076965e-06,0.0004606269416891586,0.6001406752243491
IND401104AAB,2,2,0.0,0.0004621779693368878,0.6001386533908011
IND423105AAA,2,2,2.92604922638916e-06,0.0004561894234827684,0.6001380272467354
IND486889AAA,1,2,2.92604922638916e-06,0.00044711618334693416,0.6001353052746946
IND585222AAA,2,2,3.65756153298645e-07,0.00042624839560965745,0.6001280208211442
IND786184AAA,1,2,0.0,0.0004258785699060593,0.6001277635709718
IND507159AAA,2,2,0.0,0.00041930687389756503,0.6001257920621692
IND560083AAB,2,2,0.0,0.0004167172687794821,0.6001250151806338
IND384355AAB,1,2,0.0,0.00040993470218033556,0.600122980410654
IND600076AAB,2,2,0.0,0.00039635616599359154,0.6001189068497981
IND722202AAA,1,2,0.0,0.0003881882211438952,0.6001164564663432
IND302004AAA,1,2,6.217854606076965e-06,0.00037680779554368074,0.6001155294805055
IND500055AAA,1,2,0.0,0.00038391373012340026,0.600115174119037
IND125033AAA,2,2,0.0,0.0003837837249466224,0.6001151351174839
IND000000AFJ,1,2,7.3151230659729e-07,0.0003794638422506615,0.6001141317575979
IND470113AAA,2,2,1.2801465365452576e-06,0.0003482664442585545,0.6001049919918922
IND342601AAA,1,2,0.0,0.00034883629902727385,0.6001046508897082
IND676509AAA,1,2,8.77814767916748e-06,0.0003363797945897919,0.6001044251974486
IND533401AAA,1,2,1.828780766493225e-07,0.00034728624927111236,0.6001042590260119
IND431203AAA,1,2,0.0,0.0003398698042390113,0.6001019609412717
IND203135AAA,1,2,5.1205861461810305e-06,0.0003100915529268941,0.6000950757003365
IND811201AAB,2,2,1.828780766493225e-07,0.00031664126605877635,0.6000950655310483
IND736135AAA,1,2,1.46302461319458e-06,0.0003100915529268941,0.6000936126757234
IND733140AAA,1,2,3.65756153298645e-07,0.0003112525621994388,0.6000935220711211
IND721501AAC,1,2,0.0,0.00030291040229107007,0.6000908731206873
IND504201AAA,1,2,1.828780766493225e-07,0.00030214733509945313,0.6000907173517604
IND811213AAA,2,2,1.828780766493225e-07,0.0002858040561565193,0.6000858143680776
IND391110AAD,1,2,0.0,0.0002696020506936809,0.600080880615208
IND370110AAA,1,2,0.0,0.0002537512101713751,0.6000761253630514
IND132103AAB,1,2,0.0,0.000251828473884507,0.6000755485421654
IND173220AAA,1,2,0.0,0.0002508542997579796,0.6000752562899274
IND152116AAA,1,2,0.0,0.0002470267875422082,0.6000741080362626
IND382421AAA,1,2,0.0,0.0002413814432072671,0.6000724144329621
IND686513AAA,1,2,0.0,0.0002367394156017265,0.6000710218246805
IND422605AAA,1,2,5.486342299479675e-07,0.00023384198171726443,0.6000703720482071
IND686507AAA,1,2,0.0,0.00023111545958280562,0.6000693346378748
IND465333A1B,1,2,0.0,0.0002248755633573441,0.6000674626690072
IND361305AAC,1,2,1.097268459895935e-06,0.00022298788209164247,0.6000673352720114
IND177101AAA,1,2,7.3151230659729e-07,0.00022298788209164247,0.6000671889695501
IND485771AAA,1,2,0.0,0.00022365670537414622,0.6000670970116122
IND274402AAA,1,2,2.7431711497398377e-06,0.00020233719084916836,0.6000617984257146
IND752050AAA,2,2,3.65756153298645e-07,0.00018332878966231667,0.60005514493936
IND531116AAA,1,2,0.0,0.00017424990462659652,0.6000522749713879
IND673027AAB,1,2,7.3151230659729e-07,0.000168285257633123,0.6000507781822125
IND142026AAA,1,2,0.0,0.0001592260822466929,0.600047767824674
IND345001AAA,1,2,0.0,0.00015619720202742128,0.6000468591606082
IND571213AAA,1,2,1.46302461319458e-06,0.00014732210703645183,0.6000447818419562
IND636016AAA,1,2,7.3151230659729e-07,0.00014794327077737696,0.6000446755861558
IND752055AAA,1,2,0.0,0.00014571889280924028,0.6000437156678428
IND841424AAA,0,2,0.0,0.00012052430725825088,0.6000361572921774
IND803213AAA,0,2,0.0,0.00012052430725825088,0.6000361572921774
IND505001AAA,0,2,0.0,0.00012052430725825088,0.6000361572921774
IND451666AAA,0,2,0.0,0.00012052430725825088,0.6000361572921774
IND571105AAA,0,2,0.0,0.00012052430725825088,0.6000361572921774
IND781014AAA,0,2,0.0,0.00012052430725825088,0.6000361572921774
IND201306AAA,0,2,0.0,0.00012052430725825088,0.6000361572921774
IND507111AAA,0,2,0.0,0.00012052430725825088,0.6000361572921774
IND506001AAC,0,2,0.0,0.00012052430725825088,0.6000361572921774
IND000000AFG,0,2,0.0,0.00012052430725825088,0.6000361572921774
IND321408AAB,0,2,0.0,0.00012052430725825088,0.6000361572921774
IND530012AAC,0,2,0.0,0.00012052430725825088,0.6000361572921774
IND160102AAD,0,2,0.0,0.00012052430725825088,0.6000361572921774
IND144001AAC,0,2,0.0,0.00012052430725825088,0.6000361572921774
IND301019AAA,0,2,0.0,0.00012052430725825088,0.6000361572921774
IND811307AAA,0,2,0.0,0.00012052430725825088,0.6000361572921774
IND400064AAB,0,2,0.0,0.00012052430725825088,0.6000361572921774
IND400016AAB,0,2,0.0,0.00012052430725825088,0.6000361572921774
IND695582AAA,0,2,0.0,0.00012052430725825088,0.6000361572921774
IND813102AAA,0,2,0.0,0.00012052430725825088,0.6000361572921774
IND363641AAA,0,2,0.0,0.00012052430725825088,0.6000361572921774
IND122004AAA,0,2,0.0,0.00012052430725825088,0.6000361572921774
IND226004AAA,0,2,0.0,0.00012052430725825088,0.6000361572921774
IND148028AAA,0,2,0.0,0.00012052430725825088,0.6000361572921774
IND281401AAA,0,2,0.0,0.00012052430725825088,0.6000361572921774
IND636005AAA,0,2,0.0,0.00012052430725825088,0.6000361572921774
IND243001AAA,0,2,0.0,0.00012052430725825088,0.6000361572921774
IND625532AAA,0,2,0.0,0.00012052430725825088,0.6000361572921774
IND742149AAA,0,2,0.0,0.00012052430725825088,0.6000361572921774
IND174101AAB,0,2,0.0,0.00012052430725825088,0.6000361572921774
IND441206AAB,0,2,0.0,0.00012052430725825088,0.6000361572921774
IND000000AEM,0,2,0.0,0.00012052430725825088,0.6000361572921774
IND244221AAA,1,1,0.007539697344098268,0.00041606094480887675,0.30314069722108195
IND244235AAA,1,1,0.007123101085491111,0.0002739487605368156,0.3029314250623575
IND785675AAA,1,1,0.006769049129098023,0.0003996286133066107,0.3028275082356312
IND464668AAA,1,1,0.006371106434309097,0.0007561845941128163,0.30277529795195746
IND487551AAA,2,1,0.0063703749220025,0.0007480476926853817,0.3027725642766066
IND341306AAA,1,1,0.00518532498531489,0.0007922156118034167,0.30231179467766695
IND341303AAA,2,1,0.005184593473008293,0.0007892921518571485,0.30231062503476047
IND232101AAB,2,1,0.004437353651819161,0.00027862445395020256,0.3018585287969127
IND756045AAB,1,1,0.004397486231109609,0.0002660858774796882,0.30183882025568776
IND502220AAC,1,1,0.00400283534170037,0.0005604565800353253,0.30176927111069074
IND502286AAB,1,1,0.004002103829393773,0.0005187625287269595,0.3017564702903756
IND784176AAA,1,1,0.004021123149365303,0.00048782483760570716,0.30175479671102784
IND585401AAA,1,1,0.004001372317087176,0.0004671876039757894,0.3017407052080276
IND585330AAE,1,1,0.004000640804780579,0.0004088678241059084,0.30172291666914397
IND332404AAA,2,1,0.003796365993163286,0.0006810737522407218,0.3017228685229375
IND794101AAA,1,1,0.003613305038437314,0.000735218654124786,0.30166588761161234
IND783129AAA,1,1,0.0036125735261307167,0.0007209122640402775,0.3016613030896644
IND783348AAA,1,1,0.0036118420138241195,0.000706902259729751,0.3016568074834486
IND783301AAA,2,1,0.0036111105015175222,0.0006885412055705873,0.30165100656227817
IND506167AAB,1,1,0.0035979432799987704,0.0005525730814787268,0.3016049492364431
IND506143AAA,1,1,0.003597211767692173,0.0005082360119440723,0.3015913555106601
IND305624AAA,3,1,0.0028115675504066843,0.0013957525611347796,0.3015433527885031
IND244001AAA,1,1,0.0035880678638597076,0.00030197012160403114,0.30152581818202506
IND783370AAC,1,1,0.0032069499521225195,0.0005476764955445266,0.30144708292951233
IND431517AAB,1,1,0.0032076814644291167,0.0005259155886474213,0.30144084726236586
IND000000AAS,1,1,0.0032062184398159222,0.0005020901650537391,0.30143311442544246
IND431515AAA,1,1,0.0032069499521225195,0.0004767145297816547,0.3014257943397835
IND000000AET,1,1,0.003205486927509325,0.0004487487963004913,0.30141681940989384
IND431514AAA,1,1,0.0032062184398159222,0.0004188177274103876,0.30140813269414946
IND781335AAA,1,1,0.0032047554152027273,0.00038586161860969264,0.301397660651664
IND723101AAA,1,1,0.0028082757450269965,0.0008920259122135712,0.30139091807167484
IND431708AAA,1,1,0.003205486927509325,0.0003507564158009893,0.301387421695744
IND723202AAA,1,1,0.0028090072573335938,0.0008788769671335396,0.30138726599307347
IND781354AAA,1,1,0.00320402390289613,0.0003120789437554692,0.30137523324428506
IND516390AAA,1,1,0.0028090072573335938,0.000739533879677821,0.3013454630668368
IND516269AAA,1,1,0.0028082757450269965,0.0007276844908348523,0.30134161564526124
IND515591AAA,2,1,0.002807544232720399,0.0007146907287724395,0.3013374249117199
IND487001AAA,1,1,0.002983290064380398,0.00037792023607997795,0.3013066920965761
IND487001AAB,1,1,0.002983290064380398,0.0003605697484033522,0.30130148695027315
IND611001AAA,1,1,0.0028079099888736977,0.0005842587180077943,0.3012984416109518
IND125104AAA,1,1,0.002805715451953905,0.0005630405956796302,0.3012911983594854
IND609602AAA,1,1,0.0028071784765671005,0.0005438764887028852,0.3012860343372377
IND335001AAA,1,1,0.002804983939647308,0.0005214912101554204,0.30127844093890555
IND609110AAA,1,1,0.0028064469642605032,0.0004987179054460935,0.301272194157338
IND608001AAA,1,1,0.002805715451953906,0.0004448693321571981,0.30125574698042873
IND607001AAA,1,1,0.0028049839396473084,0.0003803512340410685,0.30123609894607123
IND175101AAA,1,1,0.002412893343311161,0.000757083617915176,0.301192282422699
IND175001AAA,1,1,0.0024121618310045637,0.0007483755532855322,0.30118937739838747
IND508001AAA,2,1,0.0025380672908417333,0.0005713442512355673,0.3011866301917073
IND175018AAA,1,1,0.0024114303186979665,0.0007381749398284563,0.3011860246094277
IND174001AAA,2,1,0.0024106988063913692,0.0007262109032906338,0.3011821427935437
IND207247AAB,2,1,0.0024106988063913692,0.0007232343126337758,0.3011812498163467
IND791102AAA,2,1,0.0024205742225304324,0.0006125461371820945,0.3011519935301668
IND242001AAA,1,1,0.0024085042694715775,0.0005914601357281766,0.3011408397485071
IND241124AAB,1,1,0.00240777275716498,0.0005535520573405972,0.30112917472006817
IND577522AAA,1,1,0.0024070412448583827,0.0005338091126442046,0.3011229592317366
IND209625AAA,2,1,0.0024070412448583827,0.000509172111659633,0.30111556813144125
IND577535AAC,1,1,0.0024063097325517854,0.00048579116647622426,0.3011082612429636
IND423701AAB,3,1,0.0020087327939161586,0.0009333960134279208,0.3010835119215948
IND721102AAA,1,1,0.0024030179271720977,0.0003684826302116974,0.30107175195993235
IND311001AAA,2,1,0.0020069040131496653,0.0008757755957474709,0.3010654942839841
IND313324AAA,1,1,0.0020076355254562625,0.0008643639051909396,0.30106236338173975
IND416404AAA,2,1,0.002010195818529353,0.0007604138794731667,0.3010322024912537
IND573142AAA,3,1,0.002009830062376054,0.0006806484176096848,0.3010081265502333
IND363310AAB,2,1,0.0020120245992958463,0.0006485928775073107,0.3009993877029705
IND754142AAA,2,1,0.0016078640499008435,0.0011317042941570642,0.30098265690820747
IND444203AAA,2,1,0.0016085955622074407,0.0010997913597670013,0.30097337563281307
IND754211AAA,1,1,0.0016085955622074407,0.0010804582709474462,0.3009675757061672
IND756032AAA,1,1,0.0022011205305512457,0.00026499373405898687,0.30095994633243817
IND754202AAA,1,1,0.0016093270745140384,0.0010421685435662922,0.3009563813928755
IND756029AAA,1,1,0.0022011205305512457,0.0002449477370387891,0.30095393253333214
IND125051AAA,3,1,0.001607132537594246,0.001022838274207296,0.30094970449729985
IND246701AAA,1,1,0.0020069040131496653,0.0004779044620173932,0.3009461329438651
IND591237AAB,1,1,0.0020065382569963664,0.0004649496757467906,0.3009421002055226
IND125111AAA,1,1,0.0016078640499008437,0.0009892872060826687,0.30093993178178513
IND125121AAA,1,1,0.001608595562207441,0.0009608056813528184,0.3009316799292888
IND246725AAB,1,1,0.002006172500843068,0.00042057831451167713,0.3009286424946907
IND764001AAC,2,1,0.0016067667814409475,0.0008888759767755444,0.30090936950560904
IND343001AAA,1,1,0.0020134876239090408,0.00034089416949391517,0.3009076633004118
IND335701AAA,2,1,0.0016078640499008429,0.0008769152382915062,0.3009062201914478
IND764059AAA,1,1,0.001607498293747545,0.0008763354823980502,0.30090589996221845
IND335051AAA,1,1,0.00160859556220744,0.0008657740614021742,0.3009031704433036
IND341510AAB,2,1,0.0016085955622074407,0.0008416783374889691,0.30089594172612966
IND341512AAA,1,1,0.0016064010252876489,0.0007819085800955176,0.3008771329841437
IND305802AAA,1,1,0.0016056695129810516,0.0007783816345555259,0.30087578229555906
IND742137AAA,1,1,0.0016078640499008435,0.0007542561504299968,0.3008694224650893
IND742147AAA,1,1,0.001607132537594246,0.0007451638585860889,0.3008664021726135
IND731224AAA,1,1,0.0016064010252876489,0.000734457822478144,0.3008628977568585
IND731237AAB,2,1,0.0016056695129810516,0.00072228262423999,0.3008589525924644
IND843320AAA,2,1,0.0012062637935789313,0.0012333644561364238,0.3008525148542725
IND670643AAA,1,1,0.0016235915644926852,0.0006766010777495208,0.3008524169491219
IND210431AAA,1,1,0.001608595562207441,0.0006823933358740334,0.3008481562256452
IND285205AAB,1,1,0.0016078640499008437,0.0006598069310371026,0.3008410876992715
IND606201AAC,1,1,0.0016085955622074407,0.000650180338625233,0.30083849232647053
IND285001AAD,1,1,0.001607132537594246,0.0006350690329558006,0.3008333737249244
IND461001AAA,1,1,0.0016107900991272326,0.0006295910988831759,0.30083319336931585
IND847223AAA,1,1,0.001206995305885529,0.001167837707710759,0.30083314943466744
IND606105AAA,1,1,0.0016078640499008435,0.0006203942046557975,0.30082926388135706
IND342301AAA,4,1,0.0016085955622074407,0.0006166505006890452,0.3008284333750897
IND484446AAA,2,1,0.0016085955622074407,0.0006112589863240173,0.30082681592078014
IND209111AAA,1,1,0.0016064010252876489,0.0006043894765925455,0.3008238772530928
IND502313AAA,1,1,0.0016085955622074403,0.0005933131784428267,0.30082143217841584
IND606003AAA,1,1,0.001607132537594246,0.0005898201468215098,0.3008197990590841
IND110024AAA,3,1,0.00040269752478180816,0.0021837383137228356,0.3008162005040296
IND209101AAA,1,1,0.0016056695129810516,0.0005695233551222889,0.3008131248117291
IND123001AAA,2,1,0.0016078640499008435,0.000562664394751433,0.30081194493838576
IND502110AAA,1,1,0.001607864049900843,0.0005564671062778657,0.3008100857518437
IND607801AAA,1,1,0.0016064010252876489,0.000550545933533009,0.30080772419017493
IND754103AAA,1,1,0.0012037035005058407,0.0010684400709782833,0.3008020134214958
IND535558AAA,1,1,0.001607132537594246,0.000529585630733335,0.3008017287042577
IND415605AAA,1,1,0.001607132537594246,0.0005259562302318977,0.30080063988410727
IND503122AAA,1,1,0.001607132537594246,0.0005125099154289576,0.3007966059896664
IND465683AAA,1,1,0.0016064010252876489,0.0005111945479148154,0.30079591877448947
IND607106AAA,1,1,0.0016056695129810516,0.0005069437508442932,0.3007943509304457
IND712410AAC,1,1,0.001605303756827753,0.0005064650178769587,0.3007940610080942
IND535591AAA,1,1,0.0016064010252876489,0.00048106964904666845,0.30078688130482906
IND415124AAA,1,1,0.0016064010252876489,0.0004766420960545078,0.3007855530389314
IND787059AAB,1,1,0.0016151791729668164,0.00045820805576343655,0.30078353408591574
IND503187AAA,1,1,0.0016064010252876489,0.0004610150756297269,0.300780864932804
IND465669AAB,1,1,0.0016056695129810516,0.00045953128059712616,0.3007801271893715
IND732103AAA,2,1,0.0016115216114338299,0.0004513436972759025,0.3007800117537563
IND365560AAB,2,1,0.00040342903708840544,0.0020447847794820696,0.30077480704868
IND515761AAA,2,1,0.0012069953058855285,0.0009650987472032579,0.3007723277465152
IND532127AAA,1,1,0.0016056695129810516,0.00042398769147890405,0.30076946411263605
IND711303AAA,1,1,0.001616642197580011,0.0004048097175903069,0.3007680997943091
IND343029AAB,1,1,0.001612253123740427,0.0004103513455289544,0.30076800665315484
IND415409AAB,1,1,0.0016056695129810516,0.00041861906784090483,0.3007678535255447
IND503185AAA,1,1,0.0016056695129810516,0.0004003154133487593,0.300762362429197
IND816109AAA,2,1,0.0012073610620388275,0.0009096673329641647,0.3007558446247048
IND523316AAB,2,1,0.001205532281272334,0.0008983901948242519,0.30075172997095617
IND522647AAA,1,1,0.0012062637935789313,0.0008834489412713926,0.300747540199813
IND523201AAA,1,1,0.0012069953058855285,0.000870399316036944,0.30074391791716526
IND274301AAB,3,1,0.0012219913081707734,0.0008221706920282447,0.3007354477308768
IND741126AAB,2,1,0.0012062637935789313,0.0008252492708950779,0.3007300802987001
IND685514AAA,3,1,5.486342299479675e-06,0.0024244041619876804,0.3007295157855161
IND562101AAA,2,1,0.0008075895864834082,0.0013386908928392574,0.3007246431024451
IND331304AAA,1,1,0.0012069953058855285,0.000782926174040619,0.3007176759745664
IND331023AAA,1,1,0.0012062637935789313,0.0007791311862206867,0.3007162448732978
IND333031AAA,2,1,0.001205532281272334,0.0007745826107849235,0.3007145876957444
IND481661AAA,2,1,0.0012066295497322299,0.0007608896975543559,0.30071091872915917
IND586101AAB,2,1,0.001405235140973394,0.0004929465317254055,0.300709978015907
IND342902AAA,2,1,0.0014015775794404078,0.0004710790805919275,0.30070195475595374
IND486661AAA,1,1,0.0012355852452017061,0.0006819312685457572,0.3006988134786444
IND486771AAA,3,1,0.0012348537328951087,0.0006599633028856063,0.3006919304840237
IND342902A1B,2,1,0.0014015775794404078,0.0004287113950106617,0.30068924445027934
IND673506AAA,1,1,0.0012190652589443838,0.0006529562701138107,0.3006835129846119
IND275503AAA,2,1,0.0012201625274042796,0.0006458989581112886,0.3006818346983951
IND461111AAA,1,1,0.0012091898428053204,0.0006557708459655451,0.30068040719091177
IND582101AAB,2,1,0.0012069953058855285,0.0006510294681213895,0.3006781069627906
IND516227AAA,1,1,0.0012069953058855285,0.0006499200771561964,0.30067777414550106
IND732123AAC,3,1,0.00040598933016149595,0.0017068721502086198,0.30067445737712717
IND124141AAA,1,1,0.001206995305885529,0.0006323627507641236,0.30067250694758346
IND731301AAA,2,1,0.0012069953058855285,0.0006223507214698533,0.30066950333879516
IND516001AAA,1,1,0.0012062637935789313,0.0006227123955199098,0.30066931923608753
IND691551AAA,2,1,0.0012190652589443838,0.0006008966637463844,0.30066789510270164
IND248001AAA,3,1,0.0012082754524220737,0.0006012575682477257,0.3006636874514431
IND127201AAA,1,1,0.0012062637935789315,0.0006018830652141618,0.3006630704369958
IND516360AAB,1,1,0.001205532281272334,0.0005911741726812443,0.3006595651643133
IND221706AAA,1,1,0.001222357064324072,0.0005641175369200515,0.3006581780868056
IND246174AAA,2,1,0.0008057608057169149,0.0011194433081733314,0.3006581373147387
IND243503AAB,3,1,0.00040269752478180816,0.0016564964104527468,0.3006580279330485
IND576201AAA,2,1,0.0011587627264960235,0.0006455073555066262,0.3006571572972504
IND385340AAB,2,1,0.0012069953058855285,0.0005704672290043567,0.3006539382910555
IND127021AAA,2,1,0.001205532281272334,0.0005660643667359854,0.30065203222252973
IND515411AAA,1,1,0.0012048007689657366,0.0005537976027594633,0.3006480595884141
IND679531AAA,1,1,0.0012062637935789313,0.0005476762047595067,0.30064680837885943
IND400072AAJ,2,1,0.00040269752478180816,0.0016152036589590097,0.3006456401076004
IND431107AAB,1,1,0.0012069953058855285,0.0005340531810591397,0.30064301407667193
IND508377AAB,1,1,0.0012069953058855283,0.0005336725624899392,0.30064289989110116
IND571301AAA,1,1,0.001215773453564696,0.0005116280485764328,0.3006397977959988
IND327001AAB,1,1,0.0012037035005058407,0.0005203044425684432,0.30063757273297287
IND131301AAA,2,1,0.0012069953058855285,0.0005126436626719258,0.30063659122115577
IND506314AAA,1,1,0.0012069953058855283,0.0005100111661028194,0.30063580147218505
IND679303AAA,1,1,0.001205532281272334,0.0005020068472534934,0.300632814966685
IND591123AAC,1,1,0.0012048007689657366,0.0004968435876045674,0.30063097338386763
IND414502AAA,1,1,0.0012062637935789313,0.0004861272075714612,0.300628343679703
IND508248AAB,2,1,0.001206263793578931,0.00048584782579926125,0.30062825986517133
IND307001AAA,1,1,0.0012102871112652162,0.00046938812393195877,0.30062493128168566
IND571426AAA,2,1,0.001205532281272334,0.00046813398462751236,0.30062265310789715
IND301705AAA,2,1,0.0012040692566591394,0.00046492989597214044,0.3006211066714553
IND507123AAA,1,1,0.001206263793578931,0.0004577664835614082,0.3006198354625
IND713148AAA,1,1,0.0012048007689657366,0.0004493043328849098,0.30061671160745174
IND680012AAA,1,1,0.0012048007689657366,0.0004482989577660931,0.3006164099949161
IND506343AAA,1,1,0.0012080925743454245,0.0004282132007687175,0.30061170098996876
IND431127AAA,1,1,0.001205532281272334,0.0004299611325655502,0.3006112012522786
IND483501AAA,2,1,0.0008042977811037204,0.0009601514331645775,0.30060976454239086
IND333504AAA,1,1,0.0012102871112652162,0.0004130296593948277,0.30060802374232454
IND787057AAA,1,1,0.0012124816481850081,0.0003971952237621457,0.30060415122640266
IND483770AAA,1,1,0.0008050292934103177,0.0009363214121952202,0.3006029081410227
IND742223AAA,1,1,0.0012113843797251123,0.00039142050991292234,0.3006019799048639
IND122001AAJ,1,1,0.001205532281272334,0.000396662499193995,0.3006012116622671
IND207302AAA,1,1,0.0012102871112652162,0.00038414980434516537,0.30059935978580965
IND786171AAA,1,1,0.0012037035005058407,0.0003889308065708592,0.3005981606421736
IND384170AAA,1,1,0.0012048007689657366,0.0003648191465387541,0.3005913660515479
IND431122AAA,1,1,0.0012048007689657366,0.00036366897374342225,0.3005910209997093
IND848114AAA,1,1,0.0012051665251190352,0.0003564076788672792,0.3005889889137078
IND364004AAB,1,1,0.0012080925743454245,0.00035005746102031727,0.30058825426804425
IND244301AAA,1,1,0.0012048007689657366,0.00035233122570644984,0.30058761967529823
IND521201AAA,1,1,0.0012048007689657366,0.0003519260837739462,0.30058749813271846
IND523105AAA,2,1,0.0008042977811037204,0.0008845486582289297,0.30058708370991016
IND110014AAA,1,1,0.0,0.0019562692942677916,0.30058688078828033
IND524201AAA,1,1,0.0008050292934103177,0.0008717039732670947,0.30058352290934426
IND505327AAA,4,1,0.0010041835188814299,0.0006005084140835584,0.3005818259317776
IND577132AAD,1,1,0.000804663537257019,0.000862560908591464,0.3005806336874802
IND471001AAA,2,1,0.0011782224884927016,0.000362990747047123,0.3005801862195112
IND311302AAA,2,1,0.0008050292934103177,0.000858998235794757,0.30057971118810256
IND506132AAA,1,1,0.0012048007689657366,0.00032482863276386126,0.30057936889741543
IND848101AAA,2,1,0.0008042977811037204,0.0008567825192660402,0.3005787538682213
IND136118AAA,1,1,0.0012080925743454245,0.00031583291489373374,0.3005779869042063
IND844505AAB,1,1,0.0008050292934103178,0.0008481320008205739,0.3005764513176103
IND124001AAB,1,1,0.0012048007689657366,0.0002928180131563208,0.30056976571153315
IND144040AAA,2,1,0.0008050292934103177,0.0007700930815489384,0.3005530396418288
IND364290AAA,1,1,0.0,0.0018388724910921024,0.3005516617473276
IND792103AAB,2,1,0.000803566268797123,0.0007430361166796195,0.3005443373425227
IND829121AAA,1,1,0.0008050292934103177,0.0007356944603205873,0.3005427200554603
IND276128AAA,1,1,0.0012080925743454245,0.00018856478282812806,0.3005398064645866
IND827013AAA,2,1,0.0008042977811037204,0.0007234064682879701,0.3005387410529279
IND845305AAA,1,1,0.0008050292934103178,0.0006892705274376932,0.3005287928755954
IND275303AAA,1,1,0.0008189280272356662,0.0006702588104702422,0.30052864885403535
IND581325AAA,2,1,0.0008050292934103177,0.0006808592921487165,0.3005262695050087
IND460001AAA,1,1,0.0008068580741768109,0.0006780630890713067,0.3005261621563921
IND212402AAA,1,1,0.0008050292934103178,0.0006780669292989662,0.3005254317961538
IND845401AAA,2,1,0.0008042977811037204,0.0006696516655641664,0.3005226146121107
IND212501AAA,1,1,0.0008042977811037204,0.0006546485147390367,0.3005181136668632
IND673104AAA,3,1,0.0008145389533960824,0.0006257952556733759,0.3005135541580604
IND732202AAA,1,1,0.00040672084246809323,0.001165533076863458,0.30051234826004625
IND802158AAB,2,1,0.0008050292934103177,0.000628453878074652,0.3005105478807865
IND211011AAA,1,1,0.000803566268797123,0.0006280117127834748,0.3005098300213539
IND802212AAA,1,1,0.0008050292934103177,0.0006076991988715348,0.30050432147702555
IND335523AAB,3,1,0.00041027865232290726,0.0011251299537515475,0.3005016504470546
IND251309AAB,1,1,0.0008050292934103177,0.0005823792805807373,0.30049672550153833
IND722151AAA,1,1,0.0008050292934103177,0.000580895702366905,0.3004962804280742
IND571430AAA,2,1,0.00041074416015437836,0.0010996385299027497,0.30049418922303256
IND802213AAB,1,1,0.0008042977811037204,0.0005730282834772133,0.30049362759748466
IND571111AAB,1,1,0.0008123444164762905,0.0005564993494207448,0.3004918875714167
IND757001AAA,3,1,0.00040269752478180816,0.0010958028121380533,0.3004898198535541
IND174103AAA,4,1,0.0006036805310194135,0.0008199974471958252,0.3004874714465665
IND173025AAA,1,1,0.0008053950495636163,0.0005454004143811343,0.3004857781441398
IND247776AAA,1,1,0.0008042977811037204,0.0005431479520577545,0.3004846634980588
IND277201AAA,1,1,0.0008196595395422637,0.0005214829931822595,0.3004843087137716
IND722140AAA,1,1,0.0008042977811037204,0.0005415098838215625,0.30048417207758793
IND312403AAA,1,1,0.0008050292934103177,0.000540490132225496,0.30048415875703177
IND246444AAB,1,1,0.0004030632809351068,0.0010727724099185328,0.3004830570353496
IND821109AAA,1,1,0.000803566268797123,0.0005321820259682127,0.3004810811153093
IND816107AAA,1,1,0.0008050292934103178,0.0005300528170217898,0.30048102756247064
IND847404AAB,2,1,0.0008050292934103178,0.0005292209892157644,0.30048077801412887
IND210427AAA,1,1,0.0008050292934103178,0.0005258019427525782,0.30047975230018986
IND306902AAA,1,1,0.0008075895864834082,0.0005191208916340502,0.30047877210208357
IND508223AAA,2,1,0.0008050292934103175,0.0005215424532495342,0.300478474453339
IND518102AAA,1,1,0.0008050292934103177,0.0005110284918575958,0.3004753202649214
IND243201AAA,2,1,0.0004009297033741981,0.0010447376663236248,0.30047379318124673
IND695609AAA,1,1,0.0008130759287828879,0.0004931620201668428,0.3004731789775632
IND135001AAA,2,1,0.000804663537257019,0.0004995300095770055,0.3004717244177759
IND686632AAA,1,1,0.0004056235740081973,0.0010283307596438845,0.30047074865749646
IND250611AAA,1,1,0.000803566268797123,0.0004969048574125423,0.3004704979647426
IND723131AAA,1,1,0.000803566268797123,0.0004951916727511791,0.3004699840093442
IND458664AAA,1,1,0.0008042977811037204,0.0004926724611029625,0.3004695208507724
IND506169AAB,1,1,0.0008061265618702135,0.00048454744836528635,0.30046781485925766
IND814101AAB,1,1,0.0008042977811037204,0.000481354595025951,0.30046612549094925
IND210001AAA,1,1,0.0008042977811037204,0.00047615092164321146,0.30046456438893443
IND518422AAB,1,1,0.0008042977811037204,0.00045922459190902043,0.3004594864900142
IND416602AAC,1,1,0.000804663537257019,0.00045672599450590086,0.3004588832132546
IND151506AAA,1,1,0.0008050292934103177,0.000453388689389829,0.30045802832418106
IND721401AAA,1,1,0.0008050292934103177,0.0004519045806056193,0.3004575830915458
IND312601AAA,1,1,0.000803566268797123,0.0004378851194650533,0.30045279204335834
IND825409AAA,1,1,0.0008050292934103178,0.0004256854708426459,0.3004497173586169
IND815351AAA,1,1,0.000803566268797123,0.000424258939191052,0.30044870418927616
IND365560AAA,1,1,0.0008061265618702135,0.00041825594149530666,0.30044792740719667
IND626123AAA,1,1,2.7431711497398374e-05,0.0014562460929249115,0.3004478465124764
IND574221AAA,1,1,0.0008050292934103177,0.00041911272811178465,0.3004477455357977
IND212601AAA,1,1,0.000803566268797123,0.00041855652671388084,0.300446993465533
IND507303AAA,2,1,0.0008053950495636161,0.00041539268560131254,0.30044677582550583
IND400037AAA,1,1,0.0,0.001479134281471002,0.30044374028444126
IND754022AAA,2,1,0.0008053950495636164,0.00039730876209533494,0.300441350648454
IND509203AAA,1,1,0.0008042977811037204,0.0003981517455482165,0.30044116463610593
IND518401AAA,1,1,0.000803566268797123,0.00039829009906278595,0.3004409135372377
IND136128AAA,1,1,0.0008061265618702135,0.0003891229745132007,0.300439187517102
IND151505AAA,1,1,0.0008042977811037204,0.0003913507261820311,0.30043912433029607
IND721434AAB,1,1,0.0008042977811037204,0.00038958597545584025,0.30043859490507824
IND501401AAC,3,1,0.0004030632809351067,0.0008978044051311311,0.3004305666339134
IND825301AAA,1,1,0.0008042977811037204,0.0003589079694917215,0.300429391503289
IND574239AAA,1,1,0.0008042977811037204,0.0003511913059775146,0.3004270765042347
IND389001AAA,1,1,0.0008053950495636163,0.00034858574293020276,0.3004267337427045
IND590016AAA,2,1,0.0004019660124752109,0.0008694306544665992,0.30042161560133007
IND787001AAA,2,1,0.0008090526110966028,0.000325451456925034,0.30042125648151613
IND383001AAA,1,1,0.000803566268797123,0.0003284570121605348,0.300419963611167
IND509001AAA,1,1,0.000803566268797123,0.00032638880388749893,0.30041934314868507
IND742225AAA,2,1,0.0008083210987900054,0.0003186522082764742,0.30041892410199894
IND505122AAA,2,1,0.0008068580741768107,0.00031848567939487247,0.30041828893348915
IND501141AAA,1,1,0.0008024690003372271,0.00032092989250478976,0.3004172665678863
IND151302AAA,1,1,0.000803566268797123,0.0003183703802914166,0.30041693762160626
IND721133AAA,1,1,0.000803566268797123,0.00031637994510143373,0.30041634049104926
IND207001AAA,1,1,0.0008075895864834082,0.0003100915529268941,0.30041606330047144
IND175015AAA,1,1,0.0008068580741768109,0.0003100915529268941,0.30041577069554876
IND177033AAA,1,1,0.0008068580741768109,0.0003100915529268941,0.30041577069554876
IND627756AAA,1,1,1.975083227812683e-05,0.0013548353529052053,0.3004143509387828
IND276305AAA,1,1,0.0008068580741768109,0.00028092496771106763,0.30040702071998404
IND829122AAA,1,1,0.000803566268797123,0.0002803339862688221,0.3004055267033995
IND574202AAA,1,1,0.000803566268797123,0.000271314158832373,0.30040282075516855
IND416122AAA,1,1,0.0007577158423042678,0.0003054745912596583,0.3003947287142996
IND584123AAA,1,1,0.0008053950495636163,0.0002119284929654721,0.30038573656771506
IND626117AAA,1,1,1.2069953058855286e-05,0.0012663658487861535,0.3003847377358594
IND814133AAB,3,1,0.0005022746375173642,0.0006094059122140316,0.30038373162867116
IND733129AAB,2,1,0.00041074416015437836,0.0007275842750263799,0.30038257294656967
IND741165AAB,1,1,0.0004030632809351068,0.0007373177651872142,0.3003824206419302
IND843301AAA,2,1,0.0004026975247818082,0.0007355873943230628,0.30038175522820965
IND742303AAB,2,1,0.0004023317686285095,0.0007256612036415732,0.30037863106854384
IND388620AAB,1,1,0.00040269752478180816,0.0007245841283277405,0.30037845424841103
IND670645AAB,2,1,0.0004037947932417041,0.0007227211268027047,0.3003783342553375
IND388220AAA,2,1,0.00040269752478180816,0.0007228341885950724,0.30037792926649126
IND276140AAA,1,1,0.0004176935270670526,0.0006900758306198157,0.30037410016001276
IND388121AAA,1,1,0.0004019660124752109,0.0007102345301672899,0.30037385676404027
IND480334AAA,1,1,0.0004037947932417041,0.0006969484932038791,0.3003706024652578
IND721602AAB,2,1,3.65756153298645e-07,0.0012258991937844663,0.30036791606059665
IND273304AAA,2,1,0.00040781811092798924,0.0006799636434729011,0.30036711633741303
IND250002AAA,3,1,0.00040269752478180816,0.0006755986925201031,0.30036375861766873
IND626138AAA,1,1,4.38907383958374e-06,0.0011956589735930138,0.3003604533216137
IND400072AAD,3,1,0.0005885070340814211,0.000403563060200439,0.30035647173169266
IND462001AAA,2,1,0.0004030632809351068,0.0006413534141241404,0.30035363133661125
IND625516AAA,2,1,2.19453691979187e-06,0.0011673981505829864,0.3003510972599428
IND723133AAA,2,1,0.00040269752478180816,0.0006313756201916658,0.3003504916959702
IND761200AAA,2,1,0.0004021488905518602,0.000623803122014527,0.3003480004928251
IND577501AAA,2,1,0.00040269752478180816,0.0006184491623630698,0.30034661375862165
IND331701AAA,1,1,0.0004026975247818082,0.0006163072633216116,0.3003459711889092
IND385535AAA,1,1,0.00040269752478180816,0.0006128814080438041,0.3003449434323259
IND571313AAB,1,1,0.00040891537938788513,0.0005947572168943039,0.30034199331682343
IND533242AAA,2,1,0.0,0.0011393382207298783,0.30034180146621897
IND442605AAA,2,1,0.0,0.001136076951457679,0.3003408230854373
IND441603AAA,2,1,0.0,0.0011356201350237018,0.3003406860405071
IND362265AAA,3,1,1.6459026898439025e-05,0.001113185087957206,0.30034053913714653
IND466116AAA,1,1,0.00040269752478180816,0.0005981057174005812,0.3003405107251329
IND535001AAA,2,1,0.00040269752478180816,0.0005918601181635033,0.3003386370453618
IND415408AAC,1,1,0.00040269752478180816,0.0005849491398556184,0.3003365637518694
IND335501AAA,1,1,0.0004019660124752109,0.0005836488373947185,0.3003358810562085
IND600119AAA,2,1,0.0004030632809351068,0.0005814660869558261,0.3003356651384608
IND845438AAA,2,1,0.0004019660124752109,0.0005824276495918113,0.30033551469986763
IND700028AAB,2,1,0.0004030632809351068,0.000580000247943039,0.30033522538675694
IND385001AAA,2,1,0.0004019660124752109,0.0005786006657287105,0.3003343666047087
IND614809AAA,1,1,0.00040269752478180816,0.0005693505445694524,0.30033188417328355
IND508252AAB,1,1,0.0005301343707989224,0.0003948034252717189,0.30033049477590107
IND306116AAA,1,1,0.0004041605493950027,0.0005615653068497124,0.3003301338118129
IND466001AAA,1,1,0.0004019660124752109,0.0005617617145551965,0.3003293149193566
IND362720AAA,1,1,1.6459026898439025e-05,0.0010656312987843335,0.30032627300039466
IND458990AAA,1,1,0.00040269752478180816,0.0005451541677690057,0.3003246252602434
IND415612AAA,1,1,0.0004019660124752109,0.0005459016459100932,0.3003245568987631
IND334803AAA,2,1,0.00040269752478180816,0.0005419423705131744,0.30032366172106667
IND000000ABD,1,1,0.00040269752478180816,0.0005352033126051429,0.30032164000369427
IND577126AAA,1,1,0.00040269752478180816,0.0005345942575733745,0.30032145728718473
IND505503AAA,1,1,0.00040342903708840544,0.000532494754101021,0.30032112004106565
IND571124AAA,1,1,7.3151230659729e-06,0.0010581330440183375,0.3003203659624319
IND614715AAA,1,1,0.0004019660124752109,0.0005282751812665153,0.30031926895937
IND722122AAA,2,1,0.00040269752478180816,0.0005250826368220571,0.3003186038009593
IND521165AAA,2,1,0.0,0.0010529367323890908,0.30031588101971673
IND362560AAA,1,1,1.6459026898439025e-05,0.0010247523472884253,0.3003140093149459
IND828111AAA,2,1,0.0004030632809351069,0.0005089631969202155,0.3003139142714501
IND500080AAB,2,1,0.0004030632809351067,0.0005080612455969706,0.3003136436860531
IND852139AAB,2,1,0.00040196601247521093,0.0005065891665464957,0.30031276315495403
IND477001AAB,1,1,0.00040214889055186,0.000501612851396145,0.30031134341163956
IND458001AAB,1,1,0.0004019660124752109,0.0004984460595726109,0.30031032022286186
IND443201AAA,1,1,0.00040269752478180816,0.00049436122271567,0.3003093873767274
IND796081AAA,1,1,0.00040269752478180816,0.0004932057505193646,0.30030904073506853
IND643217AAA,2,1,1.7190539205036316e-05,0.0010063490895658232,0.30030878094255176
IND246424AAA,1,1,3.65756153298645e-07,0.001027318644874575,0.3003083418959237
IND277211AAA,1,1,0.0004169620147604554,0.0004711881257373367,0.30030814124362537
IND678683AAA,1,1,0.0004019660124752109,0.00048727276675262647,0.30030696823501585
IND531036AAA,2,1,0.0004030632809351068,0.0004855072114292104,0.3003068774758028
IND577432AAA,1,1,0.0004019660124752109,0.00048690078337448455,0.3003068566400024
IND262501AAA,2,1,0.0004021488905518602,0.00048476169065041707,0.30030628806341586
IND690548AAA,2,1,0.0004074523547746905,0.000475942453574944,0.30030576367798234
IND413307AAB,1,1,0.00040269752478180816,0.0004810698288633971,0.30030539995857175
IND785112AAC,1,1,0.00040269752478180816,0.0004762915339592211,0.3003039664701005
IND362150AAA,1,1,1.6459026898439025e-05,0.0009904748888547913,0.3003037260774158
IND201304AAA,2,1,0.0,0.0010096861736211388,0.30030290585208635
IND624619AAA,2,1,1.828780766493225e-05,0.000984704054296606,0.30030272633935495
IND248001AAD,2,1,0.0004021488905518602,0.00047112769891705087,0.30030219786589585
IND680104AAA,1,1,0.00040269752478180816,0.00046982783942790135,0.3003020273617411
IND148102AAA,1,1,0.00040269752478180816,0.00046592683417203524,0.30030085706016435
IND643001AAA,1,1,1.682478305173767e-05,0.000974520613803875,0.30029908609736183
IND136027AAA,1,1,0.00040342903708840544,0.00045138508401531326,0.30029678714003993
IND695614AAA,1,1,0.00041147567246097564,0.0004378711038917808,0.30029595160015193
IND683565AAA,1,1,0.00040269752478180816,0.0004495250671967419,0.30029593653007175
IND477001AAA,1,1,0.00040214889055186,0.00044475870778972864,0.30029428716855766
IND244601AAB,2,1,0.00040269752478180816,0.0004409304616270432,0.3002933581484008
IND443301AAA,1,1,0.0004019660124752109,0.00043980072813156184,0.30029272662342954
IND788121AAA,1,1,0.0004019660124752109,0.00043806714589589475,0.3002922065487588
IND600056AAA,1,1,0.00040269752478180816,0.00043527472167722816,0.3002916614264159
IND643212AAA,1,1,1.6459026898439025e-05,0.000947681537593571,0.3002908880720374
IND743347AAA,1,1,0.00040269752478180816,0.00042925270906303325,0.3002898548226316
IND561202AAB,1,1,0.00040269752478180816,0.00042818381219348467,0.30028953415357074
IND799250AAA,1,1,0.00040269752478180816,0.000425956574001149,0.3002888659821131
IND603301AAA,1,1,0.00040269752478180816,0.0004240911773809821,0.30028830636312703
IND847226AAA,1,1,0.0004026975247818082,0.00042356577750437397,0.300288148743164
IND181152AAA,3,1,0.00020043437200765747,0.0006926494936245788,0.30028796859689044
IND415301AAB,1,1,0.0004019660124752109,0.0004239246316939583,0.30028796379449824
IND425508AAB,2,1,3.65756153298645e-06,0.000954655796058533,0.30028785976343075
IND521333AAA,2,1,0.0004021488905518601,0.0004209167301282758,0.30028713457525924
IND271210AAA,2,1,3.65756153298645e-07,0.0009565978592997066,0.30028712566025123
IND389151AAA,1,1,0.0004030632809351068,0.00041700392395127984,0.30028632648955944
IND743395AAA,1,1,0.00040269752478180816,0.00041063514191475703,0.30028426955248716
IND631102AAA,1,1,0.00040269752478180816,0.00041022926506042523,0.30028414778943086
IND206001AAA,1,1,0.0004026975247818082,0.0004055575993523658,0.3002827462897184
IND148101AAA,1,1,0.0004019660124752109,0.00040600604710159675,0.30028258821912057
IND450331AAA,1,1,1.097268459895935e-06,0.0009301490146904329,0.3002794836117911
IND141115AAA,2,1,0.0004030632809351067,0.0003934697663341095,0.30027926624227425
IND421601AAB,1,1,0.00040269752478180816,0.00039242273052620194,0.30027880582907057
IND577116AAA,3,1,3.65756153298645e-07,0.0009267473805616179,0.3002781705166298
IND000000ABA,1,1,0.0004019660124752109,0.0003866465281323131,0.30027678036342975
IND421802AAA,1,1,0.00040269752478180816,0.0003830068115219752,0.3002759810533693
IND713364AAB,1,1,0.00040269752478180816,0.00038153625727736475,0.30027553988709593
IND574104AAA,1,1,0.00040269752478180816,0.000377549875423207,0.30027434397253966
IND603102AAA,1,1,0.00040269752478180816,0.0003759326185648676,0.3002738587954822
IND410206AAA,2,1,0.00040196601247521077,0.0003748850711878059,0.3002732519263464
IND576101AAA,2,1,0.00037766684470379874,0.0004067119270574686,0.30027308031599875
IND743235AAA,1,1,0.00040269752478180816,0.00037112227717106663,0.300272415693064
IND152123AAA,1,1,0.00040269752478180816,0.0003672701906549899,0.3002712600671092
IND223101AAB,1,1,0.0004048920617016,0.00035926819789852964,0.3002697372840502
IND743513AAA,1,1,0.0004019660124752109,0.0003631055027553742,0.3002697180558167
IND515301AAA,1,1,0.0004019660124752109,0.0003616150245547185,0.3002692709123565
IND603001AAA,1,1,0.0004019660124752109,0.00035694059337339304,0.3002678685830021
IND847212AAA,1,1,0.0004019660124752109,0.00035677958926804787,0.3002678202817705
IND741123AAB,2,1,0.000267855422932372,0.0005340891067460572,0.30026736890119676
IND473331AAA,1,1,0.0004037947932417039,0.00034996437063935056,0.30026650722848847
IND140118AAA,1,1,0.00040269752478180816,0.0003474277692371755,0.30026530734068385
IND176303AAA,2,1,1.097268459895935e-06,0.0008818961893634387,0.30026500776419296
IND518501AAA,1,1,0.0004019660124752109,0.0003471399559640337,0.30026492839177926
IND641001AAA,2,1,2.7431711497398377e-06,0.0008784813104425732,0.30026464166159267
IND700144AAA,1,1,0.0004019660124752109,0.00034121000189664944,0.3002631494055591
IND632402AAA,1,1,0.0004019660124752109,0.0003407319024073669,0.30026300597571226
IND784125AAA,1,1,0.0004019660124752109,0.00034057281575544657,0.3002629582497167
IND580002AAA,2,1,0.0,0.0008735547900712804,0.30026206643702136
IND206122AAA,1,1,0.0004019660124752109,0.0003354516447439293,0.30026142189841326
IND176310AAA,1,1,1.097268459895935e-06,0.0008693146319602771,0.300261233296972
IND143001AAA,3,1,0.0,0.0008703766513584615,0.30026111299540753
IND387620AAB,1,1,0.00040269752478180816,0.00032875301427422496,0.30025970491419496
IND208019AAA,1,1,0.0,0.0008590563928986054,0.30025771691786957
IND421401AAC,1,1,0.0004019660124752109,0.0003197375605207735,0.30025670767314633
IND209206AAB,1,1,0.00040269752478180816,0.00031367219952908404,0.3002551806697714
IND251001AAA,1,1,0.0004019660124752109,0.00031190845341901377,0.30025435894101576
IND412803AAB,1,1,0.0004019660124752109,0.00030861104607685124,0.3002533697188131
IND713303AAA,1,1,0.0004019660124752109,0.0003070333519234635,0.3002528964105671
IND574227AAA,1,1,0.0004019660124752109,0.00030233241179946274,0.3002514861285299
IND584128AAA,1,1,0.0004030632809351068,0.00030072081386520617,0.3002514415565336
IND604303AAA,1,1,0.0004019660124752109,0.00029962517771725034,0.30025067395830524
IND152024AAA,1,1,0.0004019660124752109,0.00029009973266715675,0.3002478163247902
IND606801AAB,1,1,0.00040269752478180816,0.00028850216845724457,0.3002476296604499
IND507117AAB,2,1,0.0004016002563219122,0.0002893683377552599,0.3002474506038553
IND758035AAA,1,1,0.0,0.0008147794648668895,0.30024443383946003
IND671323AAD,1,1,0.00040269752478180816,0.000276115806369693,0.30024391375182363
IND140001AAA,1,1,0.0004019660124752109,0.00026679564613402124,0.30024082509883027
IND741101AAB,1,1,0.0004030632809351068,0.00026168716376289135,0.3002397314615029
IND402301AAA,1,1,3.65756153298645e-07,0.0007974071312465437,0.3002393684418353
IND402107AAA,1,1,3.65756153298645e-07,0.0007974071312465437,0.3002393684418353
IND402109AAA,1,1,3.65756153298645e-07,0.0007974071312465437,0.3002393684418353
IND401501AAA,1,1,0.0,0.0007974071312465436,0.30023922213937393
IND796321AAB,1,1,0.0,0.0007974071312465439,0.30023922213937393
IND401602AAA,1,1,0.0,0.0007974071312465436,0.30023922213937393
IND411017AAA,1,1,0.0,0.0007974071312465439,0.30023922213937393
IND412105AAC,1,1,0.0,0.0007974071312465439,0.30023922213937393
IND796009AAA,1,1,0.0,0.0007974071312465439,0.30023922213937393
IND400705AAA,1,1,0.0004023317686285095,0.00024862826471215815,0.30023552118686503
IND221010AAA,1,1,0.00040269752478180816,0.00023323372787716317,0.30023104912827586
IND638701AAA,1,1,1.6459026898439025e-05,0.0007420597764721179,0.300229201543701
IND464221AAA,1,1,0.00040525781785489867,0.00022298788209164247,0.30022899949176945
IND591102AAA,1,1,0.0004041605493950027,0.00022298788209164247,0.30022856058438546
IND204215AAA,1,1,0.0004041605493950027,0.00022298788209164247,0.30022856058438546
IND176110AAB,1,1,0.0004037947932417041,0.00022298788209164242,0.30022841428192415
IND176048AAA,1,1,0.0004037947932417041,0.00022298788209164247,0.30022841428192415
IND501301AAC,1,1,0.00040342903708840533,0.00022298788209164247,0.30022826797946284
IND689503AAB,1,1,0.00040342903708840544,0.00022298788209164247,0.30022826797946284
IND122503AAA,1,1,0.00040342903708840555,0.00022298788209164247,0.30022826797946284
IND562117AAA,1,1,0.00040342903708840544,0.00022298788209164247,0.30022826797946284
IND248122AAB,1,1,0.00040342903708840544,0.00022298788209164242,0.30022826797946284
IND502295AAA,1,1,0.00040342903708840533,0.00022298788209164242,0.30022826797946284
IND176061AAA,1,1,0.00040342903708840544,0.00022298788209164247,0.30022826797946284
IND581400AAB,2,1,0.0002008001281609561,0.0004879998692918287,0.3002267200120519
IND721636AAB,1,1,0.0,0.0007549354441036255,0.3002264806332311
IND638657AAA,1,1,1.682478305173767e-05,0.0007320980386958081,0.30022635932482944
IND642126AAA,2,1,0.0,0.0007534833047570268,0.3002260449914271
IND524101AAB,1,1,3.291805379687805e-06,0.0007458998960264518,0.3002250866909598
IND733129AAA,1,1,6.58361075937561e-06,0.0007369038959330657,0.3002237046130837
IND759122AAC,1,1,1.828780766493225e-06,0.0007426504820226534,0.3002235266569134
IND641664AAA,2,1,1.7190539205036316e-05,0.0007208219387700132,0.300223122797313
IND762001AAA,1,1,1.828780766493225e-06,0.0007410421821633144,0.30022304416695555
IND581115AAC,1,1,0.0,0.0007420817406522351,0.30022262452219567
IND798601AAA,1,1,0.0,0.00073968850777406,0.3002219065523322
IND262122AAB,1,1,0.0,0.0007391598330444477,0.3002217479499133
IND606803AAA,1,1,0.0004019660124752109,0.00019756300504148382,0.30022005530650253
IND276129AAA,1,1,1.6459026898439025e-05,0.0007083523110106002,0.30021908930406255
IND462042AAA,1,1,0.0,0.0007282899176710855,0.3002184869753013
IND517644AAA,1,1,3.291805379687805e-06,0.0007221075691960955,0.3002179489929107
IND524132AAA,1,1,3.291805379687805e-06,0.0007201503030914655,0.3002173618130793
IND814133AAA,1,1,0.00030129163127975885,0.00031834548999954955,0.3002160202995118
IND516115AAA,1,1,3.291805379687805e-06,0.0007045393143691232,0.3002126785164626
IND624703AAA,2,1,1.2069953058855286e-05,0.0006918091750503117,0.30021237073373863
IND322001AAC,1,1,1.2801465365452575e-05,0.0006810599310523851,0.3002094385654619
IND222001AAA,2,1,4.754829992882385e-06,0.0006850897442186366,0.30020742885526275
IND854105AAA,1,1,0.00020134876239090408,0.00040928216195125825,0.30020332415354173
IND516101AAA,1,1,3.291805379687805e-06,0.0006729668858019508,0.3002032067878925
IND140406AAA,1,1,0.0002008001281609561,0.00040950726938245025,0.3002031722320791
IND403401AAA,1,1,0.0,0.0006757583971157293,0.3002027275191347
IND304001AAA,2,1,1.2069953058855286e-05,0.000658783220412518,0.30020246294734726
IND600048AAA,2,1,0.0,0.0006726125013531328,0.3002017837504059
IND411043AAA,1,1,0.0,0.0006726018504645626,0.30020178055513935
IND517583AAA,1,1,3.291805379687805e-06,0.0006650140462678796,0.30020082093603223
IND142401AAA,2,1,0.0,0.0006570137529600503,0.300197104125888
IND781102AAA,2,1,0.0002015316404675534,0.0003789373769821701,0.30019429386928165
IND561203AAB,1,1,0.0,0.0006471860209007137,0.3001941558062702
IND792120AAB,1,1,0.0,0.0006464506445402475,0.30019393519336207
IND712612AAA,1,1,0.0002008001281609561,0.00037821090930686757,0.30019378332405644
IND424304AAC,3,1,0.0,0.0006443326058409623,0.3001932997817523
IND785621AAA,2,1,2.1396734967970734e-05,0.0006155827745295531,0.300193233526346
IND322241AAA,1,1,2.779746765069702e-05,0.0006061773367539056,0.30019297218808644
IND395001AAA,1,1,0.0,0.0006423315271313181,0.30019269945813937
IND786125AAA,2,1,0.0,0.000640983082036539,0.30019229492461097
IND360490AAA,1,1,7.680879219271545e-06,0.0006262272236333897,0.3001909405187777
IND246149AAA,1,1,0.0,0.0006355089844264511,0.3001906526953279
IND788713AAA,2,1,0.0,0.0006332820357297461,0.3001899846107189
IND571440AAA,1,1,5.486342299479675e-06,0.0006250984922313225,0.30018972408458916
IND560085AAA,3,1,0.0,0.0006319583906224713,0.3001895875171867
IND560058AAD,3,1,0.0,0.0006287823892007135,0.3001886347167602
IND853204AAA,2,1,3.65756153298645e-07,0.0006249529527523342,0.30018763218828703
IND581119AAB,1,1,0.0,0.0006193548293512538,0.3001858064488054
IND110093AAA,1,1,0.0,0.0006147259061357704,0.30018441777184074
IND322230AAA,1,1,2.706595534409973e-05,0.0005710544413767735,0.3001821427145507
IND360410AAA,1,1,7.680879219271545e-06,0.0005958865314780954,0.3001818383111311
IND425201AAA,1,1,0.0,0.0005980994760821535,0.30017942984282464
IND334001AAB,1,1,0.0002008001281609561,0.00032859124219966385,0.3001788974239243
IND395009AAA,1,1,0.0,0.0005928421682021759,0.30017785265046065
IND785690AAB,1,1,0.0,0.000585790481581598,0.3001757371444745
IND396580AAB,1,1,0.0,0.0005853476500123671,0.3001756042950037
IND626607AAB,1,1,2.0482344584724122e-05,0.0005558654750225003,0.3001749525803406
IND395004AAB,1,1,0.0,0.0005808991501164757,0.3001742697450349
IND462011AAA,1,1,0.0,0.0005800073241093625,0.3001740021972328
IND176201AAA,1,1,0.0,0.0005784412587122731,0.3001735323776137
IND411048AAA,1,1,0.0,0.000573743020043899,0.30017212290601314
IND360370AAA,1,1,7.680879219271545e-06,0.0005599409721137678,0.30017105464332183
IND643231AAA,1,1,0.0,0.0005689732721387937,0.30017069198164165
IND303303AAA,2,1,2.633444303750244e-05,0.0005296287788229348,0.30016942241086186
IND562108AAA,1,1,0.0,0.0005576835154939991,0.30016730505464817
IND621704AAA,1,1,4.38907383958374e-06,0.0005510635294173213,0.300167074688361
IND852118A1B,3,1,0.0001338179846201976,0.0003773055574493265,0.30016671886108287
IND764020AAC,1,1,0.0,0.000552297058832339,0.3001656891176497
IND483225AAA,1,1,0.0,0.0005520904187365991,0.30016562712562095
IND431112AAB,2,1,0.0,0.00054948070709278,0.3001648442121278
IND360530AAB,1,1,7.680879219271545e-06,0.0005373421665510025,0.300164275001653
IND403002AAA,1,1,0.0,0.0005426784680150512,0.3001628035404045
IND623704AAA,1,1,2.0482344584724122e-05,0.0005120296485783577,0.30016180183240737
IND160055AAA,2,1,0.0,0.000535123902660361,0.3001605371707981
IND688009AAA,1,1,4.38907383958374e-06,0.000525311702606566,0.3001593491403178
IND243002AAA,1,1,0.0,0.0005311535003612608,0.30015934605010836
IND586101AAA,1,1,0.00020116588431425475,0.0002593426788553568,0.3001582691573823
IND403601AAA,1,1,0.0,0.0005248380494591238,0.30015745141483774
IND563116AAA,2,1,3.0479679441553747e-07,0.0005198925796152506,0.3001560896926023
IND444303AAA,1,1,0.0,0.0005184436394806091,0.3001555330918442
IND638501AAB,1,1,1.1338440752257995e-05,0.0005023315659081409,0.3001552348460733
IND396001AAA,1,1,6.217854606076965e-06,0.000509147242603709,0.3001552313146235
IND305601AAC,1,1,0.0,0.0005161323675859931,0.3001548397102758
IND700088AAA,1,1,0.0,0.0005154101509196223,0.30015462304527585
IND000000AAL,1,1,0.0,0.00051459590246751,0.30015437877074025
IND628613AAA,1,1,6.58361075937561e-06,0.0005041437868943675,0.30015387658037207
IND621212AAA,2,1,4.023317686285095e-06,0.0005060891269561112,0.3001534360651613
IND509103AAC,2,1,0.0,0.0005076522471605363,0.30015229567414814
IND614620AAA,1,1,9.875416139063415e-06,0.0004938575425101776,0.30015210742920867
IND303338AAB,2,1,6.58361075937561e-06,0.0004954878664928895,0.3001512798042516
IND532421AAA,1,1,0.0,0.0005033768735292099,0.30015101306205877
IND201307AAA,1,1,0.0,0.0005033314400919492,0.30015099943202755
IND271201AAA,1,1,0.0,0.0005030588275757641,0.30015091764827273
IND360510AAB,1,1,7.680879219271545e-06,0.0004910419321243189,0.300150384931325
IND335524AAA,2,1,0.0,0.0004967646626281612,0.30014902939878846
IND500035AAA,1,1,0.0,0.0004966404503968686,0.30014899213511903
IND421301AAA,1,1,0.0,0.0004931056465519325,0.3001479316939656
IND623526AAA,1,1,1.975083227812683e-05,0.00046050220232410447,0.30014605099360847
IND639104AAB,1,1,2.19453691979187e-06,0.00048257185594005044,0.3001456493715499
IND410501AAF,1,1,0.0,0.00048303925493077234,0.30014491177647923
IND274304AAA,2,1,2.3774149964411924e-06,0.00047978022669672673,0.3001448850340076
IND335703AAA,1,1,0.0,0.00048250369256175427,0.3001447511077685
IND306304AAB,1,1,0.0,0.0004819134353687175,0.3001445740306106
IND201005AAA,1,1,0.0,0.00048081051891441906,0.30014424315567434
IND000000ADM,1,1,0.0,0.00047623047077551976,0.30014286914123267
IND203390AAA,2,1,7.3151230659729e-06,0.0004655254701372346,0.30014258369026753
IND160003AAA,1,1,0.0,0.0004748453076735942,0.30014245359230207
IND403507AAA,1,1,0.0,0.000474586462354092,0.30014237593870624
IND144001AAA,1,1,0.0,0.00047428250495727713,0.3001422847514872
IND421302AAF,1,1,0.0,0.00046908237695456224,0.30014072471308634
IND208006AAA,1,1,0.0,0.00046689607117036177,0.3001400688213511
IND638452AAA,1,1,1.170419690555664e-05,0.0004496472957046976,0.30013957586747364
IND400701AAB,2,1,0.0,0.00046227252470742335,0.3001386817574122
IND209801AAA,1,1,0.0,0.00046155388105667544,0.300138466164317
IND395006AAA,1,1,0.0,0.000461075406520324,0.3001383226219561
IND411021AAA,1,1,0.0,0.0004603422228573225,0.3001381026668572
IND627657AAA,1,1,6.217854606076965e-06,0.00045070122990998967,0.3001376975108154
IND396445AAA,1,1,6.217854606076965e-06,0.00044986827850630886,0.3001374476253943
IND515865AAB,1,1,0.0,0.00045691511183588274,0.30013707453355076
IND500039AAD,1,1,0.0,0.0004517074500064254,0.3001355122350019
IND622407AAA,1,1,1.46302461319458e-06,0.00044711618334693416,0.30013472006484937
IND803116AAA,1,1,1.46302461319458e-06,0.0004471161833469341,0.30013472006484937
IND431717AAA,1,1,0.0,0.0004473694573573371,0.3001342108372072
IND181201AAB,1,1,0.0,0.00044675194037183027,0.30013402558211155
IND360575AAA,1,1,7.680879219271545e-06,0.0004363940934861537,0.30013399057973356
IND302026AAA,1,1,0.0,0.00044620441773439657,0.30013386132532033
IND623315AAB,1,1,5.486342299479675e-06,0.0004378453192580446,0.3001335481326972
IND523226AAA,1,1,0.0,0.0004439715574410729,0.30013319146723233
IND781124AAA,1,1,0.0002015316404675534,0.00017205470279626128,0.3001322290670259
IND335803AAA,1,1,0.0,0.00043988697478661596,0.300131966092436
IND509216AAC,2,1,0.0,0.0004392514064274818,0.30013177542192826
IND821307AAA,1,1,0.0,0.00043922090520829394,0.30013176627156246
IND843105AAB,1,1,0.0,0.0004368072042331999,0.30013104216126996
IND515401AAB,1,1,0.0,0.00043547933669071595,0.3001306438010072
IND691506AAA,1,1,1.4264489978647155e-05,0.00041593134511912807,0.3001304851995272
IND380054AAA,1,1,0.0,0.00043313700156788406,0.30012994110047037
IND792121AAB,1,1,0.0,0.0004326090742639513,0.3001297827222792
IND341503AAB,1,1,0.0,0.00043123215495354824,0.30012936964648607
IND277303AAC,1,1,1.4264489978647155e-05,0.00041219029156028313,0.30012936288345954
IND608301AAA,1,1,3.65756153298645e-06,0.0004253394392023585,0.3001290648563739
IND575014AAA,1,1,5.9618252987679136e-05,0.0003498011108331805,0.300128787634445
IND222125AAB,1,1,2.19453691979187e-06,0.0004260773989179238,0.3001287010344433
IND131028AAE,1,1,0.0,0.0004261470374556947,0.3001278441112367
IND410503AAA,1,1,0.0,0.00042516950422921354,0.30012755085126874
IND125050AAA,1,1,0.0,0.0004245836024712034,0.30012737508074133
IND623503AAA,1,1,1.828780766493225e-05,0.0003988465745804,0.30012696909544007
IND636102AAA,1,1,0.0,0.0004195147491565285,0.30012585442474693
IND110020AAB,1,1,0.0,0.000418005263176377,0.3001254015789529
IND722101AAB,1,1,0.0,0.0004169148714888993,0.30012507446144665
IND302006AAC,1,1,0.0,0.0004159156552018177,0.3001247746965605
IND390018AAB,1,1,0.0,0.0004127329293679848,0.30012381987881037
IND722143AAB,1,1,0.0,0.0004114277125155245,0.30012342831375466
IND500010AAB,1,1,0.0,0.00041032561344245586,0.3001230976840327
IND641654AAA,1,1,0.0,0.00040905327860450106,0.3001227159835813
IND144401AAB,1,1,0.0,0.00040845715242113657,0.30012253714572634
IND387001AAA,1,1,0.0,0.0004083103505375553,0.30012249310516126
IND341030AAA,1,1,0.0,0.0004073558411360851,0.3001222067523408
IND411036AAA,1,1,0.0,0.0004039576679969054,0.30012118730039905
IND638401AAA,1,1,1.2069953058855286e-05,0.0003877459310344074,0.30012115176053383
IND361335AAA,2,1,1.097268459895935e-06,0.00039847527525859643,0.30011998148996155
IND768028AAB,1,1,7.3151230659729e-07,0.0003972224469251342,0.3001194593390002
IND628204AAA,1,1,5.85209845277832e-06,0.0003881517293884018,0.3001187863581976
IND160102AAC,1,1,0.0,0.00039582012474446564,0.30011874603742333
IND625218AAA,1,1,8.412391525868835e-06,0.00038449787667534373,0.30011871431961296
IND152107AAA,2,1,0.0,0.000393617607362213,0.3001180852822087
IND523230AAA,1,1,0.0,0.0003935799606144469,0.3001180739881843
IND792110AAA,1,1,0.0,0.0003929395582301176,0.300117881867469
IND362225AAA,1,1,0.0,0.0003917285223693413,0.3001175185567108
IND303503AAA,1,1,0.0,0.00039047922742346347,0.300117143768227
IND486886AAA,1,1,3.291805379687805e-06,0.00038414980434516537,0.3001165616634554
IND805110AAD,1,1,2.19453691979187e-06,0.0003841498043451653,0.30011612275607147
IND630002AAA,1,1,2.19453691979187e-06,0.00038414980434516537,0.30011612275607147
IND691574AAA,2,1,9.875416139063415e-06,0.00037295786431282215,0.30011583752574944
IND262802AAA,1,1,1.097268459895935e-06,0.00038414980434516537,0.3001156838486875
IND476001AAA,1,1,0.0,0.0003835087246510496,0.3001150526173953
IND302020AAA,1,1,0.0,0.00038339893626874154,0.3001150196808806
IND768028AAA,1,1,7.3151230659729e-07,0.0003794281589542531,0.30011412105260893
IND382715AAA,1,1,0.0,0.0003766350114171544,0.30011299050342516
IND583119AAA,1,1,0.0,0.0003757474508259028,0.30011272423524776
IND623407AAA,1,1,1.097268459895935e-06,0.0003731831480599961,0.30011239385180194
IND470117AAA,2,1,5.486342299479675e-07,0.0003732437873599964,0.30011219258989996
IND781003AAA,1,1,0.0,0.00037345424952240616,0.3001120362748567
IND635207AAA,1,1,0.0,0.00037147226603187754,0.3001114416798096
IND303901AAA,1,1,0.0,0.00037108558644058403,0.3001113256759322
IND802119AAA,1,1,0.0,0.00037042784016036966,0.3001111283520481
IND581343AAC,1,1,0.0,0.0003703265524928111,0.3001110979657478
IND333042AAA,1,1,0.0,0.0003677549929604984,0.30011032649788816
IND416606AAA,1,1,0.0,0.00036746146533132645,0.3001102384395994
IND563130AAA,2,1,3.0479679441553747e-07,0.00036495913706217437,0.3001096096598364
IND845412AAB,1,1,0.0,0.0003615320744730154,0.3001084596223419
IND208012AAA,1,1,0.0,0.0003609062239538892,0.30010827186718614
IND403507AAB,1,1,0.0,0.0003609034827822204,0.3001082710448347
IND577598AAB,1,1,0.0,0.00036080333413755186,0.30010824100024125
IND521301AAA,1,1,0.0,0.00035984417429954643,0.30010795325228984
IND713103AAA,1,1,0.0,0.0003573707992366341,0.30010721123977097
IND201301AAD,1,1,0.0,0.00035629210463869053,0.3001068876313916
IND841226AAB,2,1,7.3151230659729e-07,0.00035235855533603545,0.30010600017152345
IND627401AAA,1,1,2.5602930730905153e-06,0.0003492490369277899,0.30010579882830757
IND733134AAA,1,1,0.0,0.0003514678993829933,0.3001054403698149
IND263139AAA,1,1,0.0,0.00035099368806237164,0.3001052981064187
IND673305AAA,2,1,0.0,0.00035000818699095756,0.3001050024560973
IND623701AAA,1,1,1.609327074514038e-05,0.0003273230756653612,0.30010463423099765
IND532440AAA,1,1,0.0,0.00034835543003961737,0.3001045066290119
IND520011AAA,1,1,0.0,0.0003483346624031145,0.30010450039872094
IND673121AAA,1,1,0.0,0.0003480372695729738,0.3001044111808719
IND413307AAC,1,1,0.0,0.00034569889847608457,0.3001037096695428
IND400102AAB,1,1,0.0,0.00034539765193428585,0.30010361929558027
IND465333AAA,2,1,0.0,0.00034405435903275827,0.3001032163077098
IND600004AAA,1,1,0.0,0.0003434365989795957,0.3001030309796939
IND757025AAA,1,1,0.0,0.00034328174606693183,0.30010298452382006
IND201204AAA,1,1,0.0,0.0003428490717586421,0.3001028547215276
IND110083AAA,1,1,0.0,0.00034282549008406355,0.3001028476470252
IND400072AAA,1,1,0.0,0.00034131523386194594,0.3001023945701586
IND582209AAA,1,1,0.0,0.00034101082417440097,0.3001023032472523
IND413531AAA,1,1,0.0,0.0003403862886823931,0.3001021158866047
IND302006AAA,1,1,0.0,0.00033805246429981066,0.30010141573928995
IND733102AAA,2,1,9.875416139063415e-06,0.00032341409442469387,0.300100974394783
IND205135AAA,1,1,0.0,0.0003359311477981852,0.30010077934433943
IND110030AAD,2,1,0.0,0.00033547652627288754,0.30010064295788186
IND121004AAC,1,1,0.0,0.00033449181966578497,0.3001003475458997
IND134102AAA,2,1,1.828780766493225e-07,0.0003340856588509911,0.30010029884888595
IND627117AAA,1,1,0.0,0.00033049613846848164,0.30009914884154054
IND518222AAA,1,1,0.0,0.0003287026019824001,0.3000986107805947
IND242221AAA,1,1,0.0,0.00032857843735610093,0.30009857353120684
IND275101AAA,1,1,0.0,0.0003283484673913355,0.3000985045402174
IND110035AAC,1,1,0.0,0.0003279940864098384,0.30009839822592294
IND770001AAA,2,1,7.3151230659729e-07,0.000325451456925034,0.30009792804200014
IND121102AAA,1,1,0.0,0.0003241532458854194,0.30009724597376564
IND413401AAA,1,1,0.0,0.0003236412314865835,0.300097092369446
IND110095AAB,1,1,0.0,0.00032293136792785863,0.3000968794103783
IND628801AAA,1,1,5.486342299479675e-06,0.0003147867163601054,0.30009663055182784
IND201001AAA,1,1,0.0,0.00032134983609175807,0.3000964049508275
IND423106AAA,2,1,0.0,0.00032074941364314795,0.3000962248240929
IND147201AAA,2,1,1.097268459895935e-06,0.00031836967244431544,0.30009594980911725
IND624202AAA,1,1,6.217854606076965e-06,0.00031025861507435185,0.3000955647263647
IND400612AAA,1,1,0.0,0.0003172573479213461,0.3000951772043764
IND201301AAM,1,1,0.0,0.0003170636887166895,0.300095119106615
IND641011AAA,1,1,2.7431711497398377e-06,0.0003128851851435131,0.30009496282400294
IND784101AAA,1,1,0.0,0.000315545833682044,0.30009466375010463
IND631003AAA,1,1,0.0,0.00031502442976301387,0.3000945073289289
IND231225AAB,1,1,2.92604922638916e-06,0.0003100915529268941,0.3000941978855686
IND577598AAC,1,1,0.0,0.0003137645064332519,0.30009412935193
IND614616AAA,1,1,2.19453691979187e-06,0.0003100915529268941,0.300093905280646
IND803101AAA,1,1,2.19453691979187e-06,0.0003100915529268941,0.300093905280646
IND600044AAE,1,1,0.0,0.00031253694895547467,0.3000937610846866
IND303008AAB,1,1,2.7431711497398377e-06,0.00030884766487297976,0.3000937515679218
IND000000AEL,1,1,0.0,0.0003122355270135114,0.30009367065810405
IND262701AAA,1,1,1.46302461319458e-06,0.0003100915529268941,0.3000936126757233
IND560077AAA,1,1,0.0,0.0003113251889658864,0.30009339755668973
IND124103AAA,1,1,0.0,0.0003111150914387925,0.30009333452743164
IND614018AAA,1,1,7.3151230659729e-07,0.0003100915529268941,0.3000933200708007
IND363421AAB,1,1,7.3151230659729e-07,0.0003100915529268941,0.3000933200708007
IND722101AAA,1,1,0.0,0.0003101581517355013,0.3000930474455206
IND825102AAA,1,1,0.0,0.00030999069895986005,0.30009299720968796
IND174307AAA,1,1,0.0,0.00030904983758543237,0.3000927149512756
IND534260AAC,1,1,0.0,0.0003075010469871974,0.30009225031409614
IND363330AAB,1,1,0.0,0.00030747033236905156,0.3000922410997107
IND731204AAB,1,1,0.0,0.0003062723067081793,0.30009188169201245
IND700136AAB,1,1,0.0,0.0003059762173997285,0.3000917928652199
IND679322AAA,1,1,3.291805379687805e-06,0.0003015561806660665,0.3000917835763517
IND410401AAA,1,1,0.0,0.0003055467441474262,0.3000916640232442
IND400706AAA,1,1,0.0,0.00030475190800770464,0.3000914255724023
IND247667AAB,1,1,0.0,0.00030381635660867477,0.3000911449069826
IND121004AAA,1,1,0.0,0.0003035112019790114,0.3000910533605937
IND110078AAA,1,1,0.0,0.0003029499263951515,0.3000908849779185
IND484224AAA,1,1,0.0,0.00030167485975872367,0.3000905024579276
IND247667AAA,1,1,0.0,0.0003014083358113919,0.3000904225007434
IND207123AAA,1,1,0.0,0.00030026592651978594,0.30009007977795593
IND686540AAA,2,1,5.1205861461810305e-06,0.0002914748145112973,0.30008949067881185
IND484551AAA,1,1,0.0,0.000297006247131369,0.3000891018741394
IND110043AAC,1,1,0.0,0.0002965767843027185,0.3000889730352908
IND689645AAA,1,1,0.0,0.00029509712011392865,0.3000885291360342
IND524003AAA,1,1,0.0,0.0002940938337742204,0.30008822815013225
IND282001AAC,1,1,0.0,0.0002926749212235618,0.30008780247636707
IND121001AAA,1,1,0.0,0.0002915671627753769,0.3000874701488326
IND602001AAA,1,1,0.0,0.00028575619124778645,0.30008572685737434
IND793150AAA,1,1,0.0,0.00028485284455117784,0.3000854558533653
IND126116AAA,1,1,0.0,0.0002847953268182363,0.3000854385980455
IND302022AAD,1,1,0.0,0.00028459288410509465,0.30008537786523154
IND333001AAA,1,1,0.0,0.0002838017580791046,0.30008514052742374
IND303301AAB,1,1,0.0,0.00028062304873068954,0.3000841869146192
IND370615AAB,2,1,0.0,0.00028050662221733644,0.3000841519866652
IND263002AAA,1,1,0.0,0.00028049511606289754,0.30008414853481885
IND110037AAK,1,1,0.0,0.0002801501944038431,0.30008404505832115
IND383255AAB,1,1,0.0,0.00027967184332957555,0.30008390155299886
IND209721AAB,1,1,0.0,0.00027947189670730015,0.3000838415690122
IND560067AAC,1,1,0.0,0.0002792977976332534,0.30008378933929
IND121002AAB,1,1,0.0,0.0002775711989489697,0.30008327135968466
IND832109AAB,1,1,0.0,0.0002766284402225807,0.3000829885320668
IND627811AAA,1,1,2.19453691979187e-06,0.00026903014867511846,0.3000815868593704
IND486001AAA,2,1,0.0,0.0002715202847489531,0.3000814560854247
IND508213AAB,1,1,0.0,0.0002705540956622792,0.3000811662286987
IND473001AAA,1,1,3.65756153298645e-07,0.0002698554436985332,0.3000811029355709
IND843329AAB,1,1,0.0,0.00026972995091922245,0.3000809189852758
IND676306AAA,1,1,1.0241172292362061e-05,0.00025386460226158795,0.3000802558495954
IND382721AAA,2,1,0.0,0.0002673328788241228,0.3000801998636472
IND231205AAA,1,1,0.0,0.00026575221159114306,0.30007972566347735
IND509324AAA,1,1,0.0,0.00026300683811960587,0.3000789020514359
IND203396AAB,1,1,0.0,0.0002612763375350757,0.3000783829012605
IND401209AAA,1,1,0.0,0.00025885737992687824,0.30007765721397806
IND689650AAA,1,1,0.0,0.00025884443466131426,0.3000776533303984
IND410206AAB,1,1,0.0,0.00025859175225250363,0.30007757752567576
IND508277AAB,1,1,0.0,0.0002558783489294565,0.3000767635046788
IND583231AAA,1,1,0.0,0.00025541744520727174,0.30007662523356216
IND781005AAA,1,1,0.0,0.00025466127766237556,0.3000763983832987
IND345021AAA,2,1,0.0,0.00025341834894616693,0.3000760255046838
IND110052AAA,1,1,0.0,0.0002492772575049098,0.30007478317725145
IND385320AAA,1,1,0.0,0.0002489703192286584,0.30007469109576856
IND412210AAC,1,1,0.0,0.0002483143402587511,0.3000744943020776
IND425109AAA,1,1,2.92604922638916e-06,0.00023867445063603302,0.30007277275488137
IND273303AAA,1,1,1.828780766493225e-07,0.0002410985015476279,0.30007240270169494
IND781022AAA,1,1,0.0,0.00023201272200386113,0.30006960381660114
IND396232AAA,1,1,0.0,0.00022893291345453277,0.30006867987403635
IND752056AAA,2,1,0.0,0.00022857705914553877,0.30006857311774365
IND624101AAA,1,1,4.023317686285095e-06,0.00022308586228938669,0.3000685350857613
IND110039AAA,1,1,0.0,0.00022837700806019762,0.30006851310241806
IND203131AAA,1,1,2.92604922638916e-06,0.00022298788209164247,0.300068066784318
IND625106AAA,1,1,2.5602930730905153e-06,0.00022298788209164247,0.3000679204818567
IND621010AAA,1,1,2.19453691979187e-06,0.00022298788209164247,0.3000677741793954
IND231217AAA,1,1,1.828780766493225e-06,0.00022298788209164242,0.3000676278769341
IND614804AAA,1,1,1.46302461319458e-06,0.00022298788209164247,0.30006748157447277
IND804420AAA,1,1,1.46302461319458e-06,0.00022298788209164247,0.30006748157447277
IND736146AAA,1,1,1.097268459895935e-06,0.00022298788209164247,0.30006733527201146
IND261001AAA,1,1,1.097268459895935e-06,0.00022298788209164247,0.30006733527201146
IND363001AAA,1,1,7.3151230659729e-07,0.00022298788209164242,0.30006718896955015
IND609001AAA,1,1,7.3151230659729e-07,0.00022298788209164247,0.30006718896955015
IND841301AAC,1,1,7.3151230659729e-07,0.00022298788209164247,0.30006718896955015
IND847103AAA,1,1,0.0,0.00022381388468703983,0.3000671441654061
IND442101AAB,1,1,3.65756153298645e-07,0.00022298788209164247,0.3000670426670888
IND621112AAA,1,1,3.65756153298645e-07,0.00022298788209164247,0.3000670426670888
IND802301AAA,1,1,3.65756153298645e-07,0.00022298788209164242,0.3000670426670888
IND221303AAA,1,1,3.65756153298645e-07,0.00022298788209164247,0.3000670426670888
IND000000ACN,1,1,3.65756153298645e-07,0.00022298788209164247,0.3000670426670888
IND441912AAA,1,1,3.65756153298645e-07,0.00022298788209164247,0.3000670426670888
IND494334AAB,1,1,3.65756153298645e-07,0.00022298788209164247,0.3000670426670888
IND495334AAB,1,1,3.65756153298645e-07,0.00022298788209164247,0.3000670426670888
IND733202AAB,1,1,3.65756153298645e-07,0.00022298788209164247,0.3000670426670888
IND224141AAB,1,1,3.65756153298645e-07,0.00022298788209164247,0.3000670426670888
IND000000AFF,1,1,3.65756153298645e-07,0.00022298788209164247,0.3000670426670888
IND360311AAA,1,1,3.65756153298645e-07,0.00022298788209164247,0.3000670426670888
IND562125AAA,1,1,3.65756153298645e-07,0.00022298788209164242,0.3000670426670888
IND571401AAA,1,1,3.65756153298645e-07,0.00022298788209164247,0.3000670426670888
IND638001AAA,1,1,3.65756153298645e-07,0.00022298788209164247,0.3000670426670888
IND505325AAA,1,1,0.0,0.0002187967215365841,0.30006563901646094
IND140501AAA,1,1,0.0,0.0002177534451592821,0.3000653260335478
IND571114AAA,2,1,1.46302461319458e-06,0.0002154254050682919,0.3000652128313658
IND531163AAA,1,1,1.828780766493225e-07,0.00021545098728202475,0.30006470844741523
IND361315AAA,1,1,0.0,0.00021448834418047165,0.30006434650325414
IND680712AAA,1,1,0.0,0.00021420627545643098,0.3000642618826369
IND414203AAB,1,1,0.0,0.00021369299254318628,0.30006410789776294
IND152101AAA,1,1,0.0,0.00021120003142252754,0.30006336000942674
IND244901AAC,1,1,4.2671551218175244e-07,0.0002073290057089962,0.3000623693879176
IND828401AAB,1,1,0.0,0.0002065927254400171,0.300061977817632
IND122001AAD,1,1,0.0,0.00020039927213383777,0.30006011978164016
IND488001AAA,1,1,0.0,0.0001998691680801476,0.300059960750424
IND303002AAA,1,1,0.0,0.0001987124637498164,0.30005961373912493
IND141109AAA,2,1,0.0,0.0001903916607005066,0.3000571174982101
IND457226AAA,1,1,0.0,0.00019007453801495549,0.30005702236140447
IND473443AAA,1,1,0.0,0.00018268014829189434,0.30005480404448753
IND244501AAA,1,1,0.0,0.00018122067791110838,0.30005436620337333
IND571432AAB,1,1,0.0,0.00017509532538746692,0.3000525285976162
IND637211AAA,1,1,0.0,0.00017059464723091485,0.3000511783941693
IND563131AAA,1,1,0.0,0.00016841485589862845,0.30005052445676955
IND505467AAA,1,1,0.0,0.00016699194581386255,0.3000500975837441
IND363621AAB,1,1,0.0,0.000166008725307649,0.3000498026175923
IND742148AAA,1,1,0.0,0.00016588105706586147,0.30004976431711977
IND625531AAA,1,1,3.65756153298645e-07,0.00016487543302800222,0.3000496089323697
IND811105AAA,1,1,0.0,0.00016305550962305833,0.3000489166528869
IND321022AAA,1,1,0.0,0.0001580028680050298,0.3000474008604015
IND812002AAA,1,1,0.0,0.00015735573137637437,0.30004720671941293
IND424101AAA,1,1,2.5602930730905153e-06,0.00014819801890665632,0.3000454835229012
IND396105AAA,1,1,0.0,0.0001484472474786103,0.3000445341742436
IND425401AAA,1,1,5.1205861461810305e-06,0.00013897648121592796,0.30004374117882326
IND826001AAC,0,1,0.0,0.00012052430725825088,0.3000361572921775
IND841101AAA,0,1,0.0,0.00012052430725825088,0.3000361572921775
IND621306AAA,0,1,0.0,0.00012052430725825088,0.3000361572921775
IND000000AAQ,0,1,0.0,0.00012052430725825088,0.3000361572921775
IND361001AAA,0,1,0.0,0.00012052430725825088,0.3000361572921775
IND360003AAA,0,1,0.0,0.00012052430725825088,0.3000361572921775
IND600083AAA,0,1,0.0,0.00012052430725825088,0.3000361572921775
IND600073AAA,0,1,0.0,0.00012052430725825088,0.3000361572921775
IND602001AAB,0,1,0.0,0.00012052430725825088,0.3000361572921775
IND134109AAA,0,1,0.0,0.00012052430725825088,0.3000361572921775
IND614602AAA,0,1,0.0,0.00012052430725825088,0.3000361572921775
IND141010AAA,0,1,0.0,0.00012052430725825088,0.3000361572921775
IND620020AAA,0,1,0.0,0.00012052430725825088,0.3000361572921775
IND621211AAA,0,1,0.0,0.00012052430725825088,0.3000361572921775
IND768216AAA,0,1,0.0,0.00012052430725825088,0.3000361572921775
IND768201AAA,0,1,0.0,0.00012052430725825088,0.3000361572921775
IND133004AAA,0,1,0.0,0.00012052430725825088,0.3000361572921775
IND560027AAA,0,1,0.0,0.00012052430725825088,0.3000361572921775
IND000000ABG,0,1,0.0,0.00012052430725825088,0.3000361572921775
IND303108AAB,0,1,0.0,0.00012052430725825088,0.3000361572921775
IND673573AAA,0,1,0.0,0.00012052430725825088,0.3000361572921775
IND790001AAB,0,1,0.0,0.00012052430725825088,0.3000361572921775
IND445101AAA,0,1,0.0,0.00012052430725825088,0.3000361572921775
IND791109AAA,0,1,0.0,0.00012052430725825088,0.3000361572921775
IND131021AAA,0,1,0.0,0.00012052430725825088,0.3000361572921775
IND671315AAA,0,1,0.0,0.00012052430725825088,0.3000361572921775
IND262405AAA,0,1,0.0,0.00012052430725825088,0.3000361572921775
IND781001AAA,0,1,0.0,0.00012052430725825088,0.3000361572921775
IND683572AAA,0,1,0.0,0.00012052430725825088,0.3000361572921775
IND679329AAA,0,1,0.0,0.00012052430725825088,0.3000361572921775
IND421302AAN,0,1,0.0,0.00012052430725825088,0.3000361572921775
IND261201AAB,0,1,0.0,0.00012052430725825088,0.3000361572921775
IND250221AAA,0,1,0.0,0.00012052430725825088,0.3000361572921775
IND248197AAA,0,1,0.0,0.00012052430725825088,0.3000361572921775
IND246001AAA,0,1,0.0,0.00012052430725825088,0.3000361572921775
IND688524AAA,0,1,0.0,0.00012052430725825088,0.3000361572921775
IND421502AAA,0,1,0.0,0.00012052430725825088,0.3000361572921775
IND495677AAA,0,1,0.0,0.00012052430725825088,0.3000361572921775
IND695012AAB,0,1,0.0,0.00012052430725825088,0.3000361572921775
IND700136AAG,0,1,0.0,0.00012052430725825088,0.3000361572921775
IND690537AAA,0,1,0.0,0.00012052430725825088,0.3000361572921775
IND562159AAA,0,1,0.0,0.00012052430725825088,0.3000361572921775
IND562132AAC,0,1,0.0,0.00012052430725825088,0.3000361572921775
IND700065AAB,0,1,0.0,0.00012052430725825088,0.3000361572921775
IND441904AAB,0,1,0.0,0.00012052430725825088,0.3000361572921775
IND560099AAG,0,1,0.0,0.00012052430725825088,0.3000361572921775
IND444602AAA,0,1,0.0,0.00012052430725825088,0.3000361572921775
IND442001AAA,0,1,0.0,0.00012052430725825088,0.3000361572921775
IND396191AAB,0,1,0.0,0.00012052430725825088,0.3000361572921775
IND441614AAA,0,1,0.0,0.00012052430725825088,0.3000361572921775
IND395010AAB,0,1,0.0,0.00012052430725825088,0.3000361572921775
IND781018AAA,0,1,0.0,0.00012052430725825088,0.3000361572921775
IND801103AAA,0,1,0.0,0.00012052430725825088,0.3000361572921775
IND791125AAB,0,1,0.0,0.00012052430725825088,0.3000361572921775
IND791110AAA,0,1,0.0,0.00012052430725825088,0.3000361572921775
IND331507AAA,0,1,0.0,0.00012052430725825088,0.3000361572921775
IND000000ACK,0,1,0.0,0.00012052430725825088,0.3000361572921775
IND792130AAB,0,1,0.0,0.00012052430725825088,0.3000361572921775
IND505326AAA,0,1,0.0,0.00012052430725825088,0.3000361572921775
IND176215AAA,0,1,0.0,0.00012052430725825088,0.3000361572921775
IND431131AAB,0,1,0.0,0.00012052430725825088,0.3000361572921775
IND411033AAB,0,1,0.0,0.00012052430725825088,0.3000361572921775
IND431001AAB,0,1,0.0,0.00012052430725825088,0.3000361572921775
IND272155AAA,0,1,0.0,0.00012052430725825088,0.3000361572921775
IND600008AAA,0,1,0.0,0.00012052430725825088,0.3000361572921775
IND231208AAA,0,1,0.0,0.00012052430725825088,0.3000361572921775
IND591126AAA,0,1,0.0,0.00012052430725825088,0.3000361572921775
IND560099AAH,0,1,0.0,0.00012052430725825088,0.3000361572921775
IND492001AAB,0,1,0.0,0.00012052430725825088,0.3000361572921775
IND493118AAC,0,1,0.0,0.00012052430725825088,0.3000361572921775
IND500008AAD,0,1,0.0,0.00012052430725825088,0.3000361572921775
IND500008AAF,0,1,0.0,0.00012052430725825088,0.3000361572921775
IND500018AAA,0,1,0.0,0.00012052430725825088,0.3000361572921775
IND500032AAA,0,1,0.0,0.00012052430725825088,0.3000361572921775
IND500039AAB,0,1,0.0,0.00012052430725825088,0.3000361572921775
IND491001AAA,0,1,0.0,0.00012052430725825088,0.3000361572921775
IND751021AAA,0,1,0.0,0.00012052430725825088,0.3000361572921775
IND752030AAA,0,1,0.0,0.00012052430725825088,0.3000361572921775
IND495004AAA,0,1,0.0,0.00012052430725825088,0.3000361572921775
IND751014AAA,0,1,0.0,0.00012052430725825088,0.3000361572921775
IND754160AAA,0,1,0.0,0.00012052430725825088,0.3000361572921775
IND757024AAA,0,1,0.0,0.00012052430725825088,0.3000361572921775
IND110077AAA,0,1,0.0,0.00012052430725825088,0.3000361572921775
IND126112AAA,0,1,0.0,0.00012052430725825088,0.3000361572921775
IND735224AAA,0,1,0.0,0.00012052430725825088,0.3000361572921775
IND741121AAA,0,1,0.0,0.00012052430725825088,0.3000361572921775
IND122002AAD,0,1,0.0,0.00012052430725825088,0.3000361572921775
IND571438AAB,0,1,0.0,0.00012052430725825088,0.3000361572921775
IND144527AAA,0,1,0.0,0.00012052430725825088,0.3000361572921775
IND174021AAA,0,1,0.0,0.00012052430725825088,0.3000361572921775
IND641006AAD,0,1,0.0,0.00012052430725825088,0.3000361572921775
IND639001AAA,0,1,0.0,0.00012052430725825088,0.3000361572921775
IND560064AAD,0,1,0.0,0.00012052430725825088,0.3000361572921775
IND629179AAA,0,1,0.0,0.00012052430725825088,0.3000361572921775
IND454001AAA,0,1,0.0,0.00012052430725825088,0.3000361572921775
IND462021AAA,0,1,0.0,0.00012052430725825088,0.3000361572921775
IND636352AAA,0,1,0.0,0.00012052430725825088,0.3000361572921775
IND400016AAA,0,1,0.0,0.00012052430725825088,0.3000361572921775
IND637408AAA,0,1,0.0,0.00012052430725825088,0.3000361572921775
IND637301AAA,0,1,0.0,0.00012052430725825088,0.3000361572921775
IND733202AAC,0,1,0.0,0.00012052430725825088,0.3000361572921775
IND380006AAA,0,1,0.0,0.00012052430725825088,0.3000361572921775
IND721212AAA,0,1,0.0,0.00012052430725825088,0.3000361572921775
IND400072AAC,0,1,0.0,0.00012052430725825088,0.3000361572921775
IND400072AAI,0,1,0.0,0.00012052430725825088,0.3000361572921775
IND363520AAC,0,1,0.0,0.00012052430725825088,0.3000361572921775
IND364270AAA,0,1,0.0,0.00012052430725825088,0.3000361572921775
IND734214AAB,0,1,0.0,0.00012052430725825088,0.3000361572921775
IND733201AAA,0,1,0.0,0.00012052430725825088,0.3000361572921775
IND600016AAA,0,1,0.0,0.00012052430725825088,0.3000361572921775
IND464001AAA,0,1,0.0,0.00012052430725825088,0.3000361572921775
IND177203AAA,0,1,0.0,0.00012052430725825088,0.3000361572921775
IND380021AAA,0,1,0.0,0.00012052430725825088,0.3000361572921775
IND177001AAA,0,1,0.0,0.00012052430725825088,0.3000361572921775
IND380006AAB,0,1,0.0,0.00012052430725825088,0.3000361572921775
IND530026AAA,0,1,0.0,0.00012052430725825088,0.3000361572921775
IND211010AAB,0,1,0.0,0.00012052430725825088,0.3000361572921775
IND211008AAA,0,1,0.0,0.00012052430725825088,0.3000361572921775
IND500055AAC,0,1,0.0,0.00012052430725825088,0.3000361572921775
IND210501AAB,0,1,0.0,0.00012052430725825088,0.3000361572921775
IND517325AAA,0,1,0.0,0.00012052430725825088,0.3000361572921775
IND804452AAA,0,1,0.0,0.00012052430725825088,0.3000361572921775
IND783370AAB,0,1,0.0,0.00012052430725825088,0.3000361572921775
IND202001AAC,0,1,0.0,0.00012052430725825088,0.3000361572921775
IND311301AAA,0,1,0.0,0.00012052430725825088,0.3000361572921775
IND203001AAA,0,1,0.0,0.00012052430725825088,0.3000361572921775
IND224001AAA,0,1,0.0,0.00012052430725825088,0.3000361572921775
IND221401AAA,0,1,0.0,0.00012052430725825088,0.3000361572921775
IND000000ADV,0,1,0.0,0.00012052430725825088,0.3000361572921775
IND530018AAA,0,1,0.0,0.00012052430725825088,0.3000361572921775
IND208017AAA,0,1,0.0,0.00012052430725825088,0.3000361572921775
IND600016AAB,0,1,0.0,0.00012052430725825088,0.3000361572921775
IND841405AAA,0,1,0.0,0.00012052430725825088,0.3000361572921775
IND501359AAG,0,1,0.0,0.00012052430725825088,0.3000361572921775
IND284001AAA,0,1,0.0,0.00012052430725825088,0.3000361572921775
IND844101AAB,0,1,0.0,0.00012052430725825088,0.3000361572921775
IND000000AFR,0,1,0.0,0.00012052430725825088,0.3000361572921775
IND272207AAB,0,1,0.0,0.00012052430725825088,0.3000361572921775
IND282001AAF,0,1,0.0,0.00012052430725825088,0.3000361572921775
IND281121AAB,0,1,0.0,0.00012052430725825088,0.3000361572921775
IND331022A1B,0,1,0.0,0.00012052430725825088,0.3000361572921775
IND501218AAC,2,0,0.0,0.0013129159523423248,0.0003938747857026974
IND686141AAA,1,0,0.0,0.0009955561321884586,0.00029866683965653755
IND203205AAA,1,0,0.0,0.0008963835458384276,0.00026891506375152825
IND250002AAC,2,0,0.0,0.0008136591380513737,0.00024409774141541211
IND791111AAC,2,0,0.0,0.0007845871562126403,0.00023537614686379207
IND851204AAA,2,0,0.0,0.0007683167461869932,0.00023049502385609795
IND222136AAA,2,0,0.0,0.0007555606012908903,0.00022666818038726707
IND211013AAA,1,0,0.0,0.0007259951208290742,0.00021779853624872224
IND620012AAA,2,0,0.0,0.0007204333752214242,0.00021613001256642723
IND480106AAA,1,0,0.0,0.0007130226887040575,0.00021390680661121725
IND000000ACS,4,0,0.0,0.0007039922402687414,0.0002111976720806224
IND360002AAB,3,0,0.0,0.0006573979486003792,0.00019721938458011376
IND629001AAA,2,0,0.0,0.0006564050314771927,0.0001969215094431578
IND306001AAA,1,0,0.0,0.0005979050273855623,0.0001793715082156687
IND231216AAA,2,0,0.0,0.0005813730227749759,0.00017441190683249275
IND176041AAA,2,0,0.0,0.0005790852453236391,0.00017372557359709173
IND506164AAA,1,0,0.0,0.0005737010683191124,0.00017211032049573372
IND600013AAA,1,0,0.0,0.0005508125794597559,0.00016524377383792676
IND470227AAB,2,0,0.0,0.0005438756220126924,0.00016316268660380773
IND785634AAA,1,0,0.0,0.0005259270345362543,0.0001577781103608763
IND679576AAA,1,0,0.0,0.000520333359914136,0.00015610000797424081
IND475661AAB,1,0,0.0,0.000520175676154745,0.0001560527028464235
IND501359AAF,3,0,0.0,0.0005150187025936771,0.00015450561077810313
IND571602AAA,1,0,0.0,0.0005126721633756898,0.00015380164901270693
IND790114AAA,2,0,0.0,0.0005101622211274392,0.00015304866633823175
IND132039AAA,1,0,0.0,0.0005044009424563776,0.00015132028273691326
IND622001AAA,1,0,0.0,0.0005006615052713259,0.00015019845158139775
IND803108AAB,1,0,0.0,0.0005006615052713258,0.00015019845158139772
IND602105AAB,1,0,0.0,0.0004906184894112001,0.00014718554682336004
IND799008AAA,1,0,0.0,0.00048290007668688604,0.00014487002300606582
IND841428AAA,2,0,0.0,0.00048027730218388635,0.0001440831906551659
IND673639AAA,2,0,0.0,0.0004796778998800444,0.00014390336996401333
IND457661AAA,1,0,0.0,0.00047525760674344144,0.00014257728202303244
IND380015AAB,1,0,0.0,0.00047453387547289,0.000142360162641867
IND151103AAA,1,0,0.0,0.0004711313143171268,0.00014133939429513803
IND828205AAA,1,0,0.0,0.00046110735704417964,0.0001383322071132539
IND262723AAB,1,0,0.0,0.00044711618334693416,0.00013413485500408023
IND431001AAA,1,0,0.0,0.0004465307791542108,0.00013395923374626324
IND382345AAA,1,0,0.0,0.0004445201997290467,0.000133356059918714
IND764073AAA,1,0,0.0,0.0004409329853281474,0.00013227989559844421
IND743270AAA,1,0,0.0,0.00043606996053815626,0.00013082098816144687
IND302023AAA,1,0,0.0,0.0004343556860750675,0.00013030670582252026
IND250609AAA,1,0,0.0,0.00043139359141363375,0.00012941807742409013
IND500035AAD,1,0,0.0,0.0004311817623290672,0.00012935452869872015
IND600044AAC,3,0,0.0,0.00042791503175842555,0.00012837450952752765
IND122050AAA,2,0,0.0,0.00041915287754277234,0.00012574586326283168
IND421004AAA,1,0,0.0,0.0004155401077185237,0.0001246620323155571
IND733210AAA,2,0,0.0,0.0004125551277602857,0.0001237665383280857
IND394221AAA,1,0,0.0,0.0004071348190173741,0.00012214044570521223
IND531162AAA,2,0,0.0,0.0004030349762976097,0.0001209104928892829
IND389230AAB,1,0,0.0,0.0004001318583090908,0.00012003955749272724
IND560066AAB,1,0,0.0,0.0003999348289267982,0.00011998044867803945
IND121002AAA,1,0,0.0,0.0003985413621134164,0.00011956240863402491
IND722101AAC,2,0,0.0,0.00039752482175182036,0.0001192574465255461
IND770017AAB,1,0,0.0,0.00039719522376214573,0.00011915856712864372
IND210301AAA,1,0,0.0,0.00038705708098422345,0.00011611712429526703
IND613104AAA,1,0,0.0,0.00038414980434516537,0.0001152449413035496
IND364710AAA,1,0,0.0,0.0003841498043451653,0.00011524494130354959
IND583121AAA,1,0,0.0,0.00037620075929580286,0.00011286022778874086
IND505172AAA,1,0,0.0,0.0003761598370136542,0.00011284795110409625
IND813213AAA,2,0,0.0,0.0003737666236675542,0.00011212998710026625
IND431401AAA,1,0,0.0,0.0003699095499109748,0.00011097286497329243
IND421302AAH,2,0,0.0,0.0003638085544134997,0.00010914256632404992
IND690573AAA,1,0,0.0,0.00036157708375318063,0.00010847312512595418
IND123106AAB,1,0,0.0,0.0003614556095581262,0.00010843668286743785
IND148024AAB,1,0,0.0,0.0003585531470822275,0.00010756594412466825
IND000000ACO,1,0,0.0,0.0003552621407601253,0.00010657864222803759
IND507167AAA,1,0,0.0,0.0003522203093723696,0.00010566609281171089
IND473551AAA,1,0,0.0,0.0003505287009753038,0.00010515861029259113
IND321401AAB,2,0,0.0,0.00034521062337691073,0.00010356318701307321
IND741502AAB,1,0,0.0,0.00034306790591702387,0.00010292037177510716
IND636402AAA,2,0,0.0,0.000341255581700669,0.0001023766745102007
IND110046AAA,1,0,0.0,0.0003403413524227816,0.00010210240572683447
IND140603AAA,1,0,0.0,0.0003392846596472241,0.00010178539789416722
IND721507AAA,1,0,0.0,0.00033283514060886523,9.985054218265957e-05
IND421302AAS,1,0,0.0,0.0003322439547963593,9.967318643890779e-05
IND332709AAA,1,0,0.0,0.00033035212197357594,9.910563659207278e-05
IND423301AAB,1,0,0.0,0.0003273502629271662,9.820507887814986e-05
IND400078AAB,1,0,0.0,0.0003261656763136285,9.784970289408855e-05
IND712310AAA,2,0,0.0,0.000325451456925034,9.76354370775102e-05
IND841207AAB,2,0,0.0,0.000325451456925034,9.76354370775102e-05
IND110005AAA,1,0,0.0,0.00032343234894858684,9.702970468457605e-05
IND424201AAA,1,0,0.0,0.0003234276709983974,9.702830129951922e-05
IND813203AAA,2,0,0.0,0.0003199302056951307,9.597906170853921e-05
IND803212AAB,2,0,0.0,0.0003190757747734875,9.572273243204625e-05
IND221005A1A,1,0,0.0,0.0003189609818946766,9.568829456840298e-05
IND332715AAB,1,0,0.0,0.00031195100511127537,9.35853015333826e-05
IND231001AAA,1,0,0.0,0.0003100915529268941,9.302746587806824e-05
IND491995AAB,1,0,0.0,0.0003100915529268941,9.302746587806824e-05
IND441107AAB,1,0,0.0,0.0003100915529268941,9.302746587806824e-05
IND734203AAA,1,0,0.0,0.0003100915529268941,9.302746587806824e-05
IND638052AAA,1,0,0.0,0.0003100915529268941,9.302746587806824e-05
IND562160AAB,1,0,0.0,0.0003100915529268941,9.302746587806824e-05
IND445001AAB,1,0,0.0,0.0003100915529268941,9.302746587806824e-05
IND493445AAB,1,0,0.0,0.0003100915529268941,9.302746587806824e-05
IND224122AAA,1,0,0.0,0.0003100915529268941,9.302746587806824e-05
IND360050AAA,1,0,0.0,0.00031009155292689407,9.302746587806822e-05
IND804401AAA,1,0,0.0,0.00031009155292689407,9.302746587806822e-05
IND786602AAA,1,0,0.0,0.00030430079969475564,9.129023990842669e-05
IND122015AAC,1,0,0.0,0.0003032167607048646,9.096502821145937e-05
IND333502AAA,1,0,0.0,0.00029722942214751154,8.916882664425345e-05
IND400052AAA,1,0,0.0,0.00029695450731855955,8.908635219556786e-05
IND226004AAC,1,0,0.0,0.0002837276826837813,8.511830480513439e-05
IND148001AAA,1,0,0.0,0.00028326129214469823,8.497838764340946e-05
IND761020AAA,1,0,0.0,0.00028208089853771904,8.462426956131571e-05
IND396210AAA,1,0,0.0,0.00028159626921762937,8.447888076528881e-05
IND281004AAA,1,0,0.0,0.00027800073300545384,8.340021990163615e-05
IND282005AAA,1,0,0.0,0.0002763130275080187,8.28939082524056e-05
IND560064AAA,1,0,0.0,0.0002730986561454261,8.192959684362783e-05
IND401208AAA,1,0,0.0,0.0002675220476764003,8.025661430292008e-05
IND711409AAA,1,0,0.0,0.00026631346674757387,7.989404002427216e-05
IND736165AAA,1,0,0.0,0.0002651878912153893,7.955636736461679e-05
IND410210AAA,1,0,0.0,0.0002623193485501993,7.869580456505979e-05
IND600056AAD,1,0,0.0,0.0002598128498333489,7.794385495000465e-05
IND302033AAB,1,0,0.0,0.0002591974532211594,7.775923596634782e-05
IND110087AAA,1,0,0.0,0.0002534556714971563,7.603670144914688e-05
IND110085AAA,1,0,0.0,0.000246902716921999,7.40708150765997e-05
IND431103AAA,1,0,0.0,0.00024651386746583735,7.39541602397512e-05
IND733124AAA,1,0,0.0,0.0002453190572683065,7.359571718049194e-05
IND500084AAB,1,0,0.0,0.0002450932982416556,7.352798947249667e-05
IND736101AAA,1,0,0.0,0.0002394862203880269,7.184586611640807e-05
IND176001AAA,1,0,0.0,0.00023149791538825055,6.944937461647516e-05
IND272175AAA,1,0,0.0,0.00023147499504373893,6.944249851312168e-05
IND741316AAA,1,0,0.0,0.0002303646990865941,6.910940972597823e-05
IND410209AAA,1,0,0.0,0.0002267018006099876,6.801054018299627e-05
IND678583AAA,1,0,0.0,0.0002258267579597234,6.774802738791702e-05
IND683511AAB,1,0,0.0,0.00022432267818518954,6.729680345555686e-05
IND440014AAA,1,0,0.0,0.00022298788209164247,6.689636462749274e-05
IND637001AAA,1,0,0.0,0.00022298788209164247,6.689636462749274e-05
IND741201AAC,1,0,0.0,0.00022298788209164247,6.689636462749274e-05
IND481001AAA,1,0,0.0,0.00022298788209164247,6.689636462749274e-05
IND517408AAA,1,0,0.0,0.00022298788209164247,6.689636462749274e-05
IND272153AAC,1,0,0.0,0.00022298788209164247,6.689636462749274e-05
IND411057AAF,1,0,0.0,0.00022298788209164247,6.689636462749274e-05
IND331001A1C,1,0,0.0,0.00022298788209164247,6.689636462749274e-05
IND560099AAA,1,0,0.0,0.00022298788209164247,6.689636462749274e-05
IND492007AAA,1,0,0.0,0.00022298788209164247,6.689636462749274e-05
IND495671AAA,1,0,0.0,0.00022298788209164247,6.689636462749274e-05
IND496001AAA,1,0,0.0,0.00022298788209164247,6.689636462749274e-05
IND000000AFS,1,0,0.0,0.00022298788209164247,6.689636462749274e-05
IND131028AAA,1,0,0.0,0.00022298788209164247,6.689636462749274e-05
IND364001AAA,1,0,0.0,0.00022298788209164242,6.689636462749273e-05
IND232327AAA,1,0,0.0,0.00022227154250422873,6.668146275126861e-05
IND580030AAA,1,0,0.0,0.00020779548278914003,6.233864483674201e-05
IND176001AAB,1,0,0.0,0.00019911794479689443,5.973538343906833e-05
IND636005AAC,1,0,0.0,0.00019556891857251636,5.86706755717549e-05
IND233221AAC,1,0,0.0,0.00019394959646316598,5.818487893894979e-05
IND851112AAB,1,0,0.0,0.00019309719092200538,5.792915727660161e-05
IND110037AAB,1,0,0.0,0.0001804224511677874,5.4126735350336216e-05
IND160002AAD,1,0,0.0,0.0001786677506528568,5.360032519585704e-05
IND226016AAA,1,0,0.0,0.00017837540514589647,5.351262154376894e-05
IND122413AAE,1,0,0.0,0.00017355718436767162,5.2067155310301486e-05
IND226024AAA,1,0,0.0,0.00016513678420399685,4.9541035261199057e-05
IND110064AAB,1,0,0.0,0.00016308973818210596,4.892692145463179e-05
IND122101AAC,1,0,0.0,0.0001536854428427059,4.610563285281177e-05
