node,in_degree,out_degree,betweenness,pagerank,bottleneck_score,estimated_delay_cost
8.0,1,49,0.08093541029503487,0.0002743254814431082,14.732456461762446,147324.56461762445
916.0,4,35,0.07563480484789513,0.0010531875548169816,10.530569878205602,105305.69878205602
134.0,1,29,0.045650878815757,0.00033663611429816335,8.718361342360591,87183.61342360592
603.0,1,29,0.00041980219419384475,0.00011083449721421368,8.70020117122684,87002.0117122684
748.0,1,27,0.06976464911943253,0.0004138726105630819,8.128030021430941,81280.30021430942
28.0,1,24,0.019694512933775245,0.00010476268355178192,7.207909233978575,72079.09233978576
1219.0,2,22,0.11635989139283286,0.00026928725399925023,6.646624742733333,66466.24742733332
76.0,2,20,0.05806961151813795,0.00258492741111861,6.024003322830591,60240.03322830591
566.0,1,20,0.001364208686223986,0.00028691073176967196,6.000631756694021,60006.317566940204
903.0,2,18,0.15681175820225138,0.0013550031579621638,5.463131204228288,54631.31204228288
1028.0,1,18,0.01145668519725635,0.0005775820790603318,5.40475594870262,54047.5594870262
1353.0,1,15,0.00240643153530784,0.00012753695805498683,4.501000833701539,45010.008337015395
1460.0,1,15,0.0004894228551121308,0.000185,4.500251269142045,45002.51269142045
479.0,1,13,0.0018225323335272024,0.0001531840000413731,3.9007749681334234,39007.74968133424
204.0,1,13,0.0004435533791553069,0.0001950354968479477,3.9002359320007165,39002.35932000716
906.0,1,12,0.016211705296484556,0.00041962357390029734,3.6066105691907637,36066.105691907636
345.0,1,12,0.0003887772088379347,0.0001409459216406097,3.600197794660027,36001.97794660027
862.0,2,11,0.09872748073585731,0.0007889013324090157,3.3397276626940653,33397.27662694065
1229.0,2,11,0.0010745332966377527,0.00018139346759425728,3.3004842313589333,33004.84231358933
528.0,1,11,1.361982012633849e-05,0.00010411558370704566,3.3000366826031624,33000.366826031626
7.0,1,9,0.024345662214713057,0.0005254073388296524,2.709895887087534,27098.95887087534
673.0,1,9,0.008997386775874658,0.00017304893242079837,2.703650869390076,27036.50869390076
618.0,1,9,0.002128092034936919,0.00024752791763323615,2.7009254951892645,27009.254951892646
1447.0,2,9,0.0009248979321818267,0.00020761364119415023,2.700432243265231,27004.32243265231
1140.0,1,8,0.21512633875452156,0.001288232564590121,2.4864370052711857,24864.370052711856
973.0,1,8,0.02623547725008517,0.00038997931397327505,2.410611184694226,24106.111846942258
848.0,2,8,0.018896355102156738,0.0003842895227610098,2.407673828897691,24076.73828897691
767.0,2,8,0.009786659858559152,0.00044772475064951616,2.4040489813686183,24040.489813686185
61.0,1,8,0.004517936233628342,0.00010515598308059369,2.4018387212883754,24018.387212883754
21.0,2,8,0.0037979125550078523,0.00011729913420827388,2.4015543547622658,24015.543547622656
510.0,1,8,0.002601660267206769,0.00010695379115128372,2.401072750244228,24010.72750244228
344.0,1,8,9.32234009737392e-05,0.00011384647318455643,2.4000714433023447,24000.714433023448
834.0,1,8,0.0,0.00011072693791887308,2.4000332180813757,24000.332180813755
878.0,1,8,0.0,0.00011063192898761045,2.4000331895786964,24000.331895786963
1497.0,0,8,0.0,0.0001,2.40003,24000.3
1175.0,2,7,0.029946402694300666,0.0004706004804141232,2.1121197412218446,21121.197412218447
955.0,1,7,0.016895119665892095,0.00015493669657373125,2.106804528875329,21068.045288753292
256.0,10,7,0.007627062159523054,0.003998493638673179,2.1042503729554114,21042.503729554115
787.0,2,7,0.006965904452969706,0.00036254965234423705,2.1028951266768914,21028.951266768912
1377.0,1,7,0.0054652279263543695,0.0002080136308325721,2.1022484952597917,21022.48495259792
296.0,1,7,0.0021660833276676865,0.0005339226609150067,2.1010266101293418,21010.26610129342
1461.0,1,7,0.0001126696836609364,0.0001317161659923306,2.1000845827232624,21000.845827232624
1454.0,1,7,0.00012368053636776624,0.00010856163249815955,2.100082040704297,21000.820407042967
129.0,1,7,0.0,0.000112143752481927,2.1000336431257445,21000.336431257445
45.0,1,7,0.0,0.00011185781445852361,2.1000335573443376,21000.335573443375
694.0,1,6,0.04216694225816925,0.00034453142913488954,1.8169701363320079,18169.70136332008
1305.0,3,6,0.005015307992147916,0.00035260756966604275,1.8021119054677588,18021.119054677587
1287.0,1,6,0.004398137171933412,0.00011005795811994602,1.8017922722562092,18017.922722562093
306.0,1,6,0.002977211034919289,0.000179590353218092,1.801244761519933,18012.44761519933
486.0,1,6,0.0009236242051888621,0.00022776279352803788,1.8004377785201338,18004.377785201337
555.0,1,6,0.00013300663578418842,0.00010316356442730203,1.8000841517236417,18000.84151723642
32.0,2,6,2.9867789838611517e-05,0.00011125809223399446,1.8000453245436054,18000.453245436056
812.0,1,6,0.0,0.00012024052329592391,1.8000360721569886,18000.360721569887
397.0,1,6,0.0,0.00011141126934331014,1.8000334233808029,18000.33423380803
556.0,1,5,0.09578734669193288,0.0036311181178376,1.5394042741121243,15394.042741121244
106.0,1,5,0.030585389093820612,0.00036455435195781094,1.5123435219431156,15123.435219431156
1288.0,1,5,0.023088123581220456,0.000909102614522307,1.509507980216845,15095.07980216845
995.0,2,5,0.02350120399679019,0.0003161160062371904,1.5094953164005873,15094.953164005874
852.0,2,5,0.018431841687844088,0.0005201008107056411,1.5075287669183493,15075.287669183492
331.0,1,5,0.013898080102652623,0.0007388632643051337,1.5057808910203525,15057.808910203525
1319.0,1,5,0.014099269909652155,0.00021510548914410813,1.5057042396106042,15057.042396106042
379.0,1,5,0.013291209051667065,0.0002485886233061946,1.5053910602076588,15053.910602076588
1024.0,1,5,0.013215782251002443,0.0002984483427490701,1.5053758474032257,15053.758474032256
1113.0,1,5,0.007384540294330622,0.0002438261761556285,1.5030269639705789,15030.269639705788
946.0,1,5,0.0046539201055095505,0.00012177846136041505,1.5018981015806119,15018.98101580612
62.0,1,5,0.0033385934111028093,0.00010493939700497363,1.5013669191835426,15013.669191835426
595.0,1,5,0.0025948572492285214,0.0001839560942979872,1.5010931297279808,15010.931297279809
515.0,1,5,0.002211829099536169,0.00015166936846332723,1.5009302324503535,15009.302324503535
511.0,3,5,0.0019270820808294392,0.00039210265125201203,1.5008884636277073,15008.884636277073
222.0,2,5,0.0017341333919987602,0.00033498362409793025,1.5007941484440288,15007.941484440287
1440.0,2,5,0.0014273506909229345,0.00016918334181425935,1.5006216952789135,15006.216952789135
189.0,1,5,0.0008363386004554882,0.00010820626996791082,1.5003669973211726,15003.669973211727
574.0,1,5,0.0006656566475261805,0.00013425511777924887,1.5003065391943442,15003.065391943443
48.0,1,5,0.00043509201951278607,0.00011319544864844964,1.5002079954423997,15002.079954423996
170.0,1,5,0.0,0.00014264193499590464,1.5000427925804987,15000.427925804986
712.0,1,5,0.0,0.00012008468872915185,1.5000360254066187,15000.360254066187
635.0,1,5,0.0,0.00011666979927145153,1.5000350009397814,15000.350009397815
38.0,1,5,0.0,0.00011643065604741798,1.5000349291968142,15000.349291968143
1238.0,1,4,0.10512498265035133,0.00024441384149825575,1.24212331721259,12421.2331721259
1192.0,2,4,0.08620988710670033,0.00024293770681576925,1.2345568361547248,12345.568361547248
124.0,5,4,0.04769508662642594,0.0008320394948201382,1.2193276464990164,12193.276464990164
640.0,4,4,0.02387952618591468,0.003755376262432953,1.2106784233530956,12106.784233530956
1098.0,1,4,0.024165321861850317,0.0004686789960124626,1.2098067324435438,12098.067324435438
1161.0,1,4,0.023187709304666744,0.0001631569326059983,1.2093240308016484,12093.240308016484
806.0,1,4,0.02092617979027791,0.0001104779179025672,1.2084036152914819,12084.03615291482
941.0,2,4,0.01630210824424412,0.0008397067908849157,1.206772755334963,12067.72755334963
1323.0,3,4,0.008935646812938267,0.0008301560250021905,1.203823305532676,12038.233055326758
1023.0,2,4,0.008522051165622647,0.0006152638993058738,1.2035933996360408,12035.933996360409
871.0,8,4,0.00817560708629607,0.0009766682875734073,1.2035632433207903,12035.632433207904
1218.0,2,4,0.007791060830392354,0.0010925922116262238,1.2034442019956448,12034.442019956448
907.0,1,4,0.007402932618185074,0.0004045890799626303,1.2030825497712627,12030.825497712627
739.0,1,4,0.007152054365105166,0.0002804871843118415,1.2029449679013355,12029.449679013356
369.0,2,4,0.005713300534926166,0.0005573061261737824,1.2024525120518226,12024.525120518225
1307.0,1,4,0.005008775532682888,0.00014832702866178705,1.2020480083216716,12020.480083216717
1386.0,1,4,0.0027290107486085164,0.0003395999904883953,1.20119348429659,12011.934842965898
212.0,1,4,0.0025669093147100293,0.00025970941365674607,1.201104676549981,12011.04676549981
180.0,1,4,0.0025200996876818134,0.0002907968531726389,1.2010952789310245,12010.952789310246
497.0,1,4,0.002486006840935049,0.0002638712983382581,1.2010735641258754,12010.735641258754
605.0,1,4,0.0019554944358395883,0.0002731402218568445,1.2008641398408928,12008.641398408929
1364.0,1,4,0.0016454213666685534,0.0003200544246968892,1.2007541848740764,12007.541848740764
610.0,2,4,0.001483461194585923,0.0005223936031709337,1.2007501025587857,12007.501025587857
685.0,1,4,0.0014321123343961014,0.0001599446897692742,1.2006208283406892,12006.208283406891
140.0,1,4,0.000969493681145686,0.0004805967921267911,1.2005319765100964,12005.319765100963
1208.0,1,4,0.0004961028758825421,0.00020054919045112623,1.2002586059074882,12002.586059074882
540.0,1,4,0.0004484520610536085,0.00019595879836466993,1.2002381684639307,12002.381684639307
165.0,3,4,1.2024037386740248e-05,0.0005389652605537122,1.2001664991931207,12001.664991931208
503.0,1,4,4.5483519201200145e-05,0.0001818641052036713,1.2000727526392416,12000.727526392417
426.0,1,4,0.0,0.00013561735189744357,1.2000406852055692,12000.406852055692
361.0,1,4,0.0,0.00013149016458891672,1.2000394470493767,12000.394470493768
450.0,1,4,0.0,0.00013128545355003978,1.200039385636065,12000.39385636065
166.0,1,4,5.344016616329e-06,0.00011328932355274343,1.2000361244037123,12000.361244037123
1486.0,0,4,0.0,0.0001,1.20003,12000.3
1160.0,13,3,0.21792792773289665,0.004371368631818564,0.9884825816827041,9884.82581682704
1033.0,3,3,0.16717430685805182,0.0010260316138388623,0.9671775322273723,9671.775322273723
1264.0,1,3,0.12739267688272188,0.0016966087625243267,0.951466053381846,9514.66053381846
959.0,1,3,0.033569769664259765,0.0003869939390008865,0.913544006047404,9135.44006047404
981.0,3,3,0.02857200007066904,0.0008305042017342781,0.9116779512887878,9116.779512887879
93.0,1,3,0.02785115882488888,0.0002620665485955251,0.9112190834945342,9112.190834945342
1141.0,2,3,0.022812279766960736,0.00021398388035324733,0.9091891070708902,9091.891070708902
653.0,1,3,0.019718617944560295,0.00015130492944291556,0.9079328386566569,9079.328386566569
1016.0,2,3,0.019527842206401382,0.0002734743319279907,0.9078931791821389,9078.93179182139
992.0,1,3,0.017423302016123583,0.00015364550167872867,0.907015414456953,9070.15414456953
1044.0,1,3,0.01680062388000974,0.0007863875267797954,0.9069561658100378,9069.561658100378
1088.0,1,3,0.014597207188640998,0.00033633714112487966,0.9059397840177937,9059.397840177937
780.0,1,3,0.012411993907312088,0.0005384728424697012,0.9051263394156657,9051.263394156656
220.0,2,3,0.011733233815868344,0.0002462242890189625,0.904767160813053,9047.67160813053
678.0,1,3,0.009572459867672292,0.0003886380092332382,0.9039455753498388,9039.455753498387
771.0,3,3,0.007714684946257212,0.0005895551039164261,0.9032627405096777,9032.627405096777
1082.0,1,3,0.007651638627473878,0.00020911484354903633,0.9031233899040542,9031.233899040542
79.0,20,3,0.0024079873057953802,0.005813691512699885,0.9027073023761281,9027.07302376128
315.0,1,3,0.006096681771430669,0.00036839833115802454,0.9025491922079196,9025.491922079196
1380.0,1,3,0.005042865057531867,0.0002809397147945129,0.902101427937451,9021.014279374509
1043.0,1,3,0.00477280256192723,0.00030895738676496684,0.9020018082408003,9020.018082408003
1019.0,1,3,0.004512080467657439,0.0002443285833933253,0.9018781307620809,9018.78130762081
391.0,1,3,0.004282487093457648,0.0003935490555578521,0.9018310595540503,9018.310595540503
925.0,2,3,0.0038202519228810908,0.00046355383408618896,0.9016671669193782,9016.671669193782
1262.0,1,3,0.0032652376034835707,0.00038012192978194157,0.901420131620328,9014.20131620328
411.0,2,3,0.0033517375327803468,0.0001221981165261878,0.9013773544480699,9013.773544480699
615.0,3,3,0.002556443948836385,0.0006303508576756251,0.9012116828368372,9012.116828368371
1434.0,2,3,0.002456926483847858,0.000392598397007226,0.9011005501126412,9011.005501126412
543.0,1,3,0.002009795582457731,0.0007583919191449459,0.9010314358087265,9010.314358087264
796.0,1,3,0.002169670746229574,0.0002014272665396737,0.9009282964784536,9009.282964784536
626.0,4,3,0.001323534781977482,0.0006733031826334768,0.900731404867581,9007.31404867581
756.0,1,3,0.001505165607045722,0.0003836838425169439,0.9007171713955733,9007.171713955733
171.0,1,3,0.0016127054588832878,0.0002029901707149109,0.9007059792347677,9007.059792347676
943.0,1,3,0.0015577278276220426,0.00011726952189678048,0.9006582719876177,9006.582719876178
919.0,2,3,0.0014327456993284058,0.00021742198374903035,0.900638324874856,9006.38324874856
279.0,2,3,0.0012965736526436994,0.0003762152456429777,0.9006314940347503,9006.314940347504
174.0,2,3,0.0009981435480054498,0.0007346853993444902,0.9006196630390054,9006.196630390054
97.0,1,3,0.0011015236880089487,0.0005727967170019336,0.9006124484903041,9006.12448490304
765.0,2,3,0.0011772608827187267,0.00042385454989254457,0.9005980607180551,9005.980607180552
1370.0,2,3,0.0010791917676881483,0.00040173381697496276,0.9005521968521677,9005.521968521676
1436.0,2,3,0.0011216348653144523,0.0003114555344585025,0.9005420906064633,9005.420906064634
989.0,2,3,0.0011687067450099505,0.000246866629584139,0.9005415426868791,9005.41542686879
268.0,1,3,0.0010118004793582905,0.00044062419945261445,0.900536907451579,9005.36907451579
774.0,3,3,0.0009848577289176318,0.00045971747213810536,0.9005318583332084,9005.318583332084
892.0,1,3,0.001081864354353093,0.00021609429242060258,0.9004975740294673,9004.975740294673
582.0,1,3,0.0008746373862058462,0.00027060070642851797,0.9004310351664108,9004.310351664108
115.0,2,3,0.0009014789242105895,0.00014262869148444677,0.9004033801771295,9004.033801771295
924.0,1,3,0.0007030128081233804,0.00020318926492480044,0.9003421619027268,9003.421619027267
795.0,1,3,0.0007384858390557784,0.00011345630231630868,0.9003294312263171,9003.294312263171
1330.0,1,3,0.0006855241222433946,0.0001074574080546006,0.9003064468713137,9003.064468713137
338.0,1,3,0.0006685958566651616,0.00011255872939944288,0.9003012059614858,9003.012059614857
627.0,2,3,0.0005136335124017165,0.0002468514057317672,0.9002795088266802,9002.795088266801
733.0,1,3,0.00048675084680396634,0.00015565888826491858,0.900241398005201,9002.41398005201
469.0,2,3,0.0004422173750012247,0.000164289940498336,0.9002261739321499,9002.261739321499
34.0,1,3,0.0004355373542308134,0.00014072219466361083,0.9002164316000913,9002.164316000913
625.0,3,3,1.580938248997329e-05,0.00043192584590325515,0.9001359015067669,9001.35901506767
894.0,2,3,0.0001287515685855118,0.0001859226610186569,0.9001072774257397,9001.072774257396
298.0,1,3,6.138196863477897e-05,0.00027481042079387864,0.900106995913692,9001.069959136921
583.0,1,3,5.789351334356416e-05,0.00013026491768580915,0.9000622368806431,9000.622368806431
58.0,1,3,1.8704058157151498e-05,0.0001587688809356728,0.9000551122875434,9000.551122875435
163.0,1,3,0.0,0.00016519635090158174,0.9000495589052704,9000.495589052704
502.0,1,3,1.799152260830763e-05,0.00011692429943656736,0.9000422738988743,9000.422738988742
236.0,1,3,0.0,0.00013976388145074125,0.9000419291644352,9000.419291644352
563.0,1,3,9.352029078575749e-06,0.00011288852630182384,0.9000376073695219,9000.376073695219
434.0,1,3,0.0,0.00011951733582009325,0.9000358552007459,9000.35855200746
473.0,1,3,3.785345103233041e-06,0.00011301934701112561,0.9000354199421445,9000.354199421445
11.0,1,3,8.096994873225757e-07,0.00010518629381618871,0.9000318797679397,9000.318797679398
1499.0,0,3,0.0,0.0001,0.9000299999999999,9000.3
1498.0,0,3,0.0,0.0001,0.9000299999999999,9000.3
1492.0,0,3,0.0,0.0001,0.9000299999999999,9000.3
1496.0,0,3,0.0,0.0001,0.9000299999999999,9000.3
1009.0,3,2,0.17018062959872557,0.0007765478262497418,0.6683052161873652,6683.052161873652
1253.0,1,2,0.11821961282835432,0.0005197300555279727,0.6474437641480001,6474.437641480001
1202.0,22,2,0.10087464580821767,0.00610164912817347,0.642180353061739,6421.803530617391
562.0,23,2,0.09583009882486351,0.006769212075237353,0.6403628031525166,6403.628031525166
1172.0,1,2,0.09143676792008883,0.0009857155579584915,0.6368704218354231,6368.704218354231
887.0,3,2,0.08291168724134211,0.00023473063194621015,0.6332350940861207,6332.350940861206
1179.0,1,2,0.08251931744215231,0.00015331730682370778,0.633053722168908,6330.53722168908
1269.0,1,2,0.06863154464090691,0.003040986620664396,0.6283649138425621,6283.6491384256215
763.0,2,2,0.06246141687156642,0.001260413883389542,0.6253626909136434,6253.626909136434
804.0,1,2,0.059471727628536086,0.004290481089746759,0.6250758353783384,6250.758353783384
791.0,3,2,0.059636362572187046,0.0016342148836657705,0.6243448094939745,6243.448094939746
761.0,1,2,0.06027059272623051,0.00042711146583184975,0.6242363705302417,6242.363705302418
987.0,5,2,0.05933077246126827,0.000761333497398137,0.6239607090337267,6239.6070903372665
931.0,2,2,0.05059158511350874,0.0003331741463111807,0.6203365862892968,6203.365862892968
1424.0,7,2,0.04872185330835556,0.002155700415223663,0.6201354514479093,6201.354514479092
339.0,10,2,0.04871726530043893,0.0020164572725272123,0.6200918433019337,6200.918433019337
594.0,2,2,0.04709741752093529,0.0035800355249385146,0.6199129776658556,6199.129776658557
942.0,1,2,0.048132044408833986,0.0004673802717183997,0.6193930318450491,6193.9303184504915
999.0,2,2,0.047170262121664815,0.00046327198137795217,0.6190070864430793,6190.070864430793
101.0,2,2,0.045645386354234666,0.0003231548262317899,0.6183551009895634,6183.551009895634
696.0,2,2,0.04322490910329633,0.0006238076967933538,0.6174771059503565,6174.771059503565
701.0,1,2,0.04319262233623934,0.0005730478464316759,0.6174489632884252,6174.489632884252
711.0,2,2,0.037915091719230035,0.00020277810522538022,0.6152268701192596,6152.2687011925955
689.0,1,2,0.035069699760846874,0.00013924356994705905,0.6140696529753229,6140.696529753229
643.0,1,2,0.03417515591274511,0.0008126174949612911,0.6139138476135864,6139.138476135864
382.0,1,2,0.03354765702830856,0.0015284647631998813,0.6138776022402833,6138.776022402833
120.0,2,2,0.033406436087618285,0.00031124063916886124,0.6134559466267979,6134.55946626798
1114.0,1,2,0.03314091877305144,0.0006493006460555728,0.6134511577030373,6134.511577030373
121.0,1,2,0.032405768976210676,0.0002571688935965195,0.6130394582585632,6130.394582585632
1012.0,3,2,0.03224859364613422,0.0003551523402480479,0.6130059831605281,6130.059831605281
113.0,2,2,0.031027458023915825,0.00022232175072295894,0.6124776797347832,6124.776797347832
112.0,1,2,0.030770945226332034,0.0005277157860660216,0.6124666928263526,6124.666928263526
1030.0,1,2,0.02981610119381539,0.00036621732813972157,0.612036305675968,6120.36305675968
965.0,2,2,0.029137584365658404,0.0003299769616248696,0.6117540268347508,6117.540268347508
3.0,1,2,0.02161292339014292,0.00014205899558891621,0.6086877870547338,6086.877870547338
846.0,1,2,0.02002543380475795,0.0015979675851195555,0.608489563797439,6084.89563797439
837.0,1,2,0.019613344383752042,0.000660755985748095,0.6080435645492253,6080.435645492253
984.0,2,2,0.019548907952325115,0.00012716302362549125,0.6078577120880176,6078.577120880176
1341.0,1,2,0.01828236859200982,0.0007425493608872393,0.6075357122450701,6075.3571224507
910.0,2,2,0.018090338671115615,0.00020656501872246664,0.607298104974063,6072.98104974063
1186.0,3,2,0.017252806679647525,0.0005045484547738121,0.6070524872082911,6070.52487208291
1085.0,3,2,0.015639849394584425,0.002629768616847334,0.6070448703428879,6070.448703428879
950.0,3,2,0.016988652150366546,0.0007955326051916259,0.607034120641704,6070.341206417041
1201.0,5,2,0.01678072749116111,0.0009548777758906861,0.6069987543292317,6069.987543292316
944.0,1,2,0.01615866699188825,0.001096713448248557,0.6067924808312298,6067.924808312298
1118.0,1,2,0.01597562417301169,0.00041279235436127273,0.606514087375513,6065.14087375513
335.0,2,2,0.015445544025344942,0.00104021075628526,0.6064902808370235,6064.902808370235
1037.0,1,2,0.015226801443613998,0.0004914335247490797,0.6062381506348703,6062.381506348703
110.0,1,2,0.015404964281600621,0.0001457041090552721,0.6062056969453568,6062.056969453568
1225.0,2,2,0.015103481853778664,0.00040166258079886034,0.6061618915157511,6061.618915157511
1241.0,1,2,0.014497863748487877,0.0002484595924589517,0.6058736833771328,6058.736833771328
1040.0,1,2,0.013919530921731304,0.0003578316777412857,0.6056751618720149,6056.751618720149
357.0,5,2,0.012800545267828756,0.0017221576199402324,0.6056368653931136,6056.368653931136
327.0,6,2,0.013354891916344987,0.0004779128068668466,0.605485330608598,6054.85330608598
843.0,8,2,0.010403918165122572,0.00430022083919008,0.6054516335178061,6054.51633517806
1014.0,5,2,0.012829965634438755,0.0008964589169997467,0.6054009239288755,6054.0092392887545
769.0,2,2,0.009920037606608364,0.0030598453454312876,0.6048859686462728,6048.859686462728
1372.0,2,2,0.010493608853293935,0.0007953065365528504,0.6044360355022834,6044.3603550228345
616.0,2,2,0.010391974005232868,0.0004456270792615689,0.6042904777258716,6042.904777258716
1351.0,2,2,0.010423988192375649,0.00038967916196878965,0.6042864990255409,6042.864990255409
766.0,2,2,0.009877062806318717,0.0008181836765509254,0.6041962802254928,6041.962802254928
762.0,11,2,0.005034282078657903,0.007093997231333332,0.6041419120008631,6041.419120008631
366.0,3,2,0.009971585100220033,0.00017469617770137023,0.6040410428933984,6040.410428933985
884.0,4,2,0.00838969680382424,0.001288249090289105,0.6037423534486164,6037.423534486164
1022.0,4,2,0.008255666781789246,0.0008213367701355765,0.6035486677437564,6035.486677437564
1006.0,1,2,0.008627552197364207,0.00023884597282781527,0.603522674670794,6035.22674670794
1220.0,4,2,0.007865098274726057,0.0008762952309798751,0.6034089278791843,6034.089278791843
879.0,2,2,0.007996509014076579,0.0004294734373178615,0.6033274456368259,6033.274456368259
1119.0,1,2,0.007436805625094923,0.0010364444746622016,0.6032856555924366,6032.856555924366
1342.0,3,2,0.007578183376124446,0.0006026010631331999,0.6032120536693897,6032.120536693897
1121.0,1,2,0.007486299277399887,0.0004250290128075284,0.6031220284148022,6031.220284148022
659.0,1,2,0.007447480934478498,0.0003551920667174771,0.6030855499938066,6030.855499938066
940.0,1,2,0.00761220282443154,0.00012517000997390806,0.6030824321327648,6030.824321327648
237.0,1,2,0.007519476713892929,0.00021939598592065284,0.6030736094813334,6030.736094813334
1310.0,4,2,0.007239037180185619,0.0005832421082023917,0.6030705875045349,6030.705875045349
745.0,3,2,0.00125478252375935,0.0085290468449814,0.6030606270629981,6030.606270629981
730.0,3,2,0.007197652929108523,0.0005070185343249197,0.6030311667319409,6030.311667319409
1339.0,2,2,0.0069210423138631625,0.0007016609283667729,0.6029789152040552,6029.789152040552
1181.0,2,2,0.006875780899729649,0.00043417429173198986,0.6028805646474115,6028.805646474115
1074.0,2,2,0.006786942808687607,0.0004038216243726668,0.6028359236107869,6028.359236107869
314.0,1,2,0.006580711128291135,0.00018545327212978916,0.6026879204329554,6026.879204329553
1206.0,1,2,0.006300580909287558,0.0005093847459762811,0.6026730477875079,6026.730477875079
385.0,1,2,0.006168776514115775,0.0006527989668808949,0.6026633502957106,6026.633502957106
375.0,4,2,0.006015484881925438,0.0008556208470073475,0.6026628802068723,6026.628802068723
844.0,1,2,0.006451267170251164,0.00013292558624371416,0.6026203845439736,6026.203845439736
1327.0,1,2,0.00626159039599069,0.0003646140351346855,0.6026140203689366,6026.140203689366
877.0,1,2,0.00635195752813105,0.00014941941332835448,0.6025856088352509,6025.856088352509
1163.0,3,2,0.005626533780483321,0.0010514329857436754,0.6025660434079164,6025.660434079165
300.0,2,2,0.004778119893804493,0.0021002737351327435,0.6025413300780615,6025.413300780616
436.0,3,2,0.005707855080957398,0.0007754970752362305,0.6025157911549538,6025.157911549538
1290.0,1,2,0.005471679235496859,0.0010730383984752854,0.6025105832137413,6025.105832137413
1366.0,3,2,0.0057334906922118425,0.0005011023927934681,0.6024437269947227,6024.437269947227
779.0,1,2,0.005833884806159158,0.00023407267265023108,0.6024037757242587,6024.037757242588
1170.0,1,2,0.005557618007952052,0.00038346985979486654,0.6023380881611192,6023.380881611192
1237.0,3,2,0.005261435206198117,0.000731226969952606,0.602323942173465,6023.23942173465
1279.0,1,2,0.004830824528558031,0.0007302881920760251,0.602151416269046,6021.51416269046
1328.0,2,2,0.004940305805457564,0.00046944765330984606,0.602116956618176,6021.16956618176
874.0,2,2,0.005078845592882086,0.0002840585343801472,0.6021167557974668,6021.167557974668
299.0,1,2,0.004306955762131487,0.0009629080842076079,0.6020116547301149,6020.116547301149
831.0,1,2,0.0047297749223198385,0.0003074752424454173,0.6019841525416615,6019.841525416615
1402.0,2,2,0.004640444701510935,0.00042351464296910737,0.601983232273495,6019.83232273495
1199.0,2,2,0.004566094620790651,0.00048267886570631507,0.6019712415080282,6019.712415080282
1032.0,2,2,0.004618663910172,0.0003370172386724776,0.6019485707356705,6019.4857073567055
1295.0,2,2,0.004275724014227915,0.000384381077084481,0.6018256039288165,6018.256039288164
1209.0,2,2,0.004074515780138844,0.00022232234638312022,0.6016965030159704,6016.965030159705
387.0,3,2,0.0039525099722106894,0.00016789291751520425,0.6016313718641388,6016.313718641389
1298.0,2,2,0.003709502126671203,0.0004687377104773221,0.6016244221638116,6016.244221638116
1058.0,1,2,0.00371141954004049,0.00044752078370121636,0.6016188240511265,6016.188240511266
184.0,1,2,0.0038100859209012315,0.00027426216153795705,0.6016063130168219,6016.063130168219
662.0,1,2,0.003751974688362183,0.00020158870419560956,0.6015612664866036,6015.612664866036
307.0,2,2,0.0034645185501207894,0.0003174069825103337,0.6014810295148014,6014.810295148014
1203.0,1,2,0.0032598534936430974,0.0005872476099247939,0.6014801156804347,6014.801156804347
1381.0,1,2,0.003260440156265678,0.0005578870877650088,0.6014715421888358,6014.715421888358
1390.0,2,2,0.0034127299516905625,0.0003494306282597769,0.6014699211691541,6014.699211691541
297.0,3,2,0.0014333097899712403,0.0029331783696717947,0.60145327742689,6014.5327742689005
926.0,2,2,0.0031499054766457764,0.000593660165578478,0.6014380602403319,6014.380602403318
900.0,1,2,0.0031105378875721525,0.0005872887872197899,0.6014204017911948,6014.2040179119485
351.0,2,2,0.003062492633421539,0.0006151407331759149,0.6014095392733214,6014.095392733214
1154.0,1,2,0.003386080261785564,0.00015180278645875205,0.6013999729406518,6013.999729406519
1093.0,1,2,0.003263522026742902,0.00019584152170212243,0.6013641612672078,6013.641612672078
776.0,1,2,0.003171673861791261,0.0002976182019412867,0.6013579550052989,6013.579550052988
1234.0,2,2,0.002963357414065987,0.0005525474789590611,0.6013511072093141,6013.511072093141
882.0,1,2,0.002992508282483531,0.0004966188646414532,0.6013459889723858,6013.4598897238575
358.0,1,2,0.003022041396534049,0.0004483250949659664,0.6013433140871034,6013.433140871034
960.0,1,2,0.002999233897046502,0.0003753916064475341,0.6013123110407529,6013.123110407529
996.0,2,2,0.0029878227250574284,0.000271761759654424,0.6012766576179193,6012.766576179192
998.0,1,2,0.0029716676780006048,0.00026907763533645467,0.6012693903618012,6012.693903618012
770.0,4,2,0.002385250921302101,0.0009523076658542894,0.6012397926682771,6012.397926682771
85.0,1,2,0.0016734819108621608,0.0018946073348642108,0.6012377749648041,6012.377749648042
1004.0,1,2,0.0029226236016967,0.00013159999912091966,0.6012085294404149,6012.085294404149
1120.0,1,2,0.002783341987671354,0.00027818301707713126,0.6011967917001917,6011.967917001917
873.0,2,2,0.0027529712202226404,0.00030652433246440645,0.6011931457878283,6011.931457878283
70.0,3,2,0.001936434109908013,0.001362335507693842,0.6011832742962714,6011.832742962714
1193.0,1,2,0.0028479012877824414,0.00011584907203792358,0.6011739152367244,6011.739152367244
624.0,2,2,0.002614054709978027,0.0003794520869788474,0.6011594575100848,6011.5945751008485
948.0,2,2,0.0020974300327202262,0.0009764146462414939,0.6011318964069605,6011.3189640696055
1411.0,3,2,0.0025130211630268184,0.00040069425822164757,0.6011254167426772,6011.254167426771
1294.0,1,2,0.0026674886909368966,0.00013100268197543719,0.6011062962809673,6011.062962809673
1180.0,2,2,0.002393201206339635,0.000473441231510526,0.601099312851989,6010.99312851989
160.0,1,2,0.002412823502272543,0.0003108919977959303,0.6010583970002478,6010.583970002478
463.0,1,2,0.002226673590137083,0.0004983242570314782,0.6010401667131643,6010.401667131643
64.0,2,2,0.0022193298085726584,0.0004362472610108499,0.6010186061017323,6010.186061017323
1382.0,1,2,0.0016520433589757063,0.0011821278425212733,0.6010154556963466,6010.154556963466
417.0,1,2,0.00222890026372722,0.0003432830334060029,0.6009945450155126,6009.945450155126
977.0,1,2,0.0023285216401499535,0.0001970865891040293,0.6009905346327912,6009.9053463279115
1197.0,1,2,0.002299676320830612,0.00020918571660764385,0.6009826262433146,6009.8262624331455
1109.0,1,2,0.0021908241453358758,0.0002994961913609717,0.6009661785155426,6009.661785155426
1222.0,1,2,0.002051402487407445,0.00045023094141365453,0.6009556302773871,6009.556302773871
1426.0,2,2,0.0021018729014555104,0.00037846739039936513,0.600954289377702,6009.54289377702
760.0,2,2,0.0016806932258354701,0.0009380875701886871,0.6009537035613908,6009.537035613907
598.0,1,2,0.0021677812546402287,0.0001713189423800191,0.60091850818457,6009.185081845701
144.0,4,2,0.0019257487756736476,0.0004582868783105256,0.6009077855737626,6009.077855737625
418.0,2,2,0.0017955895830865437,0.0006076496823115841,0.600900530737928,6009.005307379281
269.0,1,2,0.0019452220483437558,0.000383693844054961,0.600893196972554,6008.93196972554
254.0,3,2,0.0009512349577065619,0.0016897281410922708,0.6008874124254103,6008.874124254104
883.0,3,2,0.002000018364755518,0.0002242206539436943,0.6008672735420852,6008.672735420852
990.0,2,2,0.0019411027022020013,0.00025888733235477886,0.6008541072805872,6008.541072805872
978.0,3,2,0.0017952680809805925,0.0004339863211835251,0.6008483031287473,6008.483031287473
534.0,4,2,0.0013481395251484969,0.0009874071598617146,0.6008354779580178,6008.354779580179
691.0,1,2,0.0018369215930830228,0.0001681888993347723,0.6007852253070336,6007.852253070336
541.0,1,2,0.0015862822656136579,0.0005018405106678081,0.6007850650594457,6007.850650594457
1112.0,1,2,0.0017757326028260548,0.00023640088286137195,0.6007812133059888,6007.812133059888
794.0,2,2,0.001739032073897062,0.0002810134455487162,0.6007799168632234,6007.799168632234
997.0,2,2,0.001737925677383309,0.0002671397826940008,0.6007753122057615,6007.753122057616
1425.0,2,2,0.0016662756020814934,0.00032489782759434835,0.6007639795891109,6007.639795891108
63.0,1,2,0.0014618663486043715,0.00045407240049323273,0.6007209682595896,6007.209682595896
447.0,2,2,3.072809554389174e-05,0.002294792000799918,0.6007007288384575,6007.007288384575
1329.0,1,2,0.0015396820687526866,0.00023389143571156607,0.6006860402582145,6006.860402582145
18.0,1,2,0.0015507763647377858,0.00018867064297370498,0.6006769117387872,6006.769117387872
686.0,1,2,0.0015175423778043592,0.0002230165772675632,0.600673921924302,6006.739219243021
288.0,2,2,0.001237065624227159,0.0005659655036092476,0.6006646159007736,6006.646159007736
81.0,2,2,0.000848971261956866,0.0010760636236187894,0.6006624075918684,6006.624075918684
60.0,1,2,0.0014892996741153652,0.0001798136825801772,0.6006496639744202,6006.496639744202
1138.0,1,2,0.0014272532378060668,0.00017475273637304018,0.6006233271160343,6006.233271160343
1289.0,1,2,0.0013249475790591317,0.00028500770902924893,0.6006154813443324,6006.154813443324
742.0,2,2,0.001382318964757101,0.000206748845279502,0.6006149522394867,6006.149522394867
702.0,2,2,0.0010708073294969232,0.0005652086138545578,0.6005978855159552,6005.978855159552
1116.0,1,2,0.0013247477197186404,0.0002081249369435186,0.6005923365689705,6005.923365689705
484.0,1,2,0.001368068253780224,0.00013377407590241993,0.6005873595242828,6005.873595242828
660.0,1,2,0.0013244254514135371,0.00014588952615663688,0.6005735370384124,6005.7353703841245
788.0,2,2,0.0011482955704336937,0.00034281479837681734,0.6005621626676865,6005.621626676865
1265.0,1,2,0.0010445453049823918,0.0004406421537878124,0.6005500107681293,6005.500107681293
1311.0,1,2,0.0011015171453882106,0.0003286728188788781,0.6005392087038189,6005.392087038189
1216.0,1,2,0.0012140897104593396,0.00014426284294277448,0.6005289147370666,6005.289147370666
679.0,1,2,0.0010233593893728687,0.0003688059894682092,0.6005199855525896,6005.199855525896
251.0,1,2,0.0010118004793582905,0.0003824826415360988,0.6005194649842042,6005.194649842042
974.0,2,2,0.0011520066930839222,0.00019307721960218035,0.6005187258431142,6005.187258431141
19.0,1,2,0.00121531844549682,0.0001060111971148254,0.6005179307373332,6005.1793073733315
1144.0,2,2,0.0009726279893039931,0.0004199531381664128,0.6005150371371715,6005.150371371715
866.0,2,2,0.0009171668517774645,0.0004932916467769411,0.600514854234744,6005.1485423474405
1200.0,2,2,0.0010637133758155239,0.0002857444575350445,0.6005112086875867,6005.112086875867
1475.0,8,2,0.0009113329669713053,0.0004560135189197697,0.6005013372424645,6005.013372424644
1250.0,1,2,0.0010476509622357629,0.00025519216997674937,0.6004956180358874,6004.956180358874
913.0,2,2,0.0010514352692627307,0.000223763199483997,0.6004877030675503,6004.877030675503
636.0,1,2,0.00048229749962369216,0.0009559462095500904,0.6004797028627145,6004.797028627145
1015.0,1,2,0.001079194466686439,0.00012622863912309837,0.6004695463784114,6004.6954637841145
1173.0,1,2,0.0010515430685397074,0.00014256092703715203,0.600463385505527,6004.63385505527
187.0,1,2,0.0010459640141555365,0.00011929644252747773,0.6004541745384204,6004.541745384205
821.0,1,2,0.0008724107126157092,0.0003479497891059669,0.6004533492217781,6004.533492217781
258.0,2,2,0.0005111700338424698,0.0008097144895517381,0.6004473823604025,6004.473823604025
1442.0,2,2,0.0009353810417447861,0.00023543534699027883,0.600444783020795,6004.44783020795
114.0,2,2,0.000943785722423194,0.00021591403405105995,0.6004422884991846,6004.422884991845
1005.0,1,2,0.0008822080764123122,0.0002942829796549865,0.6004411681244614,6004.411681244614
378.0,1,2,0.0009948777600732488,0.00012456048793505145,0.6004353192504098,6004.353192504098
1396.0,1,2,0.0008750827209238737,0.00026401447748586505,0.6004292374316152,6004.292374316153
612.0,3,2,0.0006441766696266582,0.0005703009417337975,0.6004287609503708,6004.287609503708
406.0,1,2,0.0009583603131950005,0.00013925759845292887,0.6004251214048139,6004.2512140481385
520.0,1,2,0.000873301382051764,0.00024425241350491567,0.6004225962768721,6004.225962768721
429.0,2,2,0.0008862160888745591,0.0002233401894319458,0.6004214884923794,6004.214884923794
117.0,2,2,0.0009044748123136831,0.00018390911523100665,0.6004169626594947,6004.169626594948
52.0,1,2,0.0009582793432462681,0.0001049423124154345,0.6004147944310231,6004.147944310231
881.0,1,2,0.0008563044403137176,0.00023297433686155633,0.6004124140771839,6004.124140771839
1464.0,2,2,0.0008793505119716362,0.0001749581991790093,0.6004042276645424,6004.042276645424
1251.0,1,2,0.0008346017950551814,0.0002303887584540676,0.6004029573455583,6004.029573455583
867.0,1,2,0.0008006376005602904,0.0002594315244201585,0.6003980844975502,6003.980844975502
869.0,1,2,0.0008339337929781403,0.0001936312363825666,0.600391662888106,6003.916628881059
381.0,2,2,0.0008352994861134244,0.00019026265046826445,0.6003911985895858,6003.9119858958575
1300.0,1,2,0.0008114790268624909,0.00022089449805166666,0.6003908599601605,6003.908599601605
310.0,2,2,0.0007632047434283194,0.00027276673204103475,0.6003871119169836,6003.871119169836
1217.0,1,2,0.0007321302764370729,0.00023263099482231985,0.6003626414090215,6003.626414090215
1375.0,2,2,0.00047846762104865646,0.0005559990706962663,0.6003581867696283,6003.581867696283
96.0,1,2,0.0007808202056080704,0.00014876231529502862,0.6003569567768318,6003.569567768318
1463.0,2,2,0.0007141610205646667,0.00022125930209168404,0.6003520421988533,6003.520421988533
901.0,1,2,0.000763222062000687,0.00014683749558105441,0.6003493400734746,6003.4934007347465
1340.0,1,2,0.0006978872175830361,0.00021060780410474614,0.6003423372282646,6003.423372282646
1368.0,1,2,0.0007039930964243346,0.00016346316566812088,0.6003306361882701,6003.306361882701
278.0,3,2,0.000493876202292405,0.00043383609113951157,0.6003277013082587,6003.2770130825875
1267.0,2,2,0.0006870290028688466,0.0001662431659723648,0.6003246845509392,6003.246845509392
80.0,1,2,0.0006736875169412752,0.00017898274773317193,0.6003231698310965,6003.231698310965
332.0,1,2,0.0006529879351190579,0.00019710293305657498,0.6003203260539646,6003.203260539645
487.0,2,2,0.00046537478033865037,0.00042901190582939514,0.6003148534838842,6003.148534838842
517.0,2,2,0.0006055067716112775,0.00022686362275220034,0.6003102617954702,6003.102617954702
39.0,3,2,0.0004817711949569326,0.0003448522807665385,0.6002961641622128,6002.961641622128
178.0,4,2,0.0004773988177253906,0.00035028962726482596,0.6002960464152696,6002.960464152696
107.0,5,2,8.790767644902881e-05,0.0008511502108345387,0.60029050813383,6002.9050813383
964.0,1,2,0.0005816071417438061,0.0001769144272711724,0.6002857171848789,6002.857171848789
423.0,1,2,0.0004920948634202953,0.0002694558384004311,0.6002776746968882,6002.7767469688815
1273.0,1,2,0.0005326203227607902,0.00019616519939034458,0.6002718976889214,6002.718976889214
452.0,3,2,4.586947595682391e-05,0.0008210954868264636,0.6002646764364307,6002.646764364306
245.0,1,2,0.0005010015577808437,0.00020200095556500102,0.6002610009097818,6002.610009097819
896.0,1,2,0.0004386546972570054,0.00026941757824023015,0.6002562871523749,6002.562871523749
699.0,3,2,0.00015965249641282885,0.0006373639294061247,0.600255070177387,6002.55070177387
119.0,1,2,0.00047918015659750027,0.0002074541718589684,0.6002539083141967,6002.539083141966
927.0,1,2,0.0005444365372791177,0.00011775218975373554,0.6002531002718378,6002.531002718378
611.0,2,2,0.00048212608110127683,0.0001865067741533782,0.6002488024646865,6002.488024646865
138.0,2,2,0.00047930161152059866,0.00017975811707428578,0.6002456480797305,6002.456480797305
399.0,2,2,0.0004448893833093892,0.00022121305779905086,0.6002443196706635,6002.443196706635
55.0,1,2,0.000488532185676076,0.00014616849587920685,0.6002392634230341,6002.392634230341
1429.0,1,2,0.000452178028194438,0.00019242377875051213,0.6002385983449029,6002.385983449029
951.0,3,2,0.00017115697662853705,0.0005668515569949535,0.6002385182577499,6002.385182577499
333.0,1,2,0.00044310804443727954,0.00019426163122626856,0.6002355217071428,6002.355217071427
384.0,1,2,0.0004370960257439094,0.0001977084709683958,0.600234150951588,6002.341509515881
230.0,1,2,0.0004769534830073632,0.00013687733503226656,0.6002318445937126,6002.318445937126
585.0,1,2,0.00045550319408904264,0.00015115291902591005,0.6002275471533434,6002.275471533434
175.0,1,2,0.0004787348218794728,0.00010531690831656443,0.6002230890012468,6002.230890012468
1476.0,2,2,0.0004481180600150879,0.0001354268407091971,0.6002198752762188,6002.198752762188
811.0,1,2,0.0004359826889488409,0.00011471324144965305,0.6002088070480144,6002.088070480144
979.0,1,2,0.00039516033979632755,0.00016617750621756905,0.6002079173877838,6002.079173877838
255.0,2,2,0.0,0.0006683564271283496,0.6002005069281385,6002.005069281386
1285.0,2,2,0.000249610109454367,0.0002848902708951899,0.6001853111250502,6001.8531112505025
284.0,1,2,2.3602740055453078e-05,0.0005674954412664267,0.6001796897284021,6001.796897284021
102.0,2,2,0.0003309011915928258,0.00015377518837738334,0.6001784930331503,6001.784930331503
521.0,1,2,5.344016616329e-06,0.0005824240707238211,0.6001768648278637,6001.768648278637
1235.0,1,2,0.00027879808909841395,0.00011652016222071844,0.6001464752843055,6001.464752843055
579.0,1,2,0.0002755434345341636,0.00011076814110100618,0.6001434478161439,6001.434478161439
435.0,2,2,1.7813388721096663e-05,0.000439147619690997,0.6001388696413957,6001.388696413957
893.0,3,2,0.0001287515685855118,0.00024949268930938396,0.600126348434227,6001.263484342269
242.0,1,2,5.655750918948191e-05,0.00032665905559401277,0.600120620720354,6001.20620720354
524.0,3,2,0.0,0.00038175014465183075,0.6001145250433956,6001.145250433956
554.0,1,2,0.0001961699432910771,0.00011282791331758285,0.6001123163513117,6001.123163513117
813.0,2,2,5.344016616329e-06,0.0003588358366059544,0.6001097883576283,6001.097883576283
1431.0,1,2,0.00017010796595940588,0.00011053743712114984,0.6001012044175201,6001.0120441752015
1333.0,1,2,0.00017353704328821695,0.00010328713395763264,0.6001004009575025,6001.004009575025
1388.0,1,2,0.00015166616046953722,0.00013141059570549263,0.6001000896428994,6001.000896428994
1124.0,1,2,8.059073947236145e-05,0.00017308838474963643,0.6000841628112138,6000.841628112138
809.0,1,2,4.898681898301582e-06,0.0002625928697111347,0.6000807373336726,6000.807373336726
504.0,1,2,7.190671247082687e-05,0.00017222624205551857,0.600080430557605,6000.80430557605
362.0,1,2,8.951227832351074e-05,0.00012984841292080956,0.6000747594352056,6000.747594352056
819.0,1,2,7.1253554884386655e-06,0.0002377709539122923,0.600074181428369,6000.74181428369
328.0,1,2,5.344016616329e-06,0.0002376843955903026,0.6000734429253236,6000.734429253236
863.0,1,2,1.2692039463781374e-05,0.00021658850537275626,0.6000700533673973,6000.700533673973
488.0,1,2,4.898681898301582e-06,0.00022382744667395532,0.6000691077067615,6000.691077067615
428.0,2,2,0.0,0.0002210364012128118,0.6000663109203638,6000.663109203638
141.0,2,2,0.0,0.0002204505487718877,0.6000661351646316,6000.661351646316
1419.0,1,2,1.9743172499215467e-05,0.00018797431638106247,0.600064289563914,6000.64289563914
260.0,2,2,2.226673590137083e-07,0.00020292662015283488,0.6000609670529894,6000.609670529894
15.0,1,2,5.344016616329e-06,0.00019371855791129006,0.6000602531740199,6000.602531740199
303.0,1,2,0.0,0.0001990016904044887,0.6000597005071213,6000.597005071213
580.0,1,2,4.052545934049491e-05,0.00013394552336330203,0.6000563938407452,6000.563938407452
259.0,2,2,2.226673590137083e-07,0.00018709842437885797,0.6000562185942573,6000.562185942573
1226.0,1,2,2.1257310540508686e-05,0.00015711172804791314,0.6000556364426306,6000.556364426306
270.0,1,2,0.0,0.00018379308091094832,0.6000551379242732,6000.551379242732
613.0,1,2,0.0,0.0001828935721978804,0.6000548680716593,6000.5486807165935
313.0,1,2,1.3805376258849914e-05,0.00015744485514823406,0.600052755607048,6000.5275560704795
575.0,2,2,2.887253421877751e-05,0.00013403216129070951,0.6000517586620747,6000.517586620747
132.0,2,2,1.4844490600913886e-07,0.00017184763729414932,0.6000516136691506,6000.516136691506
92.0,1,2,0.0,0.00016928191417214217,0.6000507845742516,6000.507845742516
718.0,1,2,3.6072112160220743e-05,0.0001135614428900909,0.6000484972777311,6000.484972777312
587.0,1,2,2.4048074773480496e-05,0.00012734930418656446,0.6000478240211653,6000.478240211653
707.0,1,2,0.0,0.00015887757723406437,0.6000476632731702,6000.476632731702
713.0,2,2,0.0,0.00015886301053522815,0.6000476589031606,6000.476589031606
536.0,1,2,1.0242698514630582e-05,0.00013663525645862216,0.6000450876563435,6000.450876563435
241.0,1,2,0.0,0.0001498938952800875,0.600044968168584,6000.44968168584
30.0,1,2,0.0,0.0001492894145679243,0.6000447868243703,6000.447868243704
401.0,1,2,0.0,0.0001470827938456157,0.6000441248381536,6000.441248381536
471.0,1,2,2.4493409491507913e-05,0.00011422540692938128,0.6000440649858754,6000.440649858754
764.0,1,2,4.453347180274166e-07,0.00014125585546037898,0.6000425548905253,6000.425548905253
921.0,1,2,1.1059145497680846e-05,0.00012617687207844711,0.6000422767198226,6000.422767198226
890.0,1,2,2.1301844012311426e-06,0.00013254846349825832,0.6000406166128099,6000.406166128099
1427.0,1,2,4.453347180274166e-06,0.00012928521064844737,0.6000405669020666,6000.405669020666
116.0,2,2,1.2145492309838633e-07,0.0001325714804571192,0.6000398200261063,6000.398200261064
341.0,1,2,1.2617817010776803e-05,0.00011117626279410323,0.6000384000056426,6000.384000056426
168.0,1,2,2.6720083081645e-06,0.00012384139141125052,0.6000382212207466,6000.382212207465
478.0,1,2,1.33600415408225e-06,0.0001242656624681912,0.600037814100402,6000.37814100402
470.0,1,2,1.0020031155616873e-05,0.00011080041225365135,0.6000372481361383,6000.3724813613835
814.0,1,2,6.68002077041125e-07,0.00011835122848153204,0.6000357725693752,6000.357725693752
1227.0,1,2,4.453347180274166e-06,0.00011170416223772736,0.6000352925875434,6000.352925875434
1473.0,1,2,3.7323290653726336e-06,0.00011128672135980566,0.6000348789480341,6000.348789480341
1459.0,1,2,2.968898120182777e-06,0.0001085481548728276,0.6000337520057099,6000.337520057098
836.0,1,2,1.7813388721096664e-06,0.00010875158880911697,0.6000333380121916,6000.333380121916
741.0,1,2,6.197574825881547e-07,0.00010983202133828425,0.6000331975093945,6000.331975093945
526.0,1,2,8.906694360548332e-07,0.00010351611259079326,0.6000314111015517,6000.314111015517
522.0,1,2,1.1133367950685415e-07,0.00010377514388534879,0.6000311770766373,6000.311770766373
1489.0,0,2,0.0,0.0001,0.60003,6000.299999999999
1487.0,0,2,0.0,0.0001,0.60003,6000.299999999999
1495.0,0,2,0.0,0.0001,0.60003,6000.299999999999
1490.0,0,2,0.0,0.0001,0.60003,6000.299999999999
1485.0,0,2,0.0,0.0001,0.60003,6000.299999999999
1484.0,0,2,0.0,0.0001,0.60003,6000.299999999999
1017.0,1,1,0.16542456137242903,0.0004419677891829555,0.3663024148857265,3663.024148857265
1122.0,2,1,0.1611558885987517,0.00040179009086651414,0.3645828924667606,3645.8289246676063
963.0,9,1,0.15007132777733947,0.0016680771060346928,0.36052895424274617,3605.2895424274616
934.0,2,1,0.1500910338386122,0.0015367053716171634,0.36049742514693,3604.9742514693003
909.0,1,1,0.15004828170568157,0.0014061560643722519,0.3604411595015843,3604.411595015843
1292.0,13,1,0.12747818114858311,0.002092098705350302,0.3516189020710383,3516.189020710383
1278.0,1,1,0.1274354290156525,0.001878321627879306,0.3515376680946248,3515.3766809462477
1185.0,2,1,0.10039093237256738,0.002425933644612075,0.3408841530424106,3408.841530424106
864.0,5,1,0.09877023286878793,0.0007539676422483314,0.33973428344018963,3397.342834401896
1190.0,2,1,0.09147952005301946,0.0010415248288950445,0.3369042654698763,3369.042654698763
16.0,5,1,0.09048148041644823,0.0011623334558417714,0.33654129220333184,3365.4129220333184
1.0,1,1,0.0904387282835176,0.001089564528784332,0.3365023606720423,3365.0236067204232
544.0,1,1,0.08923558232031353,0.0009659434679990275,0.3359840159685251,3359.8401596852514
539.0,1,1,0.0891928301873829,0.0009168464762480108,0.33595218601782756,3359.521860178276
1153.0,1,1,0.08097816242796549,0.000205088113281502,0.33245279140517064,3324.5279140517064
1171.0,1,1,0.08102091456089609,0.00012363271319581673,0.3324454556383172,3324.4545563831716
1212.0,7,1,0.07661194492837263,0.004079510419223238,0.331868631097116,3318.68631097116
1309.0,2,1,0.06854270036466044,0.004479147990731824,0.3287608245430837,3287.608245430837
1296.0,2,1,0.06871704890676818,0.0039528633933569,0.3286726785807143,3286.726785807143
1284.0,1,1,0.06867429677383755,0.003459954702180749,0.32850770512018923,3285.077051201892
744.0,30,1,0.0,0.09453409646788873,0.3283602289403666,3283.602289403666
1332.0,17,1,0.06596488034935874,0.005806764685680662,0.3281279815454477,3281.279815454477
759.0,2,1,0.06985015338529378,0.0003161290861595776,0.3280349000799654,3280.349000799654
753.0,1,1,0.06980740125236316,0.00036929236522442765,0.32803374821051257,3280.3374821051257
576.0,2,1,0.06757191445281235,0.002988568023728786,0.32792533618824354,3279.2533618824355
1324.0,2,1,0.06593726959684104,0.00512086138947003,0.3279111662555774,3279.1116625557743
571.0,2,1,0.0675544721763563,0.002664195610941397,0.3278210475538249,3278.2104755382493
560.0,1,1,0.06751172004342566,0.0023487326475392857,0.32770930781163204,3277.0930781163206
1256.0,2,1,0.06353341958913675,0.0016999996238881204,0.3259233677228211,3259.233677228211
807.0,6,1,0.05951447976146672,0.004914828424363287,0.3252802404318957,3252.8024043189566
800.0,2,1,0.059443263317808824,0.0017072699966048902,0.324289486326105,3242.89486326105
782.0,5,1,0.056805369062806255,0.0014355451713263514,0.3231528111765204,3231.528111765204
778.0,1,1,0.05676261692987563,0.0013248352175753084,0.32310249733722285,3231.0249733722285
777.0,1,1,0.056719864796945,0.0012290770143442622,0.3230566690230813,3230.5666902308126
57.0,2,1,0.052021558427498005,0.002917708057448291,0.3216839357882337,3216.8393578823366
600.0,29,1,0.04713215362894143,0.0040633414005833484,0.32007186387175157,3200.7186387175157
591.0,5,1,0.04773558217186858,0.0031436456113199916,0.3200373265521434,3200.373265521434
584.0,1,1,0.04769283003893795,0.002765683290277792,0.3199068370026585,3199.068370026585
581.0,2,1,0.04765809393093181,0.002471137001616756,0.3198045786728577,3198.0457867285772
954.0,3,1,0.04817479654176464,0.0004320844487507099,0.3193995439513311,3193.995439513311
1403.0,2,1,0.04653730414126084,0.0010334766575466091,0.3189249646537683,3189.249646537683
128.0,1,1,0.045693630948687634,0.00027837210144214655,0.3183609640099077,3183.6096400990773
126.0,1,1,0.045736383081618266,0.00020974623931515045,0.31835747710444184,3183.5747710444184
645.0,2,1,0.043235374469169974,0.000555341827763845,0.31746075233599713,3174.6075233599713
1438.0,4,1,0.03934808977489856,0.00061780086013573,0.3159245761680001,3159.245761680001
377.0,2,1,0.034303412311537,0.0008996539752554482,0.31399126111719144,3139.9126111719143
661.0,1,1,0.03426066017860637,0.0008661545006238955,0.3139641104216297,3139.6411042162968
360.0,3,1,0.03359040916123919,0.0016789188563208987,0.3139398393213919,3139.398393213919
657.0,1,1,0.03421790804567574,0.000837369757125199,0.3139383741454078,3139.383741454078
135.0,32,1,0.0,0.04559287313249087,0.3136778619397472,3136.778619397472
1126.0,2,1,0.03318367090598207,0.0006457948637460587,0.31346720682151663,3134.6720682151663
118.0,2,1,0.03211763741364694,0.000217364710862419,0.3129122643787175,3129.122643787175
157.0,2,1,0.030813697359262666,0.0005033323099432601,0.31247647863668804,3124.7647863668803
1038.0,1,1,0.02985885332674602,0.00031302838257456217,0.31203744984547077,3120.374498454708
111.0,1,1,0.029927407047935103,0.00018789278894914662,0.31202733065585875,3120.2733065585876
90.0,1,1,0.027893910957819512,0.00019047515191423733,0.31121470692870207,3112.1470692870207
634.0,5,1,0.02299731810950236,0.004055362244767974,0.3104155359172313,3104.155359172313
1001.0,2,1,0.024431166480574317,0.00047105027016710693,0.3099137816732799,3099.137816732799
749.0,1,1,0.024388414347643685,0.0005006255092495591,0.30990555339183234,3099.0555339183234
1128.0,2,1,0.02425082612771158,0.00039250789035138913,0.30981808281819,3098.1808281819003
1115.0,1,1,0.02420807399478095,0.000433675881047443,0.3098133323622266,3098.133323622266
593.0,2,1,0.021283224779814834,0.00417256197142637,0.30976505850335384,3097.6505850335384
1013.0,3,1,0.020262962940814023,0.005334952607953388,0.3097056709587116,3097.056709587116
586.0,1,1,0.021240472646884202,0.0036493599161212995,0.30959099703359005,3095.9099703359007
829.0,10,1,0.021119011843825267,0.003668458894866209,0.30954814240598993,3095.4814240598994
1301.0,3,1,0.02313087571415109,0.0009518650970867374,0.30953790981478646,3095.3790981478646
1003.0,1,1,0.02022021080788339,0.004633558000013292,0.30947815172315735,3094.7815172315736
630.0,1,1,0.02119772051395357,0.0032028397444785425,0.309439940128925,3094.39940128925
930.0,3,1,0.02264651734890461,0.0005938547609411345,0.30923676336784417,3092.3676336784415
374.0,2,1,0.0214833698656247,0.0013185649969636656,0.30898891744533896,3089.88917445339
1018.0,18,1,0.017411897206059027,0.0055634073549369065,0.30863378108890466,3086.3378108890465
857.0,10,1,0.020068185937688582,0.0017618481959599263,0.3085558288338634,3085.558288338634
666.0,2,1,0.019997065244208197,0.001081156081737643,0.30832317292220457,3083.2317292220455
340.0,9,1,0.01867145824203089,0.0023952309795220498,0.308187152590669,3081.87152590669
682.0,2,1,0.018816208283641396,0.001217215071523117,0.30789164783491346,3078.9164783491346
672.0,1,1,0.018773456150710764,0.001135135360815779,0.30784992306852904,3078.4992306852905
706.0,2,1,0.019133230405876833,0.00026338281073418816,0.30773230700557097,3077.3230700557096
2.0,2,1,0.01832512072494045,0.0007559108039511351,0.3075568215311615,3075.568215311615
709.0,1,1,0.01869769305164602,0.00020404307710518243,0.30754029014379,3075.4029014379
833.0,1,1,0.018517345953705352,0.000321762727686439,0.30750346719978805,3075.0346719978807
855.0,1,1,0.01847459382077472,0.0003735599403289368,0.30750190551040857,3075.0190551040855
690.0,8,1,0.01774532673169147,0.0013329918497653806,0.3074980282476062,3074.980282476062
687.0,1,1,0.017702574598760838,0.001233645435397514,0.3074511234701236,3074.511234701236
1056.0,2,1,0.016928880278801635,0.0008650425434001977,0.3070310648745407,3070.310648745407
1046.0,1,1,0.016886128145871003,0.0008323006438135281,0.30700414145149246,3070.041414514925
1036.0,1,1,0.01684337601294037,0.0008069398805956474,0.3069794323693548,3069.794323693548
949.0,4,1,0.016201419124818883,0.0011721247022277214,0.30683220506059583,3068.3220506059583
932.0,2,1,0.01629720956234582,0.0003244535563748281,0.3066162198918508,3066.162198918508
918.0,1,1,0.016254457429415187,0.0003759529433665179,0.306614568854776,3066.14568854776
1130.0,2,1,0.016018376305942328,0.000368110535969416,0.30651778368316773,3065.1778368316773
962.0,2,1,0.016057143046586845,0.00023953980058011152,0.30649471915880877,3064.9471915880877
1071.0,1,1,0.015355057842405881,0.0003815731686971786,0.30625649508757147,3062.5649508757147
1060.0,1,1,0.015312305709475258,0.0004226581695494606,0.3062517197346549,3062.5171973465494
1049.0,1,1,0.015269553576544626,0.0004605898235770062,0.30624599837769095,3062.4599837769097
976.0,2,1,0.014450882570706114,0.0009537661999359723,0.3060664828882632,3060.6648288826323
1104.0,1,1,0.014639959321571623,0.0002776395888514813,0.30593927560528406,3059.3927560528405
826.0,2,1,0.01357150130943253,0.0015483348002723251,0.3058931009638547,3058.931009638547
1243.0,2,1,0.014454491858074656,0.00030555314201885676,0.3058734626858355,3058.7346268583547
334.0,5,1,0.013940832235583253,0.0007516034856221587,0.30580181393991995,3058.0181393991998
1189.0,2,1,0.014285346000971371,0.00018649009908427468,0.3057700854301138,3057.700854301138
1236.0,1,1,0.012573588557912022,0.0003973718043125657,0.3051486469644586,3051.486469644586
790.0,3,1,0.012454746040242725,0.0005142511023342648,0.30513617374679736,3051.3617374679734
1125.0,7,1,0.0097814468990714,0.0038613072957170654,0.3050709709483437,3050.7097094834367
668.0,13,1,0.010871577936693,0.0021864782181403503,0.3050045746401193,3050.0457464011934
1110.0,2,1,0.009797701616279401,0.003579259108875264,0.30499285837917434,3049.928583791743
1325.0,1,1,0.012042968353539442,0.0003870579970573935,0.304933304740533,3049.33304740533
665.0,1,1,0.010828825803762366,0.0019602721505652424,0.3049196119666745,3049.196119666745
226.0,1,1,0.012186139224102228,0.00010329785029922293,0.30490544504473066,3049.0544504473064
371.0,2,1,0.011004510350024182,0.0014957667613567061,0.3048505341684167,3048.505341684167
372.0,1,1,0.010786073670831734,0.0017676168875903325,0.30484471453460976,3048.447145346098
1094.0,2,1,0.011798702260701406,0.0003377729093855458,0.3048208127770962,3048.208127770962
1083.0,1,1,0.011755950127770774,0.0003871973902636139,0.30481853926818736,3048.1853926818735
1072.0,1,1,0.011713197994840142,0.0004291335716264142,0.304814019269424,3048.14019269424
1077.0,1,1,0.01167044586190951,0.0004648501985076288,0.3048076334043161,3048.076334043161
1064.0,1,1,0.011627693728978877,0.0004951575553765953,0.30479962475820455,3047.9962475820453
367.0,1,1,0.01096175821709355,0.00137179797176987,0.30479624267836836,3047.9624267836834
1055.0,1,1,0.011584941596048245,0.0005209656435351183,0.3047902663314798,3047.9026633147982
1050.0,1,1,0.011542189463117613,0.000542965269479126,0.30477976536609075,3047.7976536609076
376.0,1,1,0.010743321537901102,0.0016027612161473295,0.30477815698000466,3047.7815698000463
1042.0,1,1,0.011499437330186981,0.0005617898390661248,0.3047683118837946,3047.683118837946
363.0,1,1,0.01091900608416292,0.0012670883970026267,0.3047477289527659,3047.477289527659
840.0,2,1,0.010383453974508449,0.0018236317440936114,0.30470047111303145,3047.0047111303143
830.0,1,1,0.010340701841577817,0.001651132101426833,0.30463162036705915,3046.3162036705917
578.0,4,1,0.011015939194025876,0.0006855863041041452,0.3046120515688416,3046.1205156884157
825.0,1,1,0.010297949708647185,0.0015046440481103634,0.304570573097892,3045.7057309789197
475.0,17,1,0.0,0.014896129936583345,0.304468838980975,3044.68838980975
200.0,16,1,0.0,0.014161585502488392,0.30424847565074653,3042.484756507465
650.0,1,1,0.010103637800762972,0.0001355372989733917,0.3040821163099972,3040.821163099972
683.0,2,1,0.009615212000602922,0.00033957468778612106,0.30394795720657697,3039.47957206577
651.0,3,1,0.0091284583262769,0.0006981561217571134,0.3038608301670379,3038.608301670379
722.0,1,1,0.009247380368002872,0.0002653372829738309,0.3037785533320933,3037.785533320933
728.0,1,1,0.009290132500933497,0.00019455020455944863,0.3037744180617412,3037.744180617412
729.0,1,1,0.009332884633864124,0.00011122825073099243,0.30376652232876494,3037.6652232876495
1076.0,5,1,0.00847605568821582,0.00117122530879275,0.30374178986792416,3037.4178986792417
1052.0,1,1,0.008433303555285187,0.0010955769766157674,0.30370199451509877,3037.0199451509875
1034.0,1,1,0.008390551422354555,0.0010312964982327785,0.30366560951841165,3036.6560951841166
421.0,1,1,0.008501662434502396,0.0008600881465040875,0.30365869141775215,3036.5869141775215
1011.0,2,1,0.00836561267814502,0.0010130226537373936,0.3036501518673792,3036.501518673792
1418.0,6,1,0.008674716118962249,0.000541666209625158,0.30363238631047246,3036.3238631047248
1395.0,1,1,0.008631963986031619,0.0005604165296099046,0.3036209105532956,3036.209105532956
1000.0,1,1,0.008322860545214389,0.0009610644136438146,0.3036174635421789,3036.174635421789
1356.0,6,1,0.007624813219197014,0.0018900132070758435,0.30361692924980155,3036.1692924980157
1079.0,2,1,0.008702530659068662,0.0003587600633633416,0.30358864028263643,3035.8864028263642
993.0,1,1,0.008280108412283757,0.0009170108487082498,0.30358714661952596,3035.8714661952595
1069.0,1,1,0.00865977852613803,0.0004050339428255872,0.3035854215933029,3035.8542159330286
986.0,1,1,0.008237356279353125,0.0008795885268306212,0.30355881906979043,3035.5881906979043
425.0,4,1,0.008076367778786214,0.0008942206189930092,0.3034988132972124,3034.988132972124
886.0,3,1,0.008341490380918536,0.0002091299592727827,0.3033993351401492,3033.993351401492
1143.0,2,1,0.007479557758025555,0.0011025962430135081,0.30332260197611427,3033.2260197611427
1168.0,2,1,0.007961820797224626,0.0004313458228943811,0.30331413206575814,3033.141320657581
1158.0,1,1,0.007919068664293994,0.0004654085369373237,0.30330725002679876,3033.0725002679874
1274.0,6,1,0.007459626651704865,0.001068826235447415,0.30330449853131614,3033.0449853131613
1135.0,1,1,0.007876316531363363,0.0004953984971304436,0.30329914616168446,3032.991461616845
1259.0,1,1,0.007416874518774231,0.001008954848549356,0.3032694362620745,3032.694362620745
1242.0,1,1,0.0073741223858436,0.0009591117804504741,0.3032373824884726,3032.3738248847258
1105.0,1,1,0.007351078691874647,0.0006423409765818286,0.3031331337697244,3031.3313376972437
1061.0,1,1,0.007571803543261151,0.00033213761749585624,0.3031283627025532,3031.283627025532
1073.0,1,1,0.0076145556761917825,0.00027307313928362747,0.3031277442122618,3031.277442122618
1054.0,1,1,0.007529051410330519,0.0003823589452955485,0.30312632824772084,3031.2632824772086
1086.0,1,1,0.007657307809122414,0.0002035919399476736,0.3031240007056333,3031.2400070563326
249.0,1,1,0.007607504543156347,0.00017107265207503883,0.303094323612885,3030.94323612885
1100.0,4,1,0.006162742758846892,0.002076334962958242,0.3030879975924262,3030.879975924262
898.0,4,1,0.00748843688404636,0.0003039434576626493,0.3030865577909173,3030.865577909173
500.0,5,1,0.00749023306740913,0.00030022583790302604,0.3030861609783346,3030.8616097833456
905.0,1,1,0.0074456847511157175,0.00035834526155205593,0.3030857774789119,3030.857774789119
324.0,1,1,0.0074487179753619055,0.00018098524968643468,0.30303378276505066,3030.337827650507
6.0,45,1,0.0012425951969759989,0.008155683468699673,0.3029437431194003,3029.4374311940032
1260.0,2,1,0.00641786706639911,0.001151345499026469,0.3029125504762676,3029.125504762676
897.0,11,1,0.006262926635431317,0.0012630662037057666,0.30288409051528425,3028.8409051528424
321.0,1,1,0.006998929910154215,0.0002538375905105208,0.3028757232412148,3028.757232412148
318.0,1,1,0.00654825117551047,0.0003157622135272755,0.3027140291342624,3027.1402913426236
1334.0,2,1,0.006568319111405245,0.00027076609782987476,0.30270855747391107,3027.0855747391106
304.0,6,1,0.005717776148842342,0.0013738537474458363,0.30269926658377067,3026.9926658377067
1244.0,2,1,0.005585684923311876,0.0013175074172689218,0.3026295261945054,3026.295261945054
12.0,1,1,0.006160074979409963,0.00046011956435073725,0.3026020658610692,3026.020658610692
1230.0,2,1,0.005557183501358121,0.001228719295785408,0.30259148918927886,3025.9148918927885
1214.0,1,1,0.005514431368427489,0.0011445375281538765,0.30254913380581716,3025.4913380581716
656.0,2,1,0.00604889452866431,0.0002656465015495053,0.30249925176193054,3024.9925176193055
388.0,1,1,0.0057394738459373455,0.000650351620770375,0.302490895024606,3024.90895024606
301.0,1,1,0.005248393356041445,0.0012677876860987284,0.3024796936482462,3024.7969364824617
876.0,1,1,0.006000989236853643,0.00015958872424900092,0.30244827231201615,3024.4827231201616
1047.0,2,1,0.00561078854739916,0.0006638992076012185,0.30244348518124003,3024.4348518124
1357.0,2,1,0.005737452332001945,0.00042367007570674975,0.3024220819555128,3024.220819555128
786.0,1,1,0.0058766369390897905,0.0001577406520523219,0.3023979769712516,3023.979769712516
380.0,2,1,0.005377023341180131,0.0007904144800071206,0.3023879336804742,3023.879336804742
1257.0,1,1,0.005065571083882356,0.0012052501173579434,0.3023878034687603,3023.8780346876033
1191.0,3,1,0.0056003701408826835,0.00033348274355030923,0.30234019287941816,3023.4019287941815
392.0,3,1,0.005309280508322861,0.0006474724409591095,0.3023179539356169,3023.179539356169
789.0,1,1,0.00566129639650839,0.00014555758959055622,0.3023081858354805,3023.0818583548053
1437.0,12,1,0.00480781028876733,0.0012620524431385246,0.3023017398484485,3023.017398484485
1322.0,1,1,0.005436016053708667,0.00035956826233488683,0.30228227690018394,3022.8227690018393
1258.0,1,1,0.004873576661488664,0.000741488372153216,0.30217187717624144,3021.7187717624142
1363.0,2,1,0.004981547057929087,0.0005897046504213923,0.30216953021829807,3021.695302182981
1106.0,4,1,0.004621916974255037,0.0009256963298251386,0.30212647568864953,3021.2647568864954
602.0,5,1,0.0,0.007031427148238112,0.30210942814447145,3021.0942814447144
1091.0,1,1,0.004579164841324412,0.0008871914216925333,0.30209782336303753,3020.978233630375
775.0,1,1,0.004901146083741339,0.00020413472940664247,0.3020216988523185,3020.216988523185
841.0,2,1,0.004772527055250471,0.00024406719835733928,0.30198223098160737,3019.822309816074
908.0,36,1,0.0007800260253609224,0.005561939357116645,0.30198059221727935,3019.8059221727935
1151.0,1,1,0.00443474385258895,0.000666370074803969,0.3019738085634768,3019.7380856347677
514.0,2,1,0.003912265497870855,0.0011380946569314843,0.3019063345962278,3019.0633459622777
1416.0,2,1,0.004155863588631852,0.0008078929912440142,0.3019047133328259,3019.0471333282594
912.0,3,1,0.004425242848444073,0.00043272502725457275,0.301899914647554,3018.99914647554
508.0,5,1,0.0,0.006273870537559312,0.30188216116126776,3018.8216116126778
1398.0,1,1,0.00411311145570122,0.0007867098095383584,0.301881257525142,3018.81257525142
410.0,3,1,0.0043252392263882795,0.00034534889260794853,0.3018337003583377,3018.337003583377
46.0,8,1,0.0,0.00607915270634997,0.30182374581190496,3018.2374581190497
1246.0,4,1,0.00369924847150875,0.001137110890902767,0.30182083265587434,3018.2083265587435
1275.0,5,1,0.0039411380320896324,0.0006803800124627613,0.30178056921657465,3017.8056921657467
523.0,11,1,0.003560005735911168,0.001171158599899575,0.30177534987433435,3017.7534987433437
1164.0,3,1,0.0031761272089715353,0.0016380022045075911,0.3017618515449409,3017.6185154494087
518.0,3,1,0.0035185896071346185,0.0011087383781508838,0.3017400573562991,3017.400573562991
550.0,5,1,0.0,0.005737181671889872,0.30172115450156695,3017.2115450156693
294.0,6,1,0.001898461902950877,0.003188041186524213,0.3017157971171376,3017.1579711713757
4.0,1,1,0.003133375076040903,0.0014918521554973282,0.30170090567706553,3017.009056770655
1031.0,1,1,0.004088805546263622,0.00016817152601166034,0.30168597367630895,3016.8597367630896
1162.0,1,1,0.0030906229431102708,0.0013604509022367539,0.30164438444791514,3016.4438444791513
308.0,2,1,0.00391642195523911,0.00022762252415936763,0.30163485553934344,3016.3485553934343
1084.0,1,1,0.003839675938832386,0.00030982752168120983,0.30162881863203733,3016.2881863203734
1078.0,1,1,0.003796923805901754,0.00036333889642078384,0.3016277711912869,3016.277711912869
1081.0,1,1,0.003882428071763018,0.00024684938279912963,0.3016270260435449,3016.270260435449
1067.0,1,1,0.0037541716729711217,0.000408839839431393,0.30162432062101785,3016.2432062101784
1102.0,1,1,0.0039251802046936495,0.0001727551461543848,0.30162189862572375,3016.2189862572377
1147.0,1,1,0.003047870810179639,0.0012582177738384474,0.30159661365622337,3015.9661365622337
808.0,3,1,0.00024451102693295315,0.004959055713729791,0.3015855211248921,3015.855211248921
664.0,1,1,0.003794726821292815,0.00011951616130690471,0.30155374557690917,3015.5374557690916
1313.0,1,1,0.003617118117013716,0.0003265932076725007,0.30154482520910725,3015.4482520910724
1335.0,1,1,0.0036598702499443477,0.00026657932939921035,0.3015439218987975,3015.4392189879745
1346.0,3,1,0.00357194743160554,0.0003281563689630093,0.3015272258833311,3015.272258833311
1129.0,2,1,0.003264876056349813,0.0007327150310027046,0.30152576493184075,3015.2576493184074
658.0,1,1,0.0036804242436657805,0.00016286731020154237,0.30152102989052676,3015.210298905268
1252.0,2,1,0.0033881098924349647,0.0005373330839189895,0.30151644388214965,3015.1644388214963
1182.0,5,1,0.002590215164953464,0.0015715826925397267,0.3015075608737433,3015.075608737433
1117.0,1,1,0.0032221239234191813,0.0007221390673860456,0.3015054912895835,3015.0549128958346
1240.0,1,1,0.003345357759504347,0.0005567469265672233,0.3015051671817719,3015.051671817719
1221.0,1,1,0.003302605626573731,0.000573246512194976,0.301493016204288,3014.9301620428796
1136.0,2,1,0.0022955971976725397,0.0018303517775680176,0.3014673444123394,3014.673444123394
1142.0,1,1,0.003435793400487262,0.0002817257032027211,0.30145883507115573,3014.5883507115573
1155.0,2,1,0.003478545533417893,0.00021379145482214502,0.3014555556498138,3014.555556498138
815.0,2,1,0.0031532900205027844,0.0005732179688525181,0.30143328139885683,3014.3328139885684
781.0,1,1,0.003339397519807955,0.00025683025598134874,0.3014128080847176,3014.128080847176
1394.0,1,1,0.0032282296359104133,0.00035221120841979234,0.3013969552168901,3013.969552168901
234.0,2,1,0.0032928049050947182,0.0001697112812020486,0.3013680353463985,3013.680353463985
1316.0,2,1,0.0031729822976056528,0.000300587880725705,0.30135936928325996,3013.5936928325996
872.0,3,1,0.003035260415414163,0.00046650500031272503,0.30135405566625945,3013.5405566625946
1111.0,2,1,0.0030382726482752146,0.00038493006106816367,0.30133078807763053,3013.3078807763054
939.0,1,1,0.002943359234424663,0.0004112631076870928,0.301300722626076,3013.00722626076
1359.0,3,1,0.002834700165831468,0.0005386906914882458,0.30129548727377903,3012.95487273779
1249.0,2,1,0.0029211159071430826,0.0003392323052930075,0.30127021605444515,3012.7021605444515
847.0,4,1,0.002690712366321651,0.0006436725861491546,0.3012693867223734,3012.6938672237343
1010.0,1,1,0.003014419810931237,0.00019889605228890522,0.3012654367400592,3012.6543674005916
953.0,1,1,0.002942119719459486,0.0002951043036407944,0.301265379178876,3012.6537917887604
937.0,1,1,0.002899367586528854,0.00035130941456542784,0.3012651398589812,3012.651398589812
929.0,1,1,0.0029887897375880028,0.00022587807601083467,0.3012632793178384,3012.632793178384
1066.0,1,1,0.0029544014147902284,0.00024626300174955404,0.30125563946644096,3012.5563946644097
839.0,1,1,0.002647960233391019,0.0006472339501124329,0.3012533542783901,3012.5335427839013
1070.0,2,1,0.0014036950312224172,0.002298009632484547,0.30125088090223434,3012.5088090223435
1080.0,1,1,0.00299715354772086,0.00017206212978046432,0.30125048005802246,3012.5048005802246
311.0,2,1,0.0028512555321705347,0.0003651895543163826,0.30125005907916313,3012.5005907916316
51.0,1,1,0.002871350731161141,0.0003190079190844483,0.3012442426681898,3012.442426681898
835.0,1,1,0.0026052081004603873,0.0006501756899751914,0.3012371359471767,3012.371359471767
281.0,1,1,0.0028724089312768372,0.0002743552824682936,0.3012312701572512,3012.312701572512
161.0,3,1,0.0028911129894339887,0.0002480966580148947,0.30123087419317807,3012.308741931781
309.0,3,1,0.0028446868450796303,0.0002629649461060557,0.30121676422186366,3012.1676422186365
1159.0,1,1,0.0026520286841364266,0.0005140522068279519,0.3012150271357029,3012.1502713570294
859.0,2,1,0.0028807663794851533,0.0001977158444615121,0.3012116213051325,3012.1162130513253
1420.0,2,1,0.0027953642899877637,0.00029671906872916746,0.30120716143661386,3012.0716143661384
716.0,1,1,0.0028162967568053825,0.000244254591295764,0.30119979508011085,3011.9979508011083
1087.0,1,1,0.0027810410916282126,0.00028509087607042865,0.3011979436994724,3011.979436994724
1103.0,2,1,0.0028237932245588453,0.00021776729304370655,0.3011948474777366,3011.9484747773663
1132.0,1,1,0.0028260941206019858,0.00020960750667380385,0.30119331990024295,3011.9331990024293
1146.0,1,1,0.0028688462535326176,0.00012895354270924968,0.30118622456422584,3011.862245642258
364.0,1,1,0.0025865040423032355,0.00040979420174283983,0.30115753987744415,3011.5753987744415
1057.0,1,1,0.001360942898291785,0.0020421928120628145,0.30115703500293556,3011.5703500293557
14.0,1,1,0.0005557777280982159,0.0030947289057902125,0.30115072976297635,3011.5072976297633
1092.0,1,1,0.0027089710897607753,0.00021728047531521908,0.30114877257849887,3011.4877257849885
1101.0,1,1,0.002751723222691407,0.0001379724193387557,0.30114208101487816,3011.4208101487816
1306.0,3,1,0.002365733715277884,0.0006270705089867262,0.30113441463880714,3011.3441463880713
559.0,3,1,0.0020167724930401595,0.0010219075052873851,0.30111328124880227,3011.132812488023
413.0,1,1,0.002585168038149153,0.000249115508041694,0.30110880186767214,3011.0880186767213
1432.0,5,1,0.002449563616509805,0.00041534881465700544,0.301104430091001,3011.0443009100104
870.0,2,1,0.0025168413219949144,0.00029713188397389025,0.30109587609399013,3010.9587609399014
183.0,1,1,0.0025628518206124466,0.00022446653251809168,0.3010924806880004,3010.924806880004
1239.0,2,1,0.002453675540406258,0.0003565466846558788,0.30108843422155923,3010.8843422155924
652.0,2,1,0.002459657870118426,0.00034459773448025123,0.3010872424683914,3010.8724246839142
649.0,1,1,0.0024169057371877948,0.0003929147614681335,0.30108463672331554,3010.8463672331554
1048.0,1,1,0.001318190765361153,0.0018465658212574064,0.3010812460525217,3010.812460525217
654.0,1,1,0.0023741536042571625,0.00043399057442791787,0.30107985861403125,3010.7985861403126
130.0,6,1,0.0,0.0035948777006896806,0.3010784633102069,3010.7846331020687
56.0,1,1,0.0024024132730782748,0.00037159084954298743,0.3010724425640942,3010.724425640942
947.0,2,1,0.002342319594163503,0.0004403888414362012,0.30106904449009625,3010.6904449009626
283.0,1,1,0.002409260824528324,0.0003335154715403665,0.3010637589712734,3010.637589712734
1348.0,3,1,0.0021917855077656315,0.0006135245933999204,0.3010607715811262,3010.607715811262
1407.0,2,1,0.0016947954919063384,0.0012732329591135531,0.3010598880844966,3010.5988808449656
1059.0,2,1,0.0022636019113087486,0.00041694619746254893,0.30103052462376223,3010.305246237622
714.0,1,1,0.002338897939079992,0.00030761640277229477,0.30102784409646366,3010.2784409646365
803.0,2,1,0.0005130255951675839,0.002733914760697735,0.3010253846662763,3010.2538466627634
1303.0,1,1,0.002435203580036672,0.0001313425139339456,0.30101348418619484,3010.134841861948
1302.0,1,1,0.002435203580036672,0.00012699355267038376,0.3010121794978158,3010.1217949781576
1308.0,3,1,0.0022561934150920177,0.0003406152291773444,0.30100466193479,3010.0466193478997
1409.0,3,1,0.0022930280596596755,0.00028188234175105336,0.30100177592638916,3010.0177592638915
247.0,1,1,0.002363688238383518,0.0001840533236905557,0.30100069129246054,3010.0069129246053
1276.0,1,1,0.002083943813009296,0.0005559583173134195,0.30100036502039773,3010.0036502039775
957.0,2,1,0.002140182165650858,0.00043577661982734236,0.30098680585220855,3009.8680585220854
860.0,2,1,0.002134266636146394,0.0004076969971824046,0.30097601575361327,3009.7601575361327
169.0,8,1,0.0,0.0032445041600166094,0.30097335124800495,3009.7335124800493
854.0,1,1,0.002091514503215762,0.00044662345437425724,0.3009705928375986,3009.705928375986
370.0,2,1,0.0021500760186363675,0.00036446375252277005,0.30096936953321135,3009.6936953321133
208.0,6,1,0.0014713859083625843,0.001257492081184196,0.3009658019877003,3009.658019877003
1247.0,3,1,0.00213690675326871,0.00036704215559822635,0.30096487534798694,3009.6487534798694
824.0,1,1,0.002192382816848972,0.00029056300681011197,0.3009641220287826,3009.641220287826
820.0,1,1,0.0021496306839183404,0.00034699587372105645,0.30096395103568363,3009.639510356836
880.0,1,1,0.002186563776533414,0.0002910990142921139,0.300961955214901,3009.61955214901
827.0,1,1,0.002235134949779604,0.0002241776657855885,0.3009613072796475,3009.6130727964746
1233.0,1,1,0.0020941546203380778,0.0004120018714802733,0.3009612624095793,3009.6126240957933
888.0,3,1,0.0022293159094640457,0.0002248306528964735,0.30095917555965457,3009.5917555965457
1205.0,2,1,0.001981982227112269,0.0004917989075376479,0.3009403325631062,3009.403325631062
182.0,2,1,0.0019484878362759565,0.000534555138114527,0.3009397616759447,3009.3976167594474
1187.0,1,1,0.001939230094181637,0.0005180370760418017,0.30093110316048516,3009.3110316048515
936.0,4,1,0.0010584121798451604,0.0016609413721755616,0.3009216472835907,3009.216472835907
570.0,5,1,0.001609291226045075,0.0009137082053310889,0.30091782895201735,3009.1782895201736
1277.0,2,1,0.0019808816957294223,0.0004088944345116393,0.30091502100864526,3009.1502100864527
215.0,1,1,0.0021331532993513255,0.0001878934278314659,0.30090962934808996,3009.0962934808995
13.0,1,1,0.0019381295627987896,0.00044756795477919804,0.30090952221155326,3009.0952221155326
74.0,1,1,0.0019325851455593507,0.0004158575559473929,0.30089779132500794,3008.9779132500794
715.0,3,1,0.0018650617990988206,0.0004900700856018099,0.30089304574532005,3008.9304574532007
1344.0,1,1,0.0020348948292159643,0.0002618172443134282,0.3008925031049804,3008.9250310498037
1139.0,3,1,0.0018567736251799767,0.0004767292873812367,0.30088572823628634,3008.8572823628633
494.0,1,1,0.0020491334825501533,0.00019278971961368514,0.30087749030890415,3008.7749030890413
373.0,1,1,0.0018747107179894148,0.0004148848844462051,0.30087434975252964,3008.7434975252963
1263.0,1,1,0.0020094324225983853,0.0002268994227751206,0.30087184279587187,3008.7184279587186
971.0,2,1,0.0018941347339407103,0.00036335474897699444,0.30086666031826936,3008.6666031826935
1280.0,1,1,0.0020521845555290176,0.00014929227494994346,0.30086566150469657,3008.6566150469657
818.0,1,1,0.0019308462195175289,0.00030163201971868754,0.3008628280937226,3008.628280937226
822.0,1,1,0.0018880940865868968,0.0003564063505985928,0.3008621595398143,3008.621595398143
828.0,1,1,0.00197359835244816,0.0002371985547037109,0.30086059890739036,3008.605989073904
972.0,2,1,0.001899389683613434,0.0003308582978647821,0.3008590133628048,3008.590133628048
460.0,1,1,0.001788464227598105,0.0004686165390186297,0.30085597065274483,3008.5597065274483
648.0,2,1,0.0009579149784769731,0.001571656803254503,0.30085466303236713,3008.5466303236713
856.0,1,1,0.0019558570655385543,0.00020515368273226495,0.3008438889310351,3008.438889310351
1075.0,2,1,0.0018815391836658351,0.0003018205162452035,0.30084316182833987,3008.4316182833986
1062.0,1,1,0.001838787050735203,0.00035656973823243687,0.3008424857417638,3008.424857417638
641.0,1,1,0.0014321964531761719,0.0008902083480468908,0.3008399410856845,3008.399410856845
1183.0,2,1,0.0017580701330927335,0.0004541744956194358,0.30083948040192293,3008.3948040192295
1095.0,1,1,0.0017960349178045712,0.00040309691860594243,0.3008393430427036,3008.393430427036
853.0,1,1,0.0019986091984691857,0.0001237093372265199,0.30083655648055563,3008.3655648055565
1352.0,1,1,0.0017492747724116924,0.0004503262311517174,0.3008348077783102,3008.348077783102
1089.0,1,1,0.0017532827848739394,0.00044266797612434454,0.30083411350678685,3008.3411350678684
1350.0,2,1,0.0017444651574569962,0.00044880452244496584,0.3008324274197163,3008.3242741971626
1045.0,1,1,0.001834384598951275,0.0003257114909180528,0.3008314672868559,3008.314672868559
1053.0,1,1,0.001877136731881907,0.00026551044306750635,0.300830507825673,3008.30507825673
1035.0,1,1,0.0017916324660206431,0.00037685929984293114,0.3008297107763611,3008.297107763611
885.0,4,1,0.001820546352748971,0.0003013955188483817,0.3008186371967541,3008.186371967541
637.0,1,1,0.0013894443202455398,0.0008579705122549554,0.3008131688817747,3008.1316888177466
1299.0,1,1,0.0017697898584221597,0.00032905703489823616,0.3008066330538383,3008.066330538383
1318.0,2,1,0.0018125419913527867,0.00026946552292803414,0.3008058564534195,3008.0585645341953
1270.0,1,1,0.0017270377254915198,0.0003797154544714425,0.30080472972653804,3008.0472972653806
325.0,2,1,0.0019149392875178913,0.00011656813958357468,0.30080094615688224,3008.0094615688226
1457.0,2,1,0.0017710961735950357,0.0002994564703809707,0.3007982754105523,3007.9827541055233
546.0,1,1,0.00162903439854429,0.0004748955272926483,0.3007940824176055,3007.9408241760552
1326.0,1,1,0.001717839561076455,0.0003475968685285343,0.3007914148849891,3007.9141488498913
638.0,1,1,0.0013466921873149078,0.0008289708614206909,0.30078736813335216,3007.8736813335217
1248.0,1,1,0.001741258747487199,0.0002901222480431562,0.3007835401734078,3007.835401734078
773.0,1,1,0.0017363600655888975,0.00027162285781754986,0.3007760308835808,3007.760308835808
1127.0,1,1,0.001818484735756687,0.00016045785753994403,0.30077553125156464,3007.7553125156464
1255.0,1,1,0.0016210183736197962,0.00038906435181309775,0.30076512665499183,3007.6512665499185
639.0,1,1,0.0013039400543842757,0.0008104928710485924,0.3007647238830683,3007.647238830683
179.0,1,1,0.0014737610268587308,0.0005543730629099943,0.30075581632961645,3007.5581632961644
206.0,1,1,0.0009837443921225633,0.0011688710450530066,0.3007441590703649,3007.441590703649
621.0,1,1,0.0016885466682438589,0.000173562256039101,0.30072748734410926,3007.2748734410925
802.0,1,1,4.453347180274166e-07,0.0024234344438981616,0.30072720846705664,3007.2720846705665
614.0,3,1,0.0014753939208248313,0.0004430450714583722,0.3007230710897674,3007.2307108976743
266.0,1,1,0.0015016686691884489,0.0004005096458031654,0.30072082036141634,3007.2082036141633
86.0,2,1,0.0014468924988710766,0.00044772118150542673,0.30071307335400005,3007.1307335400006
65.0,7,1,0.0007941611613752583,0.0012939388092733776,0.3007058461073321,3007.058461073321
250.0,1,1,0.0015016686691884489,0.00033215892230613125,0.3007003151443672,3007.003151443672
1367.0,1,1,0.0016069281651916161,0.00019037322860403317,0.30069988323465785,3006.9988323465786
1097.0,1,1,0.0015733527143002623,0.00023007695656313373,0.300698364172689,3006.9836417268903
1174.0,1,1,0.0015062457204570636,0.000316851823832913,0.3006975538353327,3006.975538353327
1157.0,1,1,0.0014624396286937657,0.0003504433318885255,0.3006901088510441,3006.901088510441
1177.0,2,1,0.0015051917616243978,0.00029329875148872134,0.3006900663300964,3006.9006633009635
920.0,1,1,0.000579677357965687,0.0015133822272760684,0.3006858856113691,3006.858856113691
1321.0,1,1,0.0013324414763380304,0.0005023930578306717,0.3006836945078844,3006.836945078844
495.0,1,1,0.0016113694547292027,0.00010916434757312943,0.3006772970861636,3006.7729708616357
267.0,1,1,0.001444220490562912,0.00032943719875560493,0.3006765193558518,3006.765193558518
1406.0,2,1,0.0014689690253502409,0.000296057611688812,0.3006764048936467,3006.764048936467
9.0,4,1,0.0004952270509370883,0.0015832084171688095,0.30067305334552547,3006.7305334552548
5.0,13,1,0.000344911739112234,0.0017791822903344716,0.30067171938274523,3006.7171938274523
465.0,2,1,0.0013493641956230722,0.00043366636222881257,0.30066984558691784,3006.6984558691784
24.0,1,1,0.0015935284976684178,0.00010431830099700832,0.3006687068893665,3006.6870688936647
692.0,1,1,0.0015602945107349912,0.00014487065317385584,0.30066757900024615,3006.6757900024613
1385.0,1,1,0.0014684143112441105,0.0002575904987868957,0.3006646428741337,3006.646428741337
606.0,1,1,0.0015070423747859795,0.00020369437865511115,0.30066392526351093,3006.639252635109
577.0,1,1,0.001009128471050125,0.0008546157407807283,0.3006600361106543,3006.600361106543
1165.0,1,1,0.0012837886583935351,0.0004876058311208442,0.30065979721269365,3006.5979721269364
1371.0,2,1,0.0013248707861315643,0.00041214850723731464,0.3006535928666238,3006.535928666238
1268.0,2,1,0.0012697546062913807,0.00048051725942637103,0.3006520570203445,3006.5205702034445
1433.0,2,1,0.0013130694161038378,0.00041746608819384287,0.30065046759289965,3006.5046759289967
1145.0,2,1,0.0011361527771221462,0.0006435728514811948,0.3006475329662932,3006.475329662932
1374.0,1,1,0.0013124014140267967,0.00040142110948316825,0.30064538689845566,3006.4538689845567
151.0,1,1,0.0014504551766152958,0.00020956189415391062,0.3006430506388923,3006.430506388923
155.0,1,1,0.0013466921873149078,0.0003430444219962979,0.30064159020152487,3006.415902015249
158.0,1,1,0.0013894443202455398,0.0002859038772937871,0.30064154889128636,3006.4154889128636
154.0,1,1,0.0013039400543842757,0.00039168164441645234,0.30063908051507865,3006.3908051507865
156.0,1,1,0.0014321964531761719,0.00021867729315908102,0.3006384817692182,3006.384817692182
322.0,1,1,0.0014379858045105282,0.00019908292448876538,0.3006349191991508,3006.349191991508
970.0,2,1,0.0010257543005231505,0.0007366157511212616,0.30063128644554565,3006.3128644554567
1408.0,1,1,0.0013106200751546871,0.00034396174904711784,0.300627436554776,3006.2743655477598
991.0,2,1,0.0013456233839916414,0.0002972043067675708,0.3006274106456269,3006.2741064562692
419.0,1,1,0.0013613882330098125,0.00027579843801127314,0.3006272948246073,3006.272948246073
277.0,5,1,0.0005361830005050096,0.0013732666432736554,0.3006264531931841,3006.264531931841
945.0,6,1,0.0008132183063445648,0.0009930748128598268,0.3006232097663958,3006.232097663958
647.0,1,1,0.00047918015659750027,0.0014244741450539918,0.3006190143061552,3006.1901430615517
25.0,21,1,0.00012447105368866294,0.0018922287857134532,0.3006174570571895,3006.174570571895
988.0,2,1,0.001338651550096483,0.0002645098852524235,0.3006148135856143,3006.148135856143
1304.0,1,1,0.0013676997119897638,0.00021765206429127883,0.30061237550408326,3006.1237550408327
1051.0,1,1,0.0012920644619035448,0.000304226370267486,0.3006080936958416,3006.0809369584163
462.0,1,1,0.0013293241333118386,0.00025367402936311953,0.30060783186213363,3006.078318621336
1041.0,1,1,0.0012493123289729127,0.00035876104750316707,0.3006073532458401,3006.073532458401
1065.0,1,1,0.0013348165948341767,0.0002401551745715957,0.30060597319030513,3006.059731903051
865.0,1,1,0.0013046080564613294,0.0002795878317627869,0.30060571957211335,3006.0571957211337
84.0,2,1,4.646325558086047e-05,0.0019553896760605947,0.3006052022050505,3006.052022050505
286.0,2,1,0.0005317296533247354,0.0013056219056466925,0.3006043784330239,3006.043784330239
186.0,3,1,0.001217842008898975,0.0003834095189867166,0.3006021596592556,3006.021596592556
1107.0,1,1,0.001297705368331892,0.00027319229227545336,0.3006010398350154,3006.010398350154
1123.0,1,1,0.0013234117155645582,0.00023761452154399964,0.300600649042689,3006.00649042689
1261.0,1,1,0.0013061667279744128,0.00022367323297538152,0.3005895686610824,3005.8956866108238
225.0,1,1,0.0012968146988958371,0.00022805823514447556,0.30058714335010167,3005.871433501017
1271.0,1,1,0.0012064117511362714,0.0003400757080139072,0.30058458741285865,3005.8458741285867
1133.0,2,1,0.0010720260236181404,0.0005136535320551262,0.30058290646906377,3005.8290646906376
784.0,1,1,0.001301713380794139,0.00020190924449123515,0.300581258125665,3005.81258125665
1223.0,1,1,0.0011683584296412084,0.000357492507556131,0.3005745911241233,3005.7459112412334
592.0,1,1,0.000477844152443418,0.0012666436670784157,0.30057113076110087,3005.7113076110086
1134.0,1,1,0.0012044077449051482,0.00028145431258479387,0.3005661993917375,3005.661993917375
1283.0,2,1,0.0011480743168356894,0.0003501012356482098,0.3005642600974287,3005.6426009742872
680.0,2,1,0.00099265108648311,0.0005570958664150883,0.3005641891945178,3005.6418919451776
1383.0,1,1,0.0012147826943360413,0.00025888755846692853,0.3005635793452745,3005.635793452745
985.0,1,1,0.0013101047592666841,0.00013034343613501436,0.30056314493454717,3005.6314493454715
693.0,2,1,0.001034512549977689,0.0004951192304075066,0.3005623407891133,3005.623407891133
37.0,4,1,0.0,0.0018615411689861037,0.30055846235069583,3005.5846235069585
935.0,3,1,0.0006627322828778008,0.0009730283599231321,0.30055700142112807,3005.5700142112805
915.0,3,1,0.00016451406708462807,0.0015977264235951278,0.3005451235539124,3005.451235539124
390.0,1,1,0.001093074065398294,0.00035212168842685404,0.3005428661326874,3005.4286613268737
797.0,1,1,0.0011822894539097865,0.00022096220843752386,0.30053920444409515,3005.3920444409514
1441.0,2,1,0.0011901487441478055,0.00019833612810983905,0.3005355603360921,3005.3556033609207
799.0,2,1,0.0012250415868404186,0.00014231649339868998,0.30053271158275574,3005.3271158275575
201.0,2,1,0.0004983295494726792,0.001107073017465038,0.3005314537250286,3005.314537250286
1446.0,1,1,0.00109300726519059,0.00029867959322206857,0.30052680678404287,3005.2680678404286
590.0,1,1,0.000435092019512786,0.001175348102947026,0.3005266412386892,3005.266412386892
676.0,1,1,0.0010661115223035006,0.0003161127340399327,0.30052127842913334,3005.2127842913333
681.0,2,1,0.0011088636552341327,0.00025407792508967903,0.30051976883962056,3005.1976883962056
246.0,3,1,1.1133367950685415e-05,0.0017116412683258696,0.30051794572767804,3005.1794572767803
750.0,1,1,0.001011556605584133,0.0003389566292479118,0.300506309631008,3005.06309631008
1338.0,1,1,0.0009107094983660669,0.00047340359744784907,0.30050630487858077,3005.0630487858075
736.0,2,1,0.0010543087385147644,0.00028131634896417704,0.30050611840009517,3005.0611840009515
684.0,2,1,0.0008539293218175713,0.0005480698691678783,0.30050599268947736,3005.0599268947735
265.0,1,1,0.0009712750200177956,0.0003806115024340121,0.3005026934587373,3005.026934587373
1317.0,1,1,0.0011102671664764234,0.0001939380740156765,0.30050228828879527,3005.0228828879526
244.0,2,1,0.000499739776079766,0.0010058296150061033,0.30050164479493374,3005.0164479493374
1443.0,2,1,0.0010607397841076545,0.00023764220136929031,0.30049558857405384,3004.955885740538
1347.0,1,1,0.0011117154047283393,0.0001575193361312542,0.3004919419627307,3004.919419627307
1245.0,2,1,0.0009391218533762162,0.000386653353986905,0.3004916447475465,3004.9164474754652
143.0,2,1,0.0009654856686834392,0.0003478092221353523,0.300490537034114,3004.90537034114
838.0,2,1,0.0009498989535524796,0.0003544140312239298,0.3004862837907882,3004.862837907882
1391.0,1,1,0.0010040640256734478,0.00026504402016866424,0.30048113881632,3004.8113881632
386.0,1,1,0.0010846621873911095,0.00015167678584837032,0.30047936791071095,3004.7936791071097
1152.0,1,1,0.0008086165142582819,0.0005144196366722087,0.300477772496705,3004.77772496705
66.0,4,1,0.0008426178199796701,0.00046832589661046265,0.300477544896975,3004.77544896975
516.0,1,1,0.001037036113379844,0.0002050256866542691,0.30047632215134823,3004.763221513482
754.0,1,1,0.0010341350757881232,0.0002004171931953396,0.30047377918827384,3004.7377918827383
147.0,1,1,0.0009699390158637133,0.00027812809721047404,0.30047141403550864,3004.7141403550863
1362.0,1,1,0.0010799992501411605,0.00011813173589245802,0.3004674392208242,3004.674392208242
223.0,1,1,0.0009601416520671102,0.0002692204907359122,0.3004648228080476,3004.6482280804757
573.0,1,1,0.0010576996442963162,0.00012199338664442809,0.30045967787371186,3004.5967787371187
1397.0,2,1,0.0008799814028221752,0.00035461306998019795,0.3004583764821229,3004.583764821229
1150.0,1,1,0.0009346091282335385,0.00027568593503119474,0.3004565494318028,3004.565494318028
758.0,1,1,0.000942254040893009,0.0002613419906258884,0.30045530421354494,3004.5530421354492
1312.0,1,1,0.000980707023362325,0.00020427233969077496,0.30045356451125216,3004.5356451125217
1169.0,1,1,0.0009773612611641705,0.00020668770448741973,0.30045295081581186,3004.5295081581185
1400.0,1,1,0.0009668383487912484,0.00021245173322173032,0.300450470859483,3004.50470859483
601.0,2,1,0.00047561747885328093,0.0008525230997108336,0.30044600392145454,3004.4600392145453
323.0,1,1,0.0010224885125909484,0.00011969509258011982,0.3004449039328104,3004.4490393281044
422.0,2,1,0.0,0.0014814386381757608,0.30044443159145273,3004.444315914527
448.0,3,1,4.008012462246749e-05,0.0014255451516388632,0.3004436955953406,3004.436955953406
1096.0,1,1,0.0008790907333861205,0.00030298399662438236,0.30044253149234174,3004.4253149234173
1365.0,1,1,0.0008773093945140107,0.00029972804530462797,0.300440842171397,3004.40842171397
1063.0,1,1,0.0009218428663167524,0.00023879445911217999,0.30044037548426034,3004.4037548426036
1007.0,1,1,0.0009249602093429443,0.00022855670276456837,0.3004385510945665,3004.3855109456654
1435.0,1,1,0.0008764187250779559,0.00028701382240837396,0.3004366716367537,3004.366716367537
305.0,1,1,0.000993912868184189,0.00012430259974047334,0.3004348559271958,3004.348559271958
1108.0,1,1,0.0009645949992473843,0.00016327906908342898,0.30043482172042396,3004.3482172042395
350.0,2,1,0.0008737467167697913,0.0002777529204137607,0.30043282456283205,3004.3282456283205
420.0,1,1,0.0009262962134970265,0.00020682166431779992,0.3004325649846941,3004.3256498469414
1008.0,1,1,0.0009677123422735763,0.00015123343368185043,0.300432454967014,3004.3245496701397
1320.0,1,1,0.0008719653778976817,0.0002763828781394832,0.3004317010146009,3004.317010146009
295.0,3,1,6.45735341139754e-06,0.0014269009234037927,0.3004306532183857,3004.3065321838567
449.0,1,1,0.0008773093945140107,0.0002639140266694017,0.3004300979658064,3004.300979658064
923.0,1,1,0.0008697387043075446,0.00027110344161092125,0.3004292265142063,3004.2922651420627
567.0,1,1,0.0009068499308098293,0.00021989497848942877,0.3004287084658708,3004.287084658708
49.0,2,1,0.000477844152443418,0.0007809425204767075,0.3004254204171204,3004.254204171204
928.0,1,1,0.0009124908372381766,0.00020129848558460788,0.30042538588057066,3004.2538588057064
68.0,2,1,0.0009629621052812837,0.0001307765963331367,0.3004244178210124,3004.244178210124
164.0,2,1,0.0009574696437589456,0.0001322849496795674,0.30042267334240746,3004.2267334240746
1393.0,1,1,0.000885805391301267,0.0002239119097230221,0.3004214957294374,3004.214957294374
933.0,1,1,0.0009552429701688086,0.00011917461824647818,0.30041784957354145,3004.1784957354143
1392.0,1,1,0.0008972455453910383,0.0001947424837251021,0.30041732096327395,3004.1732096327396
437.0,1,1,0.0008737467167697913,0.0002101938492234907,0.30041255684147494,3004.1255684147495
609.0,1,1,0.000898068707738884,0.00017648528699427588,0.3004121730691938,3004.1217306919384
468.0,2,1,0.0008937867790810251,0.00018079292660316023,0.30041175258961333,3004.1175258961334
547.0,1,1,0.000477844152443418,0.0007305679901083848,0.3004103080580099,3004.103080580099
75.0,1,1,0.0004889775203941034,0.0007056383037593683,0.30040728249928544,3004.0728249928543
889.0,1,1,0.0008990565732443496,0.00015644996170214695,0.3004065576178084,3004.0655761780836
394.0,1,1,0.0008586053363568592,0.00019832700541175515,0.30040294023616626,3004.0294023616625
275.0,1,1,5.388550088131741e-05,0.0012699476071019924,0.3004025384824831,3004.0253848248312
316.0,2,1,0.0,0.0013402220721453425,0.3004020666216436,3004.020666216436
1282.0,1,1,0.0007909144592166919,0.0002824420094279609,0.3004010983865151,3004.0109838651506
1148.0,1,1,0.000670748307802294,0.000429445615062941,0.3003971330076398,3003.9713300763983
20.0,3,1,0.0008425542007342424,0.00019808778876184604,0.3003964480169222,3003.964480169222
644.0,1,1,4.453347180274166e-07,0.0013106789445412226,0.30039338181724956,3003.9338181724956
17.0,1,1,0.000870184039025572,0.00014549792113962242,0.3003917229919521,3003.917229919521
720.0,2,1,0.0,0.0013050013448830948,0.3003915004034649,3003.915004034649
1131.0,1,1,0.0006279961748716619,0.000465485746381754,0.3003908441938632,3003.9084419386318
542.0,1,1,0.000435092019512786,0.0007179204256970389,0.3003894129355142,3003.894129355142
228.0,1,1,0.0008586053363568592,0.0001506567472287948,0.3003886391587114,3003.886391587114
545.0,1,1,0.0004787348218794728,0.0006521955803354977,0.3003871526028524,3003.8715260285244
1196.0,1,1,0.0007250993858888218,0.00031290956307678593,0.30038391262327857,3003.839126232786
1188.0,1,1,0.00068234725295819,0.00036746087392839976,0.30038317716336177,3003.831771633618
50.0,1,1,0.0008661760265633254,0.00011989322881321786,0.3003824383792693,3003.824383792693
289.0,1,1,4.186146349457716e-05,0.0012105357062046284,0.3003799052972592,3003.799052972592
757.0,3,1,0.0007220545784417026,0.00030158747312083203,0.30037929807331293,3003.7929807331293
398.0,2,1,0.0007849024405233218,0.00021296488541947076,0.3003778504418352,3003.778504418352
82.0,2,1,0.0005463663210572367,0.0005189876074602876,0.300374242810661,3003.74242810661
482.0,6,1,2.516141156854904e-05,0.0012124884213672298,0.30037381109103756,3003.738110910376
1387.0,1,1,0.0007832533525674747,0.0001869265393728571,0.30036937930283886,3003.6937930283884
969.0,3,1,0.000552660385072024,0.0004922615485010375,0.3003687426185791,3003.687426185791
273.0,3,1,0.0004974388800366243,0.0005490389736855284,0.30036368724412027,3003.6368724412027
88.0,2,1,0.0004925401981383228,0.0005513989829223251,0.300362435774132,3003.62435774132
431.0,1,1,0.0006539740334232613,0.00032084520457887353,0.30035784317474296,3003.5784317474295
1215.0,1,1,0.0007748824093677048,0.00015603790846209828,0.3003567643362857,3003.5676433628573
1149.0,1,1,0.0006673652098372278,0.00029480871411658854,0.30035538869816986,3003.5538869816987
1449.0,2,1,0.0006713272429357295,0.0002846758660852612,0.30035393365699986,3003.539336569999
393.0,2,1,0.0006619900583477548,0.00029661370103444007,0.30035378013364944,3003.5378013364943
708.0,2,1,0.0,0.0011744557560992692,0.30035233672682976,3003.5233672682975
917.0,1,1,0.0001839974609983277,0.0009275477807283713,0.30035186331861785,3003.5186331861787
507.0,8,1,0.0004780668198024317,0.0005219679451052853,0.30034781711145253,3003.478171114525
480.0,1,1,7.79335756547979e-06,0.0011306164562202225,0.3003423022798922,3003.4230227989224
961.0,1,1,0.0007536918990349004,0.0001225105036549227,0.3003382299107104,3003.3822991071042
415.0,2,1,0.000523862073306251,0.00042024805525517,0.300335619245899,3003.3561924589903
629.0,1,1,0.0005232682936822145,0.00041873965889655906,0.3003349292151418,3003.349292151418
938.0,1,1,0.0007457649410540114,0.00012139914311108427,0.30033472571935493,3003.3472571935495
746.0,3,1,0.00048185216490566476,0.00047147025798549433,0.3003341819433579,3003.341819433579
695.0,1,1,0.0005369252250350555,0.0003874097448396031,0.3003309930134659,3003.3099301346588
1029.0,2,1,0.0,0.0010997434006851012,0.3003299230202055,3003.2992302020552
446.0,1,1,2.1376066465316e-05,0.001066464275978785,0.30032848970937975,3003.2848970937976
1361.0,3,1,0.0004880868509580486,0.000439298349938646,0.3003270242453648,3003.270242453648
263.0,1,1,0.0004974388800366243,0.0004239962473197692,0.30032617442621057,3003.261744262106
1471.0,2,1,0.0006383205180845975,0.00023374069790831596,0.3003254504166063,3003.254504166063
655.0,1,1,0.0006504113556790419,0.0002060594388493417,0.30032198237392643,3003.2198237392645
405.0,2,1,0.0,0.0010711641519344308,0.3003213492455803,3003.213492455803
231.0,2,1,0.0,0.0010643326094954043,0.3003192997828486,3003.192997828486
198.0,1,1,8.906694360548332e-06,0.0010410161301152587,0.3003158675167788,3003.158675167788
549.0,4,1,0.00040226183806772937,0.0005124233048105233,0.3003146317266702,3003.146317266702
1293.0,2,1,0.0006182744472890733,0.0002212199306373891,0.30031367575810686,3003.1367575810687
1166.0,1,1,0.000554160738943476,0.0003037349574960551,0.3003127847828262,3003.127847828262
153.0,1,1,0.00048407883849580185,0.00039566689840077367,0.30031233160491855,3003.1233160491856
424.0,2,1,0.0005237136284002419,0.00034078554995734873,0.3003117211163473,3003.117211163473
1002.0,1,1,0.0006702287506312619,0.0001387155975790349,0.3003097061795262,3003.0970617952617
287.0,1,1,0.0005026715629734465,0.00035425679643360885,0.30030734566411943,3003.0734566411943
445.0,1,1,1.2024037386740248e-05,0.001006599614330353,0.30030678949925377,3003.0678949925377
980.0,1,1,0.0005924860327127616,0.00023122071512590318,0.30030636062762284,3003.0636062762283
994.0,1,1,0.0006352381656433936,0.00015434478317905833,0.30030039870121106,3003.0039870121104
162.0,3,1,0.00048407883849580185,0.00034554376043126296,0.30029729466352767,3002.972946635277
149.0,1,1,0.000488532185676076,0.00033641746246540765,0.30029633811301004,3002.9633811301005
72.0,1,1,0.000366555006408369,0.0004978065682097651,0.30029596397302627,3002.9596397302626
181.0,1,1,0.0004953606513524964,0.0003207249325023796,0.3002943617402917,3002.9436174029174
217.0,1,1,0.00048140683018763736,0.0003288374320796975,0.30029121396169894,3002.9121396169894
442.0,1,1,2.6720083081645e-06,0.0009561873383042231,0.30028792500481455,3002.8792500481454
1354.0,2,1,0.00044399871387333433,0.0003596941699325019,0.30028550773652907,3002.8550773652905
1415.0,1,1,0.0005658546631344697,0.00019416943549254622,0.3002845926959015,3002.8459269590153
755.0,1,1,0.0004644098884495909,0.0003224883545166793,0.3002825104617348,3002.825104617348
125.0,1,1,0.000477844152443418,0.00029448351899206943,0.300279482716675,3002.7948271667497
127.0,1,1,0.000435092019512786,0.0003504665797887276,0.3002791767817417,3002.791767817417
219.0,1,1,0.0005433083559934482,0.00020174124151630925,0.3002778457148523,3002.7784571485226
1399.0,1,1,0.0005465537086528741,0.00019587105529195436,0.30027738280004873,3002.7738280004874
302.0,1,1,0.0005280927531275115,0.00020565771917925067,0.30027293441700476,3002.7293441700476
123.0,1,1,0.000435092019512786,0.00031973115520501097,0.3002699561543666,3002.699561543666
1286.0,1,1,0.0005072362438332274,0.0002199881195125213,0.30026889093338704,3002.6889093338705
122.0,1,1,0.000477844152443418,0.00025835819665574706,0.3002686451199741,3002.686451199741
395.0,1,1,0.0005199282832970089,0.0001971867338615228,0.30026712733347727,3002.6712733347726
911.0,2,1,0.00048496950793185665,0.00024374939577644577,0.30026711262190564,3002.6711262190565
698.0,1,1,0.0005159944932877639,0.0001999729425978062,0.30026638968009445,3002.6638968009443
173.0,8,1,3.707411527578241e-05,0.000838324010350745,0.3002663268492155,3002.663268492155
620.0,1,1,0.00043820936253897796,0.0002999777251207301,0.3002652770625518,3002.652770625518
1281.0,1,1,0.0005753724556914222,0.00011313542975137791,0.300264089611202,3002.64089611202
1465.0,2,1,0.0005525739281487438,0.0001411222314446098,0.3002633662406929,3002.633662406929
823.0,1,1,0.0004364280236668683,0.000291705634242314,0.30026208289973944,3002.6208289973943
73.0,1,1,0.0004940246471984141,0.00021116016349408302,0.30026095790792756,3002.6095790792756
667.0,1,1,0.0005587466262183994,0.0001176152615377366,0.30025878322894867,3002.587832289487
142.0,1,1,0.0004894228551121308,0.00020721895400866743,0.3002579348282474,3002.5793482824743
466.0,2,1,0.00045914009428626654,0.00024654494371395536,0.3002576195208287,3002.576195208287
966.0,1,1,0.0004787348218794728,0.00021790226334146998,0.3002568646077542,3002.568646077542
738.0,2,1,0.0004805161607515825,0.00021280567554765026,0.30025604816696494,3002.5604816696496
1198.0,2,1,0.0002907600977208572,0.0004607331403361774,0.3002545239811892,3002.545239811892
1026.0,1,1,0.00046804678864681486,0.00022099913704879277,0.30025351845657333,3002.5351845657333
768.0,1,1,0.00045179207143881413,0.00024231852779663517,0.3002534123869145,3002.534123869145
1178.0,1,1,0.0004720548011090616,0.00021174821344893707,0.3002523463844783,3002.523463844783
891.0,1,1,0.00048140683018763736,0.00019921475259564327,0.3002523271578537,3002.5232715785373
1417.0,1,1,0.0005304103251243801,0.00013229615673144746,0.3002518529770692,3002.518529770692
1455.0,1,1,0.0004402133687701013,0.00024656346818486836,0.3002500543879635,3002.5005438796347
1231.0,1,1,0.000435092019512786,0.00025022953567814104,0.30024910566850854,3002.4910566850854
409.0,3,1,0.0,0.0008295217919107962,0.3002488565375732,3002.4885653757324
282.0,1,1,0.0004787348218794728,0.00018865717649366832,0.30024809108169986,3002.480910816999
356.0,2,1,0.0004486005059596177,0.00022801782887138495,0.3002478455510453,3002.478455510453
348.0,1,1,0.000435092019512786,0.0002455246505643224,0.3002476942029744,3002.4769420297444
1384.0,1,1,0.0004426627097192521,0.00023497417094662116,0.30024755733517167,3002.475573351717
849.0,1,1,0.00043509201951278607,0.00024436915917979443,0.30024734755555904,3002.4734755555905
1027.0,1,1,0.0005107989215774469,0.00014249238014220567,0.30024706728267364,3002.4706728267365
293.0,1,1,0.0004903135245481856,0.00016193984059815748,0.3002447073619987,3002.447073619987
1254.0,1,1,0.000477844152443418,0.0001767324321033147,0.30024415739060833,3002.4415739060832
697.0,1,1,0.0004589174269272528,0.00020048538476125387,0.30024371258619925,3002.4371258619926
671.0,1,1,0.0004591549387768674,0.0001981343237608381,0.300243102272639,3002.43102272639
1458.0,2,1,0.00044132670556516984,0.00022001626165691056,0.3002425355607231,3002.4253556072313
352.0,1,1,0.000477844152443418,0.00017116061196050084,0.30024248584456553,3002.4248584456554
851.0,1,1,0.000477844152443418,0.00016980370646198272,0.300242078772916,3002.4207877291597
816.0,2,1,0.0,0.0008044203573829804,0.3002413261072149,3002.413261072149
1336.0,1,1,0.0004444440485913618,0.000207509268399392,0.30024003039995634,3002.400303999563
572.0,1,1,0.00043598268894884086,0.00021817303556494254,0.300239844986249,3002.39844986249
669.0,1,1,0.0005066424642091915,0.00012329999105175482,0.3002396469829992,3002.396469829992
558.0,2,1,0.0004425142648132429,0.0002077628730810938,0.3002393345678496,3002.393345678496
704.0,2,1,0.0,0.0007968146605932503,0.30023904439817795,3002.3904439817793
292.0,1,1,0.0004903135245481856,0.00014299298398401814,0.30023902330501445,3002.3902330501446
1451.0,1,1,0.00043754136046193683,0.00021244733643160962,0.30023875074511425,3002.3875074511425
53.0,2,1,8.906694360548332e-07,0.0007913507738827995,0.30023776149993925,3002.3776149993923
368.0,1,1,0.0004395453666930602,0.00020468749727381831,0.30023722439585937,3002.3722439585936
1345.0,1,1,0.0005128703805213558,0.00010648792904857432,0.3002370945309231,3002.370945309231
1456.0,1,1,0.00045246007351585526,0.000185,0.30023648402940634,3002.3648402940635
633.0,1,1,0.0004395453666930602,0.00020070671344531524,0.3002360301607108,3002.3603016071083
801.0,2,1,0.0004809614954696099,0.00014384858633094514,0.30023553917408713,3002.3553917408713
353.0,2,1,0.00043642802366686826,0.00020058204053448022,0.30023474582162707,3002.3474582162708
455.0,1,1,0.00044132670556516984,0.00019283998796018836,0.30023438267861413,3002.343826786141
1470.0,3,1,0.0004377375198020203,0.00019688771376643886,0.3002341613220507,3002.341613220507
1467.0,2,1,0.00047784415244341813,0.00014288214361966292,0.3002340023040633,3002.340023040633
1422.0,1,1,0.0004395453666930602,0.00019295820880690007,0.3002337056093193,3002.3370560931926
670.0,1,1,0.000435092019512786,0.0001960470501975131,0.30023285092286434,3002.3285092286433
1423.0,1,1,0.00043865469725700535,0.00018959599165482393,0.30023234067639926,3002.3234067639924
414.0,1,1,0.00047918015659750027,0.00013126794573840443,0.3002310524463605,3002.310524463605
412.0,2,1,0.00012751417426185027,0.0005998874243145581,0.3002309718969991,3002.309718969991
734.0,5,1,4.238102066560915e-06,0.0007633822059164223,0.30023070990260153,3002.3070990260153
1469.0,2,1,0.00043598268894884086,0.00018520574623761237,0.3002299547994508,3002.299547994508
69.0,1,1,0.0003334814813495306,0.00031987569025475435,0.30022935529961625,3002.2935529961624
1401.0,1,1,0.0004463738323694806,0.00016632169185030546,0.30022844604050286,3002.2844604050288
408.0,1,1,0.0004809614954696099,0.00011597181730622319,0.3002271761433797,3002.2717614337967
532.0,1,1,0.0004395453666930602,0.00016970872177048902,0.3002267307632084,3002.267307632084
675.0,1,1,0.000477844152443418,0.00011299655543181006,0.3002250366276069,3002.250366276069
87.0,1,1,0.0004787348218794728,0.00011029068593321878,0.30022458113453176,3002.2458113453176
1410.0,1,1,0.0004502680370704537,0.00014577871732120252,0.3002238408300245,3002.2384083002453
1210.0,1,1,0.00047720755217341723,0.0001070114099979758,0.30022298644386874,3002.2298644386874
564.0,1,1,0.00044949117539567243,0.00014105291582520836,0.3002221123449058,3002.2211234490583
810.0,1,1,0.0004359826889488409,0.00015575790359257218,0.3002211204466573,3002.211204466573
1090.0,1,1,0.0004197385749484121,0.00017326700975680832,0.3002198755329064,3002.198755329064
1439.0,1,1,0.0004612628564421973,0.00011146174555894367,0.30021794366624455,3002.1794366624454
274.0,2,1,0.0003431120213469988,0.00026494025502349003,0.30021672688504586,3002.1672688504586
1297.0,1,1,0.00037452649786105726,0.0002146376581505241,0.3002142018965896,3002.142018965896
439.0,1,1,0.0004373186931029231,0.0001296398226158393,0.3002138194240259,3002.138194240259
1477.0,2,1,0.00042284531476703203,0.00014269555819145145,0.3002119467933642,3002.119467933642
78.0,1,1,4.898681898301582e-06,0.000699829467246958,0.3002119083129334,3002.119083129334
29.0,2,1,0.0003761593918271587,0.00020195185158933984,0.30021104931220766,3002.1104931220766
280.0,1,1,0.00033821333944869736,0.00024400771194847567,0.30020848764936403,3002.0848764936404
525.0,2,1,0.0,0.000693937178488263,0.30020818115354647,3002.0818115354646
747.0,1,1,0.0002442104259982846,0.00035613784758625565,0.3002045255246752,3002.045255246752
1266.0,1,1,0.00039238442005395675,0.00015339853934567452,0.30020297332982526,3002.0297332982527
723.0,1,1,1.33600415408225e-06,0.0006666666666666666,0.3002005344016616,3002.005344016616
725.0,1,1,1.33600415408225e-06,0.0006666666666666666,0.3002005344016616,3002.005344016616
726.0,1,1,1.33600415408225e-06,0.0006666666666666666,0.3002005344016616,3002.005344016616
724.0,1,1,1.33600415408225e-06,0.0006666666666666666,0.3002005344016616,3002.005344016616
233.0,1,1,0.0,0.0006666666666666666,0.30019999999999997,3001.9999999999995
193.0,1,1,0.0,0.0006666666666666666,0.30019999999999997,3001.9999999999995
705.0,1,1,0.0,0.0006666666666666666,0.30019999999999997,3001.9999999999995
89.0,1,1,0.0,0.0006666666666666666,0.30019999999999997,3001.9999999999995
454.0,1,1,0.0,0.0006666666666666666,0.30019999999999997,3001.9999999999995
232.0,1,1,0.0,0.0006666666666666665,0.30019999999999997,3001.9999999999995
438.0,1,1,0.0,0.0006666666666666666,0.30019999999999997,3001.9999999999995
235.0,1,1,0.0,0.0006666666666666666,0.30019999999999997,3001.9999999999995
464.0,1,1,0.0,0.0006666666666666666,0.30019999999999997,3001.9999999999995
588.0,1,1,0.0,0.0006666666666666666,0.30019999999999997,3001.9999999999995
646.0,1,1,0.0,0.0006666666666666666,0.30019999999999997,3001.9999999999995
717.0,1,1,0.0,0.0006666666666666666,0.30019999999999997,3001.9999999999995
727.0,1,1,0.0,0.0006666666666666666,0.30019999999999997,3001.9999999999995
441.0,1,1,0.0,0.0006666666666666666,0.30019999999999997,3001.9999999999995
440.0,1,1,0.0,0.0006666666666666666,0.30019999999999997,3001.9999999999995
751.0,1,1,0.0,0.0006666666666666666,0.30019999999999997,3001.9999999999995
443.0,1,1,0.0,0.0006666666666666665,0.30019999999999997,3001.9999999999995
983.0,1,1,0.0003474724137408918,0.000202313996638444,0.30019968316448786,3001.9968316448785
1068.0,1,1,0.00033496593040962185,0.00021471562758428254,0.3001984010604391,3001.984010604391
492.0,2,1,2.8278754594740954e-05,0.0006188569299466023,0.30019696858082184,3001.9696858082184
1315.0,1,1,0.00038440303227419895,0.00014222882123725487,0.30019642985928086,3001.9642985928085
538.0,1,1,8.906694360548332e-07,0.0006516844945456799,0.3001958616161381,3001.958616161381
1355.0,1,1,0.00021741240934098477,0.0003621099963444478,0.3001955979626397,3001.955979626397
105.0,3,1,0.0003417201736330377,0.00018930197323478086,0.30019347866142365,3001.9347866142366
845.0,2,1,7.570690206466082e-06,0.0006274397914586384,0.30019126021352016,3001.9126021352017
958.0,1,1,7.659757150071566e-05,0.0005184094131625134,0.30018616185254904,3001.8616185254905
493.0,4,1,3.829878575035783e-05,0.0005627904970846692,0.3001841566634255,3001.8415666342553
262.0,2,1,2.582941364559016e-05,0.0005728716641397723,0.30018219326470014,3001.821932647001
1343.0,1,1,0.0003104279874463112,0.00019231143466068195,0.3001818646253767,3001.818646253767
1167.0,1,1,0.00018920681687849112,0.0003378600864301559,0.3001770407526804,3001.7704075268043
1472.0,1,1,0.000353657835659633,0.00011628467663429105,0.3001763485372541,3001.7634853725413
91.0,1,1,8.906694360548332e-07,0.0005688619267751305,0.30017101484580694,3001.7101484580694
248.0,1,1,0.00012992640398449878,0.00039598541637601457,0.30017076618650657,3001.707661865066
703.0,1,1,0.0003322196996484528,0.00012273796326501258,0.30016970926883885,3001.6970926883887
432.0,1,1,0.00022734337355299617,0.00025981765864563713,0.30016888264701486,3001.6888264701483
631.0,2,1,5.789351334356416e-06,0.000549941860178882,0.3001672982985874,3001.672982985874
329.0,1,1,1.7813388721096663e-05,0.0005292288373938281,0.30016589400670657,3001.6589400670655
451.0,1,1,4.008012462246749e-05,0.0004815676339232664,0.30016050234002595,3001.6050234002596
330.0,2,1,2.0040062311233746e-05,0.0005049751017661221,0.3001595085554543,3001.595085554543
875.0,2,1,0.00022779082891254045,0.00021791311023571528,0.3001564902646357,3001.564902646357
243.0,1,1,0.0,0.0005112527424824655,0.3001533758227447,3001.533758227447
453.0,1,1,4.987748841907066e-05,0.00044160859616425475,0.3001524335742169,3001.524335742169
224.0,1,1,0.00011088834478882673,0.00035900374947830347,0.300152056462759,3001.52056462759
740.0,1,1,1.7813388721096664e-06,0.0005005879713885537,0.3001508889269654,3001.508889269654
619.0,3,1,9.352029078575749e-05,0.0003749675380628818,0.30014989837773315,3001.4989837773314
1331.0,1,1,0.00029531164691587615,0.00010395490591013829,0.3001493111305394,3001.493111305394
176.0,2,1,2.0040062311233746e-05,0.0004695850834421985,0.30014889154995716,3001.4889154995717
264.0,1,1,2.2712070619398247e-05,0.0004610571359755643,0.30014740196904044,3001.4740196904045
1360.0,1,1,0.00026947521884066134,0.0001301268283585249,0.3001468281360438,3001.468281360438
456.0,2,1,5.344016616328999e-05,0.000401892064416132,0.30014194368579017,3001.4194368579015
104.0,2,1,0.00018171512056843722,0.00022850106688736467,0.3001412363682936,3001.412363682936
190.0,1,1,1.8704058157151498e-05,0.0004418475364371299,0.30014003588419397,3001.4003588419396
108.0,2,1,8.461359642520916e-06,0.0004449724640639252,0.30013687628307617,3001.3687628307616
1389.0,1,1,0.00011574620433797579,0.0002921732834276652,0.3001339504667635,3001.339504667635
1450.0,2,1,0.00022053293332944832,0.00014637468597274319,0.3001321255791236,3001.321255791236
159.0,1,1,1.7813388721096664e-06,0.00043634332581934026,0.30013161553329465,3001.3161553329464
152.0,2,1,1.9027937952080525e-06,0.000435540304860556,0.30013142320897623,3001.3142320897623
752.0,3,1,9.526451843136486e-06,0.000423543818415673,0.30013087372626196,3001.3087372626196
229.0,1,1,9.39656255037849e-05,0.0003047102935038864,0.30012899933825266,3001.2899933825265
188.0,1,1,1.7813388721096663e-05,0.0004021735721271281,0.30012777742712654,3001.2777742712656
1414.0,2,1,0.0001492168195203864,0.00022574011045439318,0.30012740876094446,3001.2740876094445
285.0,1,1,1.5920716169480144e-05,0.0004012541717854625,0.3001267445380034,3001.267445380034
253.0,2,1,1.1133367950685415e-05,0.00040603420017017275,0.3001262636072313,3001.2626360723134
216.0,2,1,8.906694360548332e-06,0.00040158774180301324,0.3001240390002851,3001.240390002851
1025.0,1,1,0.0,0.0004113873620774812,0.3001234162086232,3001.234162086232
628.0,1,1,0.00021487400144822852,0.00012477581041099025,0.30012338234370256,3001.2338234370254
202.0,1,1,0.00021789591560627172,0.00011423874477243489,0.3001214299896742,3001.2142998967424
1369.0,2,1,6.129931181211474e-05,0.00031567735574704965,0.30011922293144894,3001.1922293144894
185.0,1,1,1.7516498909078387e-05,0.00037262346106142763,0.3001187936378821,3001.1879363788207
146.0,1,1,6.2346860523838326e-06,0.0003859585704250672,0.3001182814455485,3001.1828144554847
496.0,1,1,6.680020770411249e-06,0.00038075102839309536,0.30011689731682606,3001.1689731682604
211.0,1,1,1.7813388721096664e-06,0.0003795118180838312,0.300114566080974,3001.1456608097396
276.0,2,1,1.1133367950685415e-05,0.0003669731982132517,0.3001145453066442,3001.1454530664423
192.0,2,1,1.6032049848986997e-05,0.00035549832009151627,0.300113062315967,3001.13062315967
416.0,2,1,2.8056087235727245e-05,0.00033753545698319323,0.30011248307198923,3001.1248307198925
1213.0,1,1,0.0001932752676238988,0.0001115113002300972,0.30011076349711857,3001.1076349711857
899.0,3,1,2.3617584546053988e-05,0.00033655534466459487,0.3001104136372178,3001.104136372178
793.0,2,1,6.2346860523838326e-06,0.0003597044253670539,0.3001104052020311,3001.104052020311
214.0,1,1,6.323752995989315e-05,0.0002714811570356532,0.30010673935909465,3001.0673935909467
499.0,3,1,1.4250710976877331e-05,0.000330295326826969,0.30010478888243886,3001.0478888243883
221.0,1,1,7.615223678268824e-05,0.000240835639416337,0.30010271158653795,3001.0271158653795
459.0,1,1,3.2064099697973994e-05,0.00028802881176013954,0.30009923428340723,3000.992342834072
239.0,1,1,4.631481067485133e-05,0.00026665771246354444,0.300098523238009,3000.98523238009
868.0,1,1,0.0,0.0003265698790580508,0.30009797096371743,3000.9797096371744
1314.0,1,1,0.0001432892730473405,0.00013318812813193216,0.3000972721476585,3000.9727214765853
529.0,1,1,0.00013879598711854485,0.0001376583336618415,0.30009681589494597,3000.96815894946
27.0,3,1,5.263046667596741e-06,0.00031171652321730544,0.30009562017563224,3000.9562017563226
346.0,1,1,1.7813388721096664e-06,0.00031560710764504856,0.30009539466784235,3000.9539466784236
902.0,1,1,7.570690206466082e-06,0.0003072063073649461,0.30009519016829206,3000.9519016829204
383.0,1,1,1.33600415408225e-06,0.0003135599022970384,0.30009460237235075,3000.9460237235076
1412.0,1,1,0.0001470522928482576,0.00011883975552828432,0.30009447284379775,3000.9447284379776
674.0,2,1,0.0,0.0003145625300031271,0.3000943687590009,3000.943687590009
77.0,1,1,2.4196519679489634e-05,0.00027948618664440573,0.3000935244638651,3000.935244638651
320.0,1,1,8.461359642520916e-06,0.0002955855216078005,0.30009206020033935,3000.9206020033935
922.0,1,1,6.067685533123551e-05,0.00022554291885004799,0.3000919336177875,3000.9193361778753
1428.0,1,1,0.00014527095397614794,0.00010740063769531674,0.300090328572899,3000.9032857289903
785.0,2,1,9.507896229885345e-05,0.00016749172780936445,0.30008827910326236,3000.8827910326236
148.0,1,1,9.797363796603164e-06,0.0002761477258947569,0.30008676326328704,3000.8676326328705
427.0,2,1,9.018028040055187e-05,0.00016842406620259215,0.300086599332021,3000.86599332021
952.0,1,1,1.33600415408225e-06,0.0002852195200629615,0.3000861002576805,3000.8610025768053
783.0,2,1,2.449340949150791e-06,0.0002812591298049895,0.30008535747532117,3000.853574753212
743.0,1,1,2.6720083081645e-06,0.0002808485585329769,0.3000853233708832,3000.853233708832
103.0,1,1,0.0,0.0002841608132729892,0.30008524824398186,3000.8524824398187
483.0,1,1,1.33600415408225e-06,0.00028065438592491266,0.3000847307174391,3000.8473071743906
1430.0,1,1,0.00012675463115943686,0.00011078757116770143,0.30008393812381406,3000.8393812381405
40.0,1,1,0.0,0.0002796240225233618,0.300083887206757,3000.83887206757
1373.0,2,1,2.0244355720342825e-05,0.00024963844467662115,0.3000829892756911,3000.8298927569112
365.0,1,1,5.4776170317372244e-05,0.0001993597942542253,0.3000817184064032,3000.817184064032
599.0,1,1,7.911053169529893e-05,0.0001667204453553358,0.3000816603462847,3000.816603462847
95.0,2,1,1.33600415408225e-06,0.0002693376077065111,0.30008133568397355,3000.8133568397357
272.0,1,1,5.789351334356416e-06,0.0002605180008657842,0.30008047114079345,3000.8047114079345
895.0,3,1,2.1301844012311426e-06,0.0002611617135572042,0.30007920058782767,3000.7920058782765
1421.0,1,1,0.0001087896808319235,0.00011278947681406396,0.300077352715377,3000.77352715377
956.0,1,1,5.8116180702577864e-05,0.00017995115285540658,0.30007723181813767,3000.7723181813767
150.0,1,1,8.906694360548332e-07,0.00025470054687109237,0.30007676643183573,3000.767664318357
389.0,1,1,1.7813388721096664e-06,0.0002512469438154227,0.30007608661869345,3000.7608661869344
100.0,2,1,0.0,0.00024577768443410366,0.3000737333053302,3000.7373330533023
205.0,1,1,3.518144272416591e-05,0.00019606789701587046,0.30007289294619444,3000.7289294619445
663.0,1,1,2.8352977047745558e-05,0.00020480495309706029,0.3000727826767482,3000.727826767482
319.0,1,1,9.352029078575749e-06,0.00023010061365623532,0.30007277099572827,3000.7277099572825
623.0,2,1,5.344016616329e-06,0.00023525826609697715,0.3000727150864756,3000.727150864756
227.0,1,1,5.744817862553674e-05,0.00016568898754863178,0.3000726859677148,3000.7268596771482
1021.0,1,1,8.461359642520916e-05,0.00012793362248906328,0.3000722255253168,3000.722255253168
290.0,1,1,2.226673590137083e-06,0.00023768777511550427,0.3000721970019707,3000.721970019707
1291.0,1,1,7.392556319255116e-05,0.00014116249353584806,0.30007191897333774,3000.7191897333773
312.0,1,1,1.3360041540822498e-05,0.00021766956103296965,0.3000706448849262,3000.706448849262
404.0,1,1,8.439092906619545e-05,0.00011433733395473272,0.3000680575718129,3000.6805757181287
817.0,1,1,4.453347180274166e-07,0.00022550940503493423,0.3000678309553977,3000.6783095539768
1224.0,1,1,5.850250078489469e-05,0.00014798167249682216,0.300067795502063,3000.6779550206297
407.0,1,1,9.797363796603164e-06,0.00021157776425657554,0.3000673922747956,3000.673922747956
291.0,1,1,2.226673590137083e-06,0.00022157104457840352,0.3000673619828096,3000.673619828096
240.0,1,1,8.906694360548332e-06,0.00020939106394583806,0.300066379996928,3000.66379996928
458.0,1,1,8.906694360548332e-07,0.00021902064620633088,0.3000660624616363,3000.6606246163633
1137.0,1,1,7.816684622138361e-05,0.00011477926854602276,0.30006570051905235,3000.6570051905233
396.0,1,1,2.1821401183343412e-05,0.0001897040937174381,0.3000656397885886,3000.656397885886
1020.0,2,1,4.230679821260458e-06,0.00021299819636551944,0.30006559173083813,3000.6559173083815
485.0,2,1,4.453347180274166e-06,0.00021253413761395404,0.3000655415801563,3000.655415801563
1272.0,1,1,5.250496325543241e-05,0.0001415499985621025,0.3000634669848708,3000.6346698487077
607.0,2,1,3.711122650228471e-06,0.0002044781310193871,0.3000628278883659,3000.6282788836593
71.0,1,1,7.1253554884386655e-06,0.0001985760749237443,0.3000624229646725,3000.624229646725
261.0,1,1,0.0,0.00020211987075409378,0.30006063596122623,3000.606359612262
1349.0,1,1,8.016024924493499e-06,0.0001905503494244819,0.30006037151479714,3000.6037151479713
772.0,1,1,6.828465676420388e-06,0.00019022943254080277,0.3000598002160328,3000.5980021603277
83.0,1,1,4.008012462246749e-06,0.00019375306391760354,0.3000597291241602,3000.597291241602
1039.0,1,1,0.0,0.00019889844785405162,0.3000596695343562,3000.596695343562
551.0,2,1,2.756922328804255e-05,0.00016172340480929552,0.300059544710758,3000.59544710758
1228.0,1,1,5.967485221567382e-05,0.00011829316522612198,0.30005935789045407,3000.5935789045407
1376.0,1,1,1.33600415408225e-06,0.00019571914554724842,0.3000592501453258,3000.592501453258
23.0,1,1,8.906694360548332e-07,0.0001962573750408169,0.3000592334802867,3000.592334802867
491.0,1,1,2.0040062311233746e-06,0.00019360275736159693,0.3000588824297009,3000.588824297009
430.0,1,1,0.0,0.0001958801898970333,0.3000587640569691,3000.587640569691
59.0,1,1,2.226673590137083e-06,0.0001920200938438964,0.3000584966975892,3000.5849669758923
207.0,1,1,1.33600415408225e-06,0.0001928610822153512,0.30005839272632623,3000.5839272632625
509.0,1,1,1.7813388721096664e-06,0.0001878083927378084,0.30005705505337016,3000.5705505337014
1445.0,1,1,2.226673590137083e-06,0.000185,0.30005639066943607,3000.563906694361
136.0,1,1,0.0,0.00018669141677995054,0.30005600742503397,3000.5600742503398
210.0,1,1,0.0,0.00018638005303181024,0.30005591401590953,3000.5591401590955
10.0,1,1,2.2415180807379968e-05,0.00015621719190973908,0.3000558312298959,3000.5583122989588
99.0,2,1,1.7813388721096664e-06,0.00018353254368431475,0.3000557722986541,3000.557722986541
850.0,1,1,1.7813388721096664e-06,0.00018268576984284169,0.3000555182665017,3000.5551826650167
271.0,1,1,0.0,0.00018490857730449914,0.3000554725731913,3000.554725731913
1194.0,1,1,3.874412046838524e-05,0.00013146848640417294,0.3000549381941086,3000.5493819410863
1156.0,1,1,1.8887140207896106e-05,0.00015520529503497798,0.3000541164445936,3000.5411644459364
904.0,1,1,5.789351334356416e-06,0.00017228216314649767,0.30005400038947766,3000.5400038947764
402.0,1,1,1.33600415408225e-06,0.00017793758093542693,0.30005391567594225,3000.5391567594224
1466.0,3,1,5.121349257315291e-06,0.00017242760962925691,0.3000537768225917,3000.5377682259173
1378.0,1,1,1.0799366912164852e-05,0.00016409530465052248,0.30005354833816,3000.5354833816
608.0,1,1,0.0,0.00017717075502410908,0.3000531512265072,3000.5315122650723
257.0,1,1,5.19557171031986e-07,0.00017546396094995004,0.30005284701115337,3000.528470111534
506.0,1,1,8.906694360548332e-07,0.00017409993113413067,0.30005258624711467,3000.525862471147
858.0,1,1,0.0,0.00017495081152021485,0.30005248524345607,3000.5248524345607
33.0,1,1,4.453347180274166e-06,0.00016840339918377964,0.30005230235862723,3000.5230235862723
209.0,1,1,0.0,0.00017240115959299982,0.3000517203478779,3000.5172034787793
732.0,1,1,3.3400103852056245e-06,0.00016738678259246137,0.3000515520389318,3000.515520389318
982.0,1,1,1.0242698514630582e-05,0.00015719584276199902,0.30005125583223446,3000.512558322345
569.0,1,1,1.2469372104767665e-05,0.000153136711655189,0.30005092876233846,3000.509287623385
967.0,1,1,0.0,0.00016960965324869557,0.3000508828959746,3000.508828959746
832.0,2,1,5.344016616329e-06,0.0001620834751909321,0.3000507626492038,3000.5076264920376
1405.0,1,1,7.1253554884386655e-06,0.00015879314229014257,0.3000504880848824,3000.5048808488236
642.0,1,1,0.0,0.00016802137368675347,0.300050406412106,3000.50406412106
596.0,1,1,4.453347180274166e-06,0.00016166500679572367,0.3000502808409108,3000.5028084091077
317.0,1,1,9.352029078575749e-06,0.00015305954547792383,0.3000496586752748,3000.4965867527476
597.0,1,1,5.344016616329e-06,0.0001564714671811214,0.30004907904680084,3000.4907904680085
252.0,1,1,0.0,0.0001615461772390638,0.3000484638531717,3000.484638531717
342.0,1,1,4.052545934049491e-05,0.00010443848746368596,0.3000475417299753,3000.4754172997527
191.0,1,1,3.3400103852056245e-06,0.00015176069099092645,0.3000468642114513,3000.4686421145134
477.0,2,1,0.0,0.0001559683743354929,0.30004679051230065,3000.4679051230064
688.0,1,1,1.7368054003069246e-05,0.00013206927087534162,0.30004656800286383,3000.4656800286384
805.0,1,1,4.453347180274166e-06,0.0001488870277371753,0.3000464474471933,3000.4644744719326
505.0,1,1,8.906694360548332e-07,0.00015342760689282525,0.3000463845498423,3000.463845498423
489.0,1,1,6.2346860523838326e-06,0.0001456793288205923,0.3000461976730671,3000.4619767306713
467.0,1,1,5.789351334356416e-06,0.00014600361601630713,0.3000461168253386,3000.461168253386
1099.0,1,1,1.6032049848986997e-05,0.00013178310613593406,0.30004594775178034,3000.4594775178034
568.0,1,1,0.0,0.0001513915173306949,0.3000454174551992,3000.454174551992
861.0,1,1,6.680020770411249e-06,0.0001422568653680273,0.3000453490679186,3000.453490679186
700.0,1,1,2.3825407414466787e-05,0.00011821809971912219,0.3000449955928815,3000.449955928815
792.0,1,1,9.12936171956204e-06,0.00013738872371847713,0.30004486836180333,3000.448683618033
1337.0,1,1,3.289539117162518e-05,0.00010564781328901957,0.3000448525004554,3000.4485250045536
1195.0,1,1,8.194158811704465e-06,0.00013744714614169235,0.3000445118073672,3000.445118073672
1358.0,1,1,1.6032049848986997e-05,0.00012648149223457882,0.30004435726761,3000.4435726761
721.0,1,1,2.361758454605399e-05,0.00011545214560098603,0.3000440826774987,3000.4408267749873
552.0,1,1,2.489721497987803e-05,0.00011249068514828933,0.3000437060915364,3000.4370609153643
589.0,1,1,4.898681898301582e-06,0.00013902710066463826,0.3000436676029587,3000.436676029587
1184.0,1,1,1.0688033232658e-05,0.0001307825327008041,0.3000435099731033,3000.435099731033
457.0,1,1,3.1173430261919163e-06,0.00014002426205148103,0.3000432542158259,3000.432542158259
203.0,1,1,2.3157405337425664e-05,0.00011302105531278876,0.3000431692787288,3000.4316927872883
109.0,1,1,4.453347180274166e-07,0.00014329780120980818,0.30004316747425014,3000.4316747425014
1176.0,1,1,0.0,0.00014350703672516985,0.30004305211101756,3000.4305211101755
553.0,1,1,2.489721497987803e-05,0.00010960566511060108,0.3000428405855251,3000.428405855251
1453.0,1,1,3.006009346685062e-06,0.00013694756868458058,0.300042286674344,3000.42286674344
359.0,1,1,8.906694360548332e-07,0.0001394515864613393,0.3000421917437128,3000.4219174371283
512.0,1,1,2.226673590137083e-07,0.00014011256604619181,0.30004212283675746,3000.4212283675747
67.0,2,1,0.0,0.0001374927680329149,0.30004124783040986,3000.412478304099
914.0,1,1,3.377121611707909e-06,0.00013141913567961958,0.3000407765893486,3000.4077658934857
177.0,1,1,0.0,0.00013592090949082912,0.30004077627284725,3000.4077627284723
1474.0,2,1,2.449340949150791e-06,0.0001322909840371878,0.3000406670315908,3000.4066703159083
498.0,1,1,3.711122650228472e-06,0.00013047332563963866,0.30004062644675195,3000.4062644675196
238.0,1,1,4.898681898301582e-06,0.00012869536934711015,0.30004056808356344,3000.4056808356345
474.0,1,1,0.0,0.00013506417179316675,0.30004051925153796,3000.4051925153794
537.0,1,1,0.0,0.0001344758196929309,0.30004034274590785,3000.4034274590786
565.0,1,1,0.0,0.00013370169624785019,0.30004011050887436,3000.4011050887434
975.0,1,1,2.226673590137083e-06,0.00012928322250598779,0.30003967563618783,3000.3967563618785
842.0,1,1,0.0,0.00013183621670783186,0.3000395508650123,3000.3955086501232
737.0,1,1,4.453347180274166e-07,0.00013124134302481484,0.30003955053679465,3000.3955053679465
1468.0,2,1,3.5626777442193328e-06,0.00012692604733729974,0.30003950288529885,3000.3950288529886
343.0,1,1,1.2617817010776803e-05,0.00011334271768977954,0.3000390499421112,3000.390499421112
196.0,1,1,1.33600415408225e-06,0.0001281983378458444,0.30003899390301536,3000.3899390301535
476.0,1,1,0.0,0.00012988801547371426,0.3000389664046421,3000.3896640464213
1379.0,1,1,1.6477384567014414e-05,0.00010778390735483975,0.3000389261260332,3000.389261260332
513.0,1,1,2.06338419352703e-06,0.00012699754397429291,0.3000389246168697,3000.389246168697
349.0,1,1,1.7071164191050966e-05,0.00010680668809476385,0.3000388704721048,3000.3887047210483
481.0,1,1,0.0,0.00012850910882675963,0.300038552732648,3000.3855273264803
617.0,1,1,6.2346860523838326e-06,0.00012012768744766858,0.30003853218065524,3000.3853218065524
548.0,1,1,1.1578702668712832e-05,0.0001128927039584352,0.300038499292255,3000.3849929225503
1204.0,1,1,9.567274192288996e-06,0.00011549005167733664,0.3000384739251801,3000.3847392518014
1462.0,1,1,1.7813388721096664e-06,0.00012562249747560304,0.30003839928479153,3000.383992847915
35.0,1,1,2.226673590137083e-07,0.0001274769938220201,0.3000383321650902,3000.383321650902
0.0,1,1,6.680020770411249e-06,0.00011791956354897618,0.30003804787737287,3000.3804787737286
1413.0,1,1,0.0,0.0001261167802771499,0.30003783503408316,3000.3783503408317
444.0,1,1,2.226673590137083e-06,0.00012130625709558948,0.3000372825465647,3000.372825465647
433.0,1,1,4.453347180274166e-07,0.0001231617614984468,0.30003712666233673,3000.3712666233673
632.0,1,1,3.5626777442193328e-06,0.0001184784864062532,0.30003696861701956,3000.3696861701956
557.0,1,1,6.53157586440211e-06,0.00011385308921875643,0.30003676855711137,3000.3676855711137
1448.0,1,1,9.960653193213219e-06,0.00010873385735354367,0.30003660441848334,3000.3660441848333
336.0,1,1,8.016024924493499e-06,0.00011089603673678655,0.3000364752209908,3000.364752209908
677.0,1,1,3.1173430261919163e-06,0.00011691577717721625,0.30003632167036365,3000.3632167036367
94.0,1,1,8.906694360548332e-06,0.00010903702526312284,0.30003627378532316,3000.3627378532315
1211.0,1,1,0.0,0.00012029223618318941,0.30003608767085493,3000.3608767085493
472.0,1,1,5.566683975342707e-06,0.00011256192822773798,0.30003599525205843,3000.359952520584
43.0,1,1,0.0,0.00011801590577187774,0.3000354047717316,3000.3540477173156
1232.0,1,1,0.0,0.00011795449889245345,0.3000353863496677,3000.353863496677
490.0,1,1,7.1253554884386655e-06,0.00010836739556679206,0.3000353603608654,3000.3536036086543
197.0,1,1,4.453347180274166e-07,0.00011714350275405392,0.30003532118471343,3000.3532118471344
354.0,1,1,2.0040062311233746e-06,0.00011495114231575973,0.30003528694518716,3000.352869451872
501.0,1,1,1.3656931352840774e-06,0.00011554675077186585,0.30003521030248564,3000.3521030248567
400.0,1,1,0.0,0.00011727866236456012,0.30003518359870934,3000.3518359870936
1207.0,1,1,5.477980358430252e-06,0.00010950603110633133,0.30003504300147527,3000.350430014753
533.0,1,1,0.0,0.00011666670196353649,0.300035000010589,3000.35000010589
195.0,1,1,5.344016616329e-06,0.00010917816656961891,0.3000348910566174,3000.3489105661743
735.0,1,1,0.0,0.0001162480487875341,0.3000348744146363,3000.3487441463626
36.0,1,1,2.226673590137083e-07,0.0001156206941295875,0.30003477527518246,3000.347752751825
561.0,1,1,0.0,0.00011545249342425864,0.30003463574802725,3000.3463574802727
622.0,1,1,1.33600415408225e-06,0.00011342066416203098,0.3000345606009102,3000.345606009102
461.0,1,1,4.453347180274166e-06,0.00010922348662076252,0.3000345483848583,3000.345483848583
968.0,1,1,1.33600415408225e-06,0.00011327252656240168,0.30003451615963034,3000.3451615963036
731.0,1,1,6.197574825881547e-07,0.00011421783042004793,0.30003451325211905,3000.3451325211904
194.0,1,1,1.33600415408225e-06,0.00011322502868725879,0.3000345019102678,3000.345019102678
403.0,1,1,0.0,0.00011454155380376752,0.3000343624661411,3000.3436246614115
47.0,1,1,2.226673590137083e-07,0.00011386540312710457,0.3000342486878817,3000.342486878817
26.0,1,1,4.453347180274166e-07,0.00011333086921064807,0.3000341773946504,3000.341773946504
719.0,1,1,8.906694360548332e-07,0.00011264729615584028,0.3000341504566212,3000.341504566212
531.0,2,1,2.6720083081645e-06,0.00011025712695445889,0.3000341459414096,3000.341459414096
137.0,1,1,1.2145492309838633e-07,0.00011353335788282263,0.30003410858933405,3000.3410858933403
1452.0,1,1,3.1173430261919163e-06,0.00010936259859635301,0.30003405571678937,3000.3405571678936
710.0,1,1,8.906694360548332e-07,0.0001117826335061748,0.30003389105782624,3000.3389105782626
519.0,2,1,4.453347180274166e-07,0.00011222615497416387,0.30003384598037947,3000.3384598037946
218.0,1,1,0.0,0.00011180646687993844,0.300033541940064,3000.3354194006397
530.0,1,1,0.0,0.00011180272821493636,0.30003354081846445,3000.3354081846446
535.0,2,1,1.4844490600913886e-07,0.00011158624881660398,0.3000335352526074,3000.335352526074
337.0,1,1,1.7813388721096664e-06,0.00010924833201806026,0.30003348703515426,3000.3348703515426
42.0,1,1,2.226673590137083e-07,0.00011108382350699585,0.3000334142139957,3000.3341421399573
213.0,1,1,0.0,0.00011137934746040164,0.3000334138042381,3000.334138042381
347.0,1,1,2.226673590137083e-06,0.00010800667353442503,0.30003329267149637,3000.332926714964
139.0,1,1,1.2145492309838633e-07,0.00011051497601699545,0.3000332030747743,3000.3320307477434
355.0,1,1,0.0,0.00011065275379639878,0.3000331958261389,3000.331958261389
798.0,1,1,0.0,0.00011009983889003847,0.300033029951667,3000.3302995166696
54.0,1,1,8.906694360548332e-07,0.00010825893393399578,0.3000328339479546,3000.3283394795462
133.0,1,1,1.4844490600913886e-07,0.00010905918298723931,0.3000327771328586,3000.3277713285856
1444.0,1,1,2.226673590137083e-06,0.00010540704900567521,0.30003251278413773,3000.3251278413773
98.0,1,1,0.0,0.0001083555931936914,0.3000325066779581,3000.325066779581
199.0,1,1,4.453347180274166e-07,0.00010737469586814673,0.30003239054264763,3000.3239054264764
145.0,1,1,1.2145492309838633e-07,0.00010720076842460901,0.3000322088124966,3000.322088124966
172.0,1,1,1.7813388721096664e-06,0.00010476415943672072,0.30003214178337984,3000.3214178337985
167.0,2,1,0.0,0.0001068357062103383,0.30003205071186306,3000.3205071186308
131.0,1,1,1.4844490600913886e-07,0.00010649353258418912,0.30003200743773767,3000.320074377377
41.0,1,1,8.096994873225757e-07,0.00010547564450554238,0.30003196657314657,3000.3196657314656
31.0,1,1,8.096994873225757e-07,0.00010348310667749522,0.30003136881179815,3000.3136881179817
44.0,1,1,0.0,0.00010424853237211164,0.3000312745597116,3000.312745597116
22.0,1,1,0.0,0.0001041923414357749,0.3000312577024307,3000.3125770243073
527.0,1,1,1.1133367950685415e-07,0.0001038449461904539,0.3000311980173289,3000.311980173289
326.0,1,1,1.4844490600913886e-07,0.00010347864713151087,0.30003110297210184,3000.3110297210183
604.0,1,1,0.0,0.00010340620290200759,0.3000310218608706,3000.3102186087062
1404.0,1,1,0.0,0.00010334507134333167,0.300031003521403,3000.31003521403
1493.0,0,1,0.0,0.0001,0.30002999999999996,3000.2999999999997
1494.0,0,1,0.0,0.0001,0.30002999999999996,3000.2999999999997
1482.0,0,1,0.0,0.0001,0.30002999999999996,3000.2999999999997
1481.0,0,1,0.0,0.0001,0.30002999999999996,3000.2999999999997
1480.0,0,1,0.0,0.0001,0.30002999999999996,3000.2999999999997
1479.0,0,1,0.0,0.0001,0.30002999999999996,3000.2999999999997
1478.0,0,1,0.0,0.0001,0.30002999999999996,3000.2999999999997
1483.0,0,1,0.0,0.0001,0.30002999999999996,3000.2999999999997
1488.0,0,1,0.0,0.0001,0.30002999999999996,3000.2999999999997
1491.0,0,1,0.0,0.0001,0.30002999999999996,3000.2999999999997
