source_center,destination_center,mean_delay_ratio,delay_variance,avg_distance,avg_actual_time,sla_breach_rate,trip_count,corridor_risk,estimated_revenue_risk
927,919,4.804166666666667,23.17670138888889,27.1432,116.0,1.0,2,9.174677083333334,1000.0
972,963,4.979166666666666,17.75086805555555,23.8393,112.5,1.0,2,7.616927083333332,1000.0
1479,1437,6.733670434098066,14.155115748598725,71.45336,417.0,1.0,10,7.240002898218844,5000.0
848,840,4.682112068965518,16.46934685270511,31.019849999999998,124.0,1.0,2,7.11364888339774,1000.0
845,843,5.722482517482518,14.034273602621155,32.624674999999996,155.0,1.0,4,6.799275087779353,2000.0
220,237,6.015459656084656,13.171232679350032,50.8763,274.5,1.0,4,6.657553666238872,2000.0
1199,1182,4.335829493087558,14.891461514366414,30.86085,132.0,1.0,2,6.501770251544947,1000.0
116,135,5.843750347048697,12.507558037387916,57.302666666666674,279.6666666666667,1.0,3,6.389767550035853,1500.0
1455,1433,4.714814814814814,13.773621399176953,21.911233333333332,70.33333333333333,1.0,3,6.318012345679012,1500.0
28,32,4.325,13.70671875,13.774033333333334,80.66666666666667,1.0,3,6.142015625,1500.0
1480,1437,6.710349879914999,10.504117183417097,87.88074461538463,500.16923076923075,1.0,65,6.135375106991129,32500.0
117,135,5.533737535423779,10.615029863137101,72.60383684210527,386.6842105263158,1.0,19,5.698003973110642,9500.0
634,640,8.022449477413074,6.695095022771604,118.46552857142856,746.8571428571429,1.0,7,5.517508297796711,3500.0
197,200,5.244469916717126,10.168674703039935,24.243566666666666,122.55555555555556,1.0,9,5.44839037759883,4500.0
200,200,4.670945566778901,10.750036545395734,16.79031111111111,68.88888888888889,1.0,9,5.39338919033028,4500.0
1154,1141,3.437235117223064,12.787145854033342,27.772088888888888,130.11111111111111,0.4444444444444444,9,5.344371136432562,2000.0
148,143,5.790445052428279,8.659895749193206,90.13607804878049,682.439024390244,1.0,41,5.214146745729273,20500.0
222,215,5.208333333333333,9.286458333333332,10.248033333333334,36.666666666666664,1.0,3,5.169270833333333,1500.0
508,508,8.345554717613542,4.409385102008849,17.1566,138.8,1.0,15,4.961037417648072,7500.0
171,169,4.035714285714286,10.083333333333334,11.77685,56.5,1.0,4,4.939285714285714,2000.0
1481,1437,6.971503043912582,5.866444977502575,87.4781945945946,468.2972972972973,1.0,37,4.848534710815805,18500.0
741,742,4.826180584648326,8.805287249761578,26.54839,109.2,0.9,10,4.842058408787803,4500.0
1217,1201,6.402502760397498,6.368576943464105,16.222140000000003,102.2,1.0,5,4.7715741871982305,2500.0
21,551,3.744871794871795,9.90993918474688,17.0036,49.6,1.0,5,4.770930473372783,2500.0
46,46,3.926370688135394,9.303673920156083,13.64759090909091,46.36363636363637,1.0,11,4.661650451300982,5500.0
213,208,6.421768707482992,5.90395711856171,16.43307142857143,84.78571428571429,1.0,14,4.63989461856171,7000.0
374,360,4.30919879913688,8.571491236871886,36.019200000000005,131.0,1.0,6,4.595126890716317,3000.0
1305,1297,6.055562224889956,6.094634760533533,38.89928571428572,189.14285714285714,1.0,7,4.5506153181160425,3500.0
278,277,5.448916860916861,6.865547689280098,21.28245,143.5,1.0,10,4.539231051150773,5000.0
550,550,3.185841759571342,9.859120707894293,25.456025,96.25,1.0,4,4.5320729161968245,2000.0
61,408,3.3393508198556625,9.606812222863473,59.497475,226.0,1.0,4,4.517783994801307,2000.0
1364,1343,3.7083333333333335,8.755208333333334,16.651966666666667,50.666666666666664,1.0,3,4.409895833333334,1500.0
6,745,4.28435548557006,7.93333889923327,24.012310256410256,102.92307692307692,1.0,39,4.393743863998004,19500.0
1232,1202,6.989339218086123,4.102055045379977,111.65094210526317,588.1578947368421,1.0,19,4.326352200848442,9500.0
284,79,4.217346246477603,7.795796472658811,82.793925,354.0,1.0,4,4.325677440388684,2000.0
532,520,9.0,1.3888888888888908,13.96195,108.0,1.0,2,4.316666666666667,1000.0
505,508,8.167582417582418,2.491924284506703,14.21807,113.4,1.0,10,4.314610252384978,5000.0
1469,1437,6.206749014742373,5.027935809411269,53.769975,240.75,1.0,4,4.29108034872033,2000.0
366,360,4.604626022991816,7.107634262725506,64.22996,246.4,1.0,5,4.274140688014379,2500.0
1460,1443,4.429347826086956,7.251033790170132,49.63053333333334,196.66666666666666,1.0,3,4.2470492674858225,1500.0
1451,1432,6.36152081182499,4.591894153383073,58.87272222222222,312.962962962963,1.0,54,4.222176570744917,27000.0
114,135,3.172391012345647,9.147093667421062,43.108984615384614,108.84615384615384,0.6923076923076923,13,4.220776812856885,4500.0
1306,1292,4.238095238095237,7.354830994897958,10.54651111111111,32.0,1.0,9,4.201687393707482,4500.0
507,508,8.002777777777778,2.3150231481481485,16.885566666666666,122.33333333333333,1.0,3,4.195618055555556,1500.0
1229,1228,3.98990990990991,7.971581105429754,48.39116666666667,196.33333333333334,0.6666666666666666,3,4.18743829559289,1000.0
528,603,3.8812552213868003,7.781476203693235,22.423083333333334,69.0,1.0,6,4.18694494966269,3000.0
1497,1472,4.236111111111111,7.292245370370369,25.0829,74.66666666666667,1.0,3,4.182118055555556,1500.0
1208,1202,4.367427073246039,6.913976956758202,23.000725,98.9375,1.0,16,4.121163916325877,8000.0
750,730,4.211154401154401,6.91761243910525,14.401586666666667,59.93333333333333,1.0,15,4.059745492193335,7500.0
1355,1332,3.544117647058824,7.70826124567474,38.68156666666667,125.0,1.0,3,4.030125432525952,1500.0
791,782,3.901595860566449,7.137552797935623,25.383355555555553,77.33333333333333,1.0,9,4.001904183607267,4500.0
381,334,4.764508913737657,5.986662684818157,76.75762,378.6,1.0,15,4.00180237094051,7500.0
545,538,6.5921269955490605,3.5460478390030237,25.544135999999998,157.76,1.0,25,4.000665149920532,12500.0
1496,1475,4.588541666666667,6.1615125868055545,35.90525,127.0,1.0,2,3.983870442708333,1000.0
1,1190,6.2857142857142865,3.8359476021813683,12.518075,78.25,1.0,4,3.9650699949401247,2000.0
310,304,6.953707798909037,2.9415239943133864,44.9044,207.0,1.0,3,3.963940317857631,1500.0
1152,945,8.01923076923077,1.4977810650887566,80.5539,625.5,1.0,2,3.957026627218935,1000.0
504,500,5.637254901960785,4.490660643342306,25.784475,120.0,1.0,4,3.9021001537870057,2000.0
866,857,4.163690476190476,6.398827239229026,20.6629,81.5,1.0,2,3.8851243622448983,1000.0
502,500,5.89047619047619,3.966598639455781,12.785066666666665,77.66666666666667,1.0,3,3.8461700680272104,1500.0
222,317,3.1441690941225566,7.539514681749419,70.88155,205.5,1.0,8,3.8195220421738485,4000.0
713,715,5.0444290444290445,4.9910238001461105,91.00616,373.0,1.0,5,3.815078757815451,2500.0
712,715,5.224758011608334,4.833247550881697,86.42405833333333,375.625,0.9166666666666666,24,3.8148774699078425,11000.0
385,334,3.7566513874788714,6.6849890268031595,51.46591666666667,210.27777777777777,1.0,18,3.8081572630324962,9000.0
346,340,4.934157363104732,5.078425152715425,12.279718421052632,54.473684210526315,1.0,38,3.7971904910565204,19000.0
1466,1455,3.26109022556391,7.294700378766465,23.3774875,64.375,1.0,8,3.7928462038555035,4000.0
187,327,3.815183681490183,6.443233842610797,52.327912500000004,163.125,1.0,8,3.7590436253793125,4000.0
341,340,3.7929617604617603,6.4245979827373025,15.984773333333333,51.333333333333336,1.0,15,3.7445640990058946,7500.0
207,200,3.185720975144967,7.281132783573578,27.4917375,77.5,0.9375,16,3.7398782251300604,7500.0
332,328,5.016287878787879,4.732083524640343,21.7673,94.25,1.0,4,3.726140208907254,2000.0
540,523,4.047887295414033,5.809567293430522,16.951321818181817,55.09090909090909,1.0,55,3.66202510619477,27500.0
1449,1424,4.520689550101315,5.1775687543876066,15.19978888888889,54.888888888888886,1.0,9,3.661546446356808,4500.0
1229,1202,3.809152707786889,6.079538135681821,94.87026746987952,301.50602409638554,1.0,83,3.647522523819302,41500.0
542,534,3.9531453575230278,5.844342962970313,21.24977192982456,68.71929824561404,1.0,57,3.634561031900305,28500.0
115,135,3.0338660230842027,7.21860310956689,40.536344444444445,98.77777777777777,0.7777777777777778,9,3.6124606754370814,3500.0
503,499,4.548787878787879,4.925785583103765,12.376259999999998,61.8,1.0,5,3.597250826446281,2500.0
256,246,4.8355056128082445,4.442563757211034,62.44194999999999,231.75,1.0,4,3.5669713722866083,2000.0
1328,1301,2.376859381750304,7.950184107607806,42.901242857142854,112.57142857142857,0.7142857142857143,7,3.5500846992681776,2500.0
1034,1011,3.3952750650572794,6.065584846078123,17.198844444444447,71.22222222222223,1.0,18,3.477785479846349,9000.0
1210,1200,5.64775557297109,3.0004302089215473,17.979072413793105,89.75862068965517,1.0,29,3.4592312918649,14500.0
534,521,4.944971190425736,3.8429608984610355,10.925036363636364,54.27272727272727,1.0,11,3.430876745708605,5500.0
506,508,5.693998811645871,2.7829227227360818,14.931959999999998,82.2,1.0,5,3.412476341479173,2500.0
510,502,3.3119429590017826,5.903981621817419,13.363033333333334,48.666666666666664,1.0,3,3.395971670145939,1500.0
1391,1342,3.433498242552086,5.735884350699321,80.6605,286.875,1.0,8,3.3941646022306307,4000.0
854,847,6.58269056261343,1.4922690858025827,33.38256666666667,174.0,1.0,3,3.3807569507861466,1500.0
1427,29,3.3563837086791533,5.810354805299045,13.319755714285714,51.92857142857143,0.9714285714285714,70,3.377088496489946,34000.0
543,534,3.6080132446386317,5.351824459640439,20.33628666666667,58.166666666666664,1.0,30,3.3487526357475845,15000.0
834,799,3.206517251655834,5.876243765706055,63.7315625,184.25,1.0,8,3.3454800303741496,4000.0
1270,1246,4.682046568246314,3.9078110222470746,39.03110869565217,121.04347826086956,1.0,23,3.3451619339726477,11500.0
913,885,3.870306223369949,4.884684052712634,16.372405555555556,53.333333333333336,1.0,18,3.31352770516177,9000.0
541,523,3.0214778503994193,5.959455331757491,16.294433333333334,41.0,1.0,9,3.296427739687015,4500.0
396,65,4.578774350649351,3.8741523589032725,53.75418333333334,250.66666666666666,1.0,6,3.293755447930722,3000.0
348,340,5.8165266106442575,2.028109282928858,19.0703,108.5,1.0,2,3.2350434291363603,1000.0
164,162,5.668952580150896,2.1375560858191593,22.699333333333332,100.91666666666667,1.0,24,3.208847857806106,12000.0
1229,1232,3.9160436246523203,4.472660698386444,32.30004,97.3,1.0,10,3.2082156593768616,5000.0
469,467,3.5319751078448105,4.984039549822525,31.59142222222222,91.55555555555556,1.0,9,3.208001908084682,4500.0
770,762,3.0868455245104545,5.568991347375403,47.77862222222222,102.66666666666667,1.0,9,3.2054356140168028,4500.0
204,196,5.192337718563209,2.756825492470741,16.672425,77.88888888888889,1.0,36,3.203982735166506,18000.0
472,466,3.4676932367149758,5.049779731586501,42.6633,147.66666666666666,1.0,3,3.2020112141619403,1500.0
1085,1070,5.345160409122673,2.5120224467787096,43.69251666666667,201.33333333333334,1.0,6,3.191670897682682,3000.0
1408,1348,3.889716290924471,4.383927765494554,60.495354545454546,190.72727272727272,1.0,33,3.1710648460181545,16500.0
735,738,4.022222222222222,4.16437962962963,14.6746,64.5,1.0,6,3.158202777777778,3000.0
698,690,4.197336152155374,3.9193203919839408,60.82637142857143,183.71428571428572,1.0,28,3.1547305784573316,14000.0
674,668,3.842937332275568,4.390153758410342,15.424376470588236,65.88235294117646,1.0,34,3.15422106043333,17000.0
1229,1235,3.6032014221158954,4.6852158617064035,13.190225,53.75,1.0,8,3.1468453273582795,4000.0
384,334,3.7824175824175823,4.422694143915145,73.723875,284.0,1.0,4,3.1397752761415765,2000.0
930,916,4.283117373688082,3.7349729214314333,32.40103684210526,108.89473684210526,1.0,19,3.133738825904663,9500.0
768,774,3.663868090930009,4.528668599776652,38.83000357142857,113.0,1.0,28,3.1241478163049994,14000.0
216,208,4.6996336996337,3.1378059770916913,9.75713076923077,30.0,1.0,13,3.1211952729809873,6500.0
590,591,4.4115842073013845,3.5134024860460333,49.36748461538461,201.76923076923077,1.0,13,3.118654428734364,6500.0
943,925,6.293103448275862,0.9994054696789535,28.40515,158.0,1.0,2,3.1170630202140313,1000.0
427,424,3.718633823038871,4.415145058836765,108.22536153846153,350.36538461538464,1.0,52,3.111997046866578,26000.0
21,533,4.0814814814814815,3.9038683127572025,15.4806,68.66666666666667,1.0,3,3.1037530864197533,1500.0
535,602,3.7374222999222995,4.249435122061076,14.455791666666668,45.583333333333336,1.0,12,3.0697994565872424,6000.0
1137,1125,2.582003565677479,5.782398969676036,21.296393333333334,62.53333333333333,1.0,15,3.0675211171738024,7500.0
1376,1354,4.4275730865475005,3.3134162108359555,31.769985507246375,108.89855072463769,1.0,69,3.065054097869787,34500.0
785,774,3.7196856370639293,4.254933885603095,30.46858888888889,80.48148148148148,1.0,27,3.0643544205065005,13500.0
157,112,2.7170859164478336,6.120386387693079,84.72807948717949,408.46153846153845,0.46153846153846156,39,3.061411821348596,9000.0
534,600,3.6647896660809733,4.313484815993174,24.9897075,80.8125,1.0,80,3.0599613112303414,40000.0
106,135,4.173983055550566,3.5989512063479516,93.83041428571428,319.14285714285717,1.0,7,3.049278584124612,3500.0
38,6,3.47115865747071,4.3630569189050545,43.85456326530612,133.42857142857142,1.0,49,2.9973805386598,24500.0
672,666,6.7272727272727275,0.0,11.7024,74.0,1.0,2,2.990909090909091,1000.0
608,600,3.6454750705427594,4.06209993456399,30.706624137931037,83.67241379310344,1.0,58,2.9768200085863006,29000.0
311,304,4.7120421660050145,2.6222094385610317,41.43983,139.73333333333332,1.0,30,2.9714796979703153,15000.0
739,744,3.515088897008207,4.224278549117977,25.44805806451613,80.06451612903226,0.967741935483871,31,2.9636417041838374,15000.0
47,46,4.103999274407539,3.2771404915791633,28.432715686274513,89.0,1.0,51,2.9247418572367647,25500.0
1206,1202,3.79251592542769,3.6740197997026405,25.702980000000004,109.6,1.0,10,2.9192123100818685,5000.0
670,668,4.116130096318775,3.227911276151181,12.714928301886793,50.35849056603774,1.0,53,2.914825421372864,26500.0
913,891,4.218549127640037,2.987533980762631,11.47180909090909,41.81818181818182,1.0,11,2.883679845284804,5500.0
23,25,3.449539993018254,3.9408795851038136,22.329922222222223,65.44444444444444,1.0,9,2.8620798727384456,4500.0
1439,1392,5.682915088383839,0.9567876831877252,35.321933333333334,138.41666666666666,1.0,24,2.8602023403098533,12000.0
76,84,3.4643895530992306,3.8663776461115695,45.18013333333334,136.66666666666666,1.0,6,2.8456691150731634,3000.0
999,987,3.3169300007157823,4.067851798379806,28.158228985507247,92.4927536231884,0.9855072463768116,69,2.8427797137132984,34000.0
30,6,3.50748158312468,3.7998682296405786,30.465863157894738,105.3157894736842,0.9473684210526315,19,2.827163628457835,9000.0
522,523,4.209617860353155,2.7959101028470035,17.741041666666668,63.666666666666664,1.0,12,2.8226201749953628,6000.0
1213,1200,4.757260192297471,2.045958475470874,18.46810612244898,69.59183673469387,1.0,49,2.8166916195602503,24500.0
469,468,5.579009155096112,0.9252592136901829,42.52726666666666,198.0,1.0,3,2.8091814261454995,1500.0
1113,1102,3.537878787878788,3.596363683214332,23.885971428571427,82.0,1.0,7,2.7940606201158147,3500.0
998,987,3.695456210600512,3.325500463436747,44.46820660377358,167.28301886792454,1.0,106,2.775832623271229,53000.0
715,208,4.698342874663162,1.9773162402822198,128.38694285714286,453.0952380952381,1.0,21,2.7725320219499303,10500.0
955,940,2.9095996732026146,4.356954651300425,24.87108,50.0,1.0,10,2.770926264671173,5000.0
212,210,5.533029878618114,0.8464190942580734,16.917258823529412,66.23529411764706,1.0,17,2.7671376797246676,8500.0
173,25,5.17957468280049,1.2891572062643926,26.542833333333334,128.33333333333334,1.0,6,2.7585770349995133,3000.0
624,616,3.811258703581165,3.1117385270216884,47.28501666666667,119.66666666666667,1.0,6,2.7580250395389725,3000.0
1454,1425,4.404903983728372,2.311629374899629,66.45764497041421,223.27810650887574,1.0,169,2.7554504059612372,84500.0
1017,1009,5.275961538461539,1.1097472879684416,14.179424999999998,72.25,1.0,4,2.743308801775148,2000.0
1250,1202,5.803305711485343,0.3919279983683791,77.7493,412.0,1.0,3,2.7389006841046504,1500.0
199,200,3.8754376058723885,2.9459442804758647,16.94032,51.8,1.0,5,2.733958326491715,2500.0
209,200,3.634970900003215,3.2445846126016176,113.3413469387755,305.1224489795918,0.9795918367346939,49,2.7212412948021796,24000.0
565,562,2.5659307953950807,4.861393777235283,11.797860714285715,35.267857142857146,0.7857142857142857,56,2.720504737042903,22000.0
3,652,4.5316734417344176,1.9981612128748316,52.518966666666664,181.66666666666666,1.0,3,2.7121177405562165,1500.0
1024,1016,3.839475017735887,2.9604151559914054,11.989878260869565,41.52173913043478,0.9565217391304348,23,2.710871075630907,11000.0
563,564,4.628135514560854,1.8397067067509483,15.2264,70.0,1.0,13,2.703166217849626,6500.0
1023,1009,6.0,0.0,10.0476,48.0,1.0,2,2.7,1000.0
560,562,4.331770833333334,2.2130918911463398,14.7167,64.0,1.0,8,2.696635900677235,4000.0
605,598,4.527198455139632,1.9501652874374755,12.358011764705882,42.44117647058823,1.0,34,2.6959289682870953,17000.0
796,782,3.5193678086578712,3.278109401769701,59.822860000000006,147.75,1.0,20,2.691179943994059,10000.0
1033,1017,2.8,4.22711776859504,11.90192,31.6,1.0,5,2.688135330578512,2500.0
1219,1193,3.865948964793856,2.70736780320618,24.79915375,100.225,1.0,80,2.6585899268793964,40000.0
1118,1106,3.3466662141011354,3.458799325869076,28.4498306122449,88.3265306122449,0.9387755102040817,49,2.6579389364624015,23000.0
1380,1377,4.55129018592663,1.7561152312424753,42.805757692307694,137.3846153846154,1.0,26,2.647350643743395,13000.0
196,178,3.0941120611527695,3.8335141364358227,43.90499047619047,114.80952380952381,0.8571428571428571,21,2.6448419225347117,9000.0
394,392,3.7709642452905245,2.7486268868950106,94.71007142857142,276.35714285714283,1.0,14,2.632973764184713,7000.0
1356,1332,5.133730530518659,0.8642103590600407,25.270087500000002,130.0625,1.0,16,2.612755319925476,8000.0
1114,1100,3.368181818181818,3.2165702479338854,33.6392,97.5,1.0,2,2.612243801652893,1000.0
189,187,3.0775241880770885,3.581479396209593,32.636594736842106,94.26315789473684,1.0,19,2.6054534940937133,9500.0
561,558,3.705306340256788,2.737016439660806,25.5681875,68.5,1.0,8,2.603227468000957,4000.0
129,5,3.7746560024151035,2.6275275553654067,103.05101879699248,330.9172932330827,1.0,133,2.5981206675756634,66500.0
170,168,2.738782051282051,4.2997488288954635,11.217166666666666,40.666666666666664,0.6666666666666666,3,2.5854374691814597,1000.0
522,600,3.4194219371042243,3.046528928673513,30.361694252873562,79.08045977011494,1.0,87,2.5817274534437438,43500.0
730,744,2.912628936510924,3.706977987793749,19.902880952380954,55.61904761904762,1.0,21,2.5771449709424945,10500.0
342,340,3.765248332612586,2.5516499996348956,12.809084615384617,41.80769230769231,1.0,26,2.5715943329355033,13000.0
1345,1328,3.0,3.555555555555554,29.023699999999998,85.0,1.0,2,2.5666666666666664,1000.0
29,37,3.8878940503940504,2.3715458004759333,12.202800000000002,53.166666666666664,1.0,6,2.5666213603004002,3000.0
1295,1245,3.537581699346405,2.806746336878979,37.79925,105.0,1.0,2,2.557056580802256,1000.0
53,49,3.7063827376327376,2.557820167852786,24.635225000000002,81.75,1.0,8,2.549899145408931,4000.0
1219,1204,3.7783757372869116,2.4525920727786414,41.38505294117647,140.64705882352942,1.0,17,2.5471279167483574,8500.0
1229,1211,4.4259259259259265,1.5627572016460918,22.627933333333335,79.66666666666667,1.0,3,2.539197530864198,1500.0
212,209,4.637619047619047,1.247683177437642,10.267644,31.36,1.0,25,2.5293525722789116,12500.0
1428,1406,3.9368850477358723,2.1741555092653195,31.175316666666667,91.80555555555556,1.0,36,2.527000671873945,18000.0
886,857,3.555949667888657,2.6781493674900143,46.04839833333333,129.18333333333334,1.0,60,2.525824677402467,30000.0
747,734,3.6157342657342655,2.581363228845746,13.6678,39.0,1.0,4,2.52070267494743,2000.0
1484,1437,4.612700605264359,1.2433634817045598,56.59983333333334,196.75,1.0,12,2.5180892866171116,6000.0
10,745,2.870285652461324,3.5321622384808484,17.048874193548386,40.16129032258065,1.0,31,2.5077629325287845,15500.0
1293,1283,4.0397178342490845,1.9592900690187431,16.666872916666666,44.520833333333336,1.0,48,2.5036741544052568,24000.0
204,197,3.1567412400261237,3.2523950050144737,33.892775,55.25,0.875,16,2.5009149975147915,7000.0
929,916,4.090247095239356,1.8718248701768003,46.56648421052631,168.73684210526315,1.0,19,2.4976462991487827,9500.0
562,556,3.6975324675324672,2.3756788270251463,13.093700000000002,33.6,1.0,10,2.4917166351205307,5000.0
478,475,3.221263613091651,2.967003082676363,30.058647457627117,83.38983050847457,0.9830508474576272,59,2.4735216242768576,29000.0
1193,1180,3.121212121212121,3.407713498622589,24.07213333333333,75.0,0.6666666666666666,3,2.4707988980716253,1000.0
528,600,3.148321528311121,3.009975573157317,22.478901142857143,57.25714285714286,1.0,175,2.4623212832716437,87500.0
538,601,3.4997099270164167,2.539949039034101,22.374754285714285,76.62857142857143,1.0,35,2.461868682516797,17500.0
1289,1275,4.330086903718618,1.374033406541164,20.68058,75.16,1.0,25,2.4442447834497965,12500.0
1265,1246,4.734024705453277,0.8344597838108412,39.40958333333334,163.33333333333334,1.0,6,2.443947817324563,3000.0
862,1319,4.939221394398397,0.5376618789220156,107.41827142857143,355.7857142857143,1.0,14,2.4369871214359637,7000.0
852,848,2.575106465350368,3.665131007125568,40.695766666666664,97.33333333333333,1.0,3,2.4295818882778173,1500.0
566,561,2.6610049574838306,3.7649089331072867,10.726254929577465,32.352112676056336,0.7746478873239436,71,2.426269029122901,27500.0
188,190,3.5614778176090485,2.333759768205513,23.44292608695652,59.130434782608695,1.0,23,2.4247190575052735,11500.0
601,602,4.172152560083594,1.5113981394780769,12.293975862068965,40.206896551724135,1.0,29,2.422280465876861,14500.0
1405,1384,4.734355981947616,0.741207562845292,141.68096153846153,491.84615384615387,1.0,13,2.4161046616326343,6500.0
230,227,3.42058596931974,2.5815163502832705,16.856163636363636,58.72727272727273,0.9090909090909091,11,2.4154165655401503,5000.0
1207,1202,3.3026237608280953,2.6434384315334003,17.026543750000002,44.4375,1.0,16,2.414081033791258,8000.0
28,19,3.601094821813885,2.24488918253372,21.85401153846154,75.03846153846153,1.0,26,2.4139046834856703,13000.0
537,600,3.1905260140986784,2.7823666775879974,19.020221568627452,54.15686274509804,1.0,51,2.410920408915871,25500.0
1170,1149,3.226786863336571,2.7293683833281697,28.637792592592593,99.22222222222223,1.0,27,2.4095252603330795,13500.0
521,523,3.3742642651973123,2.4953488264407038,15.998767142857144,50.457142857142856,1.0,70,2.3983103540111363,35000.0
1492,1475,4.2191229803758405,1.367954750747416,79.32072000000001,255.4,1.0,5,2.398035617374561,2500.0
570,559,4.334821428571429,1.198421556122449,15.539875,68.0,1.0,4,2.3934550382653064,2000.0
170,170,4.898496240601504,0.4416586579230026,12.4279,82.0,1.0,2,2.391896093617502,1000.0
1212,1202,4.988095238095238,0.30654761904761885,22.807533333333335,114.0,1.0,3,2.3872023809523806,1500.0
1222,1202,5.206896551724138,0.0,61.4109,302.0,1.0,2,2.382758620689655,1000.0
603,16,2.8480578686615594,3.094872645589905,19.235696907216493,50.44329896907217,1.0,97,2.3676849411415954,48500.0
48,53,5.038998357963876,0.1665084285795175,21.798166666666663,124.33333333333333,1.0,3,2.3655518717594055,1500.0
511,503,3.0709706959706957,2.7833813774747838,14.100033333333334,39.5,1.0,12,2.3634026916307134,6000.0
1335,1313,2.65548004382633,3.669621922937888,132.59129090909093,179.72727272727272,0.6363636363636364,11,2.3539876853209893,3500.0
1424,1407,3.085769230769231,2.712660157790927,35.038250000000005,78.0,1.0,4,2.3481057396449705,2000.0
567,566,4.86060606060606,0.3297704315886137,13.00145,64.0,1.0,2,2.343173553719008,1000.0
15,23,2.801445580067703,3.0764927364839685,30.61346862745098,85.94117647058823,0.9411764705882353,51,2.3258789941487423,24000.0
412,65,3.7600328823255396,1.735483321362654,85.97355999999999,320.2,1.0,5,2.324658149339012,2500.0
312,311,4.769230769230769,0.33846153846153876,18.897033333333336,60.5,1.0,6,2.3092307692307696,3000.0
1219,1190,3.4951660292116613,2.0136573763344527,16.28861304347826,57.108695652173914,1.0,46,2.3021636245850003,23000.0
524,523,5.0,0.0,11.184,60.0,1.0,2,2.3,1000.0
106,111,3.899611928104575,1.4651136198283783,20.792625,65.25,1.0,4,2.2993788571903435,2000.0
1321,1202,3.0944112630549108,2.5072570741707008,110.85576825396826,231.984126984127,1.0,63,2.2899416274731745,31500.0
373,360,3.291808899951848,2.197687853916209,35.782266666666665,94.08333333333333,1.0,12,2.2760299161556024,6000.0
1004,987,3.3841980667017406,2.072496276497528,52.93369166666667,123.33333333333333,1.0,36,2.2754281096299547,18000.0
539,16,4.712121212121212,0.28696051423324165,10.32765,47.5,1.0,2,2.270936639118457,1000.0
1294,1283,3.772913752913753,1.441601501839264,32.212,93.2,1.0,5,2.2416459517172806,2500.0
1485,1437,3.8524419753184724,1.3352076958967554,75.3161025,231.4125,1.0,80,2.2415390988964154,40000.0
1019,1010,4.55,0.4050000000000003,12.08535,50.5,1.0,2,2.2415000000000003,1000.0
1497,1473,2.935999702911467,2.5516766086262193,26.863540909090908,54.86363636363637,1.0,22,2.2399028637524525,11000.0
1386,1367,4.036904761904762,1.0576133786848076,28.829425,82.75,1.0,4,2.2320459183673473,2000.0
862,858,3.2161685297622165,2.187807898859885,16.817703846153847,43.92307692307692,0.9615384615384616,26,2.2312713200243905,12500.0
1470,1437,3.2241086548255424,2.1258289286516083,83.40459203539822,203.06194690265488,1.0,113,2.2273921405256996,56500.0
703,1438,3.4434476846792488,1.81294151964357,77.00393125,194.3125,1.0,32,2.221261529764771,16000.0
17,1261,4.5964912280701755,0.2696214219759927,27.9396,87.33333333333333,1.0,3,2.2194829178208684,1500.0
1151,1143,2.9395915421366983,2.453832023835378,29.26582857142857,86.71428571428571,1.0,21,2.211986224005293,10500.0
749,7,3.4421820136038987,1.7817351192577138,19.265804545454543,53.0,1.0,22,2.2113933412188738,11000.0
1297,1282,4.463876488095238,0.4116573351170665,12.4566375,36.5,1.0,32,2.2090477957732153,16000.0
1303,1191,3.487559266130695,1.7096074603263842,45.94838571428571,162.14285714285714,1.0,7,2.2079059445501934,3500.0
878,875,3.666020099796191,1.4671444928625343,34.07609411764706,106.0,1.0,17,2.2065513877772367,8500.0
309,304,3.3430506007355514,1.9347993653911568,54.776697000000006,144.44,0.95,100,2.2026600499115676,47500.0
129,135,3.6068326684947687,1.5140244701916874,136.03533,417.1,1.0,10,2.1969404084554136,5000.0
69,65,3.6165884590172444,1.4834696244155827,32.90025,93.0,1.0,6,2.191676270931573,3000.0
530,600,2.9523665891372572,2.345554562300406,21.690018115942028,52.28260869565217,1.0,276,2.184613004345025,138000.0
296,254,4.109171907756814,0.7920448245058871,43.39553333333333,159.0,1.0,3,2.1812822104544916,1500.0
1209,1202,3.27406570491729,1.8840385315990804,17.14747857142857,52.04761904761905,1.0,42,2.1748378414466405,21000.0
1390,1366,3.75453431372549,1.239464766298677,23.28935,59.75,1.0,8,2.1736531553797995,4000.0
1298,1275,3.2857340946409774,1.8567255421224407,25.250033333333334,65.97435897435898,1.0,39,2.171311300493123,19500.0
1117,1106,3.457681182841029,1.6225890140653911,38.90562857142857,120.0,1.0,7,2.169849177356029,3500.0
1323,1310,2.92137512029882,2.3153227054683976,109.44765238095239,219.66666666666666,1.0,21,2.1631468597600474,10500.0
504,499,3.5907409985500225,1.3937274593444386,26.0558625,85.75,1.0,16,2.154414637223341,8000.0
924,899,2.7631918976512275,2.4785034656131226,50.522044117647056,130.97058823529412,1.0,34,2.1488277987444278,17000.0
228,225,3.702456429135237,1.2148745701435355,24.669702127659573,60.87234042553192,1.0,47,2.1454449426971554,23500.0
1218,1199,3.598006004716531,1.3446372977797278,16.015893333333334,57.4,1.0,60,2.142593591220531,30000.0
563,565,3.799389499389499,1.0561493512592417,13.922699999999999,55.77777777777778,1.0,9,2.136600605133572,4500.0
1450,1424,3.2912808682545527,1.7322285123844967,22.11145833333333,49.375,1.0,24,2.13618090101717,12000.0
528,517,3.530024509803922,1.4026351042868128,15.21395,45.5,1.0,4,2.1328003352076124,2000.0
1230,1214,3.865468409586057,0.9479534224728381,23.349016666666667,69.16666666666667,1.0,6,2.1305733905762745,3000.0
1140,1122,3.7165692382090234,1.1422836877042828,26.072824999999998,85.25,1.0,12,2.1293128015948946,6000.0
345,344,2.934778604698761,2.1792838715026,16.842073684210526,47.31578947368421,1.0,38,2.1276966033302847,19000.0
1219,1191,3.387906828108265,1.56875266870419,24.777044186046513,87.23255813953489,1.0,43,2.125788531854563,21500.0
653,2,4.054695831734371,0.6754427925991617,76.58714,218.6,1.0,5,2.124511170473497,2500.0
215,212,3.7566517949512046,1.0575512440282824,23.609718421052634,65.44736842105263,1.0,38,2.1199260911889666,19000.0
44,46,2.725527736152736,2.4196277475025867,13.967945,32.75,1.0,20,2.1160994187118707,10000.0
995,991,2.377816164789849,2.8728738015265995,29.75036,61.05,1.0,20,2.1129886063739196,10000.0
541,600,2.963887233476688,2.089255562326627,25.647399999999998,67.88372093023256,1.0,43,2.1123315620886634,21500.0
603,528,2.8771198795627315,2.197594759543153,25.87678192771084,65.41566265060241,0.9939759036144579,166,2.1083191507723757,82500.0
527,600,3.6777777777777776,1.1114814814814815,20.308,57.333333333333336,1.0,3,2.1045555555555557,1500.0
921,899,2.6442838376571984,2.4773103405481636,39.21856774193548,101.41935483870968,1.0,31,2.1009066372273284,15500.0
1460,1440,3.478160173160173,1.3386763002288824,13.267613333333333,31.1,1.0,30,2.092866959332734,15000.0
862,879,3.2962044907075665,1.5614797884221787,40.70189166666667,108.08333333333333,1.0,12,2.0869257328096804,6000.0
318,315,4.230769230769231,0.29585798816568043,18.889699999999998,55.0,1.0,4,2.0810650887573967,2000.0
68,73,3.0226587424672102,2.1547728638535197,34.70575,90.0,0.75,4,2.08049535614294,1500.0
988,978,3.2327993667285995,1.6029438966250817,39.127405555555555,109.11111111111111,1.0,18,2.0740029156789643,9000.0
1486,1475,3.548310509045167,1.1794990040637325,82.64103614457831,216.4578313253012,1.0,83,2.0731739048371867,41500.0
21,600,3.144406938550065,1.7140904009869844,19.951753571428572,56.5,1.0,28,2.071989895716121,14000.0
1219,1192,3.5260320326849564,1.196046248616851,17.409810344827587,67.98275862068965,1.0,58,2.0692266876590377,29000.0
1476,1457,3.854022988505747,0.7506645527810811,32.92815,114.0,1.0,2,2.0668085612366234,1000.0
1225,1244,4.159716209716209,0.3314703532264859,38.601800000000004,141.16666666666666,1.0,6,2.0633275898544294,3000.0
475,475,3.3513204902093787,1.3803766238981185,13.374287037037037,35.25925925925926,1.0,54,2.054641183253187,27000.0
566,559,2.6472835848671616,2.327848206772599,21.294986554621847,61.89915966386555,0.9663865546218487,119,2.047183862365199,57500.0
605,597,3.584707378575303,1.034185188618189,13.28754150943396,37.924528301886795,1.0,53,2.044138508015578,26500.0
1400,1359,3.5296366987528462,1.0992131779143393,28.772377777777777,66.88888888888889,1.0,18,2.0416186328754407,9000.0
1460,1441,3.1786848072562357,1.5644779181513877,19.304985714285717,44.142857142857146,1.0,7,2.0408172983479105,3500.0
811,805,2.226615847449626,2.8229775559274923,31.279322222222227,51.111111111111114,1.0,18,2.037539605758098,9000.0
131,130,3.3682065217391304,1.2983259983459357,31.245150000000002,89.0,1.0,2,2.0367804081994327,1000.0
357,340,2.941887533819522,1.921106294790483,50.12239166666667,118.88888888888889,0.9444444444444444,36,2.036420235298287,17000.0
1035,1022,2.7313876257841776,2.1273173119628725,26.93874166666667,65.41666666666667,1.0,12,2.030750243902533,6000.0
25,6,2.292466366215802,2.7382339719931066,32.411976470588236,77.08823529411765,0.9705882352941176,34,2.0296332086724878,16500.0
792,782,2.890319486167332,1.9060022593966346,56.05510833333333,113.34722222222223,1.0,72,2.0279284722859234,36000.0
1489,1464,2.6441176470588235,2.2297750865051906,33.2923,69.0,1.0,2,2.0265795847750865,1000.0
769,762,2.629703819625706,2.246230353696392,48.12545185185185,101.55555555555556,1.0,27,2.0257506339592,13500.0
712,713,2.79377990430622,2.0174671685859633,38.47082,80.4,1.0,5,2.022752112298277,2500.0
3,653,3.347826086956522,1.2759924385633266,45.69606666666667,122.33333333333333,1.0,3,2.021928166351607,1500.0
1216,1201,3.225472086251515,1.434881230637074,23.51084266666667,73.4,1.0,75,2.020653203691728,37500.0
264,262,1.8983662796384606,3.5975038459686512,69.42402380952382,215.57142857142858,0.5952380952380952,42,2.017169094217408,12500.0
1238,1215,2.7444444444444445,2.0395061728395056,18.8609,49.4,1.0,5,2.0096296296296297,2500.0
210,200,2.877177026035639,1.8576699719039895,75.042708,168.52,1.0,25,2.0081718019854526,12500.0
732,734,3.6096897211835293,0.8662308432761413,15.648194736842106,49.1578947368421,1.0,38,2.003745141456254,19000.0
1377,1360,2.7283251231527093,2.035468567067522,17.065086206896552,32.93103448275862,1.0,29,2.0019706193813405,14500.0
222,208,3.8168418426509456,0.5815516786377565,84.1262611111111,232.38888888888889,1.0,36,2.0012022406517054,18000.0
739,732,3.4,1.1332544378698224,13.934766666666667,42.0,1.0,3,1.9999763313609469,1500.0
569,559,3.6438644688644692,0.8052554542527071,14.561300000000001,53.0,1.0,6,1.9991224238215999,3000.0
308,307,3.4136904761904763,1.100635393046108,24.248549999999998,68.0,1.0,4,1.9956668083900229,2000.0
1492,1465,3.887584987555394,0.45187737964695024,22.42475294117647,65.94117647058823,1.0,17,1.9905972089162427,8500.0
32,169,3.062283518330077,1.54671538849223,16.465700000000002,57.40909090909091,1.0,22,1.9889280238797,11000.0
256,258,2.623376623376623,2.124499751292769,20.056500000000003,48.733333333333334,1.0,15,1.9867005747384798,7500.0
79,79,2.4256928353378204,2.387585247994191,71.10528333333333,146.66666666666666,1.0,6,1.9865527085333854,3000.0
208,206,3.7910761693548354,0.5631302811828259,41.99498666666667,115.1,1.0,30,1.985369552096782,15000.0
1184,1164,2.635937855374761,2.0940108895937577,31.435088095238093,90.30952380952381,1.0,42,1.9825784090280316,21000.0
618,610,4.205882352941177,0.0,47.7911,143.0,1.0,2,1.9823529411764709,1000.0
302,298,3.3883144306504516,1.0852069588351572,41.58653521126761,98.33802816901408,1.0,71,1.980887859910728,35500.0
28,22,2.5114829454537486,2.2646713570787447,15.540859722222223,45.236111111111114,0.9861111111111112,72,1.9798279186384562,35500.0
552,550,2.403990486257928,2.3865541821802263,28.393325,92.0,1.0,4,1.9775624491572392,2000.0
1041,1014,3.180207674352627,1.337454994613413,44.56145089285714,102.14285714285714,1.0,112,1.9733195681250748,56000.0
862,1318,3.4184511152911106,1.0132045107215961,115.22365882352942,260.52941176470586,1.0,51,1.9713417993329232,25500.0
1112,1097,3.3976047019906668,1.026724154528933,20.1525,58.0,1.0,30,1.9670591271549467,15000.0
1226,1268,4.029761904761905,0.18343726379440636,48.845725,150.5,1.0,4,1.9669359410430842,2000.0
316,316,4.136363636363637,0.03719008264462791,15.9229,45.5,1.0,2,1.9657024793388431,1000.0
1028,1009,2.8424115675160784,1.7415482853145312,28.835546875,60.425,1.0,160,1.9594291126007906,80000.0
648,647,3.62967032967033,0.6908827436299964,17.82036,49.2,1.0,5,1.959132954957131,2500.0
603,527,2.6879227608627447,1.9451700451819094,24.8970806122449,59.714285714285715,1.0,98,1.958720117899671,49000.0
673,669,3.5854166666666663,0.7467766203703704,19.191875,71.0,1.0,4,1.9581996527777776,2000.0
899,897,3.8721445221445223,0.36369988209149007,30.330599999999997,118.75,1.0,4,1.957967773485256,2000.0
812,814,2.2406923922851343,2.5355566882831173,31.83313846153846,64.15384615384616,1.0,26,1.956943963398989,13000.0
631,634,3.536689002694914,0.8066850346237848,45.240305681818185,117.31818181818181,1.0,88,1.9566811114651013,44000.0
391,327,3.1853888323337465,1.2748801261821712,46.77147142857143,141.42857142857142,1.0,21,1.95661957078815,10500.0
1460,1458,3.3147264911970797,1.087124729808937,42.14683333333333,105.33333333333333,1.0,3,1.952028015421513,1500.0
1287,1285,3.336930653177088,1.057443646535036,24.40560357142857,52.67857142857143,1.0,28,1.952005355231346,14000.0
528,518,3.164128697254965,1.2668551205474565,15.987122413793104,44.577586206896555,1.0,116,1.9457080150662232,58000.0
1024,1029,3.787858893557423,0.41857748767399156,14.4655,42.75,1.0,4,1.9407168037251668,2000.0
610,600,2.563328763687142,2.047216680015796,89.97045,157.4811320754717,1.0,106,1.9394965094795955,53000.0
673,664,3.0031586648983395,1.4534187578172089,51.05128,105.8,1.0,15,1.9372890933044986,7500.0
657,643,2.7580061264271793,1.7526811552225963,21.591566666666665,45.333333333333336,1.0,3,1.9290067971376508,1500.0
612,612,2.6853535353535354,1.8243447947488347,32.9807,89.5,1.0,4,1.9214448525660646,2000.0
38,35,3.6533333333333333,0.5275555555555553,12.04058,54.0,1.0,5,1.9196,2500.0
603,534,2.8644822639381715,1.5730498572094118,22.246535064935063,57.03896103896104,1.0,154,1.9177078627380921,77000.0
597,591,2.948529127968155,1.4575122630568567,104.22099374999999,239.6875,1.0,16,1.916665330104319,8000.0
1302,1191,3.7242837712415136,0.4225580446868238,51.39745102040816,155.53061224489795,1.0,49,1.9164809219026528,24500.0
8,690,2.671056059150563,1.8262758500770853,182.0915230769231,433.9230769230769,1.0,13,1.916305178683351,6500.0
85,135,3.5368520223009385,0.6698200328332169,30.87056,94.4,1.0,5,1.9156868187703406,2500.0
806,829,2.6666666666666665,1.827160493827161,47.48156666666667,100.66666666666667,1.0,3,1.914814814814815,1500.0
1033,1025,2.5496103475128242,1.9808108375438678,17.85076,43.45,1.0,20,1.9140873902682902,10000.0
1459,1436,3.428806387700183,0.8048344353803337,65.036975,166.91666666666666,1.0,24,1.9129728856941732,12000.0
916,887,2.2333487601579707,2.4787327113558693,15.386408928571429,44.294642857142854,0.9196428571428571,112,1.912852174612806,51500.0
1460,1442,3.5021306806134214,0.6942379522736027,57.03039444444445,144.27777777777777,1.0,18,1.9091236579274495,9000.0
1090,1075,2.987089239263152,1.6226536207841724,59.415475,161.75,0.75,4,1.9066317819405127,1500.0
903,892,3.2263921888921887,1.0229970607489545,27.264475,102.75,1.0,4,1.8974559937815618,2000.0
992,829,3.2465811965811966,0.9940454349611859,66.558275,195.5,1.0,4,1.8968461091208346,2000.0
1198,1182,3.636796536796537,0.47367234497104665,14.072233333333331,54.333333333333336,1.0,3,1.8968203182099288,1500.0
724,723,3.029166666666667,1.2800601797192708,11.912700000000001,31.875,1.0,8,1.895684720582448,4000.0
903,895,2.7967138108718106,1.5797389961455979,15.886105882352942,48.61764705882353,1.0,34,1.8926072231924038,17000.0
1353,1202,3.1348934809062294,1.1287105780324298,392.36864496644296,934.8120805369127,1.0,149,1.8925705657722207,74500.0
21,554,3.14140678619626,1.117914044725103,17.856872,48.08,1.0,25,1.891936927896035,12500.0
409,409,2.3914859514430065,2.106117236554736,66.41718271604938,122.93827160493827,1.0,81,1.8884295515436236,40500.0
1147,1125,3.1835854306105538,1.0935839213641079,72.84547142857143,205.57142857142858,0.9523809523809523,21,1.8872236343677393,10000.0
1386,1387,3.882943722943723,0.10157732676174243,74.6059,212.0,1.0,4,1.8836506872060121,2000.0
1289,1274,3.5566520979020977,0.5334955777811514,19.514519999999997,58.3,1.0,10,1.8827095124951845,5000.0
566,0,3.0858480978166067,1.1600565979555117,21.950364864864866,72.24324324324324,1.0,37,1.8823562185132963,18500.0
540,600,2.6507931805609823,1.7315501732361263,24.39117777777778,57.925925925925924,1.0,27,1.8797823241952307,13500.0
906,893,3.3951202428467524,0.7344386717285214,25.903584375,85.046875,1.0,64,1.8783796986572574,32000.0
558,16,2.791155209647212,1.5321744810345903,18.89442361111111,43.333333333333336,1.0,72,1.8761144281692619,36000.0
1262,1250,3.48255056042885,0.6003722217757669,18.031491666666668,49.0,1.0,24,1.87313189070427,12000.0
307,304,3.3968530465949818,0.7128237101270531,33.20634,72.8,1.0,5,1.8725883316761087,2500.0
1136,1125,2.3799876496052965,2.1556324297154537,24.705859999999998,70.7,0.9,10,1.8686847887567546,4500.0
603,525,2.8596380467287417,1.4099984654683126,22.044560909090908,52.54545454545455,1.0,110,1.8668547583319905,55000.0
834,801,2.0605711785998313,2.4751343487333224,45.9026,82.77777777777777,1.0,9,1.8667687760599292,4500.0
1487,1469,3.0897118755640496,1.0919222326246112,35.46454,77.4,1.0,25,1.8634614200130033,12500.0
314,311,3.1858974358974357,0.957429322813938,17.928625,40.0,1.0,4,1.8615877712031557,2000.0
235,235,2.680159584005738,1.631244731481586,13.12023076923077,28.615384615384617,1.0,13,1.8614372530467713,6500.0
1482,1445,3.2880734880046885,0.8124779099865415,25.974870370370372,59.851851851851855,1.0,27,1.8589727681978379,13500.0
989,979,2.3441448031303103,2.067422589062377,26.35656111111111,57.72222222222222,1.0,18,1.8578846979708374,9000.0
741,744,2.269205225920537,2.165221586524298,27.315309090909093,52.833333333333336,1.0,66,1.857248566325504,33000.0
878,870,2.7568489500053297,1.5092715700194068,50.897349999999996,137.83333333333334,1.0,6,1.855521051007954,3000.0
607,602,3.300670103941987,0.7832259043892903,15.932872727272727,45.90909090909091,1.0,33,1.855235812893582,16500.0
1273,1245,3.4686019862490447,0.5516282468261977,51.07983333333333,114.66666666666667,1.0,3,1.8529292685474772,1500.0
1371,1352,2.718219759168035,1.5434799898192861,29.88978333333333,65.5,1.0,6,1.850331900613,3000.0
1473,1437,3.2802923561235584,0.7924575319147011,54.56351666666666,134.0,1.0,6,1.8498542020238338,3000.0
1429,1406,3.748874771975176,0.16367119384374354,56.15246666666667,173.66666666666666,1.0,3,1.8486512669431936,1500.0
262,277,3.2511118855454146,0.8245645725382699,52.856046666666664,129.56666666666666,1.0,30,1.8478141259796468,15000.0
22,20,3.3549783549783547,0.6851873325087611,11.1759,33.1,1.0,20,1.8475475417439704,10000.0
246,256,2.6476811507577693,1.6240461730377178,62.19475853658536,124.39024390243902,1.0,41,1.8462863122144233,20500.0
1019,1018,2.6489497251343663,1.621397597946298,31.440125352112677,70.50704225352112,1.0,71,1.8459991694376359,35500.0
61,25,2.7695872728031263,1.4580495551136021,113.92327532467532,274.68831168831167,1.0,77,1.8452497756553312,38500.0
1407,1382,3.8041195957767147,0.07332713519580895,140.8454125,384.75,1.0,8,1.8436459788694286,4000.0
1040,1014,3.130293477889632,0.9700645996078403,14.586842307692308,39.46153846153846,1.0,26,1.843136771038205,13000.0
1300,1275,2.9253446606215117,1.2416452172407557,43.8865,119.41071428571429,1.0,56,1.8426314294208315,28000.0
140,86,3.8484848484848486,0.0073461891643709695,43.25705000000001,127.0,1.0,2,1.8415977961432508,1000.0
524,524,3.0947547822547823,1.0113958567749644,14.954524999999999,40.625,1.0,24,1.8413206699344025,12000.0
921,898,3.8479680696661824,0.00042116843366944874,58.941599999999994,202.66666666666666,1.0,3,1.839313578396574,1500.0
1497,1470,3.1458555453943986,0.9663845396188893,84.99741,217.56666666666666,0.9666666666666667,30,1.8382575800434262,14500.0
1139,1125,2.555270782871532,1.8489963886599492,26.292483870967743,76.74193548387096,0.8709677419354839,31,1.8380975523272427,13500.0
28,172,2.8540388129277017,1.3162932943539971,22.95418888888889,79.88888888888889,1.0,9,1.8365035134772798,4500.0
526,524,3.2811698717948716,0.7440746456293915,13.352,44.3125,1.0,32,1.835690342406766,16000.0
203,205,2.770005668351257,1.4224690154052717,17.926472727272728,33.0,1.0,44,1.8347429719620842,22000.0
525,525,3.139043410006143,0.9296428178867243,16.1462,44.42857142857143,1.0,14,1.8345102093684746,7000.0
1028,1022,2.7076989034379837,1.5146615632096667,22.320181333333334,54.28,0.9866666666666667,75,1.8334780303380935,37000.0
237,316,3.688783846872082,0.17843412896204242,43.351733333333335,108.66666666666667,1.0,3,1.8290437774374457,1500.0
8,335,3.1127450980392157,0.9351931949250292,44.496566666666666,122.0,1.0,3,1.825655997693195,1500.0
76,281,3.5771737521737523,0.31058658853777604,33.436816666666665,106.83333333333333,1.0,6,1.824045477430834,3000.0
1290,1276,3.351243894993895,0.609805928603193,12.72969375,37.71875,1.0,32,1.8234393365785162,16000.0
1394,1363,2.65359477124183,1.5341108120808236,37.2569,76.0,1.0,2,1.8216711521209792,1000.0
615,614,2.734391534391534,1.4223372258189373,11.676425,23.25,1.0,24,1.8204577815022949,12000.0
79,85,2.9778637770897833,1.0956391000265184,33.67015,82.75,1.0,4,1.819837240843869,2000.0
204,194,2.4352079068395893,1.9057334672743138,33.63613170731708,58.48780487804878,0.9024390243902439,41,1.816534910235203,18500.0
744,744,2.645118949739822,1.5431179077488804,20.76145,48.53333333333333,0.9833333333333333,60,1.8159829522205928,29500.0
1268,1246,3.3925089966228343,0.5259403697786228,61.93558888888889,162.66666666666666,1.0,9,1.8147857095827207,4500.0
1287,1202,3.177313065846345,0.812079724147442,116.14684339622642,255.71698113207546,1.0,53,1.814549143582771,26500.0
1415,1391,3.5341993464052286,0.32983694706095934,20.46022,61.0,1.0,5,1.8126308226803796,2500.0
379,386,2.84598580174958,1.2385364152715634,124.92578214285716,253.64285714285714,1.0,56,1.809955245281301,28000.0
343,340,2.625,1.53125,16.4524,42.0,1.0,2,1.8093750000000002,1000.0
1380,1356,2.810059530913218,1.269614877709021,45.83276380952381,111.75238095238095,1.0,105,1.8049082756779935,52500.0
224,304,3.2842525228324853,0.6215422765232703,76.98143392857142,190.83928571428572,1.0,56,1.8001636920899753,28000.0
655,652,3.242424242424242,0.6629935720844818,16.9471,37.0,1.0,2,1.7958677685950415,1000.0
320,216,3.5322395833333333,0.27435709997106483,64.9616,203.0,1.0,4,1.795202963324653,2000.0
339,335,3.2738617298410726,0.6175874574074928,42.53443888888889,114.55555555555556,1.0,18,1.794820929158677,9000.0
1208,1291,2.976951496779083,1.0028594724257593,20.51125,49.333333333333336,1.0,12,1.7916384404393608,6000.0
1225,1241,3.2003598740440844,0.6978022034393225,24.789476923076922,57.84615384615385,1.0,13,1.7894846106494307,6500.0
42,46,2.4921102706816995,1.6402123818093008,11.621244897959185,25.877551020408163,1.0,49,1.78890782281547,24500.0
900,897,2.3306648075964507,2.051749327023504,18.05033488372093,46.04651162790697,0.7906976744186046,43,1.7850000234712131,17000.0
1229,1237,2.6550770732096787,1.534859926014498,73.0501625,196.125,0.875,8,1.784988807088221,3500.0
734,744,2.7064338209573267,1.3380671743927612,31.70440914285714,68.48,1.0,175,1.783993680700759,87500.0
185,173,2.8673453713008668,1.1197455479406626,73.893847,205.97,0.99,100,1.7798618129025454,49500.0
965,908,2.9689283677609954,0.9596414933200265,194.97106153846153,437.61538461538464,1.0,13,1.7754637951004062,6500.0
528,534,2.9912478192269463,0.9141141412747922,16.12146193548387,37.354838709677416,1.0,155,1.7707333700732164,77500.0
1229,1213,2.510721916971917,1.5531999451702845,29.91465,58.5,1.0,10,1.770248750339852,5000.0
1358,1336,3.1333333333333333,0.7200000000000002,19.553350000000002,47.0,1.0,2,1.7693333333333334,1000.0
182,179,3.5412587412587415,0.171511612901473,17.2137,42.6,1.0,5,1.7679569803739386,2500.0
383,46,2.970569861680623,0.9282203279344255,60.89787948717949,143.32051282051282,1.0,78,1.7666940430525768,39000.0
739,733,2.8082691118405405,1.1372786136823612,13.117564285714286,35.357142857142854,1.0,14,1.7644912288409247,7000.0
479,473,2.4177180476979943,1.6561817417743379,16.66097272727273,34.78787878787879,1.0,66,1.763941741611499,33000.0
338,339,2.587098560525761,1.4254168105304754,98.45072499999999,184.25,1.0,12,1.7624644673694472,6000.0
510,600,2.901204776182859,1.0061998103272092,154.78090666666668,304.96666666666664,1.0,30,1.7623418535713065,15000.0
229,224,3.1078062066932035,0.7241133789185036,20.427436,43.98,1.0,50,1.7603564963528326,25000.0
1351,1335,2.5938971173753784,1.409233051497262,23.64155,40.6,1.0,30,1.76032876239933,15000.0
895,908,2.038743363292131,2.277075988465794,14.111069117647059,43.89705882352941,0.8676470588235294,68,1.7589142595036493,29500.0
568,562,2.6135772436352296,1.3780753627903628,21.115815151515154,57.101010101010104,1.0,99,1.7588535062912007,49500.0
0,562,2.678376844329416,1.291174387709584,20.91134054054054,63.7027027027027,1.0,37,1.7587030540446416,18500.0
473,474,3.0222222222222226,0.8141975308641978,10.999763636363637,27.818181818181817,1.0,11,1.7531481481481486,5500.0
533,600,2.417685589826071,1.6177207784549739,24.71722181818182,50.81818181818182,1.0,55,1.7523904694669206,27500.0
1037,1022,2.840905572755418,1.0499958987878304,17.29495,46.25,1.0,8,1.7513609987385164,4000.0
973,962,3.4978664192949904,0.17071276383892345,26.276014285714286,73.07142857142857,1.0,14,1.7503603968696733,7000.0
1264,1258,2.9917634996582363,0.8440149245942588,33.18051111111111,72.0,1.0,9,1.7499098772415722,4500.0
1154,1139,1.8117974064984934,2.6875655247151564,40.02571428571429,91.0,0.7142857142857143,7,1.7452743342996586,2500.0
1118,1104,3.426282051282051,0.24707223865877698,17.785633333333333,39.666666666666664,1.0,3,1.7446344921104537,1500.0
711,709,3.541666666666667,0.08680555555555558,27.197400000000002,65.0,1.0,2,1.7427083333333337,1000.0
1027,1026,3.332018576661434,0.3619475790104715,13.012407142857143,31.142857142857142,1.0,14,1.7413917043677152,7000.0
187,178,2.7156584045639516,1.1768728253525733,34.805475,74.5,1.0,4,1.7393252094313527,2000.0
1463,1441,2.057204612478699,2.303244685574564,27.02419642857143,43.607142857142854,0.75,28,1.7388552506638488,10500.0
946,932,2.6561620160884867,1.2535900021408282,34.204883333333335,80.83333333333333,1.0,6,1.7385418070776433,3000.0
756,744,2.7011592524261854,1.1859924852681232,89.30739102564102,174.34615384615384,1.0,78,1.7362614465509112,39000.0
27,6,2.3274187499232184,1.68355100743219,27.804429824561403,61.22222222222222,1.0,171,1.7360328021989444,85500.0
893,897,1.9801456737837835,2.5064813711958105,22.14193382352941,51.14705882352941,0.6323529411764706,68,1.7337085632251976,21500.0
805,829,2.5872730438275693,1.3262016858376378,52.249276470588235,92.23529411764706,1.0,17,1.7327697232823192,8500.0
640,636,2.4674224081003744,1.6859385923725694,48.821479999999994,92.2,0.8,5,1.7327505409519204,2000.0
177,173,2.516112572349895,1.4074104170760477,11.659303448275862,35.06896551724138,1.0,29,1.7286681540627724,14500.0
81,79,2.3866721639025523,1.5788074320689827,43.26444444444444,83.5,1.0,18,1.7283110951817158,9000.0
1387,1383,3.368187099755727,0.26869536807066546,58.899255555555555,140.22222222222223,1.0,9,1.7278834503234906,4500.0
1021,1013,2.219314323180799,1.8067615804383004,26.491386516853932,51.449438202247194,0.9887640449438202,89,1.7263834168869558,44000.0
516,511,2.930898730898731,0.8378602977985395,15.71216,37.733333333333334,1.0,30,1.7237175816990544,15000.0
1219,1189,2.6302562524772113,1.2317624361081059,25.147762352941175,75.09411764705882,1.0,85,1.7216312318233165,42500.0
306,305,2.1737857821191153,1.8287058585075608,30.81029523809524,52.23809523809524,1.0,21,1.7181260703999144,10500.0
804,829,2.541345120923838,1.375661739882773,54.24291851851852,94.66666666666667,0.9629629629629629,27,1.718125459223256,13000.0
1229,1227,2.5527869191722976,1.3192340538880178,31.140320000000003,69.7,1.0,10,1.7168849838353246,5000.0
1402,1332,2.278726527439689,1.8648445944279384,115.61736,216.2,0.8,5,1.710943989304257,2000.0
989,978,3.0631115072291544,0.6152999717445208,45.13845,102.83333333333333,1.0,6,1.7098345944150182,3000.0
1447,1413,2.5774720714314014,1.4882195234039393,43.89277727272727,90.54545454545455,0.7727272727272727,22,1.7092728674119242,8500.0
1353,1330,2.2329853594393936,2.0268018561725447,29.62692307692308,60.69230769230769,0.6923076923076923,13,1.7089270083198285,4500.0
1368,1373,3.4434782608695653,0.10198462507876509,35.172925,84.5,1.0,4,1.707986691871456,2000.0
170,260,2.5811031496024914,1.2471646119141528,22.423761363636366,60.13636363636363,1.0,44,1.7065906434152425,22000.0
1497,1476,3.506523569023569,0.010386509242254175,51.599866666666664,129.66666666666666,1.0,3,1.7057253803821042,1500.0
898,905,2.787865137865138,0.9663138467515575,12.555067567567567,27.81081081081081,1.0,37,1.7050402091715227,18500.0
529,517,3.0774712647982545,0.5687964654083912,15.184549999999998,41.411764705882355,1.0,34,1.7016274455418194,17000.0
629,634,3.1435337538278714,0.47748977442857304,13.872064705882352,32.6764705882353,1.0,34,1.7006604338597207,17000.0
331,184,2.4827509401642907,1.3583707691135762,37.86251111111111,75.88888888888889,1.0,9,1.7006116067997892,4500.0
996,987,2.685591164166679,1.0798536018816556,33.269245454545455,71.54545454545455,1.0,11,1.6981925462311684,5500.0
1491,1475,3.0080909248709085,0.6270552706314161,73.00159761904763,159.29761904761904,1.0,84,1.6913529511377883,42000.0
1222,1234,3.3076923076923075,0.2248520710059171,27.12585,81.5,1.0,4,1.6905325443786983,2000.0
1315,1300,2.9696296296296296,0.6728347508001832,37.515950000000004,76.5,1.0,4,1.689702277091907,2000.0
1327,1305,2.588146137803343,1.174270065430513,118.78926101694914,237.59322033898306,1.0,59,1.6875394747504913,29500.0
871,868,2.498263191916443,1.2780661988690956,27.008838461538463,47.05128205128205,1.0,39,1.682725136427306,19500.0
397,399,2.654183885391996,1.0696952659401053,76.65822,162.8,1.0,10,1.6825821339388298,5000.0
198,200,2.1452876984126985,1.8126620064568488,21.931613333333335,46.86666666666667,0.9333333333333333,15,1.681913681302134,7000.0
1467,1442,3.050629779577148,0.5356181652211199,26.747207692307693,58.30769230769231,1.0,13,1.6809373613971952,6500.0
178,173,2.7798287786774627,0.8957800976958166,14.588975,47.75,1.0,16,1.6806655407797302,8000.0
1211,1202,2.939524409888395,0.677775236482661,22.74378148148148,64.4074074074074,1.0,27,1.6791423349001564,13500.0
1014,963,2.4131778070968215,1.3753090413869402,65.75368965517241,118.27586206896552,1.0,29,1.6778638352548105,14500.0
345,355,2.257865487195983,1.6130601787418992,19.326453333333333,38.1,0.9666666666666667,30,1.677064248500963,14500.0
1398,1356,2.7157580085908686,0.9629241144212106,77.60256153846154,137.19230769230768,1.0,26,1.6751804377627109,13000.0
174,176,1.9863014997665733,1.9348642717384474,11.5511375,31.875,1.0,16,1.6749798814281638,8000.0
647,644,3.151296480598378,0.37511585410037235,63.60564636363637,145.38181818181818,1.0,110,1.673053348469463,55000.0
1208,1195,2.7082503556187767,0.9578382829936325,29.30802,102.0,1.0,5,1.6706516271456007,2500.0
345,338,2.6618395783840887,1.013308944232824,16.827213333333333,43.355555555555554,1.0,45,1.6687285146234827,22500.0
974,949,2.428486893786583,1.323323437985178,45.257256,98.48,1.0,25,1.6683917889101865,12500.0
816,816,2.6415077096645465,1.0320823784403028,26.91155142857143,50.2,1.0,35,1.6662277973979096,17500.0
1393,1363,3.208931419457735,0.2691228578914302,37.27675,86.0,1.0,2,1.664309425150523,1000.0
473,475,3.0774410774410774,0.4422337856681288,22.2205,52.333333333333336,1.0,3,1.6636465666768698,1500.0
520,524,2.8801138440211385,0.7037013882826239,16.31192429906542,42.67289719626168,1.0,107,1.6631559540932428,53500.0
369,357,2.989313861937627,0.5568072963333611,99.01016525679758,223.86404833836858,1.0,331,1.6627677336750595,165500.0
1259,1242,2.7839667126818832,0.8171434629125848,21.019742222222224,44.68888888888889,1.0,45,1.6587297239465288,22500.0
1238,1219,2.9126984126984126,0.6419123204837491,41.69246666666667,98.66666666666667,1.0,3,1.65765306122449,1500.0
163,163,2.752774242050694,0.8510451203087467,23.91085238095238,54.23809523809524,1.0,21,1.6564232329129018,10500.0
1442,1418,2.427887183414119,1.2732506196756777,32.89655,59.07142857142857,1.0,14,1.653130059268351,7000.0
510,562,2.7712761430070905,0.8604902360561277,221.36362597402595,489.24675324675326,0.9545454545454546,154,1.6530211643833108,73500.0
479,471,2.641685718924525,0.9859069855483803,13.58393432835821,27.776119402985074,1.0,67,1.6524463832343241,33500.0
1490,1469,3.380952380952381,0.0,29.7371,71.0,1.0,2,1.6523809523809525,1000.0
603,522,2.639125405747987,0.9873548152737003,22.049114457831326,48.602409638554214,1.0,83,1.6518566068813052,41500.0
1370,1385,3.2636268721221637,0.14850624972890644,72.38347142857143,169.42857142857142,1.0,7,1.6500026237675376,3500.0
1299,1270,2.9194805361300964,0.6061671484157591,30.687068055555553,63.59722222222222,1.0,72,1.6496423589767664,36000.0
878,873,3.009194189847932,0.4856840925749362,65.36448333333334,164.83333333333334,1.0,12,1.6493829037116539,6000.0
1290,1274,3.3554429017984004,0.021522579259576527,30.3899,90.5,1.0,4,1.6486339344972332,2000.0
1285,1275,2.8712072050507125,0.6600129415521495,31.393063076923077,67.01538461538462,1.0,65,1.64648676448593,32500.0
502,498,3.3636363636363638,0.0,11.3636,37.0,1.0,2,1.6454545454545457,1000.0
300,300,2.927900137232971,0.5797676399184081,36.1334,79.83333333333333,1.0,6,1.6450903468687108,3000.0
1410,1393,3.0222816399286985,0.44892054083219746,22.867536363636365,47.45454545454545,1.0,11,1.643588818221139,5500.0
1285,1274,2.8296879068738967,0.7029294297736169,32.31802105263158,67.44736842105263,1.0,38,1.6427539916816438,19000.0
1350,1332,1.8702880044211312,2.2633222777417368,33.380335,56.45,0.7,20,1.6371118850909734,7000.0
731,744,2.3855147510649903,1.3600625509091828,18.9307,41.63636363636363,0.9090909090909091,11,1.6349519384260236,5000.0
1375,1355,2.9385793714132564,0.5314874430126758,29.21732,63.0,1.0,10,1.6348779814691052,5000.0
339,57,2.7452618868060044,0.7874935318910268,54.895975,108.625,1.0,8,1.63435281428971,4000.0
1389,1370,3.0693223443223445,0.34341293881129065,19.7549,41.0,1.0,10,1.6307528193723253,5000.0
515,600,2.920501690183247,0.5397514399270182,99.7971023255814,218.1627906976744,1.0,43,1.6301261080514042,21500.0
603,523,2.5793211764073787,0.9943317364305402,21.83260325732899,47.009771986970684,1.0,307,1.6300279914921136,153500.0
603,518,2.69285160225048,0.8394383577963673,30.210475480769233,60.8125,1.0,208,1.6289721482391022,104000.0
20,1160,2.3432687424150456,1.3050625009888548,20.595691666666667,49.375,1.0,24,1.6288262472626747,12000.0
665,372,2.4506833040040976,1.1571473510399286,41.516957142857144,92.42857142857143,1.0,14,1.6274175269136177,7000.0
543,601,2.7085711663627485,0.8110798270527947,25.762249999999998,67.89655172413794,1.0,58,1.626752414660938,29000.0
61,410,2.7730344385476005,0.8235835883742937,82.451465,254.8,0.9,20,1.6262888519313283,9000.0
231,231,2.9476190476190474,0.48823129251700675,24.039266666666666,65.33333333333333,1.0,3,1.625517006802721,1500.0
1218,1198,3.2571428571428576,0.0713832199546485,21.234733333333335,67.0,1.0,3,1.6242721088435377,1500.0
171,173,3.0020588235294117,0.41115672924943386,12.75952,47.4,1.0,10,1.6241705481865951,5000.0
1234,1201,3.2375756840042555,0.09655745521375386,59.599700000000006,143.0,1.0,4,1.6239975101658286,2000.0
1381,1357,3.07979797979798,0.2994523007856342,16.791572727272726,36.0,1.0,11,1.6217548821548824,5500.0
528,535,3.0904761904761906,0.28303854875283446,14.8947,35.5,1.0,2,1.6211020408163266,1000.0
660,621,2.7456918767507004,0.7421149874860076,18.805312,36.36,1.0,25,1.6209112469460825,12500.0
361,362,2.153468427259355,1.5502648300513533,43.26373921568627,74.45098039215686,0.9803921568627451,51,1.6205844669779714,25000.0
925,926,2.6523412698412696,0.8560521589191233,44.62723333333333,118.66666666666667,1.0,3,1.617752155612245,1500.0
1421,1399,3.1136363636363638,0.2354224058769514,17.1275,37.166666666666664,1.0,6,1.616081267217631,3000.0
279,276,2.164255804412393,1.4974158413135488,20.650394444444444,56.22222222222222,1.0,18,1.6149270741590218,9000.0
169,169,3.2857142857142856,0.0,10.9884,46.0,1.0,2,1.6142857142857143,1000.0
28,37,2.2294218045969676,1.4058516342249332,17.40206086956522,44.130434782608695,1.0,46,1.6135242121062672,23000.0
9,745,2.73448302660039,0.7304358632194272,20.49332021276596,48.180851063829785,1.0,94,1.6129239696059843,47000.0
557,16,2.6034222211611917,0.9032678868705503,14.716299999999999,31.75,1.0,24,1.612349254525642,12000.0
1411,1389,2.9508110936682366,0.4327322287260701,18.21902857142857,38.357142857142854,1.0,14,1.6101441060851158,7000.0
712,712,3.0719696969696972,0.26497933884297553,35.944,83.0,1.0,4,1.6082816804407716,2000.0
181,185,3.1125495202261506,0.2102176852073337,23.47000625,48.6875,1.0,16,1.6080851136526606,8000.0
149,146,3.071472223757924,0.2644622504641233,22.3863,47.25,1.0,16,1.607927564642407,8000.0
45,25,2.5179110364291852,1.0004537408748584,22.54466880733945,50.84403669724771,1.0,109,1.6073005368341315,54500.0
985,963,2.987522126826367,0.36754190814356197,49.69948846153846,110.11538461538461,1.0,52,1.6052714231736154,26000.0
140,142,3.2189458689458688,0.05879659032385925,36.80204,88.2,1.0,5,1.6052173246755053,2500.0
976,949,2.015518499836776,1.717108395256457,26.81495740740741,53.629629629629626,0.9444444444444444,54,1.6046732518449809,25500.0
1140,1134,2.979551582640778,0.373487824977799,49.93833411764705,113.52941176470588,1.0,85,1.603866980549651,42500.0
1160,1136,2.945,0.4187666666666669,29.311500000000002,89.5,1.0,4,1.60363,2000.0
564,567,2.8316903684550745,0.5657758665596418,15.742,43.0,1.0,4,1.6024089073499226,2000.0
1307,1295,2.3939682369764927,1.1492620565394014,18.941794444444444,31.944444444444443,1.0,18,1.6023659117524174,9000.0
39,40,3.25,0.0,12.8317,52.0,1.0,2,1.6,1000.0
673,667,2.710647062687879,0.7182753705999625,12.879177551020408,33.02040816326531,1.0,49,1.5997414362551405,24500.0
635,631,2.508676204995543,0.9837044042840015,48.0331,95.875,1.0,8,1.5985818032834178,4000.0
1300,1274,2.724475161599642,0.6946397557813109,43.352579999999996,114.24,1.0,25,1.59818199137425,12500.0
654,651,2.495103764210339,0.9997646057349017,38.35288,75.9,1.0,10,1.5979708874046061,5000.0
1447,1427,2.8901653171390014,0.4689248956438123,20.927725,39.5,1.0,4,1.5967435955487441,2000.0
920,915,2.2636467398270805,1.302816435463642,14.87160357142857,33.92857142857143,1.0,28,1.5963036265699249,14000.0
140,144,3.1875,0.0703125,51.4473,138.0,1.0,2,1.59609375,1000.0
574,600,2.5820160971776653,0.8755719127820336,228.66735,446.64084507042253,1.0,142,1.5954780127056765,71000.0
718,231,2.994590650001278,0.32381001505250917,66.83952222222223,161.33333333333334,1.0,9,1.594979264516264,4500.0
706,1438,2.9365387464824124,0.3991202516072093,85.5539,175.58333333333334,1.0,12,1.594351574075128,6000.0
395,339,2.955796398589459,0.37281670211876056,124.06556666666667,249.625,1.0,24,1.5941635700714119,12000.0
1377,1358,2.398198698593853,1.3062240816086435,56.27089438202247,96.34831460674157,0.8089887640449438,89,1.5938433331336173,36000.0
1298,1274,2.7449737322802337,0.6500663644284179,26.226947058823527,60.23529411764706,1.0,17,1.593009402240619,8500.0
1380,1378,2.7007362753325,0.7086210750113112,26.748902272727275,53.72727272727273,1.0,44,1.5928808326363932,22000.0
48,50,3.1382478632478636,0.11319159544159549,12.095316666666667,37.0,1.0,6,1.5892566239316241,3000.0
1317,1292,2.629032258064516,0.7913631633714886,36.54514999999999,77.5,1.0,2,1.589021852237253,1000.0
40,39,3.2222222222222223,0.0,15.547,58.0,1.0,2,1.588888888888889,1000.0
1287,1243,2.8983479906689182,0.4317525691867426,25.776085714285717,50.535714285714285,1.0,28,1.5888649670235901,14000.0
603,519,2.6416082159937737,0.7710407781328581,29.304673758865246,55.04964539007092,1.0,141,1.587955519837367,70500.0
476,475,2.592575187969925,0.8359296130599817,14.34412456140351,29.228070175438596,1.0,57,1.5878089591059645,28500.0
1386,1368,2.834852308018069,0.5079281762154019,30.25228125,63.375,1.0,16,1.5863193760718484,8000.0
1295,1202,3.0146244064126324,0.26524516685196337,149.72129999999999,316.85,1.0,20,1.585423312620642,10000.0
1323,1311,2.7497179726469034,0.6173145352297242,139.42843950617285,260.65432098765433,1.0,81,1.5850815496276787,40500.0
1305,1202,2.3715800659838657,1.120625219659916,243.61637000000002,416.59285714285716,1.0,420,1.5848195922915211,210000.0
167,169,3.001569858712716,0.27698661882335357,10.758357142857141,40.714285714285715,1.0,7,1.5837239291320926,3500.0
345,343,2.8280069504034553,0.5036302681774429,20.987458181818184,52.981818181818184,1.0,55,1.5822918606146152,27500.0
237,314,3.1199473180076627,0.11193661990245299,32.57431666666667,72.16666666666667,1.0,6,1.5815599131738012,3000.0
36,27,2.5054209598098893,0.92965186292866,15.91565,46.964285714285715,1.0,28,1.5810639428025537,14000.0
1195,1177,2.4084746889076776,1.053608390628946,28.054095714285715,68.41428571428571,1.0,70,1.5794723927517549,35000.0
1419,1397,2.8414825422804144,0.4755933203820129,49.3316,107.5,1.0,4,1.5792710130267698,2000.0
511,504,2.7094252393127825,0.6448452936006827,13.851782352941177,35.5,1.0,34,1.577223683805318,17000.0
28,1404,2.0039135072381624,1.991290201036648,31.340045454545454,71.04545454545455,0.5909090909090909,22,1.5762251904789868,6500.0
1288,1243,2.951913664671527,0.3132705657642543,26.708245454545455,54.27272727272727,1.0,44,1.5747466355978872,22000.0
279,79,2.802132285364369,0.5097866869252867,114.73333418803419,292.62393162393164,1.0,117,1.5737889202233335,58500.0
511,506,2.7797129953379955,0.5305597124199615,14.245700000000001,38.125,1.0,8,1.5710531118611868,4000.0
314,309,3.0784313725490198,0.1299500192233756,33.67205,74.0,1.0,2,1.5703575547866206,1000.0
479,472,2.3327744904667984,1.1220293440730345,16.38225641025641,34.55128205128205,1.0,78,1.5697185994086298,39000.0
1294,1280,2.996613890885136,0.2369005557279119,20.614838636363636,42.79545454545455,1.0,44,1.569715723072428,22000.0
204,203,2.397649003487438,1.0730173661050157,40.7650747368421,67.47368421052632,0.9473684210526315,95,1.5651753375422692,45000.0
1057,1048,3.0462801087801092,0.15395266458968385,21.935245454545456,50.54545454545455,1.0,11,1.564697842888949,5500.0
8,41,2.1825319488467074,1.7205684284208314,44.59084398496241,113.98872180451127,0.5827067669172933,266,1.5639953381401202,77500.0
638,639,3.0213860544217686,0.18351105792591774,21.633928571428573,45.785714285714285,1.0,14,1.5636077391464829,7000.0
297,294,2.477325595076167,0.9049731352126302,32.21510666666667,76.2,1.0,30,1.5624221785942558,15000.0
474,475,2.1980820105820107,1.270738876343314,12.815027777777779,20.305555555555557,1.0,36,1.5604544671357985,18000.0
991,981,2.6330184350281267,0.6883600546785958,22.621579999999998,43.51111111111111,1.0,45,1.5597153904148295,22500.0
1266,1251,3.013257575757576,0.1804952617771495,15.840968181818182,33.31818181818182,1.0,22,1.5594516088361754,11000.0
1277,13,3.1153846153846154,0.04089049601870111,41.025933333333334,115.33333333333333,1.0,3,1.5584209949594565,1500.0
83,144,2.9194395065718597,0.29873795141098547,19.956018750000002,41.5,1.0,16,1.5573971880520396,8000.0
528,16,2.5531979051098643,0.781298041557466,17.812773684210526,39.68421052631579,1.0,133,1.5556685745111856,66500.0
1288,1202,2.8844006774799076,0.32892298309037904,115.699071875,236.25,1.0,32,1.5524371659190768,16000.0
1460,1439,2.870148315736551,0.3454155226844911,23.292125641025642,45.8974358974359,1.0,39,1.5516839830999678,19500.0
1496,1466,2.1793414918414915,1.4288421796804038,27.970366666666667,52.0,0.8333333333333334,6,1.5503892506407178,2500.0
602,602,2.9840277777777775,0.18740477693602697,11.670433333333333,26.833333333333332,1.0,12,1.5498325441919192,6000.0
869,857,2.5198488158670966,0.8398494102102744,41.290567857142854,88.67857142857143,0.9642857142857143,28,1.5491800636956354,13500.0
783,744,2.353867167745211,1.023138702894289,74.79132894736841,127.15789473684211,1.0,76,1.5484884779663712,38000.0
566,575,2.7467303902077833,0.49831363149506436,162.74985833333332,353.5833333333333,1.0,12,1.5481862455316326,6000.0
635,628,2.9570911820911823,0.21043764612938498,12.660348648648649,26.054054054054053,1.0,37,1.5459677666752885,18500.0
1219,1246,2.9960611705544293,0.15350514585592198,169.93448333333333,357.27777777777777,1.0,36,1.5444760119785483,18000.0
566,563,2.2194756174412924,1.1872286295806884,19.900174736842104,49.2,1.0,95,1.5439588358507235,47500.0
1499,1475,2.479054162648666,0.840879524002665,62.495875,120.0,1.0,4,1.543885522260266,2000.0
1401,1356,2.501772347212003,0.8063504117036879,57.30704823529412,129.54117647058823,1.0,85,1.5426140623959075,42500.0
1353,1366,2.9351099607337017,0.22516239661967014,191.5771296703297,397.3076923076923,1.0,91,1.5415927032793817,45500.0
684,668,2.6229910710859365,0.6402042652947686,72.41790227272728,139.97727272727272,1.0,44,1.5412577080228054,22000.0
141,144,2.628571428571429,0.631473922902494,21.279449999999997,49.0,1.0,2,1.5408707482993198,1000.0
526,523,3.0483682983682985,0.07020310691639357,12.791599999999999,37.25,1.0,4,1.5404082514222375,2000.0
271,277,2.2790540670756876,1.0927678111508194,27.43387142857143,74.53571428571429,1.0,28,1.539451970175521,14000.0
566,600,2.4467722614896985,0.8674322672066501,83.9326351923077,150.8230769230769,1.0,520,1.5389385847578745,260000.0
8,11,2.0671999320775427,1.3819225982434828,38.53579708029197,83.75912408759125,0.9854014598540146,137,1.5370771902602662,67500.0
900,908,1.8298965086240906,1.8644515044482632,24.093004081632653,50.775510204081634,0.8163265306122449,49,1.5361920139677885,20000.0
1486,1474,2.852312719959779,0.3150575241505504,49.90383333333333,103.33333333333333,1.0,3,1.5354423452290769,1500.0
862,860,3.003063725490196,0.11325165846113323,26.703625000000002,72.75,1.0,4,1.5352009877344184,2000.0
553,550,2.245397512405185,1.1227459502014951,16.873222222222225,39.55555555555556,1.0,9,1.5349827900225226,4500.0
345,336,2.309429633446206,1.096189190087888,15.549788235294118,33.333333333333336,0.9411764705882353,51,1.5349815515813192,24000.0
39,6,2.054564516504948,1.376863346552938,43.40088536585366,81.8048780487805,1.0,41,1.5348848105678607,20500.0
305,302,3.019157663065226,0.09004805820554179,17.176342857142856,37.42857142857143,1.0,7,1.534677482687753,3500.0
1388,1369,2.8520373290776075,0.31067334282676,39.94227083333333,78.08333333333333,1.0,24,1.534016934479071,12000.0
1110,1018,2.4211705360732823,0.8845220793240225,30.358464864864867,66.83783783783784,1.0,37,1.5338248382265196,18500.0
1378,1361,2.547886904761905,0.7140123551065165,17.959155000000003,31.85,1.0,20,1.533358468436717,10000.0
559,600,2.6431859180211523,0.5858503146566674,63.469433333333335,129.84848484848484,1.0,33,1.5330294616054614,16500.0
580,642,3.004457716757969,0.09433684319556836,36.82438333333334,74.91666666666667,1.0,12,1.530084139661858,6000.0
673,1438,2.4730989296641854,0.796781693768111,169.54830729166667,311.7604166666667,1.0,96,1.5282740799961074,48000.0
1048,1100,2.727784026421506,0.4520281344595019,47.863158974358974,107.12820512820512,1.0,39,1.5267220509064532,19500.0
21,552,3.0588235294117645,0.006920415224913524,17.80965,46.0,1.0,2,1.52560553633218,1000.0
948,948,2.5943400167084376,0.6219068831749384,43.499833333333335,94.0,1.0,3,1.5243080716358568,1500.0
925,929,2.323447277904809,0.9791454239691108,36.268932142857146,67.10714285714286,1.0,28,1.523122538352657,14000.0
473,477,2.1804195804195805,1.4159857857759954,14.69565,37.5,0.75,4,1.521963567900631,1500.0
916,883,2.601055815134576,0.6027318459438182,19.414835999999998,53.6,1.0,75,1.5212418798369758,37500.0
924,898,2.261316124246782,1.1004167186320033,53.544271428571435,102.80952380952381,0.9523809523809523,21,1.5203657510025996,10000.0
134,137,2.5890931372549018,0.6127961000576702,26.209200000000003,49.25,1.0,4,1.519476084919262,2000.0
697,690,2.870907966302703,0.23459682533107104,56.63875,122.25,1.0,4,1.5187422341204027,2000.0
1399,1359,2.9987493756910326,0.060265464844687075,39.311825,82.25,1.0,8,1.5175793897298193,4000.0
204,25,2.424996191919936,0.8231490655228154,262.28466263736266,480.86813186813185,1.0,91,1.516943196424819,45500.0
1214,1290,3.036309523809524,0.005432256235827671,22.153100000000002,61.5,1.0,4,1.5161534863945578,2000.0
1420,1394,2.6206050191924803,0.5581775309609912,41.96026060606061,79.54545454545455,1.0,33,1.5156952669652897,16500.0
896,908,1.8878118218525795,1.6394475191731084,20.607905263157893,46.92982456140351,0.8947368421052632,57,1.5153800371245434,25500.0
906,897,2.3838073337425074,0.9885514643585741,35.66413412322275,92.03317535545024,0.8838862559241706,422,1.5152542495818264,186500.0
528,519,3.026143790849673,0.01443889102481945,15.470849999999999,39.0,1.0,2,1.5147891836473153,1000.0
78,79,2.9612557033609668,0.10086303056757531,43.33078333333333,90.5,1.0,6,1.5147611905146594,3000.0
1496,1476,2.3556953044375644,0.9053397484953464,24.616357142857144,42.5,1.0,14,1.5138800463236297,7000.0
916,895,2.3799452190949237,0.8709360360809433,23.489928301886795,53.43396226415094,1.0,53,1.5132588984622526,26500.0
1233,1222,2.9251235971852942,0.14402149053022884,42.511849999999995,125.25,1.0,4,1.5132558860331866,2000.0
1023,1018,2.162317209225832,1.1714442398475036,26.16816234817814,49.40485829959514,0.9878542510121457,247,1.5127164309482277,122000.0
1231,1202,2.1311435867533803,1.2344911191455163,131.83635961538462,226.28846153846155,0.9615384615384616,52,1.5112663089065455,25000.0
521,600,2.188485386317536,1.1183578085867365,26.818224999999998,46.25,1.0,4,1.5109014971030355,2000.0
500,659,2.788126461367408,0.3133257568488231,36.37019090909091,73.81818181818181,1.0,22,1.50924831160161,11000.0
58,65,2.8903507403507405,0.1756275616368826,41.64340000000001,96.0,1.0,6,1.508828564631361,3000.0
563,562,2.3900717187676643,0.8621870963712503,22.479532558139535,58.48837209302326,0.9767441860465116,43,1.5077080722323943,21000.0
615,615,2.9514652014652016,0.09000858726133464,24.577925,47.5,1.0,4,1.507588656764481,2000.0
1028,1011,2.4183088133782347,0.8007045756979035,25.27591224489796,54.10204081632653,1.0,49,1.507534898060665,24500.0
315,312,2.6298674783923235,0.5147431761267309,45.71025,101.66666666666667,1.0,6,1.5063699441949487,3000.0
890,908,2.1664942839437007,1.2803842808906203,21.542584615384616,58.58461538461538,0.8461538461538461,65,1.50455915169082,27500.0
1366,1342,2.6675,0.4560916666666664,31.410425,60.0,1.0,4,1.5038274999999999,2000.0
1219,1332,2.700589659551228,0.41576453895667764,439.4377990147783,941.6650246305419,0.9950738916256158,203,1.5034873929951795,101000.0
220,220,2.94339738851934,0.07391311898572181,43.169999999999995,86.0,1.0,3,1.4995328911034524,1500.0
603,531,2.5366482400721257,0.6155373279918334,18.239758139534885,43.395348837209305,1.0,43,1.4993204944264003,21500.0
345,341,2.3688239229905896,0.8344587732466197,13.102652777777777,26.416666666666668,1.0,36,1.4978672011702217,18000.0
76,25,2.73357999459418,0.3467034826422022,34.71065333333333,96.43333333333334,1.0,30,1.4974430426303327,15000.0
399,394,2.0514235291621046,1.2536027694859062,31.377575000000004,67.41666666666667,1.0,12,1.4966502425106138,6000.0
58,66,2.8281694738216476,0.2171961592717225,42.680749999999996,92.33333333333333,1.0,6,1.496426637310176,3000.0
1030,1012,2.6052731259968103,0.5078445947814203,15.463909375,37.28125,1.0,32,1.4944626288331504,16000.0
159,135,2.2151445361511826,1.0908117130361101,124.27617746478873,276.7042253521127,0.9366197183098591,142,1.4942872438642636,66500.0
32,173,2.03885582010582,1.3007258134965738,12.3198625,27.916666666666668,0.9583333333333334,24,1.4932600720913003,11500.0
79,84,2.798529411764706,0.24294550173010349,31.2817,78.0,1.0,2,1.4922954152249137,1000.0
950,941,2.9714285714285715,0.01234693877551022,34.88275,71.0,1.0,2,1.4922755102040817,1000.0
540,536,2.57095698396008,0.5406672060196238,19.408014864864864,38.108108108108105,1.0,74,1.490582955389919,37000.0
1219,1275,2.7086517882810135,0.35663257788531666,134.58725416666667,309.6666666666667,1.0,24,1.4904504886780003,12000.0
594,591,2.3076473009844585,0.8876029809478488,121.88621714285715,227.54285714285714,1.0,35,1.489339814678138,17500.0
61,70,2.3990361490361494,0.7598240768473311,55.2107,120.66666666666667,1.0,3,1.487561682668659,1500.0
512,508,2.7066664907460853,0.3441640110744724,51.74025833333334,101.19444444444444,1.0,36,1.485915799620776,18000.0
1262,1247,2.0458646650393795,1.2236547386397976,41.93372,107.4,1.0,5,1.4854422876076911,2500.0
12,1160,2.011655011655012,1.268048967349666,19.1421,44.0,1.0,3,1.4850766948669045,1500.0
21,553,2.352315674211055,0.8123539259734716,16.66705,31.75,1.0,80,1.4846324474764636,40000.0
300,299,2.738368695867256,0.29665071198834314,28.8714875,59.25,1.0,24,1.4843426919434055,12000.0
1288,1285,2.588474217442824,0.4958290769096793,24.383836170212767,41.91489361702128,1.0,47,1.4841384100500334,23500.0
259,260,2.667882472362648,0.3855051649381711,15.812186666666666,39.96666666666667,1.0,30,1.4828045384265107,15000.0
1453,1432,2.6957474262100884,0.34834769787787195,77.4508641509434,149.4245283018868,1.0,106,1.482803279847397,53000.0
442,448,2.399540759628995,0.7417626423597983,33.97328,69.7,1.0,20,1.4823450965595375,10000.0
1287,1267,2.674903539612539,0.3745729767535446,80.97117,177.5,1.0,10,1.482333308871079,5000.0
1353,1348,2.6842353232995024,0.3569762952397073,169.88099583333334,308.6666666666667,1.0,24,1.4807870178917133,12000.0
748,738,2.192007382568962,1.013191375882265,21.678018309859155,42.04225352112676,1.0,71,1.4807603657922646,35500.0
1364,1373,2.740295226075154,0.2817771625159415,103.57920666666665,188.66666666666666,1.0,15,1.480651239184844,7500.0
1020,1023,2.331023347732017,0.8886833872819397,18.30144375,46.0625,0.9375,16,1.4802643552773889,7500.0
477,475,2.3188878315813297,0.8395960946459607,16.077120833333336,30.4375,1.0,48,1.4794339610263203,24000.0
359,356,2.253227156861369,0.9251141015083917,34.33402777777778,48.611111111111114,1.0,18,1.4788250931970652,9000.0
743,746,2.3897577912283796,0.771189743781991,13.129808823529412,21.676470588235293,0.9705882352941176,34,1.4784365102141843,16500.0
890,897,2.1306442004576764,1.2853094160128913,16.1031475,41.375,0.8,40,1.477850504986938,16000.0
1217,1198,2.8732838589981444,0.09375876021258421,11.02585306122449,29.285714285714285,1.0,49,1.4774411716630331,24500.0
338,381,2.5066836594487243,0.5782318061800061,56.9406888888889,136.11111111111111,1.0,9,1.4761430056334917,4500.0
1024,1012,2.495522533022533,0.5855398462554374,10.776016666666665,29.0,1.0,12,1.4738709670856445,6000.0
946,945,2.6507157151049716,0.37441170880608754,114.42304787234042,230.77659574468086,1.0,94,1.472609798683815,47000.0
362,357,2.7804474929474927,0.20090463817025617,71.283175,167.0,1.0,4,1.472450388630074,2000.0
306,308,2.7440621066177964,0.24051052461425296,42.67208958333333,88.64583333333333,1.0,48,1.4697780000313947,24000.0
1141,1125,2.272622273576461,0.8687294841617038,30.52295789473684,59.60526315789474,1.0,38,1.4696677546790957,19000.0
1462,1458,2.4149572795625427,0.6788240150377821,27.2975575,47.45,1.0,40,1.4696301163363519,20000.0
850,843,2.5737968808808467,0.46691051096041464,70.07271224489796,132.55102040816325,1.0,49,1.4695919056404632,24500.0
441,441,2.8241758241758244,0.12776234754256732,17.15215,38.0,1.0,2,1.4679990339331002,1000.0
28,1332,2.848636180016232,0.08974640302038496,952.4862911764707,1861.8676470588234,1.0,68,1.4663783929126084,34000.0
328,25,2.425076842949595,0.6521486840004949,124.60010740740742,221.65432098765433,1.0,81,1.4656753423799864,40500.0
689,711,2.6649976440074568,0.3294274138696788,138.32966580645163,255.56129032258065,1.0,155,1.4648272817638863,77500.0
45,43,2.909090909090909,0.0,10.3547,32.0,1.0,2,1.4636363636363638,1000.0
28,46,2.252897583824843,0.8703450922232123,22.089798550724637,47.36231884057971,1.0,138,1.4622625611969011,69000.0
1392,1346,2.600305878738421,0.40477572879855683,159.26345999999998,319.2,1.0,10,1.4615550701349354,5000.0
1349,1332,2.8238517356164414,0.10594111418379255,26.78271666666667,100.5,1.0,6,1.4613230285017145,3000.0
341,345,2.9,0.0,12.74785,29.0,1.0,2,1.46,1000.0
21,530,2.8903508771929824,0.006502000615573988,20.27765,45.0,1.0,2,1.4580909510618654,1000.0
603,507,2.2658293332587185,0.8382098707259686,146.196438317757,247.4018691588785,1.0,107,1.457794694521278,53500.0
72,81,2.843431467304528,0.06743878716534858,59.39446,125.6,1.0,20,1.457604223071416,10000.0
1140,1133,2.677472524371563,0.28779338777227165,49.15768333333333,133.75,1.0,12,1.4573270260803068,6000.0
45,47,2.238894824311491,0.8703427216037324,14.058505555555556,23.944444444444443,1.0,18,1.4566607462057162,9000.0
38,38,2.184615384615385,1.3420118343195266,11.790700000000001,28.4,0.6,5,1.456449704142012,1500.0
34,17,2.7692307692307687,0.15976331360946755,11.0839,32.0,1.0,3,1.4556213017751478,1500.0
64,69,2.857142857142857,0.04081632653061221,34.342999999999996,73.0,1.0,2,1.4551020408163267,1000.0
1475,1437,2.5343881441428255,0.4692571481481339,99.75193361344539,180.99159663865547,1.0,119,1.4545324021015704,59500.0
37,37,2.042016806722689,1.6169762022456051,14.13345,33.0,0.5,2,1.4518995833627573,500.0
497,489,2.074053724053724,1.0728716534945275,16.860955172413792,26.413793103448278,1.0,29,1.451482985669848,14500.0
761,762,2.1466112741176766,1.029928182634127,54.28015,90.72222222222223,0.9444444444444444,18,1.450956297770642,8500.0
773,771,2.1201680672268908,1.00367064472848,37.0465,61.5,1.0,2,1.4491684203093003,1000.0
1219,1274,2.669825283056521,0.26938082022548127,134.5410421875,295.671875,1.0,64,1.448744359290253,32000.0
673,666,2.468080993080993,0.5242692261724617,12.4433,28.833333333333332,1.0,6,1.4445131650841359,3000.0
1235,1226,2.8113553113553116,0.06407237451193497,35.020266666666664,81.66666666666667,1.0,3,1.4437638368957053,1500.0
944,936,2.4040434633458956,0.6040694073869243,35.28338214285714,62.392857142857146,1.0,28,1.4428382075544355,14000.0
1422,1396,2.43787306430327,0.5574441649486545,24.47071111111111,50.44444444444444,1.0,9,1.4423824752059042,4500.0
1028,1012,2.259275671854428,0.8339206002408152,25.034057211538464,50.13461538461539,0.9615384615384616,208,1.442347987275554,100000.0
1053,1045,2.567857142857143,0.38157820767195766,21.0523,39.857142857142854,1.0,7,1.4416163194444447,3500.0
279,261,2.3247897632891017,0.7023829518602502,62.29619428571428,115.8,1.0,35,1.440630790873716,17500.0
1490,1470,2.6245876250186595,0.2998400060781991,34.7756625,85.1875,1.0,16,1.4397870518309235,8000.0
673,677,2.603009987690229,0.32800323487420824,42.58025,100.19047619047619,1.0,42,1.439604965538354,21000.0
571,560,2.491334943709697,0.4765034295879126,15.138227272727274,34.07575757575758,1.0,66,1.4394850063602527,33000.0
142,148,2.6866732804232805,0.2153300268553457,38.0305,71.4375,1.0,16,1.439268320225916,8000.0
812,812,2.4713760504201683,0.4996777847168281,43.657199999999996,73.66666666666667,1.0,6,1.4384537555831158,3000.0
49,53,2.192555046025797,0.9737880656865627,15.395242105263156,41.421052631578945,0.8947368421052632,19,1.4375794907478665,8500.0
223,217,2.71875,0.158203125,17.918,43.5,1.0,2,1.4349609375,1000.0
43,6,2.1337122808823596,0.9930900534978778,45.13805925925926,87.10493827160494,0.9444444444444444,162,1.4347452617356407,76500.0
310,313,2.2903450909349248,0.7269380523876235,28.354604166666665,50.666666666666664,1.0,24,1.4342194520902571,12000.0
973,1002,1.9550280582367467,1.1950598401128922,71.8278191780822,128.32876712328766,0.9726027397260274,73,1.4323099972463746,35500.0
1495,1471,2.6148458213694834,0.2828432503194668,49.51720666666667,94.53333333333333,1.0,15,1.4307913036436335,7500.0
1175,1155,1.6509017989018424,1.6010814055052234,42.92077666666667,68.4,0.9666666666666667,30,1.430685141212304,14500.0
272,277,2.773782711282711,0.0687549823449116,26.975475,88.75,1.0,4,1.430139579216558,2000.0
1052,1034,2.2970037647187933,0.7471003154922141,22.162754347826088,36.02173913043478,0.9565217391304348,46,1.4298881222743123,22000.0
424,357,2.6457987646955456,0.23693949591058544,54.846295238095244,107.42857142857143,1.0,42,1.429401354651394,21000.0
787,786,2.742436791603458,0.10706598548494507,29.68233888888889,57.05555555555556,1.0,18,1.4290945122868668,9000.0
306,200,2.5169620037999443,0.404929210206455,212.42290444444444,372.5111111111111,1.0,45,1.4282635645819144,22500.0
468,462,2.655191071087997,0.21117077515619379,33.179004545454546,64.5,1.0,22,1.425427660982057,11000.0
897,884,2.4647744293009715,0.4650559462254297,13.112882926829268,33.98780487804878,1.0,82,1.4254265555880177,41000.0
80,79,2.2287246931980995,0.7765259737640064,45.97852222222222,84.66666666666667,1.0,9,1.4244476694084418,4500.0
748,731,2.2283618322763177,0.7739066906182164,35.55020422535211,68.85211267605634,1.0,142,1.423516740095992,71000.0
1059,1047,2.5840822440087146,0.29626561757683206,23.871558333333336,44.083333333333336,1.0,12,1.4225125828765355,6000.0
515,513,2.6309923328305684,0.23044461157729787,13.691888235294117,27.764705882352942,1.0,34,1.4215303166054167,17000.0
1461,703,2.786300505050505,0.021400678183348704,28.62485,54.666666666666664,1.0,6,1.4209404054752068,3000.0
578,562,2.4212443221872313,0.5204538455866465,135.92437807486633,236.75401069518716,0.983957219251337,187,1.4198210483262876,92000.0
226,220,2.795138888888889,0.0006028163580246948,24.720950000000002,47.5,1.0,2,1.418236400462963,1000.0
1377,1353,2.4937830687830687,0.3988159276056101,35.2801,63.5,1.0,6,1.4171580057949105,3000.0
1353,25,2.5307129006080227,0.34881824996771704,902.9124666079296,1663.6105726872247,1.0,1135,1.4169306352335242,567500.0
1238,1224,2.349892030822694,0.5875588960776323,39.742,81.23076923076923,1.0,26,1.4162244811523674,13000.0
1107,1085,2.2272937510067923,0.748898500541766,68.03346363636363,123.22727272727273,1.0,44,1.4155870505652468,22000.0
717,717,2.5743537414965987,0.28416760609005504,24.6264,53.57142857142857,1.0,7,1.414991778425656,3500.0
1460,1450,2.4733735970039388,0.41820222119033235,86.42485,151.7,1.0,30,1.4148101051586752,15000.0
1463,1437,2.4604166666666667,0.4340451388888889,13.1866,23.0,1.0,4,1.4143802083333332,2000.0
878,878,2.2175761249703205,0.7563239481987496,52.00553333333334,107.2,1.0,15,1.4139276344477532,7500.0
727,727,2.6539778576080333,0.17434491128367569,48.80323333333333,86.66666666666667,1.0,3,1.4138946164283162,1500.0
680,668,2.279920657739621,0.6686308534756896,80.03049166666666,124.0,1.0,12,1.4125575191385555,6000.0
60,79,2.4447321612961557,0.4394055232156214,38.54046666666667,103.16666666666667,1.0,18,1.4097145214831488,9000.0
1411,1390,2.2789330469029716,0.6583948222558851,62.71896666666667,107.66666666666667,1.0,3,1.4090916654379542,1500.0
893,908,2.103361284421417,1.053907735279211,26.80563823529412,75.1029411764706,0.8382352941176471,68,1.4089874225876242,28500.0
1288,1277,1.9077266935978328,1.4853746317354166,95.00553333333333,143.33333333333334,0.6666666666666666,3,1.4087030669597582,1000.0
1377,1357,2.6408643081056873,0.17334474846925244,29.850839999999998,50.8,1.0,5,1.4083491477830508,2500.0
583,562,2.713281826500723,0.07491754342220461,92.6701,185.5,1.0,6,1.4077879936269506,3000.0
846,843,2.4536515571904745,0.4201524842593966,42.285804761904764,77.88095238095238,1.0,42,1.4075063681540088,21000.0
16,1,2.5788989554505233,0.25243323285461067,53.50026666666667,93.29166666666667,1.0,24,1.4072895520365925,12000.0
1406,1366,2.7456070966863986,0.029383057808673216,75.019475,142.0,1.0,4,1.4070577560171615,2000.0
7,104,2.0979710391440496,0.8928824317354342,27.14565416666667,40.916666666666664,1.0,24,1.4070531451782502,12000.0
56,74,2.41783861183656,0.46632868236898073,45.056025,78.41666666666667,1.0,12,1.4070340494453182,6000.0
145,135,2.3272930664107134,0.5808768481087275,51.07129444444445,116.55555555555556,1.0,18,1.4051802809969036,9000.0
628,655,2.6253266182203876,0.18213795567320312,19.32603333333333,37.625,1.0,48,1.404772033990116,24000.0
941,932,2.147673872180451,0.81843329761787,26.551299999999998,40.5,1.0,4,1.4045995381575416,2000.0
1037,1024,2.594426406926407,0.2219229844141514,13.318927777777779,22.77777777777778,1.0,18,1.4043474580948083,9000.0
1002,593,2.5146074871201205,0.32362107428306397,46.288941666666666,81.5,1.0,12,1.4029293171329675,6000.0
883,871,2.304247827684112,0.6320735239975324,61.91195882352942,99.98529411764706,0.9705882352941176,68,1.40249765886114,33000.0
1140,1123,2.25968487394958,0.6617690634236889,27.345375,63.5,1.0,8,1.4024046686069387,4000.0
1228,1208,2.497266619065927,0.3429529040160957,35.235044117647064,78.67647058823529,1.0,34,1.4017925188311995,17000.0
694,691,2.5301796157059315,0.2983948982965166,60.19327500000001,116.5,1.0,4,1.4015903157713276,2000.0
595,589,2.571339623159378,0.24185271928121188,85.59655306122448,164.0204081632653,1.0,49,1.4010916650481149,24500.0
606,605,2.6233297197521486,0.2070003099434953,22.76722962962963,41.592592592592595,0.9629629629629629,27,1.400320869772797,13000.0
884,843,2.5874686716791984,0.21761395971130804,46.28436666666667,85.0,1.0,3,1.4002716565850717,1500.0
1464,1437,2.5756049642079053,0.23280279302468632,20.47837666666667,35.2,1.0,30,1.400082823590568,15000.0
1269,1256,2.637802958697209,0.14734211857585897,34.4317625,76.5,1.0,8,1.3993238190516413,4000.0
691,690,2.1411216910795154,0.8088466025239321,147.95303370786516,335.44943820224717,1.0,89,1.399102657188986,44500.0
492,482,2.2288993513722595,0.691181146424814,61.358764179104476,113.77611940298507,1.0,67,1.398914084476348,33500.0
1219,1432,2.457165539503168,0.4031677008343174,223.03077928994082,391.43195266272187,0.9822485207100592,169,1.3984910822645802,83000.0
1333,1296,2.697520395533477,0.06405860764576811,68.96206,137.8,1.0,5,1.3982257405071212,2500.0
549,550,2.1302681992337162,0.8181507905051305,20.673133333333336,52.0,1.0,3,1.3975525168450258,1500.0
740,744,2.3327763991268964,0.6237852959020959,26.201619230769232,58.11538461538461,0.9230769230769231,26,1.3971692253444643,12000.0
802,744,2.1051251508673547,0.8398546119810989,96.75490350877192,147.21052631578948,1.0,57,1.3940064439412716,28500.0
1460,1452,2.3444986153327765,0.5202107707976653,50.21790909090909,85.54545454545455,1.0,66,1.39386267737241,33000.0
1156,1136,2.498851305234439,0.31429099864587057,23.534420833333332,57.5,1.0,24,1.3938278216875368,12000.0
402,389,2.65420966208625,0.10662158206497323,33.943580000000004,65.4,1.0,10,1.3936703394539922,5000.0
916,890,2.3113653546066337,0.5631574931503038,26.1141625,64.5,1.0,8,1.3934933897877446,4000.0
1454,1421,2.4598954040958794,0.3646576731266318,75.1465,155.11764705882354,1.0,17,1.3933554635763412,8500.0
925,922,2.317260974319798,0.553882582061791,26.483111764705882,52.529411764705884,1.0,17,1.3930691643464566,8500.0
598,595,2.601975279935806,0.17289940894104536,41.010241666666666,79.33333333333333,1.0,12,1.392659934656636,6000.0
161,160,2.0205920205920207,0.947531094249241,31.82626666666667,72.66666666666667,1.0,3,1.3924961365115807,1500.0
962,954,2.7271255060728747,0.005207829081683733,64.15163333333334,168.0,1.0,3,1.3924125511536551,1500.0
878,874,2.2944274205982116,0.5810291410472399,39.76814166666667,85.5,1.0,12,1.3920797105534568,6000.0
579,562,2.4711704945623487,0.3439712069632227,158.947825,287.0,1.0,12,1.3916595599139063,6000.0
1251,1212,2.7279411764705883,0.0009731833910034533,19.4585,45.0,1.0,2,1.3914684256055365,1000.0
67,66,2.65807763902476,0.09257964155570253,97.31484285714285,183.14285714285714,1.0,7,1.391004948076615,3500.0
256,244,2.6549787729208463,0.09452927629626466,62.74434,153.8,1.0,5,1.390350292057218,2500.0
240,192,2.5378041026100018,0.24773828005598858,54.789139999999996,153.26666666666668,1.0,15,1.3894431250607973,7500.0
481,475,2.510646992503402,0.2836981296719581,31.14717575757576,70.53030303030303,1.0,66,1.3893682359029482,33000.0
1461,704,2.392242108379201,0.4392817285672634,55.07244186046512,101.44186046511628,1.0,43,1.3886813619218594,21500.0
618,656,2.4992346944210104,0.2952504750981401,58.75557,99.1,1.0,10,1.3882690202978463,5000.0
787,788,2.6128828803586437,0.14231998577318422,79.06136000000001,149.8,1.0,5,1.387849147875413,2500.0
1119,1105,2.497164584708328,0.2964778979343149,28.923362,50.58,1.0,50,1.3878092032636258,25000.0
1165,1152,2.5859339889802078,0.17702783050414997,14.933942857142856,36.892857142857146,1.0,28,1.3874819447433282,14000.0
269,267,2.6375928568456164,0.10662915051842028,35.84115454545454,66.18181818181819,1.0,22,1.3870258878937727,11000.0
1237,1220,2.380654443843223,0.4360829739305575,42.23813870967742,80.03225806451613,1.0,31,1.3830866697164566,15500.0
134,141,2.4913823202501457,0.287475128338821,74.0047375,155.10714285714286,1.0,56,1.3827954666017046,28000.0
730,739,2.101754385964912,0.8066728224068948,11.298300000000001,37.0,1.0,2,1.3827036011080334,1000.0
242,246,2.3749048781815203,0.438395866561045,25.658838461538462,54.46153846153846,1.0,26,1.3814807112409215,13000.0
762,762,2.367438385332609,0.4475945024210345,48.37083555555556,100.86666666666666,1.0,45,1.3812537048593538,22500.0
28,20,2.5932750048752466,0.14487254707811265,19.87132777777778,50.888888888888886,1.0,36,1.3807717660735326,18000.0
763,760,2.598283752860412,0.13590273814074527,32.7668,75.25,1.0,4,1.3800843225863886,2000.0
809,803,2.080422193238334,0.8259524811038381,28.10068888888889,43.888888888888886,1.0,9,1.379954621626485,4500.0
1351,1334,2.5638349089635852,0.17907137804302775,17.280825,30.625,1.0,8,1.3792553769983424,4000.0
737,734,2.6931818181818183,0.006456611570247923,13.271249999999998,31.0,1.0,2,1.3792097107438017,1000.0
1319,1307,2.3556808688387636,0.4551358729600387,26.81795625,44.625,1.0,16,1.3788131094235172,8000.0
748,735,2.546558138438005,0.19990975921526294,25.083244444444446,53.27777777777778,1.0,18,1.378596183139781,9000.0
426,426,2.318245962047794,0.5041697805081942,44.31348518518518,86.74074074074075,1.0,27,1.3785493189715758,13500.0
1226,1267,2.4601530408982923,0.31416007647655486,44.82700833333333,86.77380952380952,1.0,84,1.3783092393022836,42000.0
640,641,2.2779209292412617,0.5524193093870265,28.37973,46.333333333333336,1.0,30,1.3768941645126127,15000.0
60,80,2.6092627733998603,0.11051155530858348,38.37505,109.0,1.0,6,1.3768585759525191,3000.0
1454,1332,2.459336771989317,0.3401726793746606,518.7145575757576,1030.969696969697,0.9696969696969697,33,1.3766956035172158,16000.0
767,766,2.336123965547626,0.47136685132971967,48.352180952380955,83.38095238095238,1.0,21,1.3758596416179665,10500.0
1284,1269,2.493940242763772,0.26027633377951453,19.436078333333334,33.7,1.0,60,1.3756589972393631,30000.0
190,330,2.340034399724802,0.46379564916932914,22.132893333333335,42.266666666666666,1.0,15,1.3751524546407194,7500.0
585,562,2.6053033043145666,0.10847041162262984,70.6716,143.25,1.0,8,1.3746624452126157,4000.0
259,169,2.6054770408163264,0.10634929049062009,28.911760000000005,85.4,1.0,10,1.3740956034737166,5000.0
106,109,1.921029291221599,1.2466596099256788,13.184611538461537,21.384615384615383,0.7692307692307693,26,1.3731788302355739,10000.0
916,1202,2.4006252503172942,0.3747549406393513,935.1407217592592,1549.1712962962963,1.0,216,1.372676582318723,108000.0
389,383,2.3861617968443416,0.3938365263371293,24.26206,39.53333333333333,1.0,60,1.3726156766388755,30000.0
848,838,2.4755122860903906,0.27230205896272147,56.057725,106.75,1.0,4,1.3718955321249726,2000.0
562,562,2.3210859728506787,0.4765537369559729,18.08765,47.25,1.0,4,1.3714005102270634,2000.0
8,1202,2.2219027153286337,0.6093145795142402,726.1997479888073,1128.0531654424624,0.9989506820566632,2859,1.3712406646027246,1428000.0
1283,1268,2.4847675123618522,0.2572114260539648,25.86619245283019,45.113207547169814,1.0,53,1.3710704327609304,26500.0
1363,1339,2.3494310929960496,0.4345223190572587,52.2695875,89.75,1.0,24,1.3701291329155973,12000.0
134,143,2.499507629419167,0.23396360919881948,116.3153644736842,218.77631578947367,1.0,76,1.3699921345273127,38000.0
513,511,2.1909722222222223,0.6400236599269341,12.677375,20.0,1.0,4,1.368395986866969,2000.0
652,649,2.6204445505564986,0.064665457544743,35.5373,66.0,1.0,4,1.3675774574860224,2000.0
1431,1411,2.403704976051283,0.3505988700309326,53.97240476190476,91.52380952380952,1.0,21,1.366661651429793,10500.0
1367,1344,2.5310978320867643,0.17873059240559075,46.2633,92.55555555555556,1.0,9,1.366058310556383,4500.0
520,523,2.4549060654759183,0.27704889938143734,13.920091666666666,31.166666666666668,1.0,24,1.3650770960047984,12000.0
1434,1411,2.389301643986413,0.3643181792409869,92.57522916666666,163.45833333333334,1.0,24,1.3650161113668615,12000.0
1342,1326,2.383087027914614,0.36991944406247096,36.7753,65.5,1.0,4,1.364210644384587,2000.0
1341,1323,2.583797268907563,0.10030791406636186,33.95831666666667,59.666666666666664,1.0,6,1.363611281782934,3000.0
892,908,2.1081404187891812,0.775030459812143,22.044454166666668,65.5625,0.9583333333333334,48,1.3632653054593153,23000.0
189,201,2.1566765312528027,0.6685847639902536,46.73163333333334,102.66666666666667,1.0,3,1.363246041698197,1500.0
431,339,2.541173682326923,0.1558556583192781,144.697238,271.62,1.0,50,1.3632261704265527,25000.0
260,169,2.555417604854882,0.13166881248374868,23.67288269230769,69.71153846153847,1.0,52,1.3616676856870775,26000.0
289,256,2.5433480081677033,0.1409298987369853,84.18714,161.025,1.0,40,1.359618172888177,20000.0
1325,1301,2.0414123801220576,0.809009743776456,58.4184,109.0,1.0,2,1.3592678751817597,1000.0
659,600,2.4456647685889625,0.2690332464291638,211.87947741935483,354.38709677419354,1.0,31,1.3589758813643342,15500.0
694,693,2.4196197549365284,0.30364957828336653,53.11526956521739,111.43478260869566,1.0,23,1.3589427754596213,11500.0
1261,1248,2.553367983367983,0.12476148645046777,34.065175,81.5,1.0,4,1.3587756392823338,2000.0
144,86,2.645833333333333,0.0008680555555555587,26.6599,49.0,1.0,2,1.35859375,1000.0
24,18,2.242063492063492,0.5390126343747375,9.667453846153846,16.615384615384617,1.0,13,1.358529187137818,6500.0
134,600,2.4462276166748556,0.2646977310136254,804.5941593220339,1401.4745762711864,1.0,59,1.3579003659740299,29500.0
646,646,1.9594639536260832,0.9678720217507094,21.086541666666665,36.94444444444444,0.9444444444444444,36,1.3574805213089796,17000.0
28,65,2.102814816127208,0.720933328118455,100.16541428571429,187.57142857142858,1.0,7,1.3574059248864199,3500.0
230,228,2.6378205128205128,0.005937705456936257,18.35465,33.0,1.0,2,1.356909516765286,1000.0
293,290,2.5169055058623426,0.16522692111152237,71.09305238095237,137.0952380952381,1.0,63,1.356330278678394,31500.0
865,860,2.461437405678174,0.2375560112784042,26.333625,58.5625,1.0,16,1.355841765654791,8000.0
787,790,2.1157373481603545,0.6983250434537207,32.204504166666666,53.958333333333336,1.0,24,1.3557924523002582,12000.0
574,571,2.2062118942692748,0.5751801397170254,42.52839189189189,64.89189189189189,1.0,74,1.3550387996228177,37000.0
1074,1043,2.4866830065359475,0.19875072532644147,24.25659,42.9,1.0,10,1.3542984202123114,5000.0
76,277,2.432085299530504,0.26967773238334564,111.0042,245.0,1.0,7,1.3537374395272053,3500.0
1181,1166,2.4555555555555557,0.23728395061728363,13.3702,23.5,1.0,2,1.3534074074074074,1000.0
277,275,2.393566333699929,0.3169810642819968,43.38424814814815,105.81481481481481,1.0,27,1.3525208527645707,13500.0
1024,1027,2.4111883010063857,0.2903884409445545,25.678595833333333,49.625,1.0,48,1.3515918526859205,24000.0
885,871,2.537593042057381,0.12055955298904163,54.77266666666666,121.08333333333333,1.0,12,1.3512050827196649,6000.0
572,562,2.523152709359606,0.13827197471417582,66.1568625,132.0,1.0,8,1.350742676158095,4000.0
871,857,2.3853230487601045,0.32081158752344385,70.37104224137931,120.90517241379311,1.0,232,1.350372695761075,116000.0
618,600,2.364930521641805,0.34583376347473704,164.44208229166665,259.7083333333333,1.0,96,1.3497223376991432,48000.0
380,375,2.1610094625618483,0.6174333921364568,48.694339024390246,74.4390243902439,1.0,41,1.3496338026656762,20500.0
340,57,2.2825361512791993,0.4533129753613273,41.15335,68.0,1.0,2,1.3490083531200778,1000.0
189,25,2.4740884118747903,0.19677326075659118,173.18573636363638,340.72727272727275,1.0,11,1.3486673429768934,5500.0
1413,1418,2.261621833475643,0.5025646642143545,70.5703925,138.85,0.975,40,1.3479181326545637,19500.0
1409,1386,2.5304577330103277,0.1148312435410291,101.57766000000001,191.4,1.0,5,1.34663246626644,2500.0
1488,1475,2.150289661319073,0.6191479789837663,53.121433333333336,86.0,1.0,3,1.3458602582227592,1500.0
102,5,2.511111111111111,0.13787037037037048,46.275800000000004,89.33333333333333,1.0,3,1.3458055555555557,1500.0
514,600,2.3907197785773557,0.2977217515603223,99.34955000000001,179.08333333333334,1.0,12,1.3456044368990392,6000.0
955,938,2.4736954759799588,0.18163320733426627,32.07309,71.3,1.0,10,1.3439681525922635,5000.0
1318,1299,2.606060606060606,0.0,36.1261,86.0,1.0,2,1.3424242424242425,1000.0
871,866,2.2936837891106183,0.41063520462429914,42.19266666666667,73.66666666666667,1.0,3,1.340664077031537,1500.0
604,523,2.4876993070070874,0.14938129116393065,21.2852875,42.25,1.0,48,1.339894110152014,24000.0
1353,1346,2.540436613822849,0.07885188568781333,165.90961249999998,293.625,1.0,8,1.3398302112354836,4000.0
659,616,2.399000563098077,0.2661729971766248,73.5600425,128.05,1.0,40,1.3394521243922184,20000.0
639,562,2.5339946489911243,0.08578593386393758,184.51896907894738,356.01973684210526,1.0,152,1.339333639755631,76000.0
825,826,2.2868031751499744,0.4139865556938187,56.47837555555555,100.39259259259259,1.0,135,1.3389172367681355,67500.0
204,213,2.095350986795391,0.6672551640851735,64.4185859375,98.625,1.0,64,1.3383169439437086,32000.0
540,537,2.4194139194139197,0.23459995438017386,19.257,42.5,1.0,2,1.33814555407962,1000.0
1368,1347,2.432522607146937,0.21538036421245904,47.25285294117647,79.76470588235294,1.0,17,1.3376231521225126,8500.0
950,939,2.5322067423460615,0.08221808720591421,26.19005,46.875,1.0,8,1.3375481231001989,4000.0
74,63,2.451603349673203,0.18946375542659877,40.4696875,71.0,1.0,8,1.3374804664972606,4000.0
1218,1196,2.315596893156107,0.3702471271970232,36.61205444444444,61.6,1.0,90,1.3373128954215499,45000.0
422,422,2.318311012602808,0.3659543844822457,37.902766666666665,61.541666666666664,1.0,24,1.337110720385797,12000.0
349,339,2.208100501950226,0.5108025015720127,38.684355,61.0,1.0,20,1.3364809512516942,10000.0
1497,1465,2.463034870394096,0.16796711941754053,74.170175,132.5,1.0,4,1.3356040839829004,2000.0
290,294,2.472560975609756,0.15394482450922062,32.542699999999996,78.0,1.0,2,1.3352078375966687,1000.0
344,354,2.4365301805151427,0.2008674306558889,40.25644761904762,72.33333333333333,1.0,21,1.3348723014028239,10500.0
643,648,2.4055079491291065,0.2413666917378599,36.27903658536585,65.48780487804878,1.0,41,1.3346131871730007,20500.0
244,286,2.3632071242102786,0.29547608136404563,31.8963,66.0,1.0,13,1.3339256740933252,6500.0
1173,1160,2.32307991393535,0.34860490298079416,47.44504482758621,104.51724137931035,1.0,29,1.3338134364683782,14500.0
1018,1013,2.10959313414071,0.6615162036341506,31.108794285714286,56.371428571428574,0.9714285714285714,70,1.3337206861751008,34000.0
95,135,2.0213773971126914,1.0688764650165494,15.663357142857143,31.535714285714285,0.6785714285714286,28,1.3327853269214698,9500.0
883,875,2.5614210355642903,0.02542822490844411,74.264175,156.25,1.0,4,1.3321968816982495,2000.0
1382,1356,2.495660187151784,0.1112126697343145,38.588071428571425,65.0,1.0,7,1.3316278757810078,3500.0
1220,1206,2.5783625730994153,6.839711364178743e-07,41.31255,107.0,1.0,2,1.3313452344311072,1000.0
536,551,2.4422754926532018,0.17701580570382316,18.695899999999998,36.22,1.0,50,1.3300149387724278,25000.0
1384,1365,2.292277591973244,0.3767676962226373,27.51596,56.2,1.0,10,1.329941345656089,5000.0
204,325,2.437399474291756,0.17964367919471358,147.17785757575757,248.1010101010101,1.0,99,1.3288528934751165,49500.0
479,470,2.0056575499460365,0.7633587677033236,22.136805555555558,38.398148148148145,0.9907407407407407,108,1.328492872511634,53500.0
812,816,2.5229671717171716,0.06194552437251298,55.2926,101.83333333333333,1.0,6,1.3277705259986226,3000.0
487,487,2.082509757874251,0.9815116785448872,47.21446666666666,88.33333333333333,0.6666666666666666,3,1.3274574067131666,1000.0
379,369,2.4093222566906776,0.21138534227605824,92.45636666666667,176.33333333333334,1.0,6,1.3271445053590885,3000.0
1016,963,2.483602975962729,0.10657765375564808,78.154895,169.3,1.0,20,1.3254144865117863,10000.0
1279,1265,2.5206320079477975,0.054051339498132185,33.342470000000006,77.5,1.0,10,1.3244682050285588,5000.0
379,475,2.401318311517873,0.20817132928051094,147.3854866197183,234.08450704225353,1.0,142,1.3229787233913026,71000.0
994,980,2.442007995556589,0.14877119742359587,23.572683333333334,37.833333333333336,1.0,6,1.3214345574497144,3000.0
955,946,2.5175438596491224,0.0444752231455832,19.896349999999998,46.5,1.0,2,1.3203601108033238,1000.0
483,482,1.9447419928194538,0.9431531512653275,69.17276486486486,116.67567567567568,0.8648648648648649,37,1.3203022019668393,16000.0
1456,1436,2.4529857397504458,0.1285680412174592,30.091375,51.25,1.0,4,1.319764708265416,2000.0
1383,1364,2.4191880400611363,0.17304829059647236,51.63957083333333,89.33333333333333,1.0,24,1.3195897032033963,12000.0
28,600,2.1874165201617295,0.48009880918541425,701.0337603680981,1048.678527607362,1.0,815,1.3189962508203161,407500.0
430,339,2.4466323423263128,0.13443895782782025,144.74339777777777,261.2111111111111,1.0,90,1.3189846242788712,45000.0
1342,1327,2.546875,0.00048828125,33.907250000000005,61.0,1.0,2,1.3188964843750002,1000.0
653,650,2.307131451362261,0.31955543481863574,71.607645,117.8,1.0,20,1.318719210990495,10000.0
593,586,2.445616444258035,0.1339562697755169,80.638778125,160.25,1.0,32,1.3184334586358692,16000.0
1460,1454,2.143927813453632,0.5228616776038465,69.71018522727273,117.17045454545455,1.0,88,1.314429628662607,44000.0
324,321,2.491904761904762,0.058264172335600904,23.5233,51.8,1.0,5,1.314241156462585,2500.0
566,557,2.3855786943552904,0.19850251093577265,38.392353846153846,74.61538461538461,1.0,13,1.313782231022848,6500.0
280,79,2.1755556781781156,0.4776134398201976,60.38718666666667,109.8,1.0,15,1.3135063032173055,7500.0
1446,1426,2.5185185185185186,0.016460905349794188,10.447366666666667,22.666666666666668,1.0,3,1.3123456790123458,1500.0
576,571,2.4169603645147126,0.15119247056475857,25.168899999999997,43.666666666666664,1.0,12,1.3121418869753125,6000.0
1175,1164,2.132289724925345,0.5294291333237418,57.64387619047619,123.33333333333333,1.0,21,1.3117446299672606,10500.0
1459,1434,2.4075352135999655,0.1605412068835218,45.40128888888889,75.33333333333333,1.0,9,1.311176447505043,4500.0
686,681,2.5142857142857142,0.014693877551020456,20.7331,36.5,1.0,2,1.310122448979592,1000.0
222,234,2.2658668730650153,0.3453756266234701,19.405150000000003,36.5,1.0,6,1.3099594372130472,3000.0
1219,1287,2.453364631614071,0.09442905087674129,55.880280000000006,97.95,1.0,20,1.309674567908651,10000.0
589,572,2.2060536741347225,0.4215356622175831,24.804771428571428,42.42857142857143,1.0,14,1.308882168319164,7000.0
488,482,2.4712482468443198,0.0654681933792185,29.39535,66.0,1.0,2,1.3081397567514934,1000.0
844,845,2.4825994318181817,0.04942067675480901,35.634125,81.0,1.0,8,1.3078659757537154,4000.0
748,871,2.4452126715429903,0.09863053259668032,230.1704617647059,376.3872549019608,1.0,204,1.3076742283962002,102000.0
287,285,2.151711274738975,0.5155588335561851,32.6238,59.71052631578947,0.9736842105263158,38,1.3074574231203402,18500.0
796,790,2.4005291005291007,0.15600991013689436,42.107933333333335,73.0,1.0,3,1.3070146132527087,1500.0
824,820,2.405829716005182,0.1487335618079001,25.37307714285714,43.22857142857143,1.0,70,1.306951954944443,35000.0
1160,1140,2.189246070328958,0.43049776440999726,14.90935,29.681818181818183,1.0,22,1.3048477574545823,11000.0
1444,1423,2.3853953969234545,0.16873180938035315,46.37978571428572,79.45238095238095,1.0,42,1.3047777015834876,21000.0
603,604,2.381206356321496,0.17376473442957985,29.781697959183674,52.51020408163265,1.0,49,1.3046119628574724,24500.0
987,981,2.3705762721330186,0.18526089899947742,46.17863703703704,80.29629629629629,1.0,54,1.3038087785530508,27000.0
973,549,2.3638398586477667,0.19256025107517358,122.27550000000001,233.6206896551724,1.0,87,1.3033040187816587,43500.0
134,116,2.089026480957483,0.5586988535757933,61.709108333333326,119.08333333333333,1.0,12,1.3032202484557311,6000.0
1235,1225,2.0640468159866736,0.7564879939485639,47.737775,96.33333333333333,0.8333333333333334,12,1.3025651245792387,5000.0
101,124,1.9597912302751013,0.7280924519540503,59.53784999999999,109.25,1.0,4,1.3023442276962556,2000.0
671,668,2.379895104895105,0.1672070175152619,12.301375,27.4,1.0,20,1.3021201472126207,10000.0
1219,1207,2.3187370861136203,0.2486040054477293,62.66520952380952,99.76190476190476,1.0,21,1.302076036079767,10500.0
1229,1239,2.168611670020121,0.4445653397244636,63.92756666666667,131.66666666666666,1.0,3,1.3008142699253875,1500.0
528,531,2.3745614035087717,0.16839242843951982,17.2705,35.666666666666664,1.0,6,1.3003422899353645,3000.0
711,706,2.327258655450145,0.22838347672824605,48.58705,81.33333333333333,1.0,6,1.2994185051985319,3000.0
1310,1292,2.350925925925926,0.18924021583942222,21.7967,35.833333333333336,1.0,6,1.297142435122197,3000.0
1433,1416,2.234809319168863,0.40046551581657797,64.94712857142856,113.34285714285714,0.9428571428571428,35,1.2969205252696616,16500.0
739,789,2.298608104569448,0.2580517700414642,30.679926923076923,52.11538461538461,1.0,26,1.2968587728402183,13000.0
953,937,2.116700452110669,0.49679605337194704,14.999242105263157,23.736842105263158,1.0,19,1.2957189968558518,9500.0
366,427,1.959588599272366,0.7618198436437663,55.24183888888889,78.33333333333333,0.9444444444444444,18,1.2957147261354096,8500.0
321,318,2.474903474903475,0.018634188518358415,36.0182,80.0,1.0,2,1.2955516465168975,1000.0
62,410,2.1245286825036103,0.6841974864395063,84.52118,204.0,0.8,5,1.295070718933296,2000.0
1423,1397,2.3951435691873892,0.121732736084521,54.80258333333333,100.0,1.0,6,1.294577248500312,3000.0
863,744,2.461719122966777,0.03248562544626706,333.3721130434783,565.8695652173913,1.0,23,1.2944333368205911,11500.0
1253,1236,2.092442775089834,0.523727637387024,28.0561,41.46666666666667,1.0,30,1.2940954012520407,15000.0
242,256,2.2176521871374812,0.35525394594288534,45.45256666666666,70.0,1.0,6,1.293637058637858,3000.0
624,625,2.456878686433923,0.034472014340645785,47.31933333333333,90.66666666666667,1.0,3,1.293093078875763,1500.0
317,319,2.3262867647058822,0.20771495638696655,23.246274999999997,37.75,1.0,4,1.2928291927984428,2000.0
421,339,2.3322589719250555,0.19973725427139422,123.769828125,207.96875,1.0,32,1.2928247650514404,16000.0
1336,1320,2.063108336743328,0.5869542571739796,28.675214285714286,44.34285714285714,0.9714285714285714,35,1.2927581832780966,17000.0
1348,1332,2.0788510171946704,0.8370817396716476,28.668240000000004,75.0,0.7,20,1.2926649287793626,7000.0
1471,1446,2.31681277530361,0.24015039765031035,37.47636363636364,65.04545454545455,0.9772727272727273,44,1.2919520475983552,21500.0
8,27,2.026222842061151,0.6755384162273514,26.14347462686567,53.38805970149254,0.9253731343283582,67,1.2907626019911733,31000.0
1146,1132,2.457618220336258,0.02507506797666178,37.238927777777775,64.88888888888889,1.0,18,1.290569808527502,9000.0
951,945,2.30240930940794,0.23139341029707403,42.787506896551726,69.10344827586206,1.0,29,1.2903817468522982,14500.0
1229,1229,2.1010203069527744,0.49967326481998503,32.978696,67.08,1.0,25,1.2903101022271053,12500.0
767,744,2.197383170985359,0.3694575208583759,104.66565714285714,182.14285714285714,1.0,7,1.2897905246516566,3500.0
86,140,2.354528916624199,0.1582987640916763,49.932611111111115,90.5,1.0,36,1.2893011958771825,18000.0
326,25,2.20742745637646,0.3522298968793961,99.55568787878788,174.3181818181818,1.0,66,1.288639951614403,33000.0
879,874,2.1385389775740653,0.44237092052287375,45.186566666666664,80.77777777777777,1.0,18,1.2881268671864883,9000.0
605,529,2.3904834296138646,0.10282268947074495,14.039539130434783,26.782608695652176,1.0,23,1.2870401786867693,11500.0
1051,1041,2.2919774669774666,0.23327725707608743,14.308033333333332,22.533333333333335,1.0,30,1.286774163913813,15000.0
1375,1356,2.3599792261942563,0.1369285801885144,64.96509666666667,104.86666666666666,1.0,30,1.2850702645342569,15000.0
1319,1306,2.4270147123407995,0.046860003284405136,45.14223333333334,79.0,1.0,3,1.2848638859216412,1500.0
714,715,2.252167730299667,0.27894838969861974,51.079125,102.5,1.0,4,1.2845516090294526,2000.0
397,400,1.9226618346791926,0.8608208142176954,32.077014285714284,61.035714285714285,0.8571428571428571,28,1.2844538352798427,12000.0
8,65,2.168091311720241,0.38988062410852975,101.36058857142858,172.0,1.0,105,1.2842007119206553,52500.0
1219,1212,2.2272584393789057,0.3109052115935098,93.90849066666667,143.96,1.0,75,1.2841749392296153,37500.0
109,107,2.0829052483464245,0.5023457174279512,12.622129411764705,20.029411764705884,1.0,34,1.2838658145669553,17000.0
712,721,2.3634184069028996,0.1266813083431421,54.062774999999995,85.33333333333333,1.0,12,1.2833717552641024,6000.0
603,526,2.4580419580419584,2.4451073402121475e-05,14.83015,29.5,1.0,2,1.283224118538804,1000.0
814,808,1.8869261999329356,0.8603499430671671,42.327556666666666,76.5,0.9,30,1.2828754628933243,13500.0
1454,1424,2.3847239619705616,0.09873410210045909,94.64924355400697,176.10452961672473,0.9965156794425087,287,1.282464519251115,143000.0
814,810,2.346332427349508,0.14629366782810763,21.569802380952382,36.095238095238095,1.0,42,1.2824210712882356,21000.0
444,448,2.0814986810316514,0.5086969869818597,50.492429292929295,91.16161616161617,0.98989898989899,99,1.2821782654769154,49000.0
275,79,2.179998111619992,0.3743376857404592,127.98377251908396,255.7175572519084,0.9923664122137404,131,1.2820104740342566,65000.0
313,309,2.334904474610357,0.1578615955976827,24.47335,39.26923076923077,1.0,26,1.2813202685234477,13000.0
470,466,2.29735232629003,0.2077814306286296,33.797775,56.0,1.0,28,1.281275359704601,14000.0
1497,1474,1.76158228629319,0.9166682194324921,33.901450000000004,44.95238095238095,1.0,42,1.2796333803470237,21000.0
361,361,2.271915608757714,0.23498612822078252,26.230559090909093,50.77272727272727,1.0,22,1.2792620819693203,11000.0
296,295,2.4299450549450547,0.023551654389566454,35.47625,82.0,1.0,2,1.2790435182948918,1000.0
874,864,1.9830407596707122,0.6170981039673594,67.1563,107.5,1.0,4,1.2783457350584928,2000.0
603,25,2.287915062023958,0.2090974953176374,682.1323404145077,1089.8569948186528,1.0,965,1.2778952734048745,482500.0
1353,1350,2.2746576857136787,0.22558447715110672,146.880055,242.0,1.0,20,1.2775384174308035,10000.0
603,651,2.411366356028672,0.04327038295573154,294.73775011933174,509.96658711217185,1.0,419,1.2775276572981882,209500.0
1353,1379,2.330749643217782,0.14883906183279424,79.84433793103447,134.06896551724137,1.0,29,1.2769515758369512,14500.0
134,115,2.2179145423643605,0.29855120485958636,49.68264444444444,94.55555555555556,1.0,27,1.2767311784036202,13500.0
1257,1244,2.2972458310919848,0.19165440289436694,19.68196923076923,49.23076923076923,1.0,13,1.276394653305104,6500.0
55,6,2.211408012888089,0.304096062425748,48.69958888888888,100.66666666666667,1.0,9,1.2757920238829599,4500.0
1193,1173,2.3759433364988922,0.08463143305494522,20.359917777777778,43.91111111111111,1.0,45,1.2757667645160407,22500.0
1359,1381,2.3581486319387843,0.10486413059068511,76.51065,127.75,1.0,4,1.2747186919527194,2000.0
831,828,2.3822918066418506,0.07075287130781754,32.760828125,61.125,1.0,32,1.2741425840490856,16000.0
344,357,2.3684556510662977,0.088899838871411,85.75885238095238,153.70238095238096,1.0,84,1.2740522120879425,42000.0
1180,1167,2.3864087301587302,0.06474413539421252,12.847814285714287,20.821428571428573,1.0,28,1.2739867326817558,14000.0
351,339,2.344073200492571,0.12044069094055838,57.7521,102.14285714285714,1.0,7,1.2737614874791958,3500.0
1447,1426,2.426767676767677,0.010024487297214517,11.56805,24.25,1.0,4,1.2737144168962353,2000.0
1425,1402,2.425,0.01125000000000002,30.03,56.0,1.0,2,1.273375,1000.0
426,429,2.0994627837445536,0.4441626628997035,67.943815,144.1,1.0,20,1.2730339123677326,10000.0
666,374,2.12824922856874,0.4052521466979285,45.70363666666667,90.76666666666667,1.0,30,1.2728753354368747,15000.0
916,668,2.2995117560398244,0.17668935616103065,738.64670976,1127.5392,1.0,625,1.272811509264239,312500.0
515,507,2.4252900673016065,0.007065397896622079,71.6384,126.5,1.0,4,1.2722356462896292,2000.0
1374,1350,2.3712728683083326,0.07675788916234319,100.39128571428571,159.28571428571428,1.0,7,1.271536514072036,3500.0
106,5,2.2853405397910733,0.1901958210272371,53.560968115942025,87.73913043478261,1.0,69,1.2711949622246004,34500.0
603,555,2.2115827916429165,0.2833559021465119,66.15172272727273,114.93181818181819,1.0,44,1.2696398873011203,22000.0
212,711,2.359232871257698,0.08621122348063823,103.35041666666666,178.96153846153845,1.0,78,1.2695565155472708,39000.0
592,590,2.3538731128472974,0.09134134899411034,32.111134375,53.71875,1.0,32,1.268951649837152,16000.0
548,540,2.2474945179984194,0.24194859683057102,53.55064867256637,83.23893805309734,0.9911504424778761,113,1.268927518991902,56000.0
189,202,2.270889122833169,0.20107201763401866,41.52664,70.86666666666666,1.0,30,1.2686772544234732,15000.0
8,175,2.1192614418713385,0.40990740805657316,57.187352302631574,118.95065789473684,0.9901315789473685,304,1.267716272849718,150500.0
877,871,2.121580514694034,0.39548917817343426,44.24073333333334,82.44444444444444,1.0,9,1.2672789593296439,4500.0
635,635,1.9896066209391494,0.5694486591185404,43.81276696428572,62.1875,1.0,112,1.266677246111222,56000.0
599,562,2.09466482116692,0.44108896138187176,178.12713780487806,331.390243902439,0.9878048780487805,82,1.2665340802959637,40500.0
1023,1020,2.1392117074102366,0.3930998912390382,14.199165476190476,28.88095238095238,0.9761904761904762,84,1.2664717931929488,41000.0
344,393,2.1856464182769297,0.557373690215722,58.5886,97.25,0.75,4,1.2664706743754885,1500.0
852,852,2.401696265938069,0.01849966956396959,61.208200000000005,117.0,1.0,4,1.2662284072444185,2000.0
1138,1122,2.2670825906120022,0.19686791369710538,13.791133333333335,30.0,1.0,6,1.2658934103539325,3000.0
859,826,2.2289038695975605,0.24698059741235548,66.1927109375,115.28125,1.0,64,1.2656557270627309,32000.0
1364,1371,2.3050550452739236,0.14536528039778254,46.215575,96.0,1.0,4,1.2656316022289043,2000.0
946,933,1.9457626649340813,0.6243124103004335,32.87921428571429,50.82142857142857,1.0,28,1.2655987890637626,14000.0
981,973,2.2656641604010024,0.19629273685466797,21.346899999999998,45.0,1.0,2,1.2651534852168014,1000.0
879,873,2.373809523809524,0.05089569160997725,21.0756,34.5,1.0,2,1.2647925170068026,1000.0
555,594,2.261492221277138,0.20061083120584483,63.01302666666666,133.73333333333332,1.0,15,1.2647801378726087,7500.0
405,405,2.106835310956534,0.40495120145959573,46.463883333333335,68.66666666666667,1.0,6,1.2642194848204924,3000.0
637,638,2.1925589514115056,0.28942747384674067,28.14591875,42.4375,1.0,32,1.2638518227186246,16000.0
973,999,2.2235017155706727,0.2450031366501531,68.72653968253968,109.2063492063492,1.0,63,1.2629016272233151,31500.0
139,135,2.258483500968698,0.1980411778480686,65.777775,140.5,1.0,44,1.2628057537419,22000.0
1170,1160,2.1723927789900728,0.35225029174698064,35.231722,71.04,0.96,50,1.2626321991201233,24000.0
808,744,1.9753980085037008,0.574774125410593,26.0141,41.75,1.0,32,1.2625914410246584,16000.0
1432,1416,2.176729024943311,0.3056998699423078,62.10423333333333,106.0,1.0,3,1.2624015709600167,1500.0
180,25,2.280972926824646,0.16190878474908038,97.29161666666668,187.0,1.0,6,1.2609618061545824,3000.0
392,388,2.11119625715899,0.7215336066371707,47.085366666666665,89.33333333333333,0.6666666666666666,3,1.2609385848547474,1000.0
93,5,2.1801756955276086,0.3780746064473542,55.405300000000004,88.25,0.9166666666666666,12,1.2604926601452495,5500.0
643,645,2.3261936419207876,0.09788596237120217,51.67666666666667,89.33333333333333,1.0,9,1.2598432454796757,4500.0
1304,1289,2.163278079231242,0.3113577909782564,31.74895806451613,48.46774193548387,1.0,62,1.258718568985974,31000.0
71,79,2.1030038230565107,0.45349696738297035,59.8206703125,101.59375,0.9375,64,1.2585006194374952,30000.0
1465,1443,2.0967314659977703,0.3989729727232181,27.728305,52.5,1.0,40,1.2583844782160736,20000.0
878,744,2.187949640814344,0.27602803667001646,228.2347330882353,368.1102941176471,1.0,136,1.2579882673267426,68000.0
480,475,2.2396156234421163,0.20704915443322106,48.40081153846154,91.15384615384616,1.0,52,1.2579609957068127,26000.0
236,216,2.3592753623188405,0.04713639991598398,27.299925,55.25,1.0,4,1.2578510649023316,2000.0
130,130,2.007217444717445,0.514197561840375,37.6012,69.5,1.0,4,1.2571462464390906,2000.0
543,600,2.3882783882783882,0.0056869138187819746,25.9004,60.666666666666664,1.0,3,1.2570174294569898,1500.0
144,135,2.0491893629155324,0.5468737238398723,64.53818636363636,128.1590909090909,0.9090909090909091,44,1.2564651350454474,20000.0
1379,1359,2.2201436130007557,0.2276004173715341,12.428495238095238,18.571428571428573,1.0,21,1.2563375704117625,10500.0
1305,908,2.3444441367929003,0.0617055492262162,759.4264130311616,1347.542492917847,1.0,706,1.256289319485025,353000.0
1185,1160,2.2662863833990787,0.16568853342416742,42.5286,92.0952380952381,1.0,21,1.2562211133868817,10500.0
45,48,2.130714946594652,0.34641982922462855,28.23858243902439,42.34634146341463,1.0,205,1.2562119274052495,102500.0
1208,1194,2.2758620689655173,0.1521997621878717,23.15815,57.0,1.0,2,1.2560047562425685,1000.0
1036,1044,2.3556629845329535,0.045288940014497396,30.575177272727274,52.36363636363637,1.0,22,1.2558518758175308,11000.0
1438,1424,1.9386691666231524,0.7189494666013673,164.38384175824174,286.0659340659341,0.8791208791208791,91,1.2548887703659348,40000.0
582,615,2.3667579464424815,0.027029895395373135,25.727425,58.416666666666664,1.0,12,1.2548121471956046,6000.0
912,930,2.060113304244868,0.4353562025159835,42.074850000000005,81.64285714285714,1.0,14,1.2546521824527421,7000.0
306,309,2.317719049426367,0.09053519031638413,48.353833333333334,86.0,1.0,3,1.2542481768654619,1500.0
614,610,1.9237386473273699,0.615529763066954,31.14889375,55.25,1.0,16,1.2541543878510342,8000.0
34,6,1.5110666242873767,1.2814535789641794,34.12540555555556,52.32222222222222,0.8833333333333333,180,1.2538627234042046,79500.0
748,795,2.1090074645251407,0.3654927493043392,49.54245714285714,74.0,1.0,21,1.253250810601358,10500.0
595,1004,2.081997597762759,0.40059482127587376,32.39728,52.6,1.0,20,1.252977485487866,10000.0
626,624,2.3609208091664233,0.026870367484960994,39.81412777777778,66.44444444444444,1.0,18,1.2524294339120579,9000.0
1121,1110,1.6868546384086827,1.0917118017848009,39.802283333333335,69.16666666666667,0.8333333333333334,6,1.2522553958989133,2500.0
8,200,2.2591686604562033,0.17659317603572172,239.53979776951672,399.3382899628253,0.9851301115241635,269,1.252184450450447,132500.0
618,619,2.253398556577477,0.16482799782536042,42.6001,68.54166666666667,1.0,24,1.2508078219785987,12000.0
841,831,2.063904458350985,0.4171783149239859,31.976913333333336,54.46666666666667,1.0,30,1.2507152778175898,15000.0
990,981,2.210179211469534,0.22155816086638153,20.523033333333334,51.333333333333336,1.0,3,1.250539132847728,1500.0
677,668,2.1870452194700314,0.2480293797585913,88.4240625,149.125,1.0,8,1.24922690171559,4000.0
1404,1332,2.221660641806983,0.20005693760683851,120.62891944444443,217.86111111111111,1.0,72,1.2486813380048447,36000.0
843,843,2.350135504759053,0.02710099816088622,51.49728,89.93333333333334,1.0,15,1.2481845013518873,7500.0
1287,1281,2.249446927066093,0.16065289641657687,59.30005,99.25,1.0,4,1.2479746397514104,2000.0
306,307,2.1401590149931478,0.36116963516115347,57.10827777777778,105.77777777777777,0.9444444444444444,18,1.2477478298789386,8500.0
764,762,2.1623532732533772,0.27504924261405855,87.52762857142858,146.0,1.0,35,1.2474560820855685,17500.0
1440,1417,2.2284057042390377,0.1863559934569731,44.98985555555556,75.27777777777777,1.0,18,1.247269079732707,9000.0
8,135,2.015222235592946,0.49333079972562366,156.76504710365853,234.77591463414635,0.9771341463414634,656,1.2472283780573046,320500.0
1326,1306,2.255466428995841,0.14946140567536187,24.186,37.72727272727273,1.0,11,1.247024993300945,5500.0
696,695,2.3164621769272933,0.06752725634521081,53.50756666666666,84.5,1.0,6,1.2468430476744805,3000.0
970,935,2.052041133129019,0.42005239232890684,52.213804,94.94,1.0,50,1.2468321709502797,25000.0
902,908,1.948182045484124,0.7010843874329554,22.731466666666666,53.76190476190476,0.8571428571428571,21,1.2467409915663934,9000.0
1216,1199,2.3636363636363638,0.0,11.4154,26.0,1.0,2,1.2454545454545456,1000.0
1022,1023,1.8452735819499133,0.9176023282796085,22.094668181818182,38.36363636363637,0.7727272727272727,22,1.2452083130820297,8500.0
528,602,2.0523838139188704,0.4131559581826603,22.38760983606557,38.49180327868852,1.0,61,1.2449003130223464,30500.0
1313,1292,2.267794297206062,0.12474433405647516,55.22188333333333,92.16666666666667,1.0,6,1.2445410190993673,3000.0
881,872,2.179418578497526,0.24165948466904144,35.6893,59.2,1.0,10,1.2442652767997229,5000.0
959,965,2.155812427898229,0.27281014903830514,43.9966625,73.5,1.0,8,1.244168015870783,4000.0
7,118,2.010324049539736,0.4661781803786553,32.13248333333333,50.333333333333336,1.0,6,1.243983073929491,3000.0
555,974,2.201260909570049,0.21099344846797866,85.448375,162.25,1.0,4,1.2438023983684132,2000.0
1385,1372,2.29248253531866,0.08423271458629157,68.99369999999999,114.25,1.0,4,1.2422628285033515,2000.0
218,204,2.261610578494491,0.12371877221157367,58.0624,96.078125,1.0,64,1.2417598630612687,32000.0
566,549,2.2907602777443556,0.08287850034791398,288.2006047761194,504.6507462686567,1.0,335,1.2411676612021165,167500.0
733,744,2.0985653861735503,0.3368838283530272,29.358503125,51.8125,1.0,32,1.2404913029753284,16000.0
1372,1332,2.318406811301025,0.04364830218154035,136.30283333333333,214.88888888888889,1.0,9,1.240457215174872,4500.0
107,5,2.0549255982606836,0.39332551895926265,50.023292500000004,72.7,1.0,40,1.2399678949920523,20000.0
1240,1221,2.2945238095238096,0.07173476946334091,36.657975,84.0,1.0,4,1.2393299546485261,2000.0
296,293,1.9869368620152592,0.4803064146165167,31.15112142857143,70.92857142857143,1.0,14,1.2388666691910588,7000.0
889,881,2.273611111111111,0.09385995370370383,18.980233333333334,35.666666666666664,1.0,3,1.2376024305555555,1500.0
546,541,2.228573383413357,0.1491594206777813,28.42140857142857,47.285714285714285,1.0,70,1.2361771795686771,35000.0
906,9,2.3340458152958155,0.007559750579907502,29.559625,76.5,1.0,4,1.2358862512922986,2000.0
640,576,2.30765358605375,0.042065667800483195,59.907920000000004,114.9,1.0,10,1.235681134761645,5000.0
245,256,1.6635371393080598,1.2005092753130446,55.40267333333334,100.03333333333333,0.7,30,1.2355676383171375,10500.0
8,61,2.055118404731814,0.3776330658603557,38.993448275862065,74.24137931034483,1.0,29,1.2353372816508323,14500.0
1418,1395,2.2922126901086175,0.06133401673767303,35.494542307692306,68.15384615384616,1.0,26,1.235285281064749,13000.0
868,857,2.274066755810177,0.08446186155863988,28.2279,61.5625,1.0,16,1.2349652607916628,8000.0
748,562,2.2435563849190627,0.12488703356879453,312.11016062500005,504.34791666666666,1.0,480,1.2348886640382635,240000.0
891,896,1.9251343101343104,0.975644277904748,16.858914285714285,35.714285714285715,0.5714285714285714,7,1.2341755788537199,2000.0
1492,1468,2.332661290322581,0.003585132674297572,34.56625,73.5,1.0,2,1.2341400559313216,1000.0
1402,1380,2.3028056484578223,0.04305638446058202,50.986175,82.5,1.0,4,1.2340391747213035,2000.0
870,879,2.25731322209055,0.10297381977698794,19.398258974358974,32.53846153846154,1.0,39,1.2338174347693165,19500.0
1026,1014,2.159090909090909,0.2324380165289256,11.07965,22.5,1.0,2,1.2333677685950415,1000.0
133,130,2.3171769671769673,0.020439104158155377,51.22723333333334,111.66666666666667,1.0,3,1.2330025181182336,1500.0
748,806,1.642205009203279,0.9171203340660632,30.20951176470588,37.088235294117645,1.0,34,1.2320181039011306,17000.0
945,936,1.9521169187423055,0.5038335535429401,36.09214117647059,64.6470588235294,1.0,34,1.2319968335598042,17000.0
1301,1288,2.2312013694366635,0.13160938594755256,18.191133333333337,36.833333333333336,1.0,6,1.231963363558931,3000.0
456,453,2.2021277665294785,0.17032965892897747,26.47381739130435,38.98550724637681,1.0,69,1.2319500042904847,34500.0
603,1432,2.2331843374026232,0.1272583284963056,847.0533333333333,1395.6544715447155,1.0,246,1.231451233509941,123000.0
330,329,2.14743060401258,0.3372739887977996,20.2984975,34.35,0.9,40,1.2301544382443719,18000.0
1003,593,2.2883750662706435,0.04803573300468046,45.81214666666666,72.06666666666666,1.0,15,1.2297607464096616,7500.0
617,607,2.0242644165244363,0.4038857912858191,69.68131888888888,108.86666666666666,0.9944444444444445,180,1.2292048373288536,89500.0
959,966,2.11667276190295,0.27503017406141184,25.079514473684213,41.14473684210526,1.0,76,1.2291781569796036,38000.0
940,903,2.2799818271960737,0.0563684865341812,52.107350000000004,87.625,1.0,8,1.2289032768386838,4000.0
616,615,1.9743392859153728,0.4637804567237003,20.758383333333335,37.111111111111114,1.0,36,1.2288698513832594,18000.0
1025,1018,1.986579981394309,0.48129701240847994,24.50876436781609,45.2183908045977,0.9655172413793104,87,1.2286762686940607,42000.0
1236,1201,2.190279799158511,0.16792284982790348,51.545045,86.2125,1.0,80,1.2264887746117754,40000.0
486,485,1.913574943372647,0.5352173690130825,53.26513333333333,98.66666666666667,1.0,3,1.2259951880529836,1500.0
1461,700,2.232438317224213,0.10896598460045467,63.59502580645161,103.38709677419355,1.0,31,1.2256651222698216,15500.0
1485,1461,2.293091168091168,0.027845248821032304,32.246375,60.25,1.0,4,1.225590041882777,2000.0
292,291,2.1684880777080267,0.1922196882667018,28.4551875,43.875,1.0,40,1.2250611375632212,20000.0
580,640,2.0243823898122932,0.38414978500367347,60.0212,102.4,1.0,10,1.2249978914260193,5000.0
745,744,2.264561128526646,0.06086765491330328,48.92658333333333,83.0,1.0,6,1.2240847478846495,3000.0
107,135,2.1662468737099823,0.21557307916028837,85.7528472440945,138.83070866141733,0.9763779527559056,254,1.224084059058851,124000.0
1417,1400,2.229041242100705,0.10615713573551376,27.511605555555555,43.55555555555556,1.0,18,1.2234636375609362,9000.0
134,6,2.1483366224163167,0.21167970378385065,160.70190768156425,264.3100558659218,1.0,716,1.222838560101682,358000.0
762,769,2.089255372313843,0.28649326760907406,47.0357,94.33333333333333,1.0,3,1.2216501292082595,1500.0
903,884,1.8606925546331923,0.681284033475817,21.849764864864863,44.2972972972973,0.9099099099099099,111,1.221635204868995,50500.0
367,363,2.0966737266598336,0.2756332808923504,72.09245000000001,122.3,1.0,10,1.2213594749316385,5000.0
1377,1375,2.286779969125567,0.022046084748020108,68.60880999999999,115.6,1.0,10,1.221325813074633,5000.0
947,941,2.2168870604204156,0.11405723368248104,34.198821153846154,60.42307692307692,1.0,52,1.2209719942729105,26000.0
51,56,2.2658755943849114,0.0480057608297346,21.577257142857142,35.42857142857143,1.0,7,1.220751966002885,3500.0
333,25,2.1572669938154387,0.19144427392313917,149.80207076923077,239.6769230769231,1.0,130,1.2203400797031172,65000.0
819,813,2.047058823529412,0.3378200692041525,56.17476666666666,110.33333333333333,1.0,3,1.2201695501730105,1500.0
1431,1410,2.2839946149156676,0.018331147178537874,53.457883333333335,86.33333333333333,1.0,6,1.2190971901198284,3000.0
1252,1240,2.081923606523149,0.2869647165788326,36.70613214285714,64.75,1.0,28,1.2188588575829093,14000.0
837,829,1.8551879699248122,0.589137136073266,45.474766666666675,71.33333333333333,1.0,3,1.2188163287919047,1500.0
880,872,2.2476190476190476,0.06548752834467106,21.0233,32.5,1.0,2,1.2186938775510205,1000.0
233,233,2.2698618340723606,0.035714928449687815,31.656514285714284,50.57142857142857,1.0,14,1.2186592121638506,7000.0
286,289,2.1224347404394694,0.22899545215649247,42.88772881355933,84.66101694915254,1.0,59,1.2176725318227355,29500.0
8,67,2.1790578628667867,0.15332443278067545,92.25164166666667,153.0,1.0,12,1.2176204749809174,6000.0
73,77,2.065927161979794,0.30375987592951664,45.487883333333336,65.0,1.0,24,1.2174988275707725,12000.0
748,734,2.191218570894642,0.13619519679795777,25.35966666666667,45.57575757575758,1.0,33,1.217345987397244,16500.0
1460,1447,2.1965225475036805,0.1280013825537544,61.10903125,97.3125,1.0,16,1.2170094337675985,8000.0
8,327,2.0877761365136274,0.26999709948853196,110.80058055555556,163.55555555555554,1.0,72,1.2161095844520105,36000.0
1016,964,2.243272776404519,0.06066658653316881,78.02340000000001,152.2,1.0,5,1.2155090865217584,2500.0
429,365,2.271050521251002,0.023440378801666106,50.07115,81.0,1.0,2,1.2154523221409008,1000.0
1460,1459,2.1405528664660443,0.19732811648640106,51.74414683544304,79.0,1.0,79,1.215419581532338,39500.0
916,1160,2.0978853600503182,0.25193668274970615,251.8832,477.13793103448273,1.0,29,1.2147351488450393,14500.0
1386,1332,2.139525892773825,0.1956262117478441,208.2289879194631,346.28859060402687,1.0,149,1.2144982206338832,74500.0
806,800,1.978583916083916,0.4057705843107941,37.496750000000006,66.25,1.0,8,1.2131647417268046,4000.0
4,1162,1.6932160282362712,1.4002818996953357,16.65936153846154,30.846153846153847,0.38461538461538464,13,1.2127555965877246,2500.0
1440,1388,2.1673027916510517,0.14988017617071966,65.67630833333334,116.0,1.0,24,1.2118851695116366,12000.0
635,562,2.1753979537056427,0.13779390144958817,143.73255076923076,227.26153846153846,1.0,130,1.2114973519171337,65000.0
682,672,1.7532903996061657,0.7513718671881017,41.24113333333333,89.58974358974359,0.9487179487179487,39,1.2113431046142815,18500.0
627,625,2.2345406053718837,0.057354117467273216,34.19056,56.25,1.0,20,1.2110224773889355,10000.0
748,668,2.216910484823838,0.07899608421044407,454.70013403908797,699.9039087947883,1.0,614,1.2104630191926684,307000.0
315,310,2.2020071313549576,0.0983379510757837,46.46418333333333,87.16666666666667,1.0,6,1.2103042378647182,3000.0
450,450,2.097987986695716,0.25279105095810744,25.087666666666664,37.72222222222222,0.9814814814814815,54,1.2094769544101633,26500.0
577,570,2.132192314569917,0.18676407103516512,55.989059999999995,93.7,1.0,10,1.2089061471385165,5000.0
656,651,2.236190419210109,0.04611018652405731,60.95868928571428,99.96428571428571,1.0,84,1.208309223641261,42000.0
1001,749,2.099068087414367,0.227526559351644,37.4893,76.72727272727273,1.0,44,1.20788520277124,22000.0
1436,1411,2.152077678260056,0.15673332683180166,70.120928125,107.8125,1.0,32,1.207851069353563,16000.0
810,794,2.2156888209829386,0.07042094156189715,39.0041,60.4,1.0,20,1.2074018108617446,10000.0
941,950,2.07845047109753,0.2487972743788814,64.579975,123.0,1.0,4,1.2060193707526765,2000.0
76,171,2.1130058705291535,0.2012549144604702,51.25522962962963,81.51851851851852,1.0,27,1.2055788225498023,13500.0
904,897,1.8035714285714286,0.6128826530612246,10.892,21.5,1.0,2,1.205293367346939,1000.0
180,186,2.1078283129368534,0.20651178546902563,89.29373617021275,155.36170212765958,1.0,47,1.2050848608154492,23500.0
1219,600,2.1641264658322026,0.1229741287310271,978.2864024064172,1531.1042780748662,1.0,374,1.202542824952189,187000.0
903,885,1.7489045268017214,1.0618017005484048,21.74888977272727,46.93181818181818,0.6136363636363636,88,1.202193229976119,27000.0
1291,1286,2.1077161985801416,0.19625211066666834,20.025122222222222,47.166666666666664,1.0,18,1.2019621126320572,9000.0
709,1438,1.9957299069895607,0.41143847398887734,179.60296333333332,266.8666666666667,0.9333333333333333,30,1.2017235049924875,14000.0
640,577,2.175318691213469,0.12584037911264337,79.53498085106384,127.25531914893617,0.9787234042553191,47,1.2014966114957766,23000.0
1274,1259,2.1167133520074697,0.18092204201942233,48.2688,67.33333333333333,1.0,3,1.2009619534088147,1500.0
104,107,2.0805275603495774,0.2290488379526228,56.868246052631584,88.78947368421052,1.0,76,1.200925675525618,38000.0
685,680,2.241484629872532,0.01372022268516826,57.393525000000004,89.75,1.0,8,1.2007099187545633,4000.0
906,908,1.8530464544059728,0.5932194997018917,30.892497882352945,75.61882352941177,0.9364705882352942,425,1.200125608143545,199000.0
1337,1318,2.25,0.0,17.1324,27.0,1.0,2,1.2,1000.0
1271,1255,2.1537062937062936,0.12677805840671535,19.790113333333334,37.06666666666667,1.0,15,1.199515935004532,7500.0
778,777,2.2475258659469186,0.0012835462041726493,43.18356666666667,67.66666666666667,1.0,3,1.1993954102400193,1500.0
134,139,2.011640605363541,0.3156800730534609,28.997249484536084,47.628865979381445,1.0,97,1.1993602640614547,48500.0
554,945,2.107090076565722,0.1868643440386162,165.524065625,290.5104166666667,1.0,96,1.1988953338378736,48000.0
170,259,2.183110976307019,0.08480920812090961,27.620410000000003,67.5,1.0,10,1.1986871529590806,5000.0
319,320,1.8587715325193583,0.5170003707671857,31.346608333333336,53.0,1.0,12,1.198608724237899,6000.0
1424,1403,2.233974358974359,0.015381875958799035,30.0628,48.75,1.0,4,1.1982043063773833,2000.0
811,794,2.2144185777297785,0.041170615874113935,52.149904166666666,82.04166666666667,1.0,24,1.1981186158541457,12000.0
1419,1401,2.0164672954528027,0.30260154544001816,43.4262,76.0,1.0,6,1.1973673818131267,3000.0
8,1418,2.1774496676271857,0.08621291123572403,457.8754646616541,685.0631578947368,1.0,665,1.1968437404215917,332500.0
1494,1471,2.1496498725446096,0.12221765961198336,50.25481666666667,78.83333333333333,1.0,6,1.196525246901439,3000.0
1339,857,2.1718723028617086,0.09132399424729222,193.30180370370368,320.25925925925924,1.0,27,1.1961461194188712,13500.0
1460,1448,2.187054828973794,0.07085923073797813,41.162609302325585,63.02325581395349,1.0,43,1.196079700810911,21500.0
204,218,2.1739991782070924,0.08724859535975184,179.25474880952382,277.14285714285717,1.0,84,1.1957742498907624,42000.0
274,79,2.1296124129608467,0.14540959449769983,144.3816388888889,274.99074074074076,1.0,108,1.1954678435336488,54000.0
76,64,2.0246550589599996,0.28439802760225236,32.222025,73.35,1.0,20,1.1951814318646756,10000.0
964,956,2.2027777777777775,0.046682098765432244,45.54185,73.5,1.0,2,1.1951157407407407,1000.0
676,679,2.081093723472189,0.20847514276896628,92.04324,139.2,1.0,5,1.1949800322195654,2500.0
238,240,2.1947916666666667,0.05685975646386008,23.465925,35.5,1.0,4,1.1949745936058247,2000.0
241,192,2.200864761098628,0.04569652979875876,82.12474499999999,180.95,1.0,20,1.1940548633790786,10000.0
871,865,1.980217633845758,0.3396923664290261,30.454111904761902,54.88095238095238,1.0,42,1.193994763467011,21000.0
70,75,2.2163736146632567,0.02457093335893421,28.298310000000004,43.7,1.0,10,1.193920725872983,5000.0
826,807,2.185786676000137,0.06531927754499962,123.21633125,200.5625,1.0,16,1.1939104536635547,8000.0
627,624,2.186110026995778,0.06410823133340468,43.54098333333334,66.83333333333333,1.0,6,1.1936764801983326,3000.0
1260,1212,2.009938872172334,0.2983043181265754,60.54268545454545,110.85454545454546,1.0,55,1.193466844306906,27500.0
299,296,2.1460925626738296,0.11649463369614672,48.0362,102.15,1.0,20,1.193385415178376,10000.0
603,535,2.0687198944372858,0.21832660320122166,23.003915,42.5,1.0,20,1.1929859387352808,10000.0
625,625,2.215966386554622,0.019333380410987963,37.1252,58.5,1.0,2,1.1921865687451452,1000.0
645,701,2.1710671923090223,0.07685762224758491,31.535211111111114,47.72222222222222,1.0,18,1.1914841635978846,9000.0
327,46,2.1422160624751436,0.11425449103386494,55.01314285714286,87.04761904761905,1.0,21,1.191162772300217,10500.0
1454,1430,2.0748539696014228,0.20297797571539736,35.54764285714286,54.714285714285715,1.0,28,1.1908349805551883,14000.0
62,68,2.218935574229692,0.008535969681990436,36.337783333333334,65.83333333333333,1.0,6,1.1901350205964738,3000.0
649,654,2.206394497710287,0.024878541762643314,42.522285714285715,67.17142857142858,1.0,35,1.190021361612908,17500.0
635,632,2.205480599984101,0.025771237497797018,76.44598444444445,118.75555555555556,1.0,45,1.1899236112429796,22500.0
323,219,2.0131600441603927,0.3176568589646193,62.83797857142857,96.39285714285714,0.9642857142857143,28,1.1898467896392573,13500.0
1138,1124,2.196078431372549,0.03767781622452918,11.893699999999999,35.0,1.0,2,1.1897347174163784,1000.0
401,402,2.0220306513409962,0.26916993291349206,33.73895,67.0,1.0,2,1.1895632404104461,1000.0
1197,1183,1.994172494172494,0.4719138670187622,22.527516666666667,46.166666666666664,0.8333333333333334,6,1.1892431577746263,2500.0
143,153,2.0948292644988045,0.16987810434768688,28.455250000000003,56.666666666666664,1.0,12,1.1888951371038279,6000.0
276,273,2.1648706314610204,0.0764056498307408,33.20879333333333,74.53333333333333,1.0,15,1.1888699475336304,7500.0
1307,1292,2.119047619047619,0.13401360544217694,10.208966666666667,14.833333333333334,1.0,6,1.1878231292517007,3000.0
979,945,2.1649430193389594,0.07142893757191907,85.46606666666666,153.16666666666666,1.0,6,1.1874058890071597,3000.0
689,690,2.1136284546002186,0.1753591095400785,152.5617296296296,334.0740740740741,0.9629629629629629,27,1.186948003591,13000.0
18,1144,2.02140882235343,0.25752375235332636,34.86325,78.0,1.0,6,1.18582065464737,3000.0
1234,1218,1.7810835277787005,0.7012393352911813,16.02696875,22.125,0.875,32,1.1853052116988345,14000.0
903,894,1.7673611111111112,0.5943528163580246,16.7908,29.5,1.0,2,1.1852502893518517,1000.0
1220,1205,2.11280591641123,0.13261429239518854,30.102,65.0,1.0,3,1.1849066542830486,1500.0
831,827,2.1561993594449733,0.07412333368401595,22.0974649122807,34.473684210526315,1.0,57,1.1847167438831943,28500.0
1429,1405,2.103792046848625,0.14398634165782237,34.42691764705882,66.97058823529412,1.0,34,1.1847127212367967,17000.0
1475,1449,2.124046284729027,0.11554143458201617,67.19674166666667,118.5,1.0,12,1.1842809442662157,6000.0
1187,1160,2.2048414596808144,0.00678568721598077,81.91731999999999,178.6,1.0,5,1.18397229003712,2500.0
862,862,2.059630804536267,0.19898691734531554,14.793592857142857,26.5,1.0,14,1.1835483970181013,7000.0
1341,1325,2.1551849288565426,0.07118774506610329,62.9466375,118.875,1.0,8,1.1834302950624482,4000.0
48,6,1.8317374373392596,0.5773408566666338,27.098014999999997,45.2125,0.925,80,1.183397231935694,37000.0
1058,1032,2.1389064002903333,0.09058439646112028,89.77212666666668,162.0,1.0,60,1.1827378790544696,30000.0
1133,1126,2.017094418496357,0.252580493993007,20.038345098039215,37.35294117647059,1.0,51,1.182611915596445,25500.0
1246,1212,1.9673888972463052,0.31739113613931125,50.63972653061224,86.83673469387755,1.0,49,1.1821728997403154,24500.0
1209,1189,2.1882256191950464,0.021698968702174543,12.0458,39.0,1.0,4,1.181799938288671,2000.0
8,20,2.07083624433961,0.17573558265340403,40.36853611111111,91.44444444444444,1.0,36,1.1810551725318652,18000.0
1477,1457,2.109219383217453,0.12396445762246049,29.963424324324325,62.21621621621622,1.0,37,1.1808770905737194,18500.0
176,6,1.9762636979085222,0.3559144476276895,56.09000483091787,95.10144927536231,0.9420289855072463,207,1.1798885091038895,97500.0
916,885,1.9507740798192639,0.4411525725100639,25.719640277777778,57.208333333333336,0.8888888888888888,72,1.1793220703473914,32000.0
1346,1328,1.9395561391223155,0.34457623917699787,35.25345,63.5,1.0,10,1.1791953274020255,5000.0
454,454,2.1168921654028345,0.1181841696635433,33.12348205128205,51.8974358974359,0.9871794871794872,78,1.178365963214043,38500.0
331,690,1.6438207324376217,0.8349012498674889,79.45046530612245,120.57142857142857,0.8979591836734694,49,1.1773864230373363,22000.0
760,762,2.1572470913383377,0.048184275254808416,64.131475,100.0,1.0,4,1.1773541191117778,2000.0
452,451,2.1183240240756582,0.09711477583644647,21.37586111111111,38.22222222222222,1.0,18,1.1764640423811974,9000.0
600,594,2.035277141159494,0.20777201928087952,14.617407142857143,25.5,1.0,14,1.1764424622480614,7000.0
450,439,1.987632740447958,0.26968972073017594,28.199755,39.55,1.0,20,1.1759600123982359,10000.0
195,186,2.045587794272005,0.19224735016478162,44.12988,95.35,1.0,20,1.1759093227582365,10000.0
1028,1099,2.1155377279370247,0.0966522291322021,27.954397222222223,42.638888888888886,1.0,36,1.1752107599144705,18000.0
1141,1127,2.008420771890023,0.23927995588868156,14.418713636363636,25.954545454545453,1.0,22,1.1751522955226137,11000.0
497,500,2.0215774801400155,0.22045656855174325,32.944608333333335,53.333333333333336,1.0,12,1.1747679626215293,6000.0
7,135,2.026949208130753,0.2224071778416584,59.22342508250826,84.5973597359736,0.9900990099009901,303,1.174531539575096,150000.0
1024,1018,1.8770341819028526,0.45020713910241866,25.185745098039217,42.01960784313726,0.9607843137254902,51,1.1741111086095137,24500.0
266,268,2.0211418503523766,0.21792248803513142,29.967866666666666,45.25,1.0,24,1.1738334865514901,12000.0
180,191,1.657588061340734,1.0359041814955583,69.1536,86.83333333333333,0.6666666666666666,6,1.1738064789849612,2000.0
132,130,1.907221425155428,0.6999321406835473,47.84903333333333,76.0,0.6666666666666666,3,1.1728682122672354,1000.0
1364,1346,2.1749540181097906,0.008420899748950222,74.175575,111.5,1.0,4,1.1725078771686013,2000.0
363,357,2.015578473813768,0.217577137529032,38.7025,68.2,1.0,20,1.1715045307842167,10000.0
839,835,2.0380118325927823,0.18661512843886352,30.989625,43.875,1.0,24,1.171189271568772,12000.0
566,640,2.137473691092657,0.05387122831584675,257.29669644268773,400.0118577075099,1.0,253,1.1711508449318169,126500.0
1484,1462,1.990466162929931,0.2829217314502604,28.811396666666667,51.93333333333333,0.9666666666666667,30,1.1710629846070504,14500.0
924,911,1.9201170243316625,0.34327191224814296,13.871428125,26.53125,1.0,32,1.1710283834071078,16000.0
1489,1475,1.9113600995953937,0.3542900500795817,55.6388,80.66666666666667,1.0,3,1.1708310548620322,1500.0
283,269,1.9252760916619611,0.3349948818288523,24.629191666666667,44.375,1.0,24,1.1706089012134402,12000.0
134,107,2.0972539450111194,0.11333448580661558,97.93594444444444,149.2888888888889,0.9888888888888889,90,1.169568590413099,44500.0
712,683,2.158068288293693,0.020752702255257847,92.57690178571428,142.96428571428572,1.0,56,1.1694531259940546,28000.0
1028,1021,1.85930953383914,0.4366724610046117,27.895765178571427,50.69642857142857,0.9821428571428571,112,1.1693684089798966,55000.0
658,656,2.126711961033979,0.0608935707405677,53.953110434782616,91.47826086956522,1.0,115,1.168952855635762,57500.0
1044,1040,2.0503687670354336,0.16183523674408715,20.552766666666667,34.19444444444444,1.0,36,1.1686980778373997,18000.0
1460,1449,1.9886778203810154,0.27027019066674396,68.82144054054055,109.16216216216216,0.972972972972973,37,1.1684440772443212,18000.0
544,539,2.0192861408134655,0.20231639882644625,22.521927450980392,42.705882352941174,1.0,51,1.16840937597332,25500.0
1238,1216,2.167763157894737,0.0036573753462603867,19.788800000000002,38.0,1.0,2,1.168202475761773,1000.0
315,308,2.166666666666667,0.003472222222222216,29.2137,52.0,1.0,2,1.1677083333333333,1000.0
713,713,2.1685425685425685,0.000948507961494978,47.47763333333334,71.33333333333333,1.0,3,1.167701579805476,1500.0
901,908,1.713096628602626,0.7527770945267255,28.38908181818182,54.60909090909091,0.8545454545454545,110,1.1674354161627045,47000.0
1258,1279,2.129478690133297,0.05043978459134441,20.634939393939394,46.60606060606061,1.0,33,1.166923411430722,16500.0
254,295,2.1145186335403725,0.0697895680167425,24.10099375,47.0,1.0,16,1.1667443238211719,8000.0
1114,1038,2.1070260879471405,0.07848127283798395,23.2767375,42.1875,1.0,16,1.1663548170302513,8000.0
1256,1212,2.027402796942687,0.1845504834635205,117.65548877551021,192.58163265306123,1.0,98,1.166326263816131,49000.0
1032,1018,2.0534410949528175,0.1493770534619383,29.876355,53.725,1.0,40,1.1661895540197085,20000.0
211,200,1.8705048614508444,0.5670123308442104,77.45415319148935,121.61702127659575,0.8226950354609929,141,1.1651141544718988,58000.0
829,807,2.0694723264662387,0.11976034327408631,69.54690000000001,121.05,1.0,60,1.1637170335687212,30000.0
1360,1340,2.0497691154539237,0.1448848611804493,34.59624545454545,54.0,1.0,22,1.1633731045357043,11000.0
322,223,2.0733577091185786,0.11336512534784846,27.715742857142857,52.214285714285715,1.0,14,1.163352621251786,7000.0
1497,1468,2.0635813435685226,0.12627826234423245,79.062002,120.62,1.0,50,1.1633160161306788,25000.0
787,785,2.0891884531590414,0.0916741980470474,22.804133333333336,35.333333333333336,1.0,3,1.163177640677731,1500.0
113,156,1.9461193568336426,0.2815574437501618,17.881985714285715,43.142857142857146,1.0,7,1.1629149758585056,3500.0
830,825,2.15625,0.0,46.6587,69.0,1.0,2,1.1625,1000.0
767,765,1.8022133347430764,0.4718251961720558,48.08142222222222,88.77777777777777,1.0,9,1.1624328927488472,4500.0
387,352,1.8249907403909391,0.4403899216212587,29.931707142857142,37.142857142857146,1.0,56,1.1621132726427534,28000.0
738,743,2.0375,0.155625,11.4122,16.25,1.0,4,1.1616875,2000.0
134,87,1.968731231231231,0.246640566523731,33.310340000000004,59.8,1.0,5,1.1614846624496118,2500.0
418,418,1.8118019887192884,0.45582075611013084,60.707946428571425,91.89285714285714,1.0,28,1.1614670223207546,14000.0
833,855,2.0723881673881674,0.10795465175934905,34.61492333333333,53.56666666666667,1.0,30,1.1613416624830717,15000.0
333,327,2.150892857142857,0.0026801658163265116,35.2799,54.5,1.0,2,1.1611611926020409,1000.0
496,493,1.9458905330408864,0.27409154366289384,21.994635714285714,39.666666666666664,1.0,42,1.1605836763152229,21000.0
1353,1351,2.119238892306925,0.04258357191822334,167.30542727272726,251.8181818181818,1.0,11,1.1604706284982371,5500.0
202,332,1.9930349928285946,0.20897288980048553,41.59376825396826,61.492063492063494,1.0,63,1.1599058640715836,31500.0
1023,1014,1.8885992795083704,0.39213968062029086,10.499581818181818,21.454545454545453,0.9545454545454546,22,1.1594452523530718,10500.0
61,6,1.976277803481263,0.22787533391472395,104.48607857142856,174.38571428571427,1.0,70,1.1588737215669223,35000.0
8,339,2.060929220857082,0.1149133469666659,126.92779777777778,186.88518518518518,1.0,270,1.1588456924328328,135000.0
1473,1450,2.060755940902544,0.11431673140779124,49.46253243243243,78.83783783783784,1.0,37,1.1585973957833553,18500.0
378,375,2.0400805968762517,0.16481786619600308,102.24632619047618,191.95238095238096,0.9761904761904762,42,1.1583347414664444,20500.0
429,370,2.068072345453739,0.10209870884607652,78.57240833333334,113.25,1.0,12,1.1578585508353185,6000.0
848,842,1.6893748704126061,0.6069574221702287,38.72735476190476,69.35714285714286,1.0,42,1.1578371748161111,21000.0
1016,962,2.0495185975847248,0.12621242735642318,64.04128750000001,128.875,1.0,8,1.1576711672408169,4000.0
8,79,1.8916967480076223,0.41031749694784647,61.92919001349527,114.08502024291498,0.9230769230769231,741,1.15669702521048,342000.0
1353,1342,2.043255837185131,0.13073087005526296,110.31622499999999,167.83333333333334,1.0,24,1.1565215958906312,12000.0
736,750,1.9913234611604178,0.19992790283148357,19.584425,29.583333333333332,1.0,12,1.1565077553136123,6000.0
704,704,2.131948654339546,0.012024742546489029,38.48548333333333,60.166666666666664,1.0,6,1.1563868844997651,3000.0
581,576,2.0902426050568645,0.06665226495280926,40.55016296296296,60.370370370370374,1.0,27,1.1560927215085885,13500.0
832,819,2.1243808633543284,0.019687453971025042,39.960353125,59.3125,1.0,128,1.155658581533039,64000.0
8,1432,2.0308671573381964,0.1460204104037526,630.255987654321,865.679012345679,0.9972565157750343,729,1.1553299407889146,363500.0
28,39,1.9053218470309583,0.3103603858995887,22.601799999999997,51.0,1.0,3,1.15523685458226,1500.0
662,475,2.0446739813689367,0.12413685701819449,185.60271944444446,266.69444444444446,1.0,36,1.1551106496530332,18000.0
1128,1115,2.133986928104575,0.004261181596821762,18.881533333333334,37.0,1.0,3,1.1548731257208766,1500.0
978,549,2.010592714954719,0.16808323395300218,81.57622666666666,146.7111111111111,1.0,45,1.1546620561677883,22500.0
626,619,2.1238785369220152,0.015941957543361855,61.25390000000001,96.33333333333333,1.0,3,1.1543340020318147,1500.0
1227,1266,2.131074168797954,0.003670338367750078,31.4787,60.5,1.0,2,1.1535307690295067,1000.0
1396,1356,2.049837097689597,0.11142592450479628,86.21549230769232,133.6153846153846,1.0,13,1.1533626164272777,6500.0
1340,1317,2.1037182306473565,0.03858494914540466,110.05698888888888,168.0,1.0,9,1.153062777002564,4500.0
15,33,1.9907918767133246,0.1886864971165566,37.09751060606061,77.07575757575758,1.0,66,1.152922699820297,33000.0
673,200,2.0487697433717176,0.11873360776920888,288.25464152380954,418.9790476190476,0.9923809523809524,525,1.1528422653937354,260500.0
108,107,2.0956578109712782,0.048522746756053454,26.713805555555556,40.05555555555556,1.0,18,1.1528199484153274,9000.0
1314,1298,2.123456790123457,0.011431184270690429,49.218133333333334,98.66666666666667,1.0,3,1.1528120713305898,1500.0
556,544,2.0405879010951473,0.12188686438850606,22.934858333333334,50.75,1.0,12,1.1528012197546107,6000.0
19,1186,2.111111111111111,0.02469135802469138,17.66505,44.0,1.0,2,1.151851851851852,1000.0
710,706,2.1192307692307693,0.01304733727810656,33.3754,48.5,1.0,2,1.1516065088757397,1000.0
852,850,1.938153464469254,0.25376286978338347,21.28175,38.5,1.0,6,1.1513902467227166,3000.0
295,294,1.7073933837456654,0.8938877698424755,30.917616666666664,62.333333333333336,0.6666666666666666,12,1.1511236844510089,4000.0
1472,1447,1.976270753030557,0.3017810633988183,37.01956666666667,51.166666666666664,0.9,30,1.1510426202318682,13500.0
795,791,2.113208768355827,0.017759509579728088,40.73621818181818,60.09090909090909,1.0,11,1.1506113602162493,5500.0
1454,1431,2.02674382401333,0.13304407598397622,79.16527714285715,125.64285714285714,1.0,70,1.150610752400525,35000.0
1329,1312,2.1013784304122765,0.03290896969838059,55.34803333333333,81.55555555555556,1.0,9,1.1504240630744247,4500.0
780,776,2.0392717092262,0.11533555181891542,26.703832352941177,38.5,1.0,34,1.1503093492361545,17000.0
784,773,2.125,0.0,23.4994,34.0,1.0,2,1.1500000000000001,1000.0
797,788,2.030926432814305,0.12492908070840522,42.19966071428571,60.857142857142854,1.0,28,1.1498492973382437,14000.0
368,370,2.0815217391304346,0.056769848771266444,49.73715,71.0,1.0,2,1.1496396502835537,1000.0
729,728,2.0231095813287734,0.1323933994904535,81.47130740740741,149.55555555555554,1.0,27,1.1489618523786456,13500.0
486,475,2.036924987524384,0.1122154465807319,61.952149999999996,105.5,1.0,4,1.148434628983973,2000.0
28,326,2.0839340206140196,0.04929370948748562,113.217725,162.75,1.0,8,1.1483617210918535,4000.0
1066,1047,2.040784675469204,0.10613816343556357,35.23467804878049,62.81707317073171,1.0,82,1.1481553192183507,41000.0
466,465,2.1125226860254083,0.00717388941406651,32.945899999999995,51.0,1.0,2,1.1471612412343832,1000.0
344,366,2.1020182328526285,0.018002629799962,165.55435384615384,252.23076923076923,1.0,26,1.1462080820810399,13000.0
1267,1247,1.8863961906992175,0.47145976281862473,27.142466666666667,68.0,0.8333333333333334,6,1.1459964051252745,2500.0
884,845,1.9002452177452176,0.2861899664331699,24.600964285714287,48.642857142857146,1.0,14,1.1459550770280382,7000.0
511,505,2.004231460363536,0.14750508557797154,15.047518867924529,26.79245283018868,1.0,53,1.145944109818806,26500.0
632,633,2.1069204196830245,0.009624044758256345,27.239900000000002,39.714285714285715,1.0,14,1.1456553813006867,7000.0
1369,1332,2.009792306008385,0.13742032837876209,143.36241875,236.03125,1.0,32,1.1451430209169826,16000.0
1032,1019,2.084580323357413,0.03721525559752865,29.600700000000003,52.75,1.0,4,1.144996706022224,2000.0
1055,1050,1.996817832535918,0.15357970641073684,57.1729,99.61111111111111,1.0,36,1.1448010449375883,18000.0
1362,1339,2.1084262073623776,0.004174779393171664,51.3884,76.33333333333333,1.0,6,1.1446229167629027,3000.0
867,861,2.0470068113226008,0.08417021966757791,29.047871999999998,51.68,1.0,25,1.1440537904293138,12500.0
301,300,2.050595238095238,0.07848410197412299,20.685722222222225,29.77777777777778,1.0,18,1.143783325830332,9000.0
636,631,2.0536979753878954,0.07255548960496475,42.599534285714284,60.41428571428571,1.0,70,1.1432458370366476,35000.0
63,66,2.0620915032679736,0.05999829125549998,21.5574,36.0,1.0,2,1.1428360886838396,1000.0
129,132,2.1064425770308124,0.00025108082448665564,27.3656,40.0,1.0,2,1.142652355059671,1000.0
1006,976,2.0823371483907627,0.031241208190318875,69.58105,127.5,1.0,8,1.1423072218134007,4000.0
345,337,1.9601964033719548,0.19366038665527083,13.616984375,27.53125,1.0,32,1.1421766773453632,16000.0
435,425,1.8262371003723743,0.37035190166653736,130.5938111111111,200.88888888888889,1.0,9,1.141600410648911,4500.0
337,207,1.9419554345371102,0.28246103133673633,53.81144666666667,106.86666666666666,0.9333333333333333,15,1.141520483215865,7000.0
1166,1145,2.0206490813108458,0.10998859504839627,27.325175,57.5,1.0,4,1.1412562110388573,2000.0
1443,1425,2.097076923076923,0.005919571005917172,27.77908,45.6,1.0,5,1.1406066405325443,2500.0
695,693,2.072916666666667,0.0366753472222222,29.0819,42.0,1.0,2,1.1401692708333335,1000.0
1269,1257,1.9703096903096904,0.17309764966650937,19.070173333333333,26.666666666666668,1.0,15,1.140053171023829,7500.0
990,983,1.9204145150228742,0.23766831475530947,29.616637333333333,44.76,1.0,75,1.1394663004357426,37500.0
450,452,1.9689418825558809,0.17101727306738795,45.46989375,60.9375,1.0,16,1.1388819349425687,8000.0
752,744,1.863881036267131,0.4013602286680999,91.07032090909091,116.41818181818182,0.9090909090909091,110,1.138687755834555,50000.0
64,70,1.9636019608504773,0.1769379831272644,52.669541379310346,90.72413793103448,1.0,29,1.1385221792783704,14500.0
153,159,2.0468480557468323,0.06245051703485913,27.333144444444443,60.44444444444444,1.0,9,1.1374743774091907,4500.0
796,843,2.0553489305106214,0.05046294698850005,96.0387,159.33333333333334,1.0,60,1.1372784563007987,30000.0
365,423,1.9824749023118589,0.1474347957074608,32.331808333333335,59.416666666666664,1.0,12,1.1372203996369818,6000.0
63,65,1.9948400412796696,0.13011083527430853,21.276433333333333,35.0,1.0,3,1.1369692670941605,1500.0
345,356,2.0101423902894493,0.10955199182069356,46.5559625,70.625,1.0,8,1.1369225536619878,4000.0
87,83,1.8727867996775558,0.2920346216437904,32.15408571428571,55.04761904761905,1.0,42,1.1367251063641595,21000.0
498,493,1.8768349257753496,0.2865757909714864,35.63142173913043,54.27536231884058,1.0,69,1.1367067076015858,34500.0
1182,1164,2.070680489101542,0.028046013168988065,15.343725,29.5,1.0,4,1.1366859995913132,2000.0
28,325,1.9956090815963614,0.12756175642787884,112.522121875,162.0,1.0,32,1.136512159566908,16000.0
566,963,1.977047446849013,0.15036807396532362,258.8783557894737,348.7684210526316,1.0,95,1.1359294009292022,47500.0
227,221,1.948267800752273,0.18869945797070142,27.869435714285714,49.5,1.0,14,1.1359169576921198,7000.0
1395,1372,2.066088785351865,0.030746560195311537,72.53079375,106.375,1.0,16,1.1356594821993395,8000.0
479,375,2.045016995163276,0.06414214715588229,160.46522818791945,228.73154362416108,0.9932885906040269,149,1.1352360193932833,74000.0
1181,1168,2.013402505069172,0.0994366099607494,27.681683333333336,53.791666666666664,1.0,24,1.1351919850158936,12000.0
875,866,1.8897447530647027,0.2954479535585315,25.61730625,34.59375,0.96875,32,1.1351572872934403,15500.0
248,79,1.941440563090148,0.21065178760613493,98.2974872,144.632,0.984,125,1.1349717615178996,61500.0
848,844,1.7471817868374417,0.4536530930414373,41.47367368421053,64.60526315789474,1.0,38,1.134968642647408,19000.0
821,815,1.999846000993542,0.11649703144167976,67.347925,140.5,1.0,4,1.1348875098299207,2000.0
1279,1262,2.072803657694962,0.018420352884905282,22.503983333333334,48.0,1.0,6,1.1346475689434565,3000.0
1493,1463,1.9937282679313295,0.12334096127704679,46.794842424242425,67.0909090909091,1.0,33,1.1344935955556459,16500.0
1292,1278,1.9678991596638657,0.1577062825130052,14.869979999999998,34.8,1.0,5,1.1344715486194479,2500.0
103,5,1.9494259545923633,0.181936864484327,28.401175,38.25,1.0,12,1.1343514411822433,6000.0
8,21,1.833324069635993,0.371821225086145,34.47943925925926,64.83703703703704,0.9629629629629629,135,1.1337648842691295,65000.0
722,683,2.065594914117779,0.024861625521729925,46.24449166666667,67.5,1.0,12,1.1336964533036307,6000.0
903,893,1.861758305565616,0.3857285011536156,17.670394642857143,35.07142857142857,0.9107142857142857,56,1.1336361582866168,25500.0
28,169,1.9354073176970938,0.3641018277926755,23.691294444444445,57.388888888888886,0.8333333333333334,18,1.1333934754166404,7500.0
809,744,1.927031482233404,0.23182276237172794,50.089623809523815,69.30952380952381,0.9761904761904762,42,1.133216564462023,20500.0
105,108,1.9239073787409702,0.21131641201864423,24.590486666666667,35.43333333333333,1.0,30,1.1329578751019813,15000.0
379,371,2.0272779756346537,0.07243198711961749,73.25554923076923,112.50769230769231,1.0,65,1.1326407863897467,32500.0
916,893,1.8315581631699804,0.3597224035106778,24.065406666666668,41.36,0.9733333333333334,75,1.1325399863211956,36500.0
960,953,2.063110511042842,0.023344751280167185,29.51865714285714,42.57142857142857,1.0,14,1.1322476298011868,7000.0
1008,1007,2.0563396232178857,0.029922039219571518,37.14435833333333,70.44444444444444,1.0,36,1.1315124610530256,18000.0
1219,6,2.0016948285484855,0.10241211450957591,741.1991370820668,1113.354103343465,1.0,658,1.131401565772267,329000.0
798,734,1.8744175989138738,0.2861063150048574,77.47457794117648,111.25,0.9852941176470589,68,1.1311871693611244,33500.0
1474,1451,1.910379412471398,0.22236699608294827,32.831916666666665,55.53333333333333,1.0,30,1.1308618638134438,15000.0
2,1341,1.924721263706771,0.20080033786504475,36.86171111111111,50.55555555555556,1.0,18,1.130128606842222,9000.0
595,583,1.9940344199765416,0.10768985282231133,79.60172765957446,124.8936170212766,1.0,47,1.12992072383731,23500.0
1370,1354,1.9328814268162682,0.18617585157854827,49.89169393939394,71.24242424242425,1.0,33,1.1290053262000717,16500.0
789,787,1.8133433420950635,0.5526711508885335,85.31414027777777,131.59722222222223,0.7916666666666666,72,1.1286386821045855,28500.0
721,671,1.9228609971998352,0.34113141326896645,62.64111428571428,110.38095238095238,0.8571428571428571,21,1.1286266800034812,9000.0
566,634,1.9804547758756441,0.12107241964894658,133.7328925,193.05833333333334,1.0,120,1.1285036362449417,60000.0
8,52,1.9699516170104405,0.13453038580527005,25.652562500000002,50.25,1.0,8,1.1283397625457572,4000.0
258,244,1.9148786763918342,0.2066178763764007,27.1495,61.0,1.0,6,1.1279368334696538,3000.0
878,872,1.8261895933753554,0.6575193084301958,78.9741,125.0,0.6666666666666666,3,1.1277316298792008,1000.0
14,6,1.811227346287608,0.3731539336837214,39.30629,67.81,0.97,100,1.1274371186201597,48500.0
243,246,2.033769063180828,0.04585368400567675,25.4394,45.5,1.0,2,1.1272637304740343,1000.0
1499,1466,1.7986111111111112,0.3588927469135803,24.8941,31.0,1.0,2,1.1271122685185186,1000.0
1328,1306,1.989648033126294,0.1037339951733687,34.69745,62.5,1.0,2,1.1269794118025283,1000.0
748,736,1.7486875797550123,0.524969308686814,25.398288571428573,41.214285714285715,0.9,70,1.1269658245080492,31500.0
1177,1157,1.7253010878010877,0.5920131175606603,12.14913181818182,17.318181818181817,0.8636363636363636,22,1.1268152794795423,9500.0
603,562,1.900202007386384,0.2600475488704334,82.5170879213483,125.92977528089888,0.9606741573033708,356,1.1262973148066948,171000.0
678,668,1.8083552398517588,0.3431146029926011,121.0269125,163.875,1.0,24,1.1262764768384839,12000.0
45,45,1.9147225057551145,0.20116955238185832,13.735613043478262,19.652173913043477,1.0,46,1.1262398680166033,23000.0
89,89,2.0491907294670804,0.02177088788693624,26.57582954545455,38.13636363636363,1.0,44,1.126207558152913,22000.0
1229,1230,1.8966142050040355,0.22408912062957906,45.910199999999996,79.33333333333333,1.0,6,1.125872418190488,3000.0
258,286,1.9803792390898687,0.11238050175329105,50.62897142857143,96.14285714285714,1.0,7,1.1258658461619349,3500.0
903,883,1.822426780447151,0.6184361818812226,16.929574074074075,34.648148148148145,0.7037037037037037,54,1.1256126778543383,19000.0
470,469,1.956178595504725,0.14314289611057596,61.379349999999995,108.0,1.0,4,1.1254143070350628,2000.0
989,982,2.0259956174595706,0.049638149643438774,21.849402083333334,47.6875,1.0,48,1.12528969187686,24000.0
479,507,1.9975046507575394,0.08613115122528577,150.798014,215.79333333333332,1.0,300,1.1248412056706016,150000.0
1022,1018,2.0119949494949494,0.0659514972961943,25.95505,47.0,1.0,4,1.1245834289868382,2000.0
685,668,2.053778009917401,0.008763999895431238,111.40525714285715,164.71428571428572,1.0,7,1.1241404039355898,3500.0
716,714,1.9128968253968255,0.19563062169312184,26.237033333333333,40.166666666666664,1.0,6,1.1238479166666668,3000.0
958,970,1.990951477793583,0.08875114860740375,37.2125875,56.625,1.0,8,1.1230059356996545,4000.0
696,694,1.9708719583501602,0.11313565157309677,50.02395,72.83333333333333,1.0,18,1.122289478811993,9000.0
134,88,2.0207476372975903,0.045013928825914984,46.9702,80.0,1.0,3,1.1218032335668107,1500.0
610,578,2.01765836265669,0.048657551879766114,65.1151,102.9090909090909,1.0,11,1.121660610626606,5500.0
8,62,1.968789566320627,0.14120790908877498,79.85630285714286,126.05714285714286,0.9714285714285714,35,1.1213067706834547,17000.0
1039,1018,1.9372886467928818,0.15333889904508,51.58183428571429,92.11428571428571,1.0,35,1.1209171284306767,17500.0
256,243,1.9246561168339962,0.19005791961355098,45.28072083333333,68.70833333333333,0.9791666666666666,48,1.1206298226176639,23500.0
1426,1403,2.0431985294117645,0.01108516706314876,34.8448,49.5,1.0,2,1.1206049618836504,1000.0
1100,1085,1.948446476685343,0.13518667308877613,33.22135769230769,63.30769230769231,1.0,26,1.1199345926007702,13000.0
1029,1029,2.0297619047619047,0.02558106575963713,13.1264,19.0,1.0,2,1.1195790816326532,1000.0
1176,1160,1.9781463026402297,0.09369376704336181,13.811846153846155,33.23076923076923,1.0,26,1.1193666511691005,13000.0
1373,1348,1.9314895177808273,0.1557746327897601,37.907833333333336,57.333333333333336,1.0,6,1.119328196949259,3000.0
92,99,1.9664594177752073,0.10876399166686182,15.151436842105262,28.18421052631579,1.0,38,1.1192129646101414,19000.0
1219,1292,1.865235071020213,0.2479429696242272,233.48517171052632,318.8311403508772,0.9956140350877193,456,1.1191611298216693,227000.0
1497,6,1.9982476697360376,0.07794317323874145,644.1781931034483,1013.5850945494994,0.9877641824249166,899,1.1190112745935126,444000.0
1030,1018,1.977135902871197,0.09318300557942419,29.6436875,49.375,1.0,8,1.118809262822306,4000.0
1334,864,1.9985907526010804,0.08957472324123743,52.528838888888885,75.91666666666667,0.9722222222222222,36,1.11797538467947,17500.0
70,81,2.023015873015873,0.02738809103888472,36.294725,54.75,1.0,4,1.1174227765180147,2000.0
1434,1414,1.9918882172752141,0.068262561403095,39.139133333333334,54.833333333333336,1.0,6,1.117234055331014,3000.0
28,226,1.9756250558411448,0.08942739866950626,268.69797,378.75,1.0,20,1.1170782419373098,10000.0
8,600,1.9395230983536127,0.13649141501428694,674.0505580086581,970.6283240568955,1.0,1617,1.1167566638457311,808500.0
641,637,1.9993035558332528,0.056042594586538964,32.7575375,45.3125,1.0,32,1.116534200709263,16000.0
1330,1305,2.035649501578518,0.006955215824795227,140.2191,206.14285714285714,1.0,7,1.116346365378846,3500.0
61,68,1.99392365570937,0.06187261862837752,36.503,60.285714285714285,1.0,14,1.1161312478722611,7000.0
232,232,1.930253623188406,0.1465130093467759,33.5619,45.5,1.0,6,1.1160553520793952,3000.0
862,744,2.010154317652307,0.03980559025390902,320.5398185654009,468.8945147679325,1.0,237,1.1160034041370956,118500.0
28,200,1.9440972778875998,0.12756430625879359,239.75699777282853,333.6971046770601,1.0,449,1.1159082030326781,224500.0
123,124,1.9784261715296196,0.08150239102036398,53.871333333333325,88.33333333333333,1.0,3,1.1158211859179572,1500.0
1330,1310,2.0332939322301025,0.006871557060808094,46.245666666666665,67.66666666666667,1.0,3,1.1153790400102834,1500.0
1031,1022,2.0357142857142856,0.002551020408163263,13.6142,26.5,1.0,2,1.1150510204081634,1000.0
1250,1205,2.0357142857142856,0.0025510204081632946,30.3637,56.0,1.0,2,1.1150510204081634,1000.0
964,908,1.9435202965924097,0.12293120219864549,150.65112277227723,227.34653465346534,1.0,101,1.1142874792965576,50500.0
926,960,1.966330537977397,0.09218935917785095,27.761648387096773,38.483870967741936,1.0,31,1.114189022944314,15500.0
626,626,2.033333333333333,0.002222222222222251,35.31699999999999,57.0,1.0,2,1.1139999999999999,1000.0
955,943,1.9963200379867045,0.051127370956134024,27.360583333333334,44.333333333333336,1.0,6,1.113866226481522,3000.0
97,5,1.8736388611388612,0.46376473658352485,14.2983125,19.0,0.75,8,1.113584965430602,3000.0
511,515,1.9382746080888495,0.12688471342344745,17.97986428571429,25.5,1.0,14,1.1133752572625741,7000.0
916,507,2.013491180920405,0.025505392534453077,646.8411510638298,933.2340425531914,1.0,47,1.1130480901284978,23500.0
296,79,1.9556799317465374,0.14477786666122988,161.61731818181818,252.80213903743316,0.9572192513368984,187,1.1128711080980536,89500.0
855,852,1.9685673365388476,0.08403678165407612,50.880360975609754,78.92682926829268,1.0,41,1.112637969111762,20500.0
369,339,1.9923180146670356,0.05227293660916594,178.4653875576037,251.61290322580646,1.0,217,1.112609086849564,108500.0
57,76,1.9661180667292573,0.08655435216414632,50.688788888888894,72.29629629629629,1.0,27,1.1124135323409468,13500.0
8,24,1.721227497725162,0.5085832334117693,26.759150318471338,47.32484076433121,0.9044585987261147,157,1.11240354873143,71000.0
386,340,1.8831487960116462,0.22356751877863892,83.28911944444445,127.05555555555556,0.9722222222222222,36,1.1119964407049168,17500.0
653,600,1.9879830160939551,0.06458910455915173,286.3340770883055,421.4200477326969,0.9904534606205251,419,1.1117059759914851,207500.0
1163,1151,1.8789331039331039,0.1997643017607775,16.338633333333334,30.0,1.0,6,1.1115025321014746,3000.0
55,58,1.9849273255061333,0.057807857253244034,42.582723333333334,78.06666666666666,1.0,30,1.1113132873784266,15000.0
767,759,1.9514249365862641,0.09962093683985929,71.474475,106.75,1.0,4,1.1104562556864634,2000.0
673,675,1.9999177832713997,0.03397692601302043,70.15675897435898,99.7948717948718,1.0,39,1.110160191112466,19500.0
903,908,1.7226315293859498,0.5189043867351699,33.071806839622646,65.84669811320755,0.8844339622641509,424,1.1100541164541762,187500.0
8,475,1.957146841592176,0.09020234269739982,482.113208438061,646.0628366247756,1.0,557,1.1099194394460905,278500.0
1312,1292,2.012531328320802,0.015508696553413566,19.7222,26.333333333333332,1.0,3,1.1096651402943452,1500.0
932,918,1.964192826168929,0.07986627337840753,28.844437499999998,39.5,1.0,16,1.109637012481094,8000.0
935,917,1.8929886559587774,0.17475949922581568,57.33977333333333,89.08888888888889,1.0,45,1.1096233121512555,22500.0
8,28,1.898353518656908,0.16667101163724463,36.067613333333334,74.44444444444444,1.0,45,1.1093427109539367,22500.0
298,297,2.0215201465201464,1.0482496746232936e-05,47.677949999999996,95.0,1.0,2,1.1086112033570825,1000.0
690,687,1.8874805596341604,0.1781502040336451,34.22809090909091,60.04545454545455,1.0,22,1.1084372850637578,11000.0
667,698,1.8515298366745976,0.320139740287846,65.24229047619048,93.5,0.9047619047619048,84,1.1080824281847643,38000.0
625,626,2.0031395891690007,0.022748117711136686,43.20216666666667,63.5,1.0,6,1.1080802709809414,3000.0
980,963,2.002412052588044,0.02368370560077147,58.2045880952381,98.57142857142857,1.0,42,1.108069932715449,21000.0
877,876,1.8751072422409412,0.19168052141679667,47.1145,69.01851851851852,1.0,54,1.1075470533214153,27000.0
840,830,2.0082078775729486,0.01207040170318415,76.16312500000001,109.03571428571429,1.0,28,1.1069042715401347,14000.0
863,871,1.9601675308498074,0.07384937687946458,111.019534375,151.25,1.0,32,1.1062218254037623,16000.0
21,523,2.0027850877192983,0.015954327546127533,17.356479999999998,30.2,1.0,20,1.1059003333515576,10000.0
987,959,1.8892115946714596,0.16608513200703362,51.09433,68.86666666666666,1.0,30,1.105510177470694,15000.0
28,173,1.9169965220811427,0.12897772765676627,24.632073333333334,54.13333333333333,1.0,15,1.105491927129487,7500.0
770,756,1.671175003157762,0.4557648881500021,31.38542,40.2,1.0,10,1.1051994677081054,5000.0
32,25,1.933571921522232,0.10584291273845438,21.28142857142857,39.714285714285715,1.0,7,1.105181642430429,3500.0
438,438,1.9738751526251526,0.050772042668700154,24.5076375,32.125,1.0,8,1.104781673850671,4000.0
1063,1096,1.9176028687349462,0.1245102388803062,59.39862292993631,78.77070063694268,1.0,157,1.1043942191580705,78500.0
748,570,1.9584856187417472,0.09855285798515237,184.51775073529413,279.15441176470586,0.9705882352941176,136,1.10413657548048,66000.0
519,514,1.9506429407729715,0.07875607530596372,28.920287878787878,42.90909090909091,1.0,33,1.1038839989009777,16500.0
1495,1463,1.9452426540662493,0.08541524426078961,78.31938,113.3,1.0,20,1.1037216349047367,10000.0
460,463,1.9717078536916592,0.049896622736034846,45.543400000000005,62.743589743589745,1.0,39,1.1036521282974743,19500.0
555,945,1.9439259259950892,0.0866216784825025,193.4246892857143,309.89285714285717,1.0,28,1.1035568739427866,14000.0
748,6,1.9387708407319608,0.14591178354213746,863.4884232142857,1329.8035714285713,0.9464285714285714,56,1.1032104427839968,26500.0
236,236,1.8636045997346307,0.1920697055814342,44.65671428571428,96.85714285714286,1.0,7,1.1030627515682825,3500.0
112,106,2.0018382352941178,0.007359699394463656,21.46695,33.0,1.0,2,1.1029432039359863,1000.0
1458,1435,1.9077561664833484,0.2428858322881592,60.697700000000005,102.55555555555556,0.8888888888888888,9,1.1026348829464538,4000.0
282,272,1.993399525669487,0.017124794731115795,32.90876363636364,52.68181818181818,1.0,22,1.1024972486871296,11000.0
1009,963,1.9684684684684683,0.0484389519138554,44.42078333333333,62.833333333333336,1.0,6,1.101919072961544,3000.0
806,799,1.9353225088751407,0.09158267823660833,35.16025,59.611111111111114,1.0,18,1.1016038070210388,9000.0
1120,1108,1.8572916666666666,0.4439626736111109,11.836725,19.0,0.75,4,1.10110546875,1500.0
494,497,1.970309273741768,0.04250365673364246,46.547057142857135,86.57142857142857,1.0,7,1.1008748065168001,3500.0
1098,1094,1.969025974025974,0.043941457244054655,59.822325000000006,100.25,1.0,4,1.100792826783606,2000.0
510,511,1.9340013551247583,0.09063970274841106,66.93733499999999,94.9,1.0,40,1.1007924528744266,20000.0
1437,1424,1.8737393038270969,0.16925286781723123,140.5740390625,229.96875,1.0,64,1.100271581876008,32000.0
1264,1253,1.9575305092797355,0.057387348857005346,28.456280000000003,47.1,1.0,10,1.100228408368996,5000.0
1316,1298,2.0,0.0,30.898,56.0,1.0,2,1.1,1000.0
603,1202,1.9728454747567437,0.03595671910243996,1019.6748611694153,1477.367316341829,1.0,667,1.0999252056334294,333500.0
298,288,1.905644857699347,0.12514191436357783,88.24682,179.7,1.0,30,1.0998005173888121,15000.0
1370,1349,1.8752561603438798,0.16303075482847762,18.935588888888887,25.77777777777778,1.0,9,1.0990116905860954,4500.0
971,957,1.9479807897788104,0.0649203657156878,34.60763636363637,49.5,1.0,22,1.0986684256262305,11000.0
596,507,1.9554279746194367,0.053873220816874026,329.342152173913,497.4347826086956,1.0,23,1.098333156092837,11500.0
1204,1182,1.783053983053983,0.2827077959210411,22.979300000000002,43.333333333333336,1.0,9,1.0980339319979056,4500.0
518,514,1.8626846100759142,0.1763084555815605,21.722633333333334,37.285714285714285,1.0,21,1.0979663807048339,10500.0
1307,1294,1.9828556899495116,0.015166063586113823,20.079633333333334,35.666666666666664,1.0,6,1.0976920950556388,3000.0
1330,1308,1.9596349973161569,0.04520487880351589,82.72906666666667,126.16666666666667,1.0,6,1.0974154625675177,3000.0
379,366,1.9531466212913333,0.06099082091487649,118.26192881355932,174.83898305084745,0.9915254237288136,118,1.0970135219096404,58500.0
627,619,1.9375,0.0703125,43.6707,60.0,1.0,2,1.0960937499999999,1000.0
916,1292,1.9606133420749596,0.039024082530470544,707.6475765281174,1026.2469437652812,1.0,818,1.095952561589125,409000.0
986,976,1.9315768150307624,0.07717454977721284,34.439053125,60.8125,1.0,32,1.0957830909454687,16000.0
595,587,1.8019363038277512,0.2499918528466368,35.638475,48.125,1.0,8,1.0957720773850916,4000.0
618,617,1.8486812273631867,0.18647998480391198,35.260482352941175,47.411764705882355,1.0,51,1.0954164863864484,25500.0
299,288,1.9030828588552593,0.11391475166573596,111.35352499999999,227.75,1.0,4,1.0954075690418246,2000.0
923,912,1.9172677342162867,0.09413499816355453,32.65808857142857,48.24285714285714,1.0,70,1.0951475931355812,35000.0
566,591,1.9050888628780924,0.10953518920632739,145.37217619047618,219.1984126984127,1.0,126,1.0948961019131354,63000.0
1353,1334,1.8317307692307692,0.2069387943786982,25.990499999999997,33.666666666666664,1.0,3,1.0947739460059172,1500.0
1155,1142,1.8291338885572632,0.2098847889479893,13.284085294117647,25.58823529411765,1.0,34,1.0946189921073022,17000.0
180,327,1.8692515401395244,0.15571662054025426,63.737334999999995,99.475,1.0,40,1.0944156022178861,20000.0
1264,1252,1.7761717673007995,0.2788633636735906,44.910875000000004,83.5,1.0,4,1.094127716022397,2000.0
134,5,1.924367571097178,0.10327956258949735,62.34157890625,84.7109375,0.9765625,128,1.0936996472157203,62500.0
625,623,1.956024531024531,0.03733293041734604,21.008775,39.5,1.0,4,1.0936096915350162,2000.0
1499,1464,1.8458399149133338,0.18396697689682165,26.31122857142857,34.464285714285715,1.0,28,1.09352605903438,14000.0
916,897,1.7240834509991354,0.4077709555936306,34.697459448818904,60.5492125984252,0.937007874015748,508,1.0930670292824678,238000.0
11,6,1.6870705993673494,0.5085269839829591,32.26735923566879,50.84076433121019,0.8853503184713376,314,1.0929914304832289,139000.0
1014,1001,1.9043907322654463,0.10375409834187754,33.457175,57.0,1.0,4,1.0928825224087417,2000.0
1448,1429,1.9324831993728748,0.06590230009447777,27.997735714285714,37.357142857142854,1.0,14,1.0927639697774933,7000.0
765,762,1.9410771276595746,0.053285429828748454,84.27326000000001,123.2,1.0,5,1.0924164800124543,2500.0
776,762,1.9592185592185594,0.02843260117985389,49.62696666666667,85.66666666666667,1.0,3,1.09221720404138,1500.0
603,668,1.945705529701931,0.04854794952298194,412.55991731843574,605.9944134078212,0.9972067039106145,358,1.0920086079108513,178500.0
428,428,1.9193462564312471,0.07878980901687428,34.3621,70.0,1.0,12,1.091375445277561,6000.0
1454,6,1.9379398507435635,0.06400849450914434,584.6253965957447,847.6744680851064,0.9893617021276596,470,1.0911869992884666,232500.0
753,748,1.8244473515798467,0.20364848605980362,44.445926086956526,74.06521739130434,1.0,46,1.0908734864498797,23000.0
121,113,1.8310996101189747,0.19320601594804226,45.67335666666667,67.8,1.0,30,1.0904016488320025,15000.0
285,79,1.9482425444590157,0.03674116602325101,52.767186666666674,101.76666666666667,1.0,30,1.0903193675905816,15000.0
1173,1155,1.871624661390926,0.13818174959675264,29.253923076923076,58.256410256410255,1.0,39,1.0901043894353961,19500.0
685,681,1.939161220043573,0.045744594315576606,43.90613333333334,62.666666666666664,1.0,3,1.0893878663121024,1500.0
817,823,1.8567518353098027,0.1550322865502522,62.376733333333334,88.5,1.0,6,1.089210420088997,3000.0
955,947,1.8821959548200684,0.12043558564404716,46.34309999999999,80.66666666666667,1.0,3,1.0890090576212414,1500.0
1441,1420,1.9438780775468083,0.03748667700939017,26.774713333333334,36.2,1.0,15,1.0887972341215404,7500.0
96,138,1.8456867315690846,0.16824399257756367,12.6506925,24.65,1.0,40,1.088747890400903,20000.0
135,135,1.7326365663322185,0.8180770069686022,26.304325,48.5,0.5,4,1.0884777286234681,1000.0
376,371,1.7712990491957479,0.45166414042981234,66.2175037037037,95.44444444444444,0.8148148148148148,27,1.0884633062516875,11000.0
1353,1345,1.9426924841011528,0.03703341086811031,53.375766666666664,75.33333333333333,1.0,12,1.0881870169008943,6000.0
795,782,1.9357142857142857,0.04629251700680272,31.035,46.5,1.0,4,1.0881734693877552,2000.0
8,76,1.9511229415203186,0.025241807467578797,84.32404,126.9,1.0,10,1.0880217188484012,5000.0
8,1292,1.912925528012439,0.08664881617448687,881.8475364595545,1240.981242672919,0.9894490035169988,853,1.0879995571124212,422000.0
664,662,1.5800695081508855,0.7468411168234836,27.386081818181818,40.81818181818182,0.7727272727272727,22,1.0878983201255812,8500.0
8,744,1.8781611089073493,0.12188651668933209,799.9372946918853,1112.077486272117,0.9993898718730934,1639,1.0876473601316674,819000.0
204,208,1.7932423837752036,0.23379301273728695,120.5598074074074,145.22222222222223,1.0,189,1.0874348573312675,94500.0
566,843,1.8853659981542428,0.10995794564045175,485.0386228739003,677.0791788856305,1.0,341,1.0871337829538326,170500.0
1239,1220,1.930536611139219,0.04958832188495626,65.5142125,116.5,1.0,8,1.0870911410211745,4000.0
1426,1402,1.9648380355276907,0.003552351424743608,55.77596666666667,80.66666666666667,1.0,3,1.0870009196384993,1500.0
1452,1422,1.865801955448939,0.13538706439148732,42.829590476190475,58.785714285714285,1.0,42,1.0869369014970218,21000.0
598,596,1.9111277705470058,0.0733778240139668,34.21560588235294,65.30882352941177,1.0,68,1.0864644554229925,34000.0
76,278,1.945185506964157,0.0273785885624675,64.82263333333333,103.33333333333333,1.0,3,1.0862877793544032,1500.0
45,6,1.8516817799622336,0.14857787797409858,45.860091534391536,77.05820105820106,1.0,189,1.0852460753771231,94500.0
1242,1218,1.7958937232828434,0.2208056708110461,47.660007692307694,77.92307692307692,1.0,26,1.0845991905564512,13000.0
204,6,1.8601690357420422,0.15938287230052353,248.67184522292996,365.10668789808915,0.9745222929936306,628,1.084239163885063,306000.0
1005,991,1.7586837859468434,0.3465660124746327,57.963473943661974,100.62676056338029,0.9225352112676056,142,1.0842038815014088,65500.0
918,906,1.910856871133551,0.06497420240759999,27.12812272727273,48.54545454545455,1.0,22,1.0838350091757005,11000.0
8,843,1.9294408030663222,0.03978379165115136,898.6706897959184,1284.6224489795918,1.0,686,1.0837114587218744,343000.0
603,135,1.9346950947673935,0.03220410903055846,799.418013559322,1117.2203389830509,1.0,59,1.083539270616125,29500.0
1050,1042,1.9035955029869838,0.071122838478662,32.89597272727273,44.27272727272727,1.0,22,1.0827750527383921,11000.0
815,900,1.8557533051099229,0.13352189810752646,13.99739375,25.0,1.0,32,1.082357891476227,16000.0
916,339,1.913989753827213,0.05557044782421621,968.0544515337424,1392.6932515337423,0.9989775051124744,978,1.0819602874118925,488500.0
1241,1219,1.9168011925143038,0.0500574723171222,68.37552,121.6,1.0,20,1.081737718700858,10000.0
611,614,1.9492337164750957,0.006267890958735194,36.148266666666665,50.333333333333336,1.0,6,1.081573853877659,3000.0
1340,1324,1.9053117543313622,0.06450096475288249,41.19246666666666,55.22222222222222,1.0,9,1.0814749911584098,4500.0
705,705,1.9005112535897948,0.06902730333832359,42.99991428571428,75.14285714285714,1.0,7,1.080912692437415,3500.0
718,230,1.8513449068841483,0.13250584979112853,66.01485833333334,104.91666666666667,1.0,12,1.0802897176909978,6000.0
528,562,1.8910943478444575,0.12932242772341665,81.933415,122.575,0.95,40,1.080234467454808,19000.0
134,114,1.9128338297041303,0.0495762069088982,38.07382142857143,54.214285714285715,1.0,14,1.0800063939543216,7000.0
1112,1018,1.8512906846240178,0.46458505745823375,22.105933333333336,38.0,0.6666666666666666,3,1.0798917910870773,1000.0
618,626,1.8981340657157721,0.06848385414357983,66.04587500000001,93.25,1.0,12,1.0797987825293827,6000.0
1067,1058,1.8845137362637363,0.08651612201513825,13.142586000000001,19.56,1.0,50,1.079760331110036,25000.0
842,841,1.822017713848977,0.19123923482300198,31.184004761904763,40.88095238095238,0.9761904761904762,42,1.0790359988436342,20500.0
151,147,1.9158103917364595,0.041967364112760266,65.96733125,150.03125,1.0,32,1.078914365928412,16000.0
844,877,1.929738562091503,0.022566107052842888,18.275825,33.25,1.0,4,1.0786652569524542,2000.0
1440,1420,1.9411764705882353,0.006920415224913498,32.3463,45.0,1.0,2,1.0785467128027681,1000.0
1357,12,1.8988827080751784,0.062074374249178915,56.48478333333333,77.5,1.0,12,1.0781753955048252,6000.0
1311,1292,1.889102564102564,0.0748339907955292,26.679375,34.25,1.0,4,1.0780912228796844,2000.0
943,935,1.6801801801801801,0.8532180829478131,44.601200000000006,82.0,0.5,2,1.0780374969564162,500.0
28,327,1.941161873048929,0.004198715904317582,112.8571,154.25,1.0,8,1.077724363990867,4000.0
787,791,1.9362997548069432,0.00987328663029584,61.1638375,84.375,1.0,8,1.0774818879118662,4000.0
1224,1212,1.9133026131148785,0.040439859579591717,50.99569333333333,71.33333333333333,1.0,15,1.0774530031198288,7500.0
204,199,1.3579492425562811,1.2571348817580719,36.35576956521739,33.7536231884058,0.5217391304347826,69,1.076841900680369,18000.0
423,422,1.895348874964195,0.061883973816574143,75.737925,129.5,1.0,4,1.0767047421306504,2000.0
812,811,1.7964927097534336,0.21304870986309227,42.052576470588235,55.450980392156865,0.9803921568627451,51,1.0766293439191246,25000.0
916,957,1.9118949097308346,0.03929363520306612,108.0783,148.625,1.0,8,1.0765460544532537,4000.0
1047,1033,1.864427549197906,0.10239445108446256,62.96719041095891,91.73287671232876,1.0,146,1.0764893550045014,73000.0
916,894,1.585596332975165,0.5589413261301066,28.381888442211054,43.42713567839196,0.914572864321608,199,1.0762927903255806,91000.0
1219,1220,1.902461625815071,0.05082607824030811,81.69738970588234,123.25,1.0,68,1.076232473798121,34000.0
650,645,1.898916696385232,0.05545096095554696,23.77514,32.7,1.0,10,1.076201966840757,5000.0
331,25,1.8894746487270793,0.06730702033588813,129.13094999999998,179.625,1.0,8,1.075981965591598,4000.0
685,688,1.9233956416032405,0.021693598025801925,109.19062000000001,157.1,1.0,10,1.0758663360490368,5000.0
619,629,1.880050505050505,0.07914849250076515,24.68433333333333,32.0,1.0,3,1.0757647497704317,1500.0
1126,1114,1.9107155142758856,0.036289602333106824,21.729499999999998,34.0,1.0,10,1.0751730864102864,5000.0
361,366,1.8998334500343075,0.05721039184729668,93.82027572815534,131.5631067961165,0.9902912621359223,103,1.0741838762086888,51000.0
644,648,1.923611111111111,0.014901620370370381,21.3152,30.666666666666668,1.0,3,1.0739149305555555,1500.0
391,690,1.6219203872848789,0.4693979777442989,50.07329473684211,70.05263157894737,0.9473684210526315,19,1.0737980745530307,9000.0
8,1437,1.9088578339387372,0.03281398040085054,539.0070558333334,749.1430555555555,1.0,720,1.0733873276957502,360000.0
458,475,1.7366680163083856,0.26185536680584687,84.8361,137.27777777777777,1.0,54,1.0732238165651085,27000.0
1033,1018,1.7987465790914068,0.17879240188219175,22.93121,37.8,1.0,10,1.0731363522012203,5000.0
134,94,1.728890959105449,0.2717087459094961,35.196378571428575,63.095238095238095,1.0,42,1.0730690074150284,21000.0
834,744,1.876853597128277,0.0719149126002183,115.99356979166667,154.03125,1.0,96,1.0723159126313762,48000.0
134,164,1.8947788447955825,0.06044916577206649,188.80523333333335,298.75,0.9861111111111112,72,1.0718796209831865,35500.0
76,247,1.7244865715123787,0.2933097670627839,120.61194736842106,172.60526315789474,0.9802631578947368,152,1.0718665060922077,74500.0
633,582,1.8758740013540942,0.07118218723168235,45.2002380952381,79.95238095238095,1.0,21,1.0717042567111423,10500.0
387,340,1.8325454123799987,0.12844071842372082,72.7275090909091,98.68181818181819,1.0,22,1.0715503804791158,11000.0
462,436,1.8080682810758713,0.1609528722851766,28.1200125,41.5,1.0,8,1.0715131741159016,4000.0
92,92,1.826085589703602,0.13601540238889817,25.72667142857143,42.38095238095238,1.0,42,1.0712388565981104,21000.0
603,6,1.8811242328051105,0.06408001960279318,654.6597108747045,935.4271079590228,0.9984239558707644,1269,1.0712008857641115,633500.0
566,558,1.6580386119965227,0.3594294218052436,21.19634285714286,37.785714285714285,1.0,14,1.0710442713401822,7000.0
175,173,1.858459372546321,0.09146620511143837,18.5631375,38.0,1.0,24,1.07082361055196,12000.0
33,6,1.8160696630964923,0.14783340197954545,44.48126714285714,76.12857142857143,1.0,70,1.0707778858324606,35000.0
820,807,1.8803579631426253,0.06068130445901215,43.311885964912285,73.6140350877193,1.0,57,1.0703475765947539,28500.0
399,396,1.8715213358070502,0.07197457326664841,37.09975,69.0,1.0,2,1.0702009063028146,1000.0
1382,1375,1.8726539997721454,0.07046101154500757,36.32818333333333,51.166666666666664,1.0,36,1.0701999033723604,18000.0
755,752,1.875619559044856,0.06412934729385239,54.03523333333333,71.72222222222223,1.0,18,1.0694866278060982,9000.0
754,736,1.8697699376646746,0.06935004311533187,22.201328571428572,37.42857142857143,1.0,7,1.0687129880004695,3500.0
843,840,1.9009177670168382,0.0267888423477113,30.9558,42.333333333333336,1.0,6,1.0684037595110487,3000.0
973,600,1.7552653208759346,0.2200255497495517,339.9149958333333,441.5833333333333,1.0,24,1.0681137932752394,12000.0
174,181,1.8244851206306418,0.15330431691170443,40.90211578947369,74.21052631578948,0.9736842105263158,38,1.0678906064836629,18500.0
52,55,1.742319508577879,0.2654023248393281,27.30792514619883,45.45614035087719,0.9707602339181286,171,1.0677765710583886,83000.0
946,934,1.8224244246368608,0.12850731093668938,34.9657,45.833333333333336,1.0,6,1.0675219631357513,3000.0
566,523,1.8889022967910587,0.039271591511797065,83.487335,126.45,1.0,40,1.0673423961699626,20000.0
1324,1309,1.8495287674502943,0.09059077856625594,37.08296,63.8,1.0,5,1.0669887405499945,2500.0
1056,1046,1.8957054935726412,0.02850871682188678,35.05985625,46.4375,1.0,16,1.0668348124756226,8000.0
1113,1101,1.84649229647552,0.09400599632470935,33.18461785714286,50.857142857142854,1.0,28,1.0667987174876208,14000.0
1329,1308,1.9051515524383742,0.014841246550173558,44.57251666666667,67.16666666666667,1.0,6,1.066512994940402,3000.0
1442,1419,1.9045907316535935,0.015275885034576067,27.85365,36.625,1.0,8,1.0664190581718103,4000.0
1172,1160,1.6950048614487117,0.293243452758815,17.256590909090907,25.0,1.0,11,1.0659749804071292,5500.0
1006,977,1.9072783337804111,0.009209052121383477,50.301729411764704,83.25490196078431,1.0,51,1.0656740491485794,25500.0
1483,1460,1.809021273339455,0.13825796132171636,23.836936363636365,44.36363636363637,1.0,22,1.065085897732297,11000.0
742,746,1.8419117647058822,0.09410142733564004,15.376900000000003,24.0,1.0,2,1.064995134083045,1000.0
1091,1163,1.8979863221884499,0.018933542890775996,33.380985714285714,88.85714285714286,1.0,7,1.0648745917426128,3500.0
575,570,1.8992217217746055,0.06810383558758515,45.1149358974359,62.282051282051285,0.9487179487179487,39,1.0647352240015022,18500.0
384,381,1.8534487286293828,0.20239276387952843,37.71625,59.125,0.875,8,1.0645973206156119,3500.0
28,167,1.7628260930054676,0.3348234230729875,27.82991034482759,59.6551724137931,0.8620689655172413,29,1.0641981537792558,12500.0
916,886,1.7884212641933233,0.38755115393079387,12.948474999999998,26.35,0.775,40,1.0641338518565675,15500.0
134,113,1.8356407209348387,0.0989301554840533,36.9977,53.666666666666664,1.0,6,1.0639353350191514,3000.0
756,754,1.855001505684064,0.07283295227611525,57.56663,80.8,1.0,60,1.0638504879564603,30000.0
493,492,1.8120657222383565,0.1297851095240209,19.16722380952381,32.166666666666664,1.0,42,1.0637618217525489,21000.0
779,763,1.774451447245565,0.17899252565950122,37.16605,55.5,1.0,4,1.0634783365960765,2000.0
774,770,1.8550724637681162,0.07099348876286495,29.157849999999996,38.5,1.0,2,1.063327032136106,1000.0
903,886,1.7098134196445145,0.4166499171958492,25.090444370860926,48.93377483443709,0.847682119205298,151,1.06322497877815,64000.0
82,88,1.8662080011499707,0.05283886439932593,43.40331666666666,69.72222222222223,1.0,18,1.062334859779786,9000.0
76,90,1.8562405111551314,0.0654185334957409,81.21031960784315,116.47058823529412,1.0,102,1.062121764510775,51000.0
1447,1412,1.8593005413164723,0.05985256760358491,47.72721333333333,79.73333333333333,1.0,15,1.0616759868076644,7500.0
603,79,1.8750352475990761,0.0454535441340094,731.6393348178138,992.0229419703104,0.9932523616734144,741,1.0616258707818576,368000.0
1447,1418,1.8300441527451763,0.0983151794266739,175.47704038461538,227.84615384615384,1.0,52,1.0615122149260727,26000.0
660,627,1.8828031174704536,0.027947105185522205,36.665333333333336,62.25,1.0,12,1.0615053785438382,6000.0
1440,6,1.8666578220478784,0.05695143211419026,462.86598638132295,679.4708171206225,0.9922178988326849,257,1.061413928103214,127500.0
247,294,1.849255058209056,0.07194033172276554,67.1748453125,123.203125,1.0,64,1.0612841228004521,32000.0
910,930,1.856543575110431,0.061132410841693,60.639419999999994,106.9,1.0,10,1.0609571532966804,5000.0
129,129,1.8875,0.0188033824640967,26.836175,34.75,1.0,4,1.060641014739229,2000.0
1096,1076,1.630032846184308,0.3602067029294277,51.85689166666666,76.875,1.0,48,1.0600751493525518,24000.0
236,238,1.3448592128161492,1.238843756989251,72.7691375,77.875,0.5,8,1.059596812223235,2000.0
547,542,1.7825501997979012,0.15466593181661648,40.786496638655464,54.39495798319328,1.0,119,1.0594198594641453,59500.0
284,278,1.8976480836236933,4.59062268571912e-05,32.00135,65.5,1.0,2,1.0590730053175343,1000.0
1381,1361,1.879142300194932,0.024506602938702913,27.947111111111113,36.77777777777778,1.0,9,1.0590089009595838,4500.0
595,507,1.8528038791690282,0.05886777516835889,342.27419413407824,475.31284916201116,1.0,358,1.058781884218119,179000.0
748,1202,1.8596255755988615,0.049059999376099686,727.7529827272728,969.0454545454545,1.0,110,1.0585682300523747,55000.0
916,963,1.7996829201991027,0.1274429081549629,210.94352391304346,271.6521739130435,1.0,46,1.05810604052613,23000.0
916,898,1.7212274372599854,0.27879568249234554,28.229146600331674,56.398009950248756,0.9485903814262023,603,1.0567067940795587,286000.0
204,195,1.6900336724531897,0.5530699164878414,33.74973571428571,27.857142857142858,0.7142857142857143,42,1.0562201582133426,15000.0
995,988,1.8269555482026314,0.08395825364788345,31.228608571428577,47.27142857142857,1.0,70,1.0559696953754176,35000.0
54,59,1.7354429431804996,0.20422908840425094,33.89698076923077,52.38461538461539,1.0,26,1.0554459037934751,13000.0
134,99,1.7074264791371654,0.24143325552716086,34.87768952380952,55.2,1.0,105,1.0554005683130143,52500.0
636,634,1.8435471637336265,0.059610385798301004,45.3651,61.6875,1.0,16,1.055301981232941,8000.0
630,634,1.852663985530535,0.04676714133946456,39.80919166666667,74.08333333333333,1.0,12,1.0550957366140534,6000.0
1476,1453,1.8217403067946545,0.08673942373334606,25.0940425,41.475,1.0,40,1.0547179498378658,20000.0
748,730,1.7426283596976087,0.29637371967968285,32.368229166666666,51.375,0.8958333333333334,48,1.0547134597829484,21500.0
45,42,1.7897434972434973,0.1289302950123683,11.772362222222222,19.68888888888889,1.0,45,1.0545764874011094,22500.0
467,465,1.8414707931223366,0.05966980156908586,54.67402083333334,83.54166666666667,1.0,24,1.0544892577196605,12000.0
771,770,1.8541666666666665,0.04253472222222228,31.171350000000004,62.5,1.0,2,1.0544270833333333,1000.0
1000,993,1.8524799021150191,0.04331344041870593,37.00327619047619,48.45238095238095,1.0,42,1.0539859929716193,21000.0
1273,1252,1.7772203632487913,0.14328371882858704,23.936703846153844,36.0,1.0,26,1.0538732609480927,13000.0
152,135,1.6225921521265019,0.45974813139706017,145.3100777777778,252.27777777777777,0.8888888888888888,18,1.0536279669363855,8000.0
502,501,1.7160455951226388,0.2584684908263523,24.748385714285714,43.107142857142854,0.9642857142857143,28,1.0532444995826755,13500.0
574,573,1.8755730604500986,0.007852482279270448,50.97754444444445,67.33333333333333,1.0,9,1.0525849688638207,4500.0
134,105,1.8572714951982943,0.05576769041167736,146.98501074380167,204.82644628099175,0.9752066115702479,121,1.0522008886738954,59000.0
372,376,1.873846153846154,0.007616042077580533,89.7283,121.8,1.0,10,1.0518232741617357,5000.0
334,331,1.7659680763247947,0.18690609858733093,72.59071851851851,96.74074074074075,0.9629629629629629,27,1.0513479489950062,13000.0
344,375,1.8392869679004193,0.05649685861783502,213.9899525139665,283.89385474860336,0.994413407821229,179,1.050987867091887,89000.0
158,155,1.8615917458710347,0.019760617266651997,24.6327,43.857142857142854,1.0,7,1.0505648835284094,3500.0
603,475,1.8514130938434346,0.03449373531413422,263.81050151515154,359.8060606060606,0.996969696969697,330,1.0500042672225232,164500.0
76,282,1.8189418766400627,0.09786928594642964,72.10205952380953,115.28571428571429,0.9761904761904762,42,1.049794679297097,20500.0
1457,1434,1.841159420289855,0.24325309808863688,39.12258,48.0,0.8,5,1.049439697542533,2000.0
916,1018,1.7922140199887029,0.10827829462180968,191.40064945054945,255.8021978021978,1.0,182,1.049369096382024,91000.0
849,838,1.8071542796280313,0.08457227708295831,30.269473684210528,38.73684210526316,1.0,38,1.0482333949761002,19000.0
603,570,1.8186529946086274,0.10405657509462703,216.49018672566373,312.46902654867256,0.9646017699115044,113,1.0480587013452904,54500.0
683,678,1.8325028750503134,0.05014547388221381,34.22371333333333,46.03333333333333,1.0,30,1.0480447921847897,15000.0
1127,1112,1.757871637288804,0.14939841881790294,30.382215000000002,43.9,1.0,20,1.0479681805608925,10000.0
907,911,1.8450891389242645,0.03139042985843627,63.3455,104.88888888888889,1.0,9,1.0474527845272368,4500.0
916,9,1.7648076529623593,0.13735827986583637,22.85807777777778,39.166666666666664,1.0,18,1.0471305451446946,9000.0
382,377,1.6568374079089487,0.3645830606047621,28.546491666666668,44.0,0.9166666666666666,12,1.047109881345008,5500.0
32,6,1.6471306121002312,0.3467024243094621,40.343918101545256,62.82119205298013,0.9448123620309051,453,1.0463066807422026,214000.0
566,579,1.8543335412574413,0.013807763427649073,84.58822777777777,113.66666666666667,1.0,18,1.0458757455312713,9000.0
1416,1398,1.7485826503855624,0.5044692664354248,68.91256999999999,86.8,0.65,20,1.0457738400848524,6500.0
847,839,1.7759170653907497,0.11736414764619242,21.794633333333337,37.333333333333336,1.0,3,1.0455760704501575,1500.0
873,867,1.7471264351590439,0.15515161916787032,26.647497500000004,40.25,1.0,40,1.0453960598139787,20000.0
1377,1361,1.822304373282286,0.05198828642332431,39.93271428571428,51.142857142857146,1.0,7,1.0445182352399116,3500.0
1434,1409,1.8030685648541256,0.07734196749049134,50.20883333333333,87.66666666666667,1.0,3,1.0444300161887976,1500.0
1427,200,1.8103352993656578,0.06747506752775422,227.87173529411766,288.5176470588235,1.0,170,1.0443766400045895,85000.0
916,600,1.7496915963098356,0.1474369125883998,531.2862922480621,673.1046511627907,1.0,258,1.0441077123004543,129000.0
1099,1094,1.7517076420096303,0.14322197757948146,31.22704090909091,52.36363636363637,1.0,22,1.0436496500776964,11000.0
1244,1230,1.839949154441908,0.02458427747300845,23.247548148148148,29.51851851851852,1.0,27,1.0433549450186657,13500.0
76,6,1.641853110658509,0.47412814458019314,67.66455697368421,105.44868421052631,0.8131578947368421,760,1.0429270560585142,309000.0
1009,999,1.8457068311195446,0.014813126192896004,34.022999999999996,44.25,1.0,8,1.0427266703056868,4000.0
338,378,1.7592178288315585,0.12954856394304268,54.375090196078425,86.11764705882354,1.0,51,1.0425517007155363,25500.0
862,859,1.8263126249968356,0.03922490090664037,19.265326666666667,29.266666666666666,1.0,15,1.0422925202707263,7500.0
669,663,1.8380249220457148,0.02360633557674191,58.74278375,78.45,1.0,80,1.0422918694913084,40000.0
28,79,1.7912411301205868,0.28494008930911774,30.28852,79.6,0.8,5,1.04197847884097,2000.0
362,359,1.5467250174127127,0.595090147586914,44.45527894736842,63.526315789473685,0.8157894736842105,38,1.0419538933464225,15500.0
1140,1126,1.7963454616902894,0.07699933505609202,30.253622727272727,49.36363636363637,1.0,22,1.0416379851929436,11000.0
28,178,1.7461168807729315,0.14966216974828914,92.96965197368421,135.4078947368421,0.993421052631579,152,1.041371719023133,75500.0
62,6,1.8213025800809584,0.042709978908339254,104.55771714285714,158.45714285714286,1.0,35,1.0413340257048853,17500.0
497,492,1.838206627680312,0.020051753815988956,18.792133333333332,31.0,1.0,3,1.0412981772169216,1500.0
1361,1338,1.7737140191733087,0.10454981967597334,61.17656,98.06666666666666,1.0,30,1.0408505535721155,15000.0
748,1292,1.8268254069420367,0.033373005515124995,514.598704290429,687.8250825082508,1.0,303,1.040742064431352,151500.0
30,34,1.6574914301169823,0.34985743225260263,16.66609696969697,32.45454545454545,0.9090909090909091,66,1.0406810744498465,30000.0
8,342,1.7691325074600803,0.10835456400936505,127.16269277777778,165.6888888888889,1.0,180,1.0401593721868418,90000.0
642,640,1.8370051277281243,0.017687994491713165,43.902625,57.875,1.0,8,1.0401084494387636,4000.0
1060,1049,1.8080383881586288,0.05518128137893133,51.63612666666666,88.46666666666667,1.0,30,1.0397697396771308,15000.0
26,25,1.7552422723475356,0.12474228438682333,18.691566666666667,29.166666666666668,1.0,6,1.0395195942550615,3000.0
611,609,1.8171347748046796,0.04212203779146516,27.224991666666668,36.916666666666664,1.0,48,1.0394905212593115,24000.0
1460,1475,1.7753540343823375,0.10706349597671287,168.75217703349284,214.67464114832535,0.9904306220095693,209,1.0393898491488196,103500.0
903,1160,1.7462525455545996,0.14492452386805837,246.91915874439462,376.60538116591925,0.9910313901345291,223,1.039287792422616,110500.0
1445,6,1.8182355193038382,0.04261237423828389,544.7997509771988,751.6954397394137,0.996742671009772,614,1.039100721295952,306000.0
1412,1390,1.6836327854015865,0.21866091193680387,48.837515625,61.03125,1.0,32,1.0390513877416758,16000.0
551,550,1.6317024137094682,0.28663581415248734,20.7757375,43.5,1.0,8,1.0386717097295335,4000.0
941,951,1.7803418803418805,0.08826484768792456,48.47696666666667,68.33333333333333,1.0,3,1.0386162064431295,1500.0
1447,1414,1.8016769888019628,0.05941660662587997,74.60725833333333,112.41666666666667,1.0,12,1.0384957775085493,6000.0
1042,1028,1.8083405915213695,0.04907551876076724,43.902490909090915,60.81818181818182,1.0,11,1.0380588922367782,5500.0
428,429,1.8060743719083607,0.052007727380772674,33.59525,63.5,1.0,6,1.038032066977576,3000.0
425,421,1.795879812618943,0.06505957515169378,25.421916666666664,42.833333333333336,1.0,6,1.0378697975930853,3000.0
453,452,1.8353839619893542,0.01064978514826921,26.951624999999996,35.041666666666664,1.0,24,1.0373485203402224,12000.0
583,580,1.8421239296752292,0.0016631456348967402,45.0722,58.0,1.0,3,1.0373485155605606,1500.0
172,278,1.7529675638371292,0.2847856592752624,24.19255,38.333333333333336,0.8333333333333334,6,1.0366227233174303,2500.0
907,913,1.8104999981757341,0.03918663943326906,34.438465,54.025,1.0,40,1.0359559911002745,20000.0
1338,1321,1.8105158730158728,0.036898069412950374,11.233816666666668,13.666666666666666,1.0,6,1.0352757700302342,3000.0
663,475,1.8012412498714232,0.04797088014387702,203.1166033653846,264.1682692307692,1.0,208,1.0348877639917324,104000.0
1140,1116,1.7754542308959869,0.08070558499514909,33.5984125,46.96875,1.0,64,1.0343933678569395,32000.0
555,968,1.7267314209826368,0.14540965438054762,61.27893846153846,100.05128205128206,1.0,39,1.034315464707219,19500.0
486,484,1.7291314631659902,0.1418180242564702,31.426703846153845,50.19230769230769,1.0,26,1.0341979925433373,13000.0
1141,1128,1.7614619883040938,0.09814829634189437,17.22705,29.0,1.0,10,1.0340292842242058,5000.0
420,419,1.7348216979099331,0.13117483146776132,29.152757142857144,36.0,1.0,28,1.0332811286043015,14000.0
11,135,1.802076992554412,0.05951096057291329,128.9404261904762,178.83809523809524,0.9809523809523809,210,1.0329697994793532,103000.0
8,562,1.7924425285032701,0.060930768955032834,706.7954499107143,932.1508928571428,0.9919642857142857,1120,1.0328455278021036,555500.0
134,161,1.786225342850114,0.05827719393710735,218.68877333333333,352.6,1.0,30,1.0319732953211778,15000.0
974,967,1.788861723432844,0.05400776512421218,35.483971875,52.4375,1.0,96,1.0317470189104014,48000.0
503,507,1.7897832918760128,0.05029838042222385,105.35274897959184,137.51020408163265,1.0,147,1.0310028308770722,73500.0
1028,1015,1.7458229343615084,0.15743584361768084,27.561596116504855,48.47572815533981,0.9514563106796117,103,1.0309968200337911,49000.0
344,25,1.6705735690296832,0.22834053477225283,149.25738376623377,199.24025974025975,0.9805194805194806,154,1.0308874321993933,75500.0
517,516,1.7844763139386166,0.05607380285384056,29.226106250000004,37.975,1.0,80,1.0306126664315989,40000.0
134,79,1.8037895485553401,0.029155474599831775,103.07120104166667,135.44791666666666,1.0,96,1.0302624618020857,48000.0
382,380,1.696241388619905,0.17218833088669427,50.24613333333334,83.66666666666667,1.0,6,1.0301530547139703,3000.0
852,1018,1.8150519415254704,0.012699662153707244,191.46430283687943,270.4822695035461,1.0,141,1.0298306752563005,70500.0
111,101,1.793354997399115,0.04075829486963291,30.1344375,54.875,1.0,8,1.029569487420536,4000.0
13,1013,1.7507659205350123,0.09626442458639448,29.302237500000004,44.986111111111114,1.0,72,1.0291856955899232,36000.0
306,323,1.7616597683121076,0.08074959111473562,81.32740666666666,121.77777777777777,1.0,90,1.0288887846592638,45000.0
748,729,1.7598047404540538,0.08316009953609872,21.207913157894737,32.18421052631579,1.0,38,1.0288699260424512,19000.0
1288,1209,1.7604276291750287,0.07949975225945966,54.53256404494382,90.12359550561797,1.0,89,1.0280209773478495,44500.0
7,110,1.6108792740513171,0.7348574690164219,52.985458333333334,83.04166666666667,0.5416666666666666,24,1.0273089503254536,6500.0
98,5,1.8181818181818181,0.0,15.531,20.0,1.0,2,1.0272727272727273,1000.0
8,44,1.6934184877154788,0.19835456828527703,46.2065137829912,74.27272727272727,0.967741935483871,341,1.027196346216936,165000.0
940,901,1.7930491764764693,0.032717350736045155,35.650243055555556,47.94444444444444,1.0,72,1.0270348758114014,36000.0
273,284,1.8072263993316626,0.01089153570686349,24.551864285714284,32.642857142857146,1.0,14,1.0261580204447243,7000.0
510,25,1.790371630121003,0.03451418464438151,572.603374385511,783.620957309185,0.9987063389391979,773,1.026114809123475,386000.0
1219,1210,1.7102422879119576,0.13982817146766768,68.42856666666667,102.16666666666667,1.0,12,1.0260453666050835,6000.0
781,51,1.7824784723761073,0.043452915344099924,38.849897368421054,49.44736842105263,1.0,38,1.026027263553673,19000.0
331,186,1.7778811449882548,0.14378653352783977,90.93539761904762,124.52380952380952,0.9047619047619048,42,1.0257169894822251,19000.0
1174,1160,1.687415733565901,0.16896689390916775,28.93929722222222,43.888888888888886,1.0,36,1.0256563615991108,18000.0
464,464,1.7610186205040523,0.07046410458288252,76.34895714285715,96.11428571428571,1.0,35,1.0255466795764858,17500.0
944,950,1.7992202729044835,0.018246829983774682,48.08215,64.0,1.0,2,1.025162158156926,1000.0
1305,1314,1.7531130544087896,0.18306603176390876,116.08759583333334,168.66666666666666,0.8958333333333334,96,1.0249150312926885,43000.0
58,67,1.7793104719201656,0.043632762290944656,30.1768125,41.25,1.0,8,1.0248140174553497,4000.0
1447,200,1.7916926104529354,0.027108496830947734,399.77834583333333,523.7708333333334,1.0,96,1.0248095932304584,48000.0
1160,908,1.728518547645305,0.11123428297128406,167.2788638655462,256.70588235294116,1.0,119,1.0247777039495074,59500.0
603,908,1.736296328196498,0.10147472396818433,489.47423421750665,639.5402298850574,0.9991158267020336,1131,1.0246956964796647,565000.0
369,424,1.7325499345524138,0.12388670392640587,49.42211666666667,65.96296296296296,0.9814814814814815,54,1.0246304294433317,26500.0
127,124,1.5254993261703094,0.5678017100618666,57.84655833333333,83.125,0.8125,48,1.0242902434866838,19500.0
1113,1018,1.781791139122185,0.0672797979705394,73.06079411764706,98.73529411764706,0.9705882352941176,68,1.024076865628271,33000.0
8,1018,1.7932831339816389,0.02161518570243765,1117.7386109359607,1457.1201970443349,1.0,1015,1.023797809303387,507500.0
834,834,1.7404690397139737,0.09156528516674638,28.89551923076923,46.5,1.0,26,1.0236572014356136,13000.0
465,460,1.79578173374613,0.017368646700981216,38.5529,54.25,1.0,4,1.0235232875087465,2000.0
1111,1018,1.7522411743100104,0.07505803854723872,56.67078611111111,88.22222222222223,1.0,36,1.0234138812881757,18000.0
793,744,1.7830186635124552,0.03399991183252054,78.74442285714285,102.2,1.0,70,1.0234074389547383,35000.0
582,612,1.7656745455222767,0.0827316661417087,22.28869230769231,37.0,0.9743589743589743,39,1.0233970103591155,19000.0
160,150,1.7871939736346516,0.028025719869059888,39.2157,93.75,1.0,4,1.0232853054145785,2000.0
757,747,1.6197483305061784,0.24742656358475487,35.84826842105264,53.421052631578945,1.0,38,1.0221273012778977,19000.0
1478,1456,1.6724484115288714,0.461218891209947,37.1116119047619,45.61904761904762,0.7142857142857143,42,1.021630746260247,15000.0
955,908,1.7352733750463711,0.11068964252540062,185.4515423076923,269.11538461538464,0.9807692307692307,52,1.0215470120069379,25500.0
979,972,1.657423526765632,0.19506241659693258,34.064949999999996,53.0,1.0,8,1.0214881356853327,4000.0
848,847,1.7689097937469174,0.04618326382702216,85.08292222222222,119.33333333333333,1.0,18,1.0214188966468736,9000.0
76,135,1.7204298788768873,0.10685754022121068,106.29576916666666,129.33333333333334,1.0,240,1.0202292136171183,120000.0
523,518,1.8,0.0,12.2279,18.0,1.0,2,1.02,1000.0
995,992,1.790859621945404,0.01217313506611577,45.653515,57.68333333333333,1.0,60,1.0199957892979965,30000.0
452,452,1.7563514957264956,0.055434436722335584,28.593239999999998,33.8,1.0,10,1.019170929307299,5000.0
748,774,1.7873580308429489,0.023149657829202818,98.25117272727273,125.88181818181818,0.990909090909091,110,1.0191608369586678,54500.0
673,6,1.7389811157963766,0.12359767093918635,407.45965667655787,588.1557863501483,0.9540059347181009,674,1.0188735280157368,321500.0
981,969,1.7191073185126893,0.1040221797653624,44.0214875,71.25,1.0,8,1.0188495813346845,4000.0
155,154,1.7589153561517115,0.04993324443363349,33.3566,81.33333333333333,1.0,6,1.0185461157907745,3000.0
903,898,1.6646737791420587,0.3248832639091113,38.18568975206612,66.40495867768595,0.8495867768595041,605,1.0182105238874082,257000.0
952,908,1.6854062142068773,0.1456441250958181,160.5106406779661,233.0677966101695,1.0,59,1.0178557232114962,29500.0
620,626,1.7790512970146837,0.020230745651729578,42.51334444444444,53.27777777777778,1.0,18,1.0176897425013924,9000.0
361,427,1.738391486572807,0.0743145558986217,81.19604,103.4,1.0,10,1.0176509613987093,5000.0
1305,1305,1.7415605886577972,0.10290959964659305,76.32805833333333,97.8,0.9666666666666667,60,1.0174971153570969,29000.0
1093,1163,1.751907813242887,0.05373512246131031,79.957775,166.5,1.0,4,1.016883662035548,2000.0
616,578,1.6812883031266814,0.23070165149826963,29.94429166666667,53.25,0.9166666666666666,12,1.0167258167001534,5500.0
787,792,1.7758062625225466,0.02123212896542889,45.97235952380952,58.0,1.0,42,1.0166921436986474,21000.0
766,770,1.7568710359408035,0.04634177956366861,35.55015,55.5,1.0,2,1.016650948245422,1000.0
908,808,1.7349606483697848,0.1373460303368034,44.125170833333335,78.47916666666667,0.9375,96,1.016438068448955,45000.0
406,405,1.7249238090569359,0.08813404311473276,46.918125,57.666666666666664,1.0,12,1.0164097365571942,6000.0
906,913,1.7700845220482724,0.027583493361193392,34.39177,52.3,1.0,10,1.016308856827667,5000.0
775,771,1.6340445339929344,0.2627471203806207,26.525194444444445,30.61111111111111,0.9444444444444444,18,1.0157752830446933,8500.0
813,809,1.7360565952416027,0.06947463292380118,37.414317777777775,58.922222222222224,1.0,90,1.0152650279737816,45000.0
407,416,1.7422444280287417,0.06079035314852134,41.98983333333334,51.888888888888886,1.0,9,1.015134877156053,4500.0
101,130,1.692624803909912,0.12629651290546148,55.39368275862069,71.76724137931035,1.0,116,1.0149388754356035,58000.0
978,972,1.711080586080586,0.10048668135893421,47.47996666666668,73.0,1.0,3,1.0145782388399147,1500.0
622,627,1.741405929863591,0.058613159721559754,26.755894444444444,43.916666666666664,1.0,36,1.0141463198619043,18000.0
1202,14,1.7747252747252746,0.013585315783117976,17.07825,35.0,1.0,2,1.0139657046250452,1000.0
566,908,1.7284575260197779,0.07641986320859645,436.28156597633136,565.5029585798817,0.9970414201183432,338,1.013421395405993,168500.0
150,135,1.7474392112668047,0.26650357068845837,146.962403125,279.21875,0.78125,32,1.0133017557132593,12500.0
411,406,1.7746981497788663,0.06242110161693749,46.72161666666667,67.33333333333333,0.9444444444444444,18,1.0119389237299612,8500.0
329,6,1.7146150096087602,0.08663164855665965,126.78290625,171.4375,1.0,16,1.011835498410502,8000.0
1043,1039,1.7516420361247949,0.0367581932062992,25.480275000000002,50.833333333333336,1.0,12,1.0116842724118078,6000.0
90,93,1.7609736201295505,0.023844702593166747,33.821342105263156,46.973684210526315,1.0,38,1.0115428588297704,19000.0
137,135,1.653969292683221,0.3787852817768914,26.787188392857143,43.410714285714285,0.7857142857142857,112,1.0109375873206417,44000.0
184,183,1.704087112178958,0.09671358221812924,44.056108333333334,74.05555555555556,1.0,36,1.010648919537022,18000.0
1241,1220,1.7695739445739447,0.009211784095881503,70.158875,111.25,1.0,4,1.0105931130583423,2000.0
1109,1065,1.7577136467193937,0.024094449395678775,29.144056,35.45333333333333,1.0,75,1.0103137935064612,37500.0
603,744,1.7426709859829992,0.0868970283944295,413.1105301043219,553.8748137108793,0.9567809239940388,671,1.01017178010974,321000.0
510,908,1.7448981868660691,0.040899490937819596,609.8805014973262,793.4909090909091,0.9967914438502674,935,1.0092665551828537,466000.0
134,102,1.7556868902422005,0.02276291802650176,95.78911666666667,125.51587301587301,1.0,126,1.009103631504831,63000.0
356,340,1.7473802103094882,0.04946333714170947,49.1270328125,62.53125,0.984375,64,1.0091035852663082,31500.0
1219,1424,1.7360015289539026,0.07328120695951153,146.24044736842106,178.35526315789474,0.9736842105263158,76,1.0084902368273092,37000.0
1200,1186,1.76071771365889,0.013981752438108924,12.37925294117647,22.735294117647058,1.0,34,1.0084816111949888,17000.0
18,1138,1.7648953301127213,0.007488830285161586,33.8408,65.0,1.0,2,1.008204781130637,1000.0
1287,1209,1.6834397774158056,0.11438439988199134,54.31270476190476,81.0952380952381,1.0,21,1.0076912309309196,10500.0
941,936,1.7312407870949797,0.05037732289547838,44.54018333333334,70.33333333333333,1.0,6,1.0076095117066355,3000.0
1095,1089,1.7436052563317816,0.03362102535390851,36.749405882352946,64.41176470588235,1.0,34,1.0075284101388853,17000.0
8,49,1.5553110564839039,0.4854586449870068,25.963546428571426,40.38392857142857,0.7991071428571429,224,1.0074941589468065,89500.0
943,927,1.7276773152087168,0.05435677195715133,45.68391666666667,59.208333333333336,1.0,24,1.007377957670632,12000.0
748,829,1.740102771269766,0.03765517429092175,118.29504251968504,146.71653543307087,1.0,127,1.007337660795183,63500.0
1262,1254,1.7218946965204651,0.06111366784457807,42.06113888888889,56.22222222222222,1.0,36,1.0070919789615596,18000.0
76,271,1.742033448991165,0.04490630230876989,90.26003666666666,149.0222222222222,0.9888888888888889,90,1.0069519369557638,44500.0
471,456,1.6912245411977427,0.09994638396911998,98.69124285714285,175.57142857142858,1.0,7,1.0064737316698331,3500.0
1076,1052,1.7289292966853056,0.04781793987241869,24.161018333333335,30.833333333333332,1.0,60,1.0059171006358478,30000.0
905,907,1.7647058823529411,0.0,11.646,30.0,1.0,2,1.0058823529411764,1000.0
903,1161,1.7552028595526514,0.012574787945385423,245.62374375,377.375,1.0,16,1.0058535802046762,8000.0
610,612,1.7278903400799512,0.04887086784953335,55.43177333333333,68.4,1.0,15,1.0058173963868404,7500.0
862,864,1.7249913083940462,0.052281402585290654,59.56126212121212,72.89772727272727,1.0,264,1.0056809441332057,132000.0
881,871,1.734262496962618,0.03687428115287162,45.46136428571429,68.28571428571429,1.0,14,1.0047672831309087,7000.0
1206,1192,1.600250626566416,0.2131330833349037,13.91055,31.0,1.0,4,1.0040401756270376,2000.0
618,623,1.7412856043409262,0.02503195993289518,43.47434444444444,58.111111111111114,1.0,9,1.0040238297162392,4500.0
479,461,1.7128193946026902,0.06262391768486963,95.82489090909091,124.8961038961039,1.0,77,1.0039149331465371,38500.0
973,1001,1.7562245514086898,0.0029904790388869534,45.19105,57.333333333333336,1.0,12,1.003386964275142,6000.0
916,888,1.5957706191819494,0.3723017143102284,21.51659,38.84285714285714,0.8428571428571429,70,1.002855904822991,29500.0
1320,1202,1.7496634209747286,0.009248635858990398,124.0201,157.5,1.0,8,1.0026399591475885,4000.0
812,908,1.7263455016286613,0.039162473638756135,129.90616805555555,211.30555555555554,1.0,72,1.0022869427430914,36000.0
8,668,1.7270334608403388,0.03749695555703697,409.5699323144105,552.67903930131,1.0,458,1.0020624710032466,229000.0
916,744,1.6974197260301158,0.08221976657489356,294.18009204545456,365.0738636363636,0.9943181818181818,176,1.001929274929969,87500.0
479,482,1.4337332395951023,0.7961881200359755,65.72155263157894,92.44736842105263,0.631578947368421,76,1.0018234160593598,24000.0
8,66,1.7155438932744111,0.05118600732356433,101.42445714285714,146.5,1.0,28,1.0015733595068337,14000.0
479,495,1.7018371584994523,0.06913393294457336,79.5507619047619,97.61904761904762,1.0,105,1.001475043283153,52500.0
848,841,1.697867378099936,0.07339111178761254,36.836016666666666,47.666666666666664,1.0,6,1.001164284776258,3000.0
612,578,1.7393474697003126,0.017659385641228653,33.142427777777776,52.5,1.0,54,1.0010368035724937,27000.0
404,395,1.727110694183865,0.03305478072012645,36.121674999999996,56.25,1.0,4,1.0007607118895838,2000.0
1088,1082,1.7282299518228288,0.03104281587212775,46.560076470588236,68.72549019607843,1.0,51,1.00060482549077,25500.0
121,114,1.7204603388813915,0.04060566993185311,44.36188333333333,62.0,1.0,6,1.0003658365321126,3000.0
345,347,1.6970252186561483,0.10012057027970499,43.75143142857143,55.48571428571429,0.9714285714285714,35,1.0002748299749422,17000.0
955,1137,1.7084520417853752,0.054036357929995185,24.34096666666667,45.0,1.0,3,0.9995917240931488,1500.0
59,6,1.7290003181217077,0.1547999879991244,70.49170769230768,113.23076923076923,0.8717948717948718,39,0.9995785851868819,17000.0
8,32,1.6097028453848214,0.34279379485929284,37.888564335664334,67.08391608391608,0.8426573426573427,286,0.9995164794089193,120500.00000000001
694,692,1.66494565994566,0.11162852479555607,30.417366666666666,53.5,1.0,6,0.999466821416931,3000.0
917,6,1.7381283495343847,0.025699009336691378,1144.006112820513,1489.6410256410256,0.9871794871794872,78,0.9991148887686075,38500.0
812,744,1.7213300680923305,0.047346387310185936,191.91380168776374,237.042194092827,0.9873417721518988,237,0.9989384750755577,117000.0
147,149,1.707129548394021,0.17111899767082675,44.40776470588236,100.67647058823529,0.8823529411764706,34,0.9988934010117977,15000.0
479,6,1.7282390927819158,0.03187151092637735,456.5980788530466,586.483870967742,0.992831541218638,558,0.998706552756271,277000.0
8,500,1.7260868832159195,0.05557763165491248,485.213554025974,680.0883116883117,0.9714285714285714,385,0.998536614211413,187000.0
1440,200,1.718930589085133,0.06986000282901221,254.79257166666667,325.7125,0.9666666666666667,240,0.998530236482757,116000.0
61,411,1.7385923540502843,0.17456335440598547,101.32219333333333,191.06666666666666,0.8333333333333334,30,0.9978059479419095,12500.0
408,71,1.652621092155054,0.12174455290821382,71.12886,93.2,1.0,40,0.9975718027344858,20000.0
76,270,1.719147280226074,0.031931885002005056,90.24431,146.13333333333333,1.0,30,0.9972384775910312,15000.0
693,680,1.721088608238254,0.029205169976441705,50.24530714285714,72.78571428571429,1.0,14,0.997196994288234,7000.0
720,720,1.6822984915006192,0.08041608166284023,39.5583875,59.25,1.0,8,0.9970442210990997,4000.0
1005,996,1.7337457144903954,0.011486239882460458,31.47980666666667,54.666666666666664,1.0,15,0.9969441577608964,7500.0
906,895,1.6172966587871622,0.3054777370149761,25.732948611111112,41.083333333333336,0.8611111111111112,72,0.996895317952691,31000.0
303,303,1.6620729813664596,0.10649400060118573,29.13995,34.5,1.0,4,0.9967773927269397,2000.0
782,778,1.7301160990712074,0.015535230316827324,24.507516,29.32,1.0,25,0.9967070087235311,12500.0
774,771,1.7275541795665634,0.018422490390974704,25.7516,31.0,1.0,2,0.9965484189439178,1000.0
8,46,1.647347776908605,0.14520400303397957,45.82155405405405,68.64864864864865,0.9783783783783784,185,0.9960138251871494,90500.0
887,864,1.7105537042131245,0.03795914701569105,64.05235,103.25,1.0,4,0.9956092257899573,2000.0
927,921,1.7014442307706037,0.04553086433472397,33.886716666666665,51.958333333333336,1.0,24,0.9942369516086587,12000.0
1377,1362,1.6420338036600794,0.14453788164786974,25.96265,41.916666666666664,0.9791666666666666,48,0.9939248859583927,23500.0
799,797,1.706728859805485,0.03724308796857124,39.50436578947368,47.60526315789474,1.0,38,0.9938644703127655,19000.0
124,135,1.6841453324117608,0.06651860196882786,122.54348198757764,152.26708074534162,1.0,161,0.9936137135553527,80500.0
510,500,1.6784765029509805,0.09227980270713215,100.50218867924528,125.64150943396227,0.9811320754716981,53,0.9934141646340413,26000.0
1327,1310,1.6604761904761904,0.09721950113378686,40.57775,57.5,1.0,2,0.9933563265306123,1000.0
967,949,1.6491702075190604,0.11046023444515746,44.991009999999996,53.46666666666667,1.0,30,0.9928061533411715,15000.0
8,908,1.697871888251501,0.04729646738758138,1033.9525609927653,1367.2122186495176,0.9981913183279743,4976,0.9927950910152671,2483500.0
1353,1337,1.6911350827111695,0.053855241334875154,48.66565625,66.125,1.0,16,0.9926106054849303,8000.0
38,26,1.7724686028257455,0.3732937365504576,12.569199999999999,26.571428571428573,0.5714285714285714,7,0.9924041335240069,2000.0
1331,1310,1.7295238095238095,0.0006965986394557855,57.3639,70.66666666666667,1.0,3,0.9920185034013607,1500.0
1089,1076,1.6920752618302826,0.04976552463346893,37.02487307692308,61.07692307692308,1.0,26,0.9917597621221538,13000.0
892,889,1.6526829118073822,0.10159217326411725,13.197936842105262,28.57894736842105,1.0,76,0.991550816702188,38000.0
848,744,1.6945369672179893,0.044082374555258506,175.5455962121212,234.16666666666666,1.0,132,0.9910394992537733,66000.0
97,103,1.681742338105004,0.05992626277799937,34.55657380952381,42.26190476190476,1.0,42,0.9906748140754015,21000.0
446,445,1.6763529107314505,0.06673166723710289,42.99480208333333,53.229166666666664,1.0,48,0.9905606644637112,24000.0
260,259,1.666859296166019,0.07880929867518137,13.543589285714287,23.392857142857142,1.0,28,0.990386508068962,14000.0
916,6,1.7123670406657203,0.023834898122972716,1143.918080880579,1471.7147165259348,0.9933655006031363,3316,0.9901069358841208,1647000.0
7,96,1.718668292352503,0.007590660113874279,42.16805,52.333333333333336,1.0,6,0.9897445149751636,3000.0
692,686,1.6919766639045875,0.07680752847448617,57.787448148148144,109.62962962962963,0.9629629629629629,27,0.9887218129930697,13000.0
80,82,1.6739756094461977,0.06199569445656149,34.41014,49.7,1.0,10,0.9881889521154475,5000.0
584,581,1.6872015723525475,0.043854647511764634,65.75715,88.5,1.0,4,0.9880370231945484,2000.0
1280,1263,1.6792006070220014,0.11654996462900129,47.6901,82.5,0.9375,16,0.987895232197501,7500.0
951,908,1.6897283932179972,0.039747447034249546,160.80785454545455,222.45454545454547,1.0,11,0.9878155913974739,5500.0
973,908,1.7078150803078633,0.012475927681165004,207.2291859375,269.78125,1.0,64,0.986868810427495,32000.0
836,832,1.6928571428571428,0.03194104308390023,19.414816666666667,35.0,1.0,6,0.9867251700680272,3000.0
61,409,1.6981246363572802,0.024814330269584236,107.63749803921569,160.23529411764707,1.0,51,0.9866941536237873,25500.0
62,409,1.703530657664714,0.016397277379911954,103.91807619047619,156.14285714285714,1.0,21,0.9863314462798592,10500.0
1102,1081,1.6874297164082417,0.03778295843671941,27.771473529411765,42.73529411764706,1.0,34,0.9863067740943127,17000.0
555,548,1.6773171951692722,0.051185740515995955,38.89353888888889,62.94444444444444,1.0,18,0.9862826002225077,9000.0
892,897,1.6160218798225825,0.40397049757125025,23.405336363636366,43.984848484848484,0.7272727272727273,66,0.9857817193822263,24000.0
345,350,1.53838227098031,0.3457028786732974,36.96791666666667,47.888888888888886,0.8888888888888888,18,0.9857304386607799,8000.0
134,908,1.6644472569172923,0.06531006418452051,1264.3934320987655,1682.7283950617284,1.0,81,0.9853719220222732,40500.0
1070,1057,1.655824478551751,0.07627006396276084,23.724054545454546,35.54545454545455,1.0,22,0.9852108106095288,11000.0
5,908,1.676035593948697,0.048857071076396974,219.22347986111112,336.86805555555554,1.0,144,0.9850713589023979,72000.0
369,430,1.701590253313697,0.11475368896213209,71.61741500000001,95.0,0.9,20,0.9850622080141186,9000.0
862,871,1.6884829327174247,0.15537488823462542,112.4124,137.3125,0.875,16,0.9845056395573576,7000.0
1043,1018,1.692682247890217,0.024527582216646984,91.90043333333332,128.11111111111111,1.0,18,0.9844311738210809,9000.0
221,229,1.641735679779158,0.09158170856034074,28.935533333333336,37.0,1.0,3,0.9841687844797655,1500.0
963,934,1.7108544251447477,0.1470154404694139,34.70867,50.7,0.85,20,0.9834464021987233,8500.0
982,969,1.693515198174622,0.1864624534930651,31.294999999999998,48.916666666666664,0.8333333333333334,12,0.9833448153177684,5000.0
1461,718,1.661813537715422,0.061533328230139385,63.9609875,96.5,1.0,8,0.9831854135552106,4000.0
8,37,1.627414098801864,0.1313092865756043,42.12773393939394,71.8,0.9757575757575757,165,0.9830856982206996,80500.0
1237,1223,1.683827480027215,0.02944088082194412,72.98693333333334,116.0,1.0,3,0.9823632562574693,1500.0
1339,1322,1.6736231361231362,0.042994780008217943,32.521750000000004,37.333333333333336,1.0,6,0.9823476884517199,3000.0
788,783,1.6289196196712732,0.10194152938587522,30.481939473684207,43.973684210526315,1.0,38,0.9821503066842718,19000.0
503,475,1.6702999410960735,0.0453468992767104,70.07612307692308,82.7948717948718,1.0,39,0.9817240462214425,19500.0
1073,1061,1.6622838750964821,0.20249083053638975,33.56426470588235,50.588235294117645,0.8529411764705882,34,0.9815431521406862,14500.0
1461,699,1.6529494628485557,0.06613332107740681,97.03775714285715,122.5,1.0,14,0.9810197814626445,7000.0
1113,908,1.6656243282760435,0.04915666683575821,132.91665,211.38888888888889,1.0,18,0.980996731361145,9000.0
288,287,1.6114772491530374,0.31972975190860836,33.39443,47.65,0.8,20,0.9805098252337975,8000.0
956,549,1.6932618569728457,0.009814442770572378,193.33886153846154,299.9230769230769,1.0,13,0.98024907562031,6500.0
75,78,1.6437263437263439,0.228894912057304,11.994925225225225,16.207207207207208,0.8468468468468469,111,0.9802130651617829,47000.0
65,70,1.6911976911976911,0.012168687493362819,23.590766666666667,36.666666666666664,1.0,3,0.9801296827270853,1500.0
510,475,1.6582917044961754,0.06537433927360893,148.990423880597,181.01492537313433,0.9900497512437811,201,0.9799439089536872,99500.0
1175,10,1.5539735824604246,0.37820964834174936,18.53327894736842,33.526315789473685,0.8157894736842105,38,0.9797891695919578,15500.0
344,6,1.6532608447224886,0.0711777637811225,122.29492081218274,162.73604060913706,0.9898477157360406,197,0.9796119817441443,97500.0
1227,1272,1.6582125603864732,0.053429995449135334,26.301666666666666,39.333333333333336,1.0,3,0.97931402278933,1500.0
1150,1144,1.663751995234846,0.045842425565792704,54.60748,92.28888888888889,1.0,45,0.9792535257636763,22500.0
191,6,1.6676405046474856,0.09734858803257468,190.6659233463035,257.2762645914397,0.9416342412451362,257,0.9787510506423075,121000.0
134,25,1.6767593248159491,0.059029538149849466,135.44700555555556,203.15555555555557,0.9666666666666667,90,0.9784125913713345,43500.0
916,884,1.6379197164019597,0.30398927186022434,20.655959090909093,41.621212121212125,0.7727272727272727,66,0.9781828499370331,25500.0
1028,908,1.6651540941232146,0.06429077110494401,182.14029807692307,269.14903846153845,0.9759615384615384,208,0.9781373305192306,101500.0
1044,1018,1.683908082167807,0.013758856549677938,100.05580714285713,140.47619047619048,1.0,42,0.9776908898320262,21000.0
818,822,1.6653603980872218,0.03537669940799961,50.938703333333336,78.96666666666667,1.0,30,0.9767571690572886,15000.0
1332,1324,1.6732570562887281,0.023778692578720655,97.77360714285714,127.35714285714286,1.0,14,0.9764364302891075,7000.0
1309,1296,1.690909090909091,0.0001652892561983452,24.3432,35.5,1.0,2,0.9764132231404958,1000.0
691,685,1.5495789114562684,0.18748655485286353,29.78644,55.8,1.0,20,0.9760775310383666,10000.0
1366,1332,1.5329790755931754,0.779684300521609,117.44302857142857,155.42857142857142,0.42857142857142855,7,0.9756683489651814,1500.0
1105,1085,1.6331772299693452,0.0935260652624083,27.50507358490566,45.83018867924528,0.9811320754716981,53,0.97566833420797,26000.0
1054,1121,1.6717757804975852,0.08509094006746981,89.785365625,128.13541666666666,0.9375,96,0.975487594219275,45000.0
725,726,1.645541374414661,0.05678751825917472,32.629825000000004,47.43333333333333,1.0,60,0.9752528052436168,30000.0
1028,857,1.6734710544413245,0.05999618191737268,435.06910408163264,544.6326530612245,0.9591836734693877,49,0.9751423783925578,23500.0
1248,1239,1.6168483003242518,0.09407183654446709,34.466265,57.4,1.0,20,0.9749608710930409,10000.0
767,757,1.6010902419174882,0.1130670705019173,65.25731176470588,75.82352941176471,1.0,34,0.9743562179175705,17000.0
1028,1100,1.6193115283062023,0.14643563726212766,66.07392884615385,90.59615384615384,0.9423076923076923,52,0.974347610193427,24500.0
234,716,1.6767480667480668,0.012149661238835026,23.124657142857142,42.857142857142854,1.0,7,0.9743441250708772,3500.0
328,6,1.6457673760551608,0.05260000309416574,127.22097,168.9,1.0,40,0.974086951350314,20000.0
748,908,1.6578719604568364,0.044701792192013874,292.22204,403.92727272727274,0.990909090909091,110,0.9738320491130661,54500.0
975,965,1.6430110322022087,0.06889378997156542,23.697622972972972,29.39189189189189,0.9864864864864865,74,0.973818495818299,36500.0
489,488,1.640454981623305,0.057621872905730655,24.206684210526316,27.842105263157894,1.0,19,0.9734685545210412,9500.0
351,346,1.645540142067506,0.05054844358897493,26.203328571428575,31.214285714285715,1.0,14,0.9733805899036949,7000.0
928,923,1.666382565223986,0.022625267504068052,29.037799999999997,44.5,1.0,20,0.9733406063408149,10000.0
999,997,1.6631863385178878,0.02480057604254634,60.30558518518519,91.5925925925926,1.0,27,0.9727147082199191,13500.0
1161,1160,1.6704777449225334,0.014392003980337947,99.59610555555555,168.94444444444446,1.0,36,0.9725086991631148,18000.0
296,255,1.5518127297018094,0.4638287730915004,57.087812500000005,113.14583333333333,0.7083333333333334,48,0.9723737238081739,17000.0
603,607,1.6565362838853077,0.03032061355644335,89.35896825396826,106.61111111111111,1.0,126,0.9717106976210561,63000.0
701,696,1.651829895250948,0.03544239580490379,55.724716666666666,66.83333333333333,1.0,6,0.9713646768418503,3000.0
32,21,1.560307794057794,0.27359625207892724,12.667693333333334,22.2,0.8833333333333333,60,0.9712019932467958,26500.0
1124,908,1.643709901193465,0.04550842914855156,95.04290909090909,168.72727272727272,1.0,33,0.9711364892219516,16500.0
31,6,1.6601483839961553,0.022859731019004726,36.10416,56.4,1.0,5,0.9709172729041635,2500.0
699,699,1.5841385992093644,0.12383209514607872,49.59747,55.733333333333334,1.0,30,0.9708050682275694,15000.0
555,562,1.597454654290745,0.16952618208477374,237.36397991266375,328.73362445414847,0.9344978165938864,229,0.9701890613198962,107000.0
134,98,1.5985248585599436,0.160685039347166,23.69419223300971,29.262135922330096,0.941747572815534,103,0.9701397270727874,48500.0
1172,1159,1.6560560256491261,0.025691765018289257,15.573257142857143,26.785714285714285,1.0,14,0.9701299397651374,7000.0
872,882,1.6291568837641233,0.05923348357563005,40.21358870967742,57.5,1.0,62,0.9694327985783384,31000.0
1028,744,1.6438623910801455,0.04417376826182222,365.7442701863354,432.18633540372673,0.9937888198757764,161,0.9689337328733378,80000.0
878,857,1.655780865568208,0.020655407055006937,112.10555227272727,139.63636363636363,1.0,88,0.9685089683437854,44000.0
835,829,1.6206074587923844,0.07827227193193505,95.57160259740259,128.12987012987014,0.987012987012987,77,0.9678285612004305,38000.0
748,798,1.5829486517835294,0.11532387830700201,57.845295588235295,67.13235294117646,1.0,68,0.9677766242055125,34000.0
77,64,1.6597701149425288,0.010823094200026423,34.7797,62.0,1.0,2,0.9671549742370195,1000.0
1010,998,1.6614578686767076,0.008569957192494725,50.38399272727273,70.25454545454545,1.0,55,0.9671541346284316,27500.0
1372,1351,1.6654040404040404,0.0016866901336598232,38.80845,48.5,1.0,2,0.9666676232017142,1000.0
1040,1016,1.6666666666666667,0.0,14.162,20.0,1.0,2,0.9666666666666668,1000.0
828,818,1.658962877365304,0.009724976850136789,41.374125,53.0,1.0,4,0.9665026440011628,2000.0
948,947,1.6614906832298137,0.005574630608386996,24.751350000000002,36.5,1.0,2,0.9662686624744417,1000.0
916,591,1.6376996632067387,0.047310441078954865,323.9930117056856,372.943143812709,0.9899665551839465,299,0.9662629641615659,148000.0
1058,1053,1.6473864274550774,0.06356992345948531,20.87679019607843,31.274509803921568,0.9607843137254902,51,0.9662608421375236,24500.0
1098,1086,1.6219884865929404,0.056262883497505495,40.225996,53.0,1.0,25,0.9656742596864277,12500.0
942,931,1.6405228758169936,0.029828271177752143,24.679833333333335,28.0,1.0,3,0.9651576316801231,1500.0
110,101,1.626198681843843,0.0481767409647631,26.072429999999997,45.6,1.0,10,0.9649324950269661,5000.0
852,851,1.6361980516022134,0.034253656413440706,55.057455555555556,77.14285714285714,1.0,63,0.9647553175649176,31500.0
1038,1030,1.5700559267752388,0.448266719412852,24.60321836734694,34.673469387755105,0.673469387755102,49,0.9645432028604818,16500.0
687,682,1.6047027224273747,0.1585279300039663,82.81751666666666,110.33333333333333,0.9166666666666666,24,0.9644394679721396,11000.0
1159,1143,1.6499407013386478,0.014723501042553835,44.68373333333333,71.58333333333333,1.0,24,0.9643933308482254,12000.0
1343,1323,1.496011526298969,0.7182465330147557,98.8819,86.75,0.5,4,0.9638785704240144,1000.0
1245,1212,1.646245868826514,0.017517513119587123,34.59216,49.4,1.0,5,0.9637536014664818,2500.0
119,5,1.6416666666666666,0.023472222222222176,29.875999999999998,37.0,1.0,2,0.9637083333333334,1000.0
916,930,1.6111959654270736,0.1190003394050246,35.44835,41.333333333333336,0.9444444444444444,18,0.9635118213256701,8500.0
270,274,1.5515777181577695,0.39291036915548083,68.9671125,142.75,0.75,8,0.9635041980097521,3000.0
347,6,1.635887524394712,0.028402148298584017,114.47519738562092,150.13725490196077,1.0,153,0.96287565424746,76500.0
848,782,1.5802458824927987,0.16153507088408187,97.14744029850746,127.2089552238806,0.9402985074626866,67,0.9626484265011502,31500.0
916,961,1.5985393063337208,0.07625360358342105,83.427495,98.6,1.0,60,0.9622918036085146,30000.0
8,39,1.5920330450697655,0.08481057673348708,45.10216571428572,77.51428571428572,1.0,35,0.9622563910479525,17500.0
397,403,1.6180934568628935,0.059811131661189294,119.40768,139.4111111111111,0.9888888888888889,90,0.9618473889101808,44500.0
291,294,1.618009286831295,0.24805820647945226,129.664445,229.425,0.8,40,0.9616211766763537,16000.0
163,135,1.6621633036883607,0.12164986818681588,211.9881,300.4,0.8666666666666667,15,0.9613602819313891,6500.0
726,724,1.6461387393827152,0.06921406107570002,119.73149545454545,160.87878787878788,0.9393939393939394,66,0.9610378958939779,31000.0
1189,1175,1.6478086550166886,0.006160263681784037,29.63761666666667,48.166666666666664,1.0,12,0.9609715411112107,6000.0
8,387,1.6533704913357252,0.09835648970223054,146.521884,210.94,0.9,50,0.9608551434449593,22500.0
419,418,1.625442443176736,0.03553477020616475,42.08317777777778,51.77777777777778,1.0,9,0.9608374083325439,4500.0
866,863,1.6031333056177777,0.0641449558674962,19.810574285714285,30.37142857142857,1.0,35,0.96049680900736,17500.0
76,60,1.6375036439865633,0.01757833027203877,46.45601666666667,68.16666666666667,1.0,12,0.960274956676237,6000.0
1028,897,1.6269005572395854,0.03013415650715951,174.47344054054057,228.17567567567568,1.0,148,0.9598004698479822,74000.0
586,630,1.6318199554069117,0.02269057881426464,26.76388,40.7,1.0,10,0.9595351558070442,5000.0
1180,1168,1.6483516483516483,6.037918125830171e-05,20.7329,33.0,1.0,2,0.9593587730950367,1000.0
479,490,1.5538416217628968,0.2913658791442061,48.539883333333336,62.666666666666664,0.8333333333333334,6,0.9589464124484206,2500.0
217,211,1.6186528849572328,0.03762760204161064,19.443516666666667,31.36111111111111,1.0,36,0.9587494345953764,18000.0
488,485,1.6137209301592106,0.04309013331162368,56.65596176470588,82.55882352941177,1.0,34,0.9584154120571713,17000.0
858,744,1.6313649335722442,0.02231602118607151,263.00752151898735,330.3586497890295,0.9957805907172996,237,0.957974956999909,118000.0
7,107,1.6150444116889209,0.03963036293997577,49.27319019607843,57.549019607843135,1.0,51,0.957906873557561,25500.0
959,963,1.6329642429660516,0.014643972395510931,86.53083030303031,100.57575757575758,1.0,66,0.957578888905074,33000.0
406,416,1.6401960784313725,0.004744032689328457,71.88995,83.8,1.0,10,0.9575016411793476,5000.0
1071,1060,1.6071131540560888,0.048731636716117806,29.639409375,35.40625,1.0,32,0.957464752637271,16000.0
134,124,1.5980761126451395,0.07825691189653947,114.92705132743362,155.6283185840708,0.9823008849557522,113,0.9573977841137434,55500.0
1088,1163,1.6248608916167444,0.024660939675333664,93.81802,179.4,1.0,5,0.9573426385492979,2500.0
556,543,1.5514945652173913,0.371533570284604,14.2948625,29.5,0.75,8,0.9570578971723378,3000.0
28,6,1.611277244266898,0.08319493228817965,36.06767916666667,54.75,0.9583333333333334,24,0.9569693773932131,11500.0
1134,1070,1.6252204952599858,0.022553951849297496,51.711674074074075,62.55555555555556,1.0,27,0.9568543836587836,13500.0
166,135,1.6328199906222531,0.22627657627030756,184.45830307692307,262.4923076923077,0.7846153846153846,65,0.9563955845146089,25500.0
257,258,1.628787878787879,0.015668044077134968,19.583966666666665,31.0,1.0,3,0.9562155647382922,1500.0
926,935,1.6394230769230769,0.0004160502958579852,30.39245,47.5,1.0,2,0.9558940458579881,1000.0
1074,1059,1.5989489549032452,0.05436577878091586,50.64673333333334,67.16666666666667,1.0,6,0.955889315595573,3000.0
7,105,1.63746034853737,0.0023644369062011034,97.25148571428572,116.14285714285714,1.0,7,0.9556934704868084,3500.0
822,815,1.623474684972318,0.020414178494522605,34.68955555555556,46.25,1.0,36,0.955514127537284,18000.0
1175,908,1.6007343982142743,0.07479864977891182,262.783520625,404.8625,0.975,160,0.9552333542193833,78000.0
1221,1203,1.5185211047213614,0.24252149955568375,36.066725,58.166666666666664,0.9166666666666666,12,0.9551648917552497,5500.0
1249,1237,1.63165401426271,0.008048487942867864,58.38026666666667,72.0,1.0,3,0.9550761520879444,1500.0
1012,995,1.6180568459980222,0.025891388221932914,86.84048333333332,124.83333333333333,1.0,6,0.9549901548657888,3000.0
1044,1109,1.5864643301103658,0.06785867246123914,78.03539,91.66666666666667,1.0,30,0.9549433337825182,15000.0
834,984,1.612781315514517,0.067475975349255,64.47229090909092,102.05454545454545,0.9636363636363636,55,0.9544462279014924,26500.0
916,936,1.5961520190391265,0.0528257262341818,99.61501160714285,118.50892857142857,1.0,112,0.9543085254859052,56000.0
780,781,1.6183706816059757,0.022035744581056834,37.064175000000006,42.25,1.0,4,0.9539589960167073,2000.0
903,9,1.6294642857142856,0.006736288265306113,17.3227,30.0,1.0,2,0.9538066007653061,1000.0
388,385,1.6032248726055027,0.04123708652521314,24.857227272727272,34.67272727272727,1.0,55,0.953661074999765,27500.0
358,392,1.591250283440878,0.05674482281100179,57.26950625,67.1875,1.0,16,0.9535235602196518,8000.0
591,584,1.636995406968233,0.15815806054029743,27.372620833333333,34.291666666666664,0.8333333333333334,24,0.9522455809493825,10000.0
212,200,1.6103382049540038,0.19243158828011733,138.61257916666668,157.70833333333334,0.8333333333333334,144,0.9518647584656367,60000.0
995,996,1.5880958168699764,0.05511977889154515,53.32006870229008,74.55725190839695,1.0,131,0.9517742604154542,65500.0
52,6,1.62397504456328,0.006322139291626546,28.035024999999997,42.75,1.0,4,0.9514866596128,2000.0
746,740,1.6183851239625988,0.013454952567606468,26.021455000000003,44.35,1.0,20,0.9513905353553216,10000.0
250,251,1.6083286968819506,0.02661709551019061,27.80865,47.22727272727273,1.0,22,0.9513166074058375,11000.0
1123,1111,1.6037671957671957,0.03199468016012989,28.05092,41.6,1.0,5,0.9511052823549173,2500.0
1188,1180,1.5673467786274804,0.34718257777482825,23.855316666666667,37.1,0.7333333333333333,30,0.9510934847834407,11000.0
298,294,1.556390977443609,0.09166713776923512,80.7778,179.25,1.0,4,0.9500565323082142,2000.0
1461,719,1.5497943793745326,0.1498303538721666,64.276015,92.8,0.95,20,0.949866857911463,9500.0
447,446,1.5841568302092623,0.05283886223261417,35.806504545454544,40.40909090909091,1.0,22,0.9495143907534892,11000.0
397,404,1.5953691451460035,0.037799874219223616,119.31947407407407,137.66666666666666,1.0,27,0.9494876203241684,13500.0
916,978,1.6095967595448655,0.018095927876675157,156.055471,177.07,1.0,100,0.9492674821809489,50000.0
860,854,1.60346705956178,0.025937976152103956,33.1027,48.42857142857143,1.0,28,0.9491682166703432,14000.0
1115,1098,1.5943379446640316,0.035188277420437154,26.333372727272728,38.95454545454545,1.0,22,0.9482916610917438,11000.0
1046,1036,1.596240755563134,0.045368734010150624,39.75538108108108,47.770270270270274,0.9864864864864865,74,0.9480528683742447,36500.0
469,469,1.6105180204595582,0.07484840810166893,37.308012500000004,56.8125,0.9375,16,0.947911730614324,7500.0
888,880,1.5906996988518727,0.03854370296935293,24.886805000000003,35.775,1.0,40,0.9478429904315551,20000.0
1425,1407,1.6139162561576355,9.175786842679786e-05,39.1146,46.0,1.0,2,0.9455940298235822,1000.0
1223,1234,1.567017543859649,0.06247682363804249,21.076166666666666,32.333333333333336,1.0,3,0.9455500646352724,1500.0
434,425,1.592796766966866,0.02762758889533257,139.15288055555556,178.83333333333334,1.0,36,0.9454069834553461,18000.0
403,399,1.573655465660293,0.052704445368077696,57.58879743589743,80.87179487179488,1.0,39,0.9452735198745406,19500.0
447,447,1.611791926851026,0.0010193263148212822,61.571774999999995,69.0,1.0,4,0.9450225686348569,2000.0
93,104,1.607357173889432,0.006724265122955135,37.562466666666666,42.77777777777778,1.0,9,0.9449601490926595,4500.0
375,369,1.6007676248324276,0.013663876003254954,45.013710256410256,57.205128205128204,1.0,39,0.9444062127339475,19500.0
423,420,1.6566129858061291,0.21631406563178168,65.628325,107.27777777777777,0.7222222222222222,36,0.9442060806786529,13000.0
436,425,1.6264811282643274,0.12153813589427016,102.05841428571429,124.57142857142857,0.8571428571428571,7,0.9441967492168692,3000.0
445,442,1.5967681027176097,0.14017903904386692,30.84991219512195,45.78048780487805,0.8780487804878049,41,0.9441755869465455,18000.0
128,134,1.4970814132104455,0.1507423845940272,27.8944,39.75,1.0,4,0.9440552806623863,2000.0
862,1292,1.5935726125465104,0.02043106831804135,241.6328350877193,270.3333333333333,1.0,57,0.9435583655140166,28500.0
455,449,1.5879560186189927,0.040376126602801946,46.73328769230769,68.2,0.9846153846153847,65,0.9426798608130531,32000.0
777,763,1.5713529178958698,0.04709220501697346,41.00731923076923,58.80769230769231,1.0,26,0.9426688286634399,13000.0
1062,1095,1.5835845167887537,0.02862238729477797,32.110015625,51.375,1.0,32,0.9420205229039349,16000.0
894,908,1.585487041706635,0.20464947576078713,13.028964285714284,28.107142857142858,0.8214285714285714,28,0.9420182308394616,11500.0
1028,853,1.578133905243952,0.034692154996554224,101.37866082474227,122.65979381443299,1.0,97,0.9416612085965471,48500.0
360,382,1.5965008792122546,0.009679348478583457,46.29444285714286,51.0,1.0,7,0.941504156228477,3500.0
857,846,1.577617438052933,0.033859042646323466,51.36382619047619,58.38095238095238,1.0,42,0.9412046880150702,21000.0
767,764,1.5763888888888888,0.03481867283950616,30.001350000000002,33.5,1.0,2,0.9410011574074074,1000.0
609,562,1.5428207506414238,0.07932528952527125,60.48050357142857,90.60714285714286,1.0,28,0.9409258871141509,14000.0
575,585,1.547616655349283,0.07242810135454268,38.006083333333336,52.27777777777778,1.0,36,0.9407750925460762,18000.0
7,102,1.5718970327908521,0.03959219340763372,54.0627,64.36111111111111,1.0,36,0.940636471138631,18000.0
1175,1156,1.526002405705853,0.11730583204328943,52.66212708333333,84.625,0.9791666666666666,48,0.939342711895328,23500.0
1403,1332,1.6507448002993919,0.1301190737184303,131.87578000000002,177.0,0.8,5,0.9393336422352858,2000.0
919,914,1.559824121119006,0.04966230045524855,23.609312,27.8,1.0,50,0.938828338584177,25000.0
566,6,1.5895447182480107,0.029498599774491718,700.4057628787879,854.6482683982684,0.9805194805194806,924,0.9388233113873959,453000.0
936,920,1.5279519607770253,0.09163820224906999,33.65817894736842,48.526315789473685,1.0,19,0.9386722449855311,9500.0
418,417,1.6132754828407,0.22766235759802253,33.595275,51.0,0.75,4,0.9386089004156869,1500.0
486,476,1.5301768159847233,0.08820564615529827,34.42552222222222,48.80555555555556,1.0,36,0.9385324202404789,18000.0
1344,1323,1.510580303527349,0.6130617993371573,99.30272500000001,91.25,0.5,4,0.9381506612120869,1000.0
110,5,1.5495689655172413,0.060948647443519584,43.25705,72.0,1.0,2,0.9381121804399524,1000.0
1251,1229,1.5778101063642502,0.021333152405139742,24.190806666666667,32.8,1.0,15,0.937523988267242,7500.0
352,348,1.5679782101169715,0.08995779748291148,34.62404444444444,38.77777777777778,0.9444444444444444,18,0.9375119566249953,8500.0
499,496,1.5914612736647866,0.08048630294086984,50.86787142857143,58.904761904761905,0.9206349206349206,63,0.9369208765386519,29000.0
969,958,1.5705080758021936,0.02856227638855243,44.4637,48.2,1.0,30,0.9367719132374434,15000.0
681,676,1.565039125310023,0.034607563982432185,33.821177272727276,48.09090909090909,1.0,22,0.936397919318739,11000.0
168,6,1.570213882746704,0.24928752199448065,69.61724444444445,94.44444444444444,0.7777777777777778,9,0.9362051430303591,3500.0
138,136,1.5761247021075004,0.35094669503949755,28.010366666666666,42.916666666666664,0.6666666666666666,12,0.9357338893548495,4000.0
906,910,1.5491646313245393,0.11922791828902378,37.81933,50.96666666666667,0.9333333333333333,30,0.9354342280165229,14000.0
448,447,1.5811336460292815,0.009888335458920271,32.51067272727273,35.27272727272727,1.0,22,0.9354199590493887,11000.0
1004,997,1.5719517447421905,0.021612941057998124,30.14816338028169,45.0,1.0,71,0.9352645802142757,35500.0
426,428,1.5776993969734896,0.013877681818188289,67.3157,104.75,1.0,4,0.9352430633348524,2000.0
1097,1076,1.5781319517741443,0.013127287203098907,44.0799625,60.9375,1.0,16,0.9351909668705874,8000.0
1015,994,1.5633650592406767,0.032344071418249506,60.49447407407407,79.48148148148148,1.0,27,0.9350492451217456,13500.0
220,234,1.5857142857142859,0.0004081632653061291,19.087049999999998,24.5,1.0,2,0.9344081632653062,1000.0
1103,1087,1.5772164643957658,0.10979280030580724,30.120775000000002,43.65,0.9,20,0.9338244258500485,9000.0
1011,1000,1.5689668174962292,0.019930665037798383,32.421325,46.0,1.0,4,0.9335659265098312,2000.0
996,989,1.5042510860922573,0.12637241852763487,19.384748979591837,28.26530612244898,0.9795918367346939,49,0.9334897110156016,24000.0
1194,1178,1.5593569376247016,0.03199073834526086,14.621599999999999,24.073170731707318,1.0,41,0.933339996553459,20500.0
772,770,1.5103808761097763,0.09574208943799337,27.1334,29.0,1.0,9,0.9328749772753087,4500.0
1168,1158,1.5334268312414767,0.06269525161648054,15.383886666666665,24.9,1.0,30,0.9321793079815349,15000.0
916,949,1.5773127333989982,0.0022217423657605257,142.43103636363637,160.54545454545453,1.0,11,0.9315916160693275,5500.0
1007,1005,1.5312314642264586,0.06332679175749066,34.06872,45.6,1.0,10,0.9314906232178306,5000.0
1167,1145,1.5725417439703155,0.007887633736427818,18.24514285714286,26.285714285714285,1.0,7,0.9313829877090546,3500.0
933,928,1.4457338794280281,0.3266831125827403,34.94178,58.45,0.85,20,0.9312984855460333,8500.0
694,6,1.5572396084035238,0.08868942504913127,182.37141446945336,231.10932475884243,0.9389067524115756,311,0.9311746965996216,146000.0
1305,857,1.5658107033823767,0.015003729580418266,263.47667670454547,305.28977272727275,1.0,176,0.9308254002270762,88000.0
1098,1093,1.5006364859748058,0.16055777692112091,32.237169411764704,47.92941176470588,0.9411764705882353,85,0.9307748686427292,40000.0
1307,1293,1.5681818181818183,0.009297520661157023,12.94785,15.0,1.0,2,0.9300619834710746,1000.0
931,919,1.5384921618596994,0.047270899413397675,57.91730833333333,82.25,1.0,24,0.9295781345678991,12000.0
1148,1131,1.579075693674599,0.38838473444782684,28.774,40.2,0.6,20,0.9281456978041877,6000.0
748,807,1.5692208885514831,0.032527320840522934,188.149903968254,216.86507936507937,0.9682539682539683,126,0.9279227421489407,61000.0
1028,1014,1.5622317529552656,0.10519343429727376,26.895590476190478,43.523809523809526,0.9047619047619048,21,0.9278793028998599,9500.0
876,864,1.5547621119181894,0.018791382545044394,34.495623529411766,47.73529411764706,1.0,34,0.9275422595307891,17000.0
907,910,1.5508695367405154,0.09068961741625427,38.34455810810811,52.0,0.9324324324324325,74,0.9272844296508121,34500.0
574,575,1.542002070696697,0.03348829721105054,47.677144444444444,55.0,1.0,63,0.926847317441994,31500.0
1116,908,1.5614725994397252,0.05723890920413076,76.33637999999999,128.25,0.95,20,0.9267607125371293,9500.0
748,741,1.5409735829642197,0.03434412257878218,59.032186249999995,86.075,1.0,80,0.9266926699593225,40000.0
495,494,1.5291919282604414,0.06621947070087107,32.26460185185185,43.574074074074076,0.9814814814814815,54,0.9259870569588825,26500.0
251,256,1.405568690616076,0.4610283661120093,53.9031375,89.875,0.75,8,0.9255359860800332,3000.0
426,433,1.5075421727672638,0.07357294895422252,70.10588888888888,78.94444444444444,1.0,18,0.9250887537931723,9000.0
759,753,1.54352204438074,0.025441103082182993,27.445390000000003,38.6,1.0,40,0.925041148676951,20000.0
1119,908,1.5520341969598672,0.03771490833262634,109.67394146341462,167.46341463414635,0.975609756097561,41,0.9248110781130031,20000.0
949,944,1.5215065590771235,0.051491096841419885,30.71580833333333,43.5,1.0,12,0.9240499526832755,6000.0
170,166,1.5266122766122765,0.04448257000704553,10.629833333333332,18.166666666666668,1.0,6,0.9239896816470242,3000.0
517,509,1.4919397530001246,0.08701913784344964,21.02073181818182,28.772727272727273,1.0,22,0.9228816425530847,11000.0
192,188,1.5487600207946575,0.07764531081081634,48.98320344827586,52.08620689655172,0.9310344827586207,58,0.9221079463886941,27000.0
126,128,1.6470773160428334,0.2763269213083062,28.465459999999997,43.8,0.6,5,0.9217290028096252,1500.0
163,165,1.5138608870967742,0.053655329102352885,31.0980125,42.875,1.0,8,0.9216409535694156,4000.0
574,744,1.5259627634496178,0.22049501060912194,211.05920504587155,258.29816513761466,0.8165137614678899,218,0.9214877370029507,89000.0
1106,1091,1.4929697369143735,0.07937923684759401,13.698367647058824,18.147058823529413,1.0,34,0.9210016658200276,17000.0
851,849,1.5009140333475572,0.06441270909740336,43.60034473684211,61.55263157894737,1.0,38,0.919689426068244,19000.0
76,274,1.5510381100468176,0.1084783803974869,147.72351111111112,239.22222222222223,0.8888888888888888,9,0.9196254248046398,4000.0
1061,1054,1.5407744565217392,0.010611945472764823,22.698775,36.5625,1.0,16,0.9194933662505251,8000.0
827,824,1.5277472297104557,0.02734709546540908,60.52592542372881,86.50847457627118,1.0,59,0.919303020523805,29500.0
278,262,1.5207290860456297,0.03322784384586155,83.88906666666666,190.75,1.0,12,0.9182599875720103,6000.0
882,870,1.5145941046884042,0.074453832900313,38.96431,56.36666666666667,0.9666666666666667,30,0.9181737917454557,14500.0
459,456,1.598705235867621,0.17853988571921917,27.3622375,54.0,0.75,16,0.9180440600628142,6000.0
378,660,1.5606465698653198,0.1457418174806814,30.591754166666664,46.5,0.8333333333333334,24,0.9179811731903323,10000.0
813,813,1.520638730465981,0.03216522600259779,38.30243125,62.6875,1.0,16,0.9179050599871716,8000.0
1219,1418,1.569867469564097,0.053388739092111274,305.49983478260873,362.69565217391306,0.9130434782608695,23,0.9178766530315331,10500.0
1196,1188,1.5117011851974258,0.043240650477405725,18.308409523809523,25.69047619047619,1.0,42,0.9176526692221921,21000.0
694,689,1.4561502194088793,0.11726766556625637,73.44208,109.6,1.0,5,0.9176403874334287,2500.0
479,468,1.5091812445501056,0.04477586703506433,189.17303309352516,271.67625899280574,1.0,139,0.9171052579305616,69500.0
1272,1256,1.534979888603077,0.010365781453524478,18.986066666666666,27.11111111111111,1.0,9,0.9171016898772881,4500.0
1169,1150,1.5098865943344828,0.04145152000631148,33.11486363636364,48.0,1.0,55,0.9163900937356867,27500.0
1015,995,1.5232516836508767,0.022803812349401594,56.32389375,71.4375,1.0,16,0.9161418171651713,8000.0
1135,1056,1.5378787878787878,0.00286960514233241,44.095749999999995,59.0,1.0,2,0.916012396694215,1000.0
887,869,1.51254760392017,0.036562429836380805,35.347552941176474,48.88235294117647,1.0,34,0.9159877705189824,17000.0
463,436,1.498756716616995,0.05446209719261485,48.725814285714286,70.28571428571429,1.0,7,0.9158413158045826,3500.0
1486,1467,1.5999999999999999,0.41795918367346924,39.29405,48.0,0.5,2,0.9153877551020408,500.0
411,415,1.507315215648549,0.04104343011337564,33.4919,48.333333333333336,1.0,6,0.9152391152934324,3000.0
993,986,1.5190972222222223,0.02370675797325102,31.060100000000002,41.0,1.0,4,0.9147509162808641,2000.0
1205,1187,1.4280701754385963,0.14456140350877197,15.606116666666667,27.5,1.0,6,0.9145964912280701,3000.0
801,793,1.4889652894350547,0.0629618384289855,25.829333333333334,37.75,1.0,12,0.9144746673027175,6000.0
8,167,1.5517369481014744,0.0614496811620658,62.23936944444444,77.77777777777777,0.9166666666666666,36,0.9141296835892095,16500.0
451,448,1.5183663895847568,0.12765936599939248,43.28741228070176,67.45614035087719,0.8947368421052632,57,0.9140654182652995,25500.0
957,948,1.5135729107715525,0.027307827579915473,32.67058333333333,37.833333333333336,1.0,6,0.9136215125825956,3000.0
1144,1130,1.5277073732718893,0.008350512681659551,24.109,36.75,1.0,4,0.9135881031132537,2000.0
997,990,1.5270681589016522,0.022638420922801154,27.334055555555558,38.541666666666664,0.9861111111111112,72,0.9134521231708346,35500.0
1045,1035,1.5352118119975262,0.03142418316954209,12.851285714285714,17.821428571428573,0.9642857142857143,28,0.9127976940355874,13500.0
909,903,1.5180091547949306,0.018069821152003476,19.702269444444443,27.52777777777778,1.0,36,0.9126246082635733,18000.0
1068,1059,1.5095080036063009,0.060530671718819935,32.618071875,46.03125,0.96875,32,0.9125874029581664,15500.0
981,970,1.530791788856305,0.00042999286211848806,29.54045,40.5,1.0,2,0.9124457134011575,1000.0
1447,1409,1.5085389023291902,0.09190270007444354,84.8498375,125.0,0.9375,16,0.9122363709540092,7500.0
1396,1376,1.524623803009576,0.007186776979108379,58.34625,62.25,1.0,4,0.9120055542975629,2000.0
819,808,1.5066924990313975,0.029133333001358043,32.61129230769231,46.23076923076923,1.0,26,0.9114169995129664,13000.0
1319,1303,1.5277777777777777,0.0007716049382716025,42.743,45.666666666666664,1.0,3,0.9113425925925926,1500.0
790,780,1.4926078092658044,0.04596960765016304,86.81698125000001,102.9375,1.0,48,0.9108340060013705,24000.0
204,189,1.5110722240451209,0.08940547097476796,53.0090724137931,55.327586206896555,0.9310344827586207,58,0.910560875738065,27000.0
748,847,1.5171087995517107,0.032641561525818166,185.54507972027972,222.62937062937064,0.9790209790209791,143,0.9103422819847234,70000.0
767,752,1.5313317871741785,0.24087961712747435,62.5768875,83.5,0.75,8,0.9097966000079137,3000.0
1464,1440,1.524437012263099,0.3318538569665515,32.38635,36.833333333333336,0.6666666666666666,6,0.909330961995205,2000.0
165,135,1.5716608389477815,0.10421207824304436,169.68595319148938,228.9787234042553,0.8297872340425532,47,0.9088641292647919,19500.0
788,787,1.482480620155039,0.38506032089417686,70.76683333333334,91.0,0.6666666666666666,3,0.9085103443302686,1000.0
838,829,1.4933122038430504,0.10156746585228786,41.77826666666667,47.4,0.9333333333333333,15,0.9077951212929065,7000.0
916,562,1.5250242937405267,0.02838220329615356,454.88821493212674,538.3778280542987,0.9638009049773756,442,0.9076646499782695,213000.0
556,547,1.4859277296777298,0.0398248811975978,14.375824999999999,19.25,1.0,12,0.9063185562303712,6000.0
81,82,1.5056277056277056,0.012074736230580396,32.244725,39.0,1.0,4,0.9058735031202564,2000.0
1084,1078,1.4987565876152833,0.020952390041618772,25.860275,34.5,1.0,20,0.9057883520585989,10000.0
344,334,1.5143818604082924,0.08726926652102997,92.4403246031746,124.35714285714286,0.9126984126984127,126,0.9057430479291497,57500.0
937,925,1.4758003832946456,0.10961403710242694,34.57789117647059,46.470588235294116,0.9411764705882353,34,0.9055573056250569,16000.0
1162,1147,1.5182065741276267,0.13623856460074346,16.78907142857143,24.857142857142858,0.8571428571428571,14,0.9052970561741309,6000.0
688,684,1.4914487635290945,0.028785587371728098,65.34140555555555,86.38888888888889,1.0,36,0.9052151816231563,18000.0
954,942,1.5113911151505135,0.0015251071630724563,33.789342857142856,54.0,1.0,7,0.9050139782091271,3500.0
434,435,1.492767323026296,0.025673961989015264,108.96728095238095,140.71428571428572,1.0,21,0.9048091178072228,10500.0
1028,1032,1.4726458540377179,0.05233300190744466,94.84916282051282,127.41025641025641,1.0,78,0.9047582421873206,39000.0
748,987,1.4896333379622566,0.06434300751400292,130.76510598802395,150.14970059880238,0.9640718562874252,167,0.904377794325331,80500.0
894,897,1.4918777596738892,0.3947633903703779,27.336392592592595,44.32098765432099,0.6296296296296297,81,0.9040690098695581,25500.0
1323,1304,1.4147286821705427,0.12694549606393846,33.41525,40.0,1.0,2,0.9039751216873986,1000.0
1013,1003,1.462822510822511,0.062367341691497546,24.603720000000003,33.0,1.0,5,0.9038392068364536,2500.0
977,971,1.507673718540049,0.0012211946125776428,81.8691,114.125,1.0,8,0.903435845799793,4000.0
1171,1153,1.5303519232717526,0.11160819753482384,30.781171428571426,50.0,0.8571428571428571,21,0.9027660857120053,9000.0
807,804,1.4869778848154134,0.026061599856264203,26.000342105263158,34.68421052631579,1.0,38,0.9026096338830445,19000.0
700,697,1.447530212595894,0.09933174989389904,33.90481666666667,46.07142857142857,0.9761904761904762,42,0.9016687528636702,20500.0
1347,1329,1.4761897205971222,0.03584672539621873,46.84972222222222,64.16666666666667,1.0,18,0.9012299058577145,9000.0
1200,1185,1.4626959247648903,0.0535478228397913,23.0869,39.0,1.0,3,0.9011427167578935,1500.0
992,801,1.4632624434991046,0.05010772202349362,41.23030476190476,65.14285714285714,1.0,42,0.9003372940066898,21000.0
767,767,1.48454874373992,0.14060047468514644,31.8053625,45.875,0.875,8,0.8984996399015119,3500.0
165,161,1.4813048109577285,0.018888952151474073,59.803799999999995,80.08333333333333,1.0,12,0.8981886100285336,6000.0
758,755,1.4644032814799406,0.04126883735595556,28.99303157894737,37.10526315789474,1.0,38,0.898141963798763,19000.0
1143,1119,1.4622961577258433,0.04390750328626592,28.661786486486488,38.86486486486486,1.0,74,0.8980907140762171,37000.0
973,975,1.4787198239140031,0.02036037799555819,63.718714999999996,84.0,1.0,60,0.8975960429642688,30000.0
748,752,1.465079121148575,0.03466557920060784,86.86295833333334,99.16666666666667,1.0,12,0.8964313222196123,6000.0
41,6,1.4867811630746899,0.0056845783531658325,45.510071428571436,64.85714285714286,1.0,7,0.8964178387358257,3500.0
397,398,1.4774955600327586,0.016125970759568117,68.762625,99.0,1.0,8,0.8958360152409738,4000.0
364,358,1.5048885674428016,0.18019236573376315,65.662125,94.54166666666667,0.7916666666666666,24,0.8935131366972495,9500.0
806,984,1.4778867102396516,0.003457784357025307,40.69728333333333,65.0,1.0,6,0.8921920194029682,3000.0
385,377,1.4861909237379163,0.15763924424884718,43.9231,56.5,0.8333333333333334,6,0.8917681427698207,2500.0
358,393,1.4732598039215685,0.06834063002833667,29.53190625,31.75,0.9375,16,0.8910561105771284,7500.0
171,29,1.513069246939788,0.11894315588713195,24.197903333333333,42.333333333333336,0.8333333333333334,30,0.8909106455420548,12500.0
371,367,1.4201860231271997,0.07439756013529415,28.88005,31.5,1.0,4,0.8903936772914681,2000.0
1197,1177,1.493521455085184,0.08669738717840873,47.761575,75.11111111111111,0.8888888888888888,36,0.890084464854263,16000.0
779,772,1.4725098635025105,0.04205335514276516,32.595503846153846,42.38461538461539,0.9615384615384616,26,0.8900814904053722,12500.0
997,988,1.4297334311555325,0.06061078143901573,21.648750000000003,29.916666666666668,1.0,12,0.8900766068939178,6000.0
184,182,1.4876310544722486,0.044762887063515465,70.00538125,107.5625,0.9375,16,0.8897312879079542,7500.0
1109,1068,1.4386712778404795,0.044443710494199935,34.9112,46.0,1.0,10,0.8888016242844518,5000.0
583,581,1.4533248081841432,0.022259960361326787,34.77285,42.0,1.0,2,0.8880079113820554,1000.0
903,888,1.4693974237929353,0.22262950390359798,24.138809677419353,37.1505376344086,0.7741935483870968,93,0.8868058852043824,36000.0
566,744,1.5000440852873371,0.06588088942130287,356.4762726235741,422.45247148288973,0.8897338403041825,263,0.8867020530325805,116999.99999999999
1153,8,1.4419642857142856,0.029057716836734727,27.6167,43.5,1.0,2,0.8855030293367347,1000.0
115,117,1.4615384615384617,0.002958579881656792,26.0465,39.5,1.0,2,0.8855029585798816,1000.0
1158,1135,1.451065126701692,0.016876638607456033,17.460949999999997,26.941176470588236,1.0,34,0.8854890422629137,17000.0
901,887,1.4543508562325769,0.01222524863123165,21.66803333333333,36.333333333333336,1.0,3,0.8854079170824003,1500.0
702,696,1.471486598641127,0.024789555808591233,90.96081071428571,103.0,0.9642857142857143,28,0.8853172204847425,13500.0
821,817,1.4743175016657044,0.05446400790840479,64.87195694444443,94.45833333333333,0.9305555555555556,72,0.8852328697054699,33500.0
7,130,1.455642965751387,0.009412709307687896,93.82331428571429,104.57142857142857,1.0,7,0.8850809990928612,3500.0
325,322,1.4555648956887346,0.00828150204014786,33.701233333333334,44.416666666666664,1.0,12,0.8847104088875383,6000.0
756,762,1.4566973791163735,0.005407213790585932,62.862674999999996,83.5,1.0,4,0.8843011157837252,2000.0
874,1316,1.3877155339345086,0.5477321685420359,64.97371818181819,91.0909090909091,0.5454545454545454,22,0.8830422277727779,6000.0
766,767,1.416469112195164,0.1078924969263448,31.536272222222223,44.22222222222222,0.9444444444444444,18,0.8822887272893024,8500.0
335,684,1.5316121760007209,0.14712309509351243,61.39875,107.0,0.75,4,0.8817817989283421,1500.0
450,444,1.4287877066094268,0.03352817423723607,60.051058035714284,66.03571428571429,1.0,112,0.8815735349149416,56000.0
856,848,1.4548846587428736,0.04965563206423972,39.20505964912281,51.98245614035088,0.9473684210526315,57,0.8810610794322109,27000.0
919,912,1.4506179304566402,0.001305814462935699,26.462249999999997,36.0,1.0,4,0.8806389165215368,2000.0
1461,710,1.443838980054825,0.20998261936843504,103.77914000000001,124.2,0.8,10,0.8805303778324606,4000.0
241,241,1.4166086393281516,0.04445320990112086,36.48021,47.6,1.0,10,0.8799794187015968,5000.0
1243,1225,1.3855501191848263,0.41795738123320125,27.516444444444446,33.44444444444444,0.6666666666666666,9,0.8796072620438908,3000.0
102,100,1.4349322380024134,0.01579804873740932,23.807261111111114,50.888888888888886,1.0,18,0.8787123098221882,9000.0
345,349,1.442686691629962,0.2357279841940834,30.29335769230769,32.19230769230769,0.7692307692307693,26,0.8785623026794406,10000.0
168,25,1.4582677738927738,0.10892813786208878,29.420875000000002,46.0,0.875,8,0.8784855509157362,3500.0
8,169,1.5302866315509311,0.1418533334913501,46.03714603174603,78.58730158730158,0.746031746031746,63,0.8784801764773013,23500.0
134,144,1.4267471091000503,0.02356402142401611,53.30723333333333,62.333333333333336,1.0,3,0.8777680500672249,1500.0
906,884,1.4596581019930674,0.41207695100778297,22.860256565656563,35.44444444444444,0.5656565656565656,99,0.8771832957965315,28000.0
992,985,1.4254301451302676,0.022112694672646278,31.338690000000003,41.2,1.0,10,0.8768058664539009,5000.0
307,306,1.4213675213675214,0.0275235590620206,16.882433333333335,16.0,1.0,3,0.8768040762656147,1500.0
613,613,1.4184050886267006,0.029998455503040915,28.98890714285714,39.42857142857143,1.0,14,0.8763615721015924,7000.0
998,989,1.4335270754625593,0.006579400136738907,26.028793750000002,33.9375,1.0,16,0.8753846502260453,8000.0
509,507,1.4375,0.0,17.769299999999998,23.0,1.0,2,0.875,1000.0
154,157,1.4624238852579783,0.07502558267169578,57.08432222222223,106.05555555555556,0.8888888888888888,18,0.8741438955713667,8000.0
391,6,1.4834391396799607,0.03470814869524853,152.32085999999998,182.1,0.9,10,0.8737881004805589,4500.0
267,265,1.4210120286471462,0.01751405749679051,33.794335000000004,43.9,1.0,20,0.8736590287078957,10000.0
794,793,1.4218327235003014,0.014702914242469365,55.15806666666666,67.33333333333333,1.0,3,0.8731439636728614,1500.0
1278,1264,1.4242568668309137,0.04997711424249627,46.73440416666667,58.416666666666664,0.9583333333333334,24,0.8721958810051144,11500.0
678,674,1.420772491905308,0.17926045960247622,51.30126666666666,72.83333333333333,0.8333333333333334,6,0.872087134642866,2500.0
1186,1175,1.425151515151515,0.00563558783097245,20.490645454545454,29.272727272727273,1.0,11,0.8717512824098977,5500.0
916,829,1.430602784703184,0.021103074179872013,187.75503720930232,215.17441860465115,0.9767441860465116,172,0.8715952919491887,84000.0
129,133,1.4080662393162393,0.026750829709094155,45.759150000000005,46.833333333333336,1.0,6,0.871251744639224,3000.0
836,829,1.4245621197308438,0.0022495102846973197,59.769533333333335,72.33333333333333,1.0,3,0.8704997009777468,1500.0
554,969,1.4206231044940723,0.005874779335117127,54.9947,74.0,1.0,3,0.870011675598164,1500.0
968,908,1.412548499487909,0.01603130200547618,112.38521,124.4875,1.0,80,0.8698287903968065,40000.0
702,699,1.41398315925074,0.013133481427534458,47.68246666666666,49.0,1.0,6,0.8695333081285562,3000.0
579,574,1.4132444479768194,0.013737858200974184,31.01159761904762,39.785714285714285,1.0,42,0.86941913665102,21000.0
106,105,1.4701555534240645,0.03884626490309345,60.39848823529412,66.91176470588235,0.8970588235294118,68,0.8688337478993773,30500.0
265,263,1.4069786721158486,0.019073434763375134,28.121973333333337,58.666666666666664,1.0,15,0.8685134992753519,7500.0
165,162,1.4027860017246336,0.01721179883059704,59.949325,75.5,1.0,8,0.8662779403390326,4000.0
894,888,1.4030464097423356,0.3117820252056015,14.163045454545454,21.272727272727273,0.7045454545454546,88,0.8661168078222511,31000.0
765,757,1.399819650532409,0.01978950987611318,44.80089999999999,58.0,1.0,3,0.8658647131757976,1500.0
93,118,1.4057971014492754,0.010501995379122013,27.50215,27.0,1.0,2,0.8654694391934468,1000.0
1144,1125,1.4234640756824217,0.07260310627432849,36.96921764705883,54.53921568627451,0.9117647058823529,102,0.8646959739199731,46500.0
834,908,1.425105650978903,0.012315992147853947,196.07543161290323,250.52903225806452,0.967741935483871,155,0.8640596386810788,75000.0
85,97,1.4665473372306397,0.1534150766214127,37.90447678571429,48.32142857142857,0.7678571428571429,56,0.8630006007358226,21500.0
907,912,1.4043880169033407,0.003595136901996384,38.51776666666667,48.5,1.0,6,0.8628337478319352,3000.0
91,135,1.4432371102820227,0.07985027151828715,77.75780117647058,110.50588235294117,0.8705882352941177,85,0.8624263961565305,37000.0
88,91,1.397820265042052,0.008749128163947262,25.956986363636364,34.22727272727273,1.0,44,0.861752844466005,22000.0
723,725,1.3925187400843824,0.013389485702179101,84.35904000000001,94.0,1.0,5,0.8610243417444068,2500.0
1082,1076,1.4070726436425685,0.03030343167917866,53.606264,54.52,0.96,25,0.859920086960781,12000.0
398,392,1.399436600352493,0.027227571100243656,41.070505555555556,42.94444444444444,0.9722222222222222,36,0.859609578137737,17500.0
8,31,1.3883281862399879,0.012299530209214152,43.0432,62.92857142857143,1.0,14,0.8590211335587593,7000.0
350,351,1.4330495459594068,0.15111735948788238,26.02334666666667,33.06666666666667,0.8,15,0.8585550262301275,6000.0
1116,1111,1.3868002879990238,0.012503221067346864,43.41531666666666,56.0,1.0,12,0.8584710815198137,6000.0
62,411,1.4503199709278685,0.08154229470643906,106.5765,168.07692307692307,0.8461538461538461,13,0.8584368306292329,5500.0
995,990,1.3897531684391669,0.00697028818930829,42.296060714285716,54.357142857142854,1.0,28,0.8579923538324592,14000.0
116,116,1.389811782420478,0.006812684291361284,24.7991875,30.9375,1.0,16,0.8579685182555997,8000.0
193,193,1.4375131743195684,0.06318832635867734,32.854148,47.04,0.88,25,0.8579617676354306,11000.0
100,5,1.4563827787070793,0.09586749693339863,30.215262962962964,44.51851851851852,0.8148148148148148,27,0.8557578050072958,11000.0
76,249,1.4581676098425038,0.18513264938465016,104.2427880952381,136.3968253968254,0.7222222222222222,126,0.8554735054190633,45500.0
834,836,1.4199643445103065,0.04720868112050105,52.811596296296294,59.96296296296296,0.9074074074074074,54,0.8543705643624951,24500.0
983,971,1.4814337472760468,0.09014099016617244,78.49720625,102.53125,0.78125,32,0.8539907959602705,12500.0
1049,1037,1.3929260989340042,0.033887817316018816,24.36830909090909,32.5,0.9545454545454546,22,0.8537004211320437,10500.0
699,702,1.3979838723840656,0.04151728792396559,123.91045625,146.0,0.9375,16,0.852898735330816,7500.0
288,256,1.438668278204369,0.06611315905139938,70.50160000000001,75.42857142857143,0.8571428571428571,7,0.8524441161400245,3000.0
255,295,1.380327868852459,0.0007739854877721025,45.62765,80.0,1.0,2,0.8523633431873152,1000.0
707,708,1.4955607992070326,0.3468091839042828,76.0218125,97.8125,0.5,16,0.8522670748540979,4000.0
823,821,1.473123430685873,0.1234347503374797,38.92815,53.5,0.75,4,0.851279797375593,1500.0
261,276,1.3595666112356846,0.024539346060744423,87.12300833333335,172.75,1.0,12,0.8511884483124973,6000.0
803,802,1.4159139420278202,0.05246675470431103,30.846381578947366,40.0,0.8947368421052632,38,0.8505266558540004,17000.0
120,119,1.3673719958202717,0.011089880355094936,28.65005,34.75,1.0,4,0.8502757624346372,2000.0
117,115,1.3706293706293706,0.005501491515477542,26.00055,33.0,1.0,2,0.8499021957063915,1000.0
166,162,1.3696236559139785,0.004426089721355083,31.29465,37.5,1.0,2,0.849177289281998,1000.0
256,266,1.4063802334092401,0.11346706959559971,69.43348571428571,92.26785714285714,0.8392857142857143,56,0.8483779285280902,23500.0
436,435,1.3538896973665886,0.018601812035488764,71.57538,66.25,1.0,20,0.8471364225572822,10000.0
439,437,1.3647347421860165,0.003837237998311644,30.157159999999998,39.8,1.0,5,0.8470450682739,2500.0
594,592,1.4309736842387657,0.057819712414937004,122.95889999999999,170.71428571428572,0.8571428571428571,7,0.8468782445628446,3000.0
1192,1182,1.3654793906810037,0.002204049661328876,51.0118,68.66666666666667,1.0,3,0.8468529711708002,1500.0
946,931,1.4288821202613675,0.0384154394525753,43.98701515151515,58.303030303030305,0.8787878787878788,33,0.8467138435766831,14500.0
1140,1130,1.3681656533015434,0.08255044879878641,42.65614406779661,59.97457627118644,0.9152542372881356,118,0.846607667146694,54000.0
984,955,1.4398261120779126,0.04919811395223492,55.04877037037037,84.25925925925925,0.8518518518518519,27,0.8462454345723911,11500.0
206,201,1.4151465895215896,0.08076322831001584,26.153895,41.65,0.85,20,0.8452876043016405,8500.0
11,79,1.4237840958602743,0.2564183345810136,28.631361714285713,58.05142857142857,0.6571428571428571,175,0.843581995861271,57500.0
1192,1160,1.3597773303732454,0.03063702805595347,98.89684285714286,132.11111111111111,0.9682539682539683,63,0.8435782310422747,30500.0
719,720,1.4351824322870728,0.022912429531670536,38.0393625,49.375,0.875,8,0.8434467017743303,3500.0
903,807,1.352860515071307,0.006861993487601026,134.30284,154.8,1.0,10,0.8432028040748031,5000.0
174,174,1.3511904761904763,0.00857426303854875,17.3354,26.0,1.0,2,0.8430484693877552,1000.0
1175,1154,1.431949176401204,0.04304769720400549,37.78640727272727,56.36363636363637,0.8545454545454545,55,0.8420576160853196,23500.0
1263,1249,1.3550420168067228,8.827060235858987e-06,10.73425,21.0,1.0,2,0.8420194548407599,1000.0
1179,1171,1.3501744597191494,0.028107535483358405,19.930352173913043,23.82608695652174,0.9782608695652174,46,0.8419803054022326,22500.0
764,757,1.3360930735930736,0.024226278321245832,44.34596666666667,54.333333333333336,1.0,6,0.8417051129336033,3000.0
134,152,1.4298835797315537,0.04200184119862917,154.84250714285713,223.92857142857142,0.8571428571428571,14,0.8416968413950674,6000.0
1498,1477,1.352439765694076,0.0012391797057309467,35.26005,39.5,1.0,4,0.8413476601893498,2000.0
416,415,1.45926963421108,0.2095724869280305,18.893976470588235,26.11764705882353,0.6470588235294118,17,0.8406972468216647,5500.0
675,670,1.3254643962848296,0.5338355706467043,67.27505000000001,80.0,0.5,2,0.8403364297079432,500.0
256,248,1.3852069135953362,0.2705227267705393,55.808350000000004,74.88333333333334,0.6833333333333333,60,0.8402395834692963,20500.0
1186,1174,1.4572072133076917,0.1305785050035346,14.171563636363636,19.454545454545453,0.7272727272727273,11,0.8402382550059552,4000.0
353,350,1.3917683765509852,0.05126323631462277,22.584480851063834,23.76595744680851,0.8936170212765957,47,0.8401714278977597,21000.0
916,807,1.3680098598483625,0.02280109489880023,119.64903611111112,136.75,0.9537037037037037,108,0.8401553835200962,51500.0
679,668,1.3374842100785733,0.016800063816501263,80.58635,80.0,1.0,4,0.8400337031763797,2000.0
984,954,1.3929116868885014,0.10205211863992814,93.62608333333333,138.5,0.8333333333333334,6,0.837780310347379,2500.0
166,161,1.3413461538461537,0.0022651627218934975,33.16745,39.0,1.0,2,0.8372180103550295,1000.0
134,145,1.377593075756933,0.045051093015186325,117.4461612244898,172.4795918367347,0.9081632653061225,98,0.8370015377991658,44500.0
76,273,1.430864518378287,0.10255513160143981,147.89733333333334,225.55555555555554,0.7777777777777778,18,0.8364456801650801,7000.0
1075,1062,1.3874036209465863,0.04468685461084369,31.01731428571429,42.17857142857143,0.8928571428571429,28,0.8362246476190306,12500.0
183,180,1.4075585257731356,0.061413916392892356,29.529796875,46.3125,0.84375,32,0.834572585227122,13500.0
1028,1033,1.3424782245612215,0.09015177825714361,93.666985,114.25,0.9,40,0.8340368233016318,18000.0
1460,1444,1.3539850903978667,0.02397146074170184,56.208084615384614,65.28205128205128,0.9487179487179487,39,0.8334008589970419,18500.0
486,481,1.4595809283309285,0.2061986662106698,27.546275,39.0,0.625,8,0.8331919711955723,2500.0
296,292,1.3791502183558797,0.15275154253501705,83.61144324324324,128.67567567567568,0.7837837837837838,37,0.8326206852379922,14500.0
566,570,1.4082691678137547,0.06670581535093868,164.04663703703704,181.1141975308642,0.8302469135802469,324,0.8323934858048576,134500.0
1131,1125,1.3883549478275743,0.1065070274840664,51.22235517241379,66.2183908045977,0.8160919540229885,87,0.8321216735831463,35500.0
411,414,1.4135140109466469,0.16493218108060578,22.445059999999998,28.92,0.72,25,0.8308852587028405,9000.0
1178,1076,1.4146293531573506,0.06070198123491259,90.22935333333334,144.6888888888889,0.8222222222222222,45,0.8307290023000806,18500.0
443,443,1.336785400233676,0.1470433083392382,20.53302162162162,25.81081081081081,0.8378378378378378,37,0.8301785039465933,15500.0
245,257,1.3039181071240886,0.028578708642370755,51.18208333333334,79.33333333333333,1.0,6,0.8301408554423467,3000.0
1498,1467,1.3197278911564625,0.005237461638203749,23.88137142857143,28.285714285714285,1.0,7,0.8294623949540462,3500.0
1354,1332,1.2868370538650118,0.7137294311782408,34.1268375,42.291666666666664,0.3333333333333333,24,0.8288536508994769,4000.0
1142,1128,1.3734155070518705,0.050600340574700996,22.703869696969697,27.272727272727273,0.8787878787878788,33,0.8281826686295222,14500.0
1140,1129,1.4102129402129402,0.043273490734424394,36.36253333333333,48.333333333333336,0.8333333333333334,6,0.8270672233055034,2500.0
1012,1006,1.3768873355796023,0.020369974219161306,52.421306666666666,62.0,0.9,30,0.8268659264975894,13500.0
1254,1231,1.3971203975236233,0.059730584513385046,33.92433333333333,43.75,0.8333333333333334,12,0.8267673343634648,5000.0
48,54,1.3028846153846154,0.010401257396449695,12.068950000000001,19.0,1.0,2,0.824274223372781,1000.0
435,432,1.3673171124674321,0.035577169628009296,61.59718055555556,60.72222222222222,0.8888888888888888,36,0.8242666625420423,16000.0
1108,1063,1.3481457156384544,0.018340259759956443,42.478903571428575,54.535714285714285,0.9285714285714286,28,0.8233317927547973,13000.0
1028,1020,1.4148830098136804,0.2170051724267064,28.057873770491803,39.85245901639344,0.639344262295082,61,0.8228580343420088,19500.0
345,353,1.3834487734487735,0.1837050723687087,50.951185714285714,74.57142857142857,0.7142857142857143,7,0.8227767453758363,2500.0
1265,1247,1.304953560371517,0.0002348340346404194,12.18755,23.5,1.0,2,0.8220518743589988,1000.0
686,682,1.4026645905579183,0.06601095533785221,97.7778,110.0,0.8,5,0.820869122824523,2000.0
1323,1308,1.399546531899473,0.11897515956000726,142.272625,143.5,0.75,4,0.8205111606277914,1500.0
484,482,1.2979136764832107,0.0032063426377400986,83.73384,82.8,1.0,5,0.8201273733846063,2500.0
1430,1415,1.376107099000702,0.07926292868895751,63.63893181818182,88.56818181818181,0.8181818181818182,44,0.8196762636615136,18000.0
478,477,1.3181087295057883,0.044735562458536396,13.630339285714285,18.5,0.9285714285714286,28,0.8192355891113048,13000.0
1092,1079,1.2879412385651225,0.012834901128387572,33.16230714285714,46.285714285714285,1.0,14,0.8190269657645652,7000.0
336,333,1.3791134737439903,0.08035823464604706,26.536666666666665,40.04761904761905,0.8095238095238095,42,0.8186100027485531,17000.0
179,174,1.4262981206928622,0.25346369167210536,16.26154827586207,25.25862068965517,0.5689655172413793,58,0.8172480109511904,16500.0
1365,1371,1.2916057504873295,0.0004416534325376511,25.548433333333335,29.666666666666668,1.0,3,0.8167747962246932,1500.0
390,374,1.3201983457611857,0.03248452242276567,61.65546428571428,58.57142857142857,0.9285714285714286,14,0.8163961236027326,6500.0
156,158,1.3440953882773319,0.0365052743265943,45.21828888888889,91.0,0.8888888888888888,9,0.8152564042755778,4000.0
1255,1237,1.393955078496906,0.12617172298962395,28.371496153846156,58.80769230769231,0.7307692307692307,26,0.8146643175264188,9500.0
32,79,1.3769161154909,0.26883345903955375,29.27898,56.865,0.61,200,0.8144164839082261,61000.0
1132,1120,1.3710653263291743,0.041769723084482416,23.702150793650794,30.476190476190474,0.8412698412698413,63,0.8133379998379668,26500.0
960,951,1.314418158567775,0.6249810667692518,35.025866666666666,36.0,0.3333333333333333,3,0.8132615834578856,500.0
304,301,1.277596618357488,0.007341179199047814,32.70741666666667,30.666666666666668,1.0,6,0.8132410011027095,3000.0
397,397,1.269774915946489,0.008152205867542428,46.047244444444445,53.111111111111114,1.0,9,0.8103556281388583,4500.0
186,182,1.3224969736024503,0.037679720614501824,33.86611666666667,48.666666666666664,0.9,30,0.8103027056253307,13500.0
942,951,1.3342060411721834,0.02098144639447268,32.137170000000005,32.8,0.9,10,0.8099768503872152,4500.0
119,95,1.2619047619047619,0.010204081632653052,33.0131,32.5,1.0,2,0.8078231292517007,1000.0
160,151,1.2657250470809793,0.004119789616294446,38.4966,65.5,1.0,2,0.8075259557172801,1000.0
903,1103,1.4263688596533906,0.3230931890320226,52.57026153846154,80.3076923076923,0.46153846153846156,13,0.8059370390325015,3000.0
623,620,1.4191848967989125,0.04258294019146105,24.085500000000003,32.25,0.75,4,0.8054488407770033,1500.0
615,578,1.3606701940035275,0.20271222343532758,23.832800000000002,34.666666666666664,0.6666666666666666,3,0.8050817446320093,1000.0
1192,1179,1.324850783688502,0.024910230156465527,18.080840322580645,25.725806451612904,0.8870967741935484,62,0.803542414780405,27500.0
861,847,1.2102966627231109,0.73984892552904,70.49414516129032,69.12903225806451,0.3225806451612903,62,0.8028475362963435,10000.0
8,173,1.4143755435177856,0.15315030301660149,47.43174516129032,74.35483870967742,0.6290322580645161,62,0.8004049857314496,19500.0
115,120,1.2496294760445703,0.0002927034298811112,44.49733333333334,59.333333333333336,1.0,3,0.7999396014467925,1500.0
787,783,1.3635603001120242,0.047749145956412595,79.90902,93.8,0.8,5,0.7997488638317334,2000.0
896,897,1.3564486385746206,0.18187532092448236,22.69140930232558,31.302325581395348,0.6744186046511628,43,0.7994676331025419,14500.0
377,661,1.283625039700319,0.28084401531804104,47.51021666666666,57.333333333333336,0.6666666666666666,12,0.7977032204755399,4000.0
165,165,1.3977258852258851,0.11781665665937653,33.43106666666667,43.166666666666664,0.6666666666666666,6,0.794435351088167,2000.0
587,562,1.2966736497604783,0.010598262495834239,78.40315000000001,97.6,0.9,10,0.7918489386529416,4500.0
162,165,1.3485065982404691,0.04004056634207246,31.242169999999998,38.2,0.8,10,0.7914148091988095,4000.0
906,883,1.3181196482396171,0.5304287615002435,24.138872000000003,32.13333333333333,0.3466666666666667,75,0.7903764877459198,13000.0
610,608,1.3270240106649258,0.2673278463921575,34.1405875,42.9375,0.59375,32,0.7891329581836176,9500.0
112,108,1.3924682395644283,0.26813523341490964,43.661249999999995,45.0,0.5,2,0.7874278658502443,500.0
618,611,1.2804296853026815,0.01140380612441089,56.633605,60.9,0.9,20,0.7855930159583959,9000.0
1082,1074,1.399186401273639,0.04809861827696382,26.586354999999998,34.8,0.7,20,0.7841041459925447,7000.0
124,125,1.3391855058521724,0.04317771729989144,25.75701111111111,32.333333333333336,0.7777777777777778,9,0.7819608508641698,3500.0
910,904,1.2986622212117849,0.03331376054217749,29.578706382978723,39.8936170212766,0.8297872340425532,47,0.7783951868601331,19500.0
1122,1033,1.303204291237708,0.011545275151783522,87.18065200000001,90.2,0.84,25,0.7767452990406183,10500.0
1218,1197,1.1875,0.0,19.579,19.0,1.0,2,0.775,1000.0
1081,1084,1.2843731435079675,0.012606240147030667,38.88212857142857,51.642857142857146,0.8571428571428571,14,0.7746739865901533,6000.0
437,425,1.3379567715952156,0.06399863384112797,45.36659333333333,44.266666666666666,0.7333333333333333,30,0.7743822987904246,11000.0
1145,1129,1.3044374944523502,0.038710856504366946,22.383578461538463,29.676923076923078,0.8,65,0.7733882547322503,26000.0
795,785,1.3047576472998426,0.04588778521784597,46.44369130434782,45.43478260869565,0.782608695652174,23,0.770452003180943,9000.0
556,545,1.301243859341746,0.09855753309608885,19.723893333333333,32.2,0.7333333333333333,15,0.7700648036655251,5500.0
1093,1080,1.3370471390227465,0.033013024206575745,36.1647,53.833333333333336,0.75,12,0.7697227628710713,4500.0
1202,1185,1.3130718499898661,0.08267860092135954,16.466346153846153,24.846153846153847,0.7307692307692307,26,0.7692630895031235,9500.0
114,117,1.2897058720334582,0.007886766767672025,26.102483333333335,35.0,0.8333333333333334,12,0.7682483788436849,5000.0
166,164,1.3152597757860915,0.12842619322541468,32.29956666666667,40.0,0.6666666666666666,6,0.7646317682820609,2000.0
400,398,1.2592783198218453,0.030862990147871666,33.3138,49.5,0.8333333333333334,6,0.7629702249730996,2500.0
503,493,1.3521137962784315,0.2535256892250345,35.952333333333335,37.986111111111114,0.4861111111111111,72,0.7627365586122163,17500.0
1094,1083,1.2359480848369737,0.0024154150083558128,20.79846666666667,31.555555555555557,0.8888888888888888,9,0.7617705251039629,4000.0
1498,1466,1.2545911645290528,0.006435475143718029,23.690214285714287,26.857142857142858,0.8571428571428571,7,0.7609099654975936,3000.0
751,751,1.3018387347048674,0.0363969339802642,32.085221052631574,38.6578947368421,0.7631578947368421,38,0.7606019424970789,14500.0
1124,1103,1.3536082040998123,0.06335610627590854,44.27625833333334,55.916666666666664,0.6666666666666666,12,0.7604501135226974,4000.0
485,483,1.2930827963596505,0.10102898184832189,26.0475,30.705882352941178,0.7058823529411765,17,0.7593065189807098,6000.0
906,886,1.3423599341251518,0.21391598717540497,24.747487387387388,36.8018018018018,0.5135135135135135,111,0.7551728238567362,28500.0
707,707,1.156057347670251,0.17431793905368054,40.61914,43.0,0.8,5,0.7547183207842045,2000.0
84,135,1.2794083879341362,0.34046756326957206,21.95744255319149,30.80851063829787,0.46808510638297873,47,0.7543291560694197,11000.0
701,702,1.251125465427887,0.06770623150744125,85.50871851851852,93.77777777777777,0.7777777777777778,27,0.7540953889567206,10500.0
96,135,1.3263102166980512,0.17359870039671932,35.324807142857146,46.857142857142854,0.5714285714285714,84,0.7540322682268077,24000.0
1125,1110,1.2897666386259725,0.03191671109154531,42.91716979166667,57.583333333333336,0.7604166666666666,96,0.7536066687778525,36500.0
1161,1139,1.2521880511463845,0.007774032789127319,35.8133,47.333333333333336,0.8333333333333334,6,0.753207430295292,2500.0
491,482,1.3092626171881734,0.13777954365085787,65.22423125,89.4375,0.625,16,0.7525389099705267,5000.0
253,256,1.359601328079554,0.2926228985711821,62.157219999999995,97.68,0.4,25,0.7516274008031762,5000.0
432,431,1.2383172383172383,0.009898461031328175,51.552233333333334,59.0,0.8333333333333334,6,0.7482964336362938,2500.0
201,198,1.2644666951127912,0.26413915876384,45.28312692307692,33.57692307692308,0.5384615384615384,26,0.74656688721273,7000.0
414,407,1.2802567998755943,0.3404545585272007,35.13489666666667,42.0,0.43333333333333335,30,0.744239087508398,6500.0
205,239,1.2874452082847605,0.0622000310286289,42.022106666666666,72.56666666666666,0.7,30,0.7436380926224929,10500.0
786,779,1.2571138211382114,0.04491787295921738,41.206675000000004,50.25,0.75,4,0.7413208903430497,1500.0
354,384,1.2754633856353315,0.10929336547928974,57.03355983606557,59.71311475409836,0.6557377049180327,122,0.7396946753733293,40000.0
1203,1183,1.291188693076565,0.1640363333456659,15.236528947368422,21.57894736842105,0.5789473684210527,38,0.7393705877606416,11000.0
621,618,1.2750000000000001,0.014166666666666642,33.227025000000005,42.25,0.75,4,0.7392500000000001,1500.0
1065,1051,1.2295540632207298,0.011058217187514534,24.454743333333333,32.166666666666664,0.8,30,0.7351390904445462,12000.0
1414,1418,1.2952074834887335,0.0832378869662501,36.6176625,43.375,0.625,8,0.7305543594853685,2500.0
1064,1055,1.1731622379808047,0.16063131064393005,33.51542156862745,38.6078431372549,0.7058823529411765,51,0.7292189942678539,18000.0
1113,1106,1.2477575949336746,0.04273401472935698,39.96238571428572,45.57142857142857,0.7142857142857143,7,0.7262089566779911,2500.0
977,974,1.2565488288585809,0.07168990153699513,41.553175,47.458333333333336,0.6666666666666666,24,0.7241265020045309,8000.0
1082,1075,1.2404761904761905,0.007278911564625855,30.958075,35.25,0.75,4,0.7233741496598639,1500.0
1296,1284,1.2680008014845596,0.19303975976082074,38.84208461538462,51.83076923076923,0.5230769230769231,65,0.722035325445147,17000.0
415,412,1.326331153955486,0.15175058303702277,24.989385714285714,29.82857142857143,0.4857142857142857,35,0.721771922207587,8500.0
1157,1139,1.2753900933162947,0.050800798576148505,17.1931225,23.025,0.65,40,0.7203962768993626,13000.0
413,410,1.357076780758557,0.08664502751674927,33.4894,45.0,0.5,2,0.7188242205584476,500.0
175,177,1.2455099286678233,0.025505098122704913,15.608949999999998,20.9,0.7,10,0.7158555009039408,3500.0
748,762,1.2181340520328283,0.011079232221745564,131.97593125,135.4375,0.75,16,0.7155773904796551,6000.0
1086,1073,1.2416037509736249,0.022988872833780923,26.29005294117647,31.529411764705884,0.7058823529411765,17,0.7153028681219372,6000.0
99,5,1.276273644498045,0.0973317785330845,45.95950277777778,65.0,0.5833333333333334,36,0.7147089913591433,10500.0
869,859,1.270021829182351,0.08534235672577117,33.74848,40.6,0.6,5,0.7136114386906718,1500.0
1436,1409,1.2067765567765567,0.01430508034903641,37.612725,44.75,0.75,4,0.7120021468153336,1500.0
903,887,1.2776324722615557,0.04326046204108155,25.978612499999997,39.25,0.625,8,0.7115311275169468,2500.0
28,279,1.2261155810135445,0.23425812589887562,60.61591666666667,73.66666666666667,0.5,6,0.7107236701750804,1500.0
1191,1170,1.2508553442038717,0.03168143188704597,19.564062222222223,27.844444444444445,0.6666666666666666,45,0.7098465672476624,15000.0
694,387,1.2575689926436195,0.0178798036344641,45.133933333333324,63.0,0.6666666666666666,3,0.708391538147787,1000.0
327,379,1.2354721462888758,0.14038956623025925,27.325388000000004,37.68,0.56,25,0.7043057283846281,7000.000000000001
375,373,1.2188309928445316,0.13343812837226277,52.81961666666667,69.25,0.5833333333333334,12,0.7025638356494914,3500.0
433,368,1.232494314340156,0.030246476060817755,59.38431666666667,67.83333333333333,0.6666666666666666,6,0.7020716685543078,2000.0
303,304,1.1776984834763256,0.3022073177224923,101.50542,87.26666666666667,0.4666666666666667,15,0.7017415887072779,3500.0
728,722,1.2226377374736388,0.17335478598313042,41.5668593220339,45.779661016949156,0.5254237288135594,59,0.6986886494284624,15500.000000000002
381,380,1.2110184073659862,0.013793259936308033,33.57514,37.4,0.7,20,0.6985453409272869,7000.0
1088,1079,1.1731479727169383,0.006435781601441604,68.94265,88.25,0.75,4,0.6961899235672078,1500.0
263,264,1.2240401305475948,0.026658848655785102,47.397146875000004,87.78125,0.65625,32,0.6944887068157735,10500.0
331,324,1.1538144771298506,0.17647883712465462,75.850435,79.65,0.6,20,0.6944694419893367,6000.0
587,569,1.2502400228942883,0.06580035601655068,30.504228571428573,48.07142857142857,0.5714285714285714,14,0.6912646873912519,4000.0
417,412,1.2009055587367072,0.009609640471213035,45.841225,51.125,0.6875,16,0.6894951156360469,5500.0
837,833,1.2096074952179603,0.05968604131905635,31.9430625,48.875,0.625,8,0.689248810482901,2500.0
296,297,1.1519955392042933,0.0077065183383086275,80.356675,136.5,0.75,4,0.6881101711832098,1500.0
138,135,1.2014089617506518,0.13470586729219294,27.897810256410256,33.02564102564103,0.5384615384615384,39,0.6825138064263802,10500.0
463,459,1.196403753593296,0.11300711414255253,25.569788888888887,31.72222222222222,0.5555555555555556,18,0.6791303023467509,5000.0
482,480,1.2252431250828568,0.05186495580086564,39.46753076923077,41.53846153846154,0.5769230769230769,26,0.6787336598503254,7499.999999999999
1203,1181,1.2658617424242424,0.07229215390170647,24.449,34.75,0.5,4,0.6780323431402089,1000.0
1319,1309,1.2869791666666668,0.042839084201388926,47.383250000000004,58.0,0.5,2,0.6776433919270834,500.0
417,413,1.2551019900932285,0.12842784912800936,30.75823448275862,35.03448275862069,0.4482758620689655,29,0.6750519093963838,6500.0
449,436,1.126818758925284,0.07786605416965278,143.37635555555556,137.0,0.6666666666666666,9,0.6740873198210094,3000.0
906,885,1.1955735378963932,0.05526427673500571,26.461624999999998,32.833333333333336,0.5833333333333334,12,0.6698086981790591,3500.0
771,769,1.2202386844855084,0.10197307615570003,39.49925,51.75,0.5,8,0.6686873966409134,2000.0
461,455,1.1765429193782115,0.0064475847726048535,44.60054102564103,45.46153846153846,0.6410256410256411,39,0.6648591354907585,12500.000000000002
938,924,1.200552765600122,0.02488178280106098,24.371611764705882,36.411764705882355,0.5882352941176471,17,0.6641562293156612,5000.0
922,915,1.2275423746290994,0.20541094828676504,22.2709,33.766666666666666,0.36666666666666664,30,0.6626402343376693,5500.0
582,614,1.2395688545688546,0.05064544539023308,29.74755,35.25,0.5,4,0.6610211754446118,1000.0
961,950,1.2227408594108167,0.07015733648798239,35.54518125,33.75,0.5,16,0.6601435447107213,4000.0
256,250,1.0864999639805082,0.34959216346223515,71.25685,73.23333333333333,0.4,30,0.6594776346308738,6000.0
763,761,1.135384856315089,0.015687406080110836,35.05896666666666,44.333333333333336,0.6666666666666666,6,0.6588601643500689,2000.0
8,334,1.1918232030471858,0.2704118322990537,83.3882,95.58333333333333,0.3333333333333333,24,0.6578528309085905,4000.0
486,478,1.2423291926488842,0.045161438237168804,57.13873636363637,58.03030303030303,0.48484848484848486,33,0.6559346539852497,8000.0
122,123,1.1454545454545455,0.05619834710743799,24.3741,25.6,0.6,5,0.6550413223140495,1500.0
613,611,1.241687979539642,0.024754547654711846,31.1847,36.0,0.5,2,0.6541015561122704,500.0
94,95,1.2265227054773238,0.18172445539305043,30.64127142857143,31.642857142857142,0.35714285714285715,14,0.6522692759517018,2500.0
903,1100,1.1937516075732069,0.030872766600109937,125.9984015625,132.265625,0.546875,64,0.6508249730093157,17500.0
355,353,1.1335158776466672,0.029496663156099383,31.794704166666666,32.0,0.625,24,0.6497553500054967,7500.0
1149,1133,1.2220950872787106,0.13458360680955178,22.62481111111111,40.5,0.3888888888888889,18,0.6458797836210165,3500.0
1072,1077,1.165819203720145,0.05953210677737471,51.24790769230769,63.61538461538461,0.5384615384615384,39,0.6457257750597319,10500.0
1043,1031,1.2074214835506853,0.2908128735562286,29.1455125,54.625,0.25,8,0.6452124554871428,1000.0
1104,1088,1.1662115653277263,0.01992398867024334,27.37012794117647,32.794117647058826,0.5735294117647058,68,0.6445206462615752,19500.0
745,803,1.2023897846284346,0.06327242069060567,35.319192,44.56,0.48,25,0.6439376400585556,6000.0
1163,1148,1.0929360494577887,0.021654714914196457,22.875333333333334,26.0,0.6666666666666666,3,0.6436708342573745,1000.0
471,457,1.1861421439918207,0.08327827957133586,87.09533749999999,113.20833333333333,0.4791666666666667,48,0.643190341468129,11500.0
401,401,1.221526908635795,0.010538830609601186,36.6758,49.0,0.5,2,0.6417724126371983,500.0
618,622,1.2326567550096963,0.09472792263442092,27.925159999999998,32.0,0.4,5,0.6414810787942049,1000.0
393,390,1.2115364474235442,0.011371775240010594,29.48341666666667,32.0,0.5,6,0.6380261115414209,1500.0
1199,1181,1.1593480007507158,0.012492860828163638,12.535941025641026,15.282051282051283,0.5641025641025641,39,0.6367178277795047,11000.0
914,908,1.1990839110985476,0.036649426679904576,61.332455555555555,82.03703703703704,0.48148148148148145,27,0.6350728368878349,6500.0
146,152,1.170719579998044,0.08336291365831779,35.80157647058824,63.0,0.47058823529411764,17,0.6344731766849482,4000.0
270,273,1.1641701280428054,0.05663117894552439,68.73883958333333,110.1875,0.5,48,0.6326574049007795,12000.0
254,255,1.1985294117647058,0.005298442906574403,23.7808,42.0,0.5,2,0.6310012975778546,500.0
1353,1331,1.1842247240113093,0.27242807374099204,41.470025,49.583333333333336,0.25,12,0.6304183117268213,1500.0
1164,4,1.1722685920610714,0.0756686985172061,29.18706923076923,36.96153846153846,0.46153846153846156,26,0.6300695848411288,6000.0
906,915,1.1630718954248367,0.11453353945063861,45.997099999999996,64.14285714285714,0.42857142857142855,7,0.6281602485765548,1500.0
661,657,1.155000329247189,0.315744367763189,60.55145294117648,76.19117647058823,0.23529411764705882,68,0.6273116773219499,8000.0
1087,1074,1.15625,0.048828125,36.35725,44.5,0.5,2,0.6271484375,500.0
662,658,1.184894886202452,0.1617414169877184,32.7616375,40.15625,0.34375,32,0.6256053795772963,5500.0
771,768,1.21848401846009,0.06044459335222937,49.48142666666667,60.733333333333334,0.4,15,0.6255269853897049,3000.0
800,791,1.0854225163823512,0.09531597803993509,86.83353749999999,73.5,0.5416666666666666,24,0.6252637999649211,6500.0
1436,1424,1.2511336488618436,0.06870669523581814,85.73876666666666,94.0,0.3333333333333333,3,0.6210654681154829,500.0
1175,3,1.1626081956376162,0.049818511757704506,23.06904255319149,29.617021276595743,0.46808510638297873,47,0.6204143636972514,11000.0
479,493,1.099614443798868,0.19416183332976578,62.34945925925926,58.55555555555556,0.4074074074074074,27,0.6203165497406992,5500.0
1201,1186,1.1114718614718615,0.08545801240606431,17.72375,24.0,0.5,2,0.620226148310564,500.0
853,856,1.1605538147261187,0.04146423645261859,43.14898684210526,43.13157894736842,0.47368421052631576,38,0.6187660599841278,9000.0
294,297,1.180498006563861,0.024807217319487127,47.30223076923077,84.53846153846153,0.46153846153846156,26,0.6181029062829291,6000.0
1079,1069,1.1609040855921047,0.010382401757920654,72.116153125,90.46875,0.5,32,0.617476354764218,8000.0
134,138,1.17876805883327,0.08103570035476518,24.895038095238096,35.17460317460318,0.3968253968253968,63,0.6148655526873567,12500.0
1098,1090,1.1471765692645912,0.11699550824577463,47.784459999999996,59.1,0.4,30,0.6139692801795689,6000.0
268,253,1.150297619047619,0.012440653344671218,36.41735,44.5,0.5,2,0.613851243622449,500.0
113,157,1.1538768453251762,0.0018713951432980068,62.3021,102.0,0.5,2,0.61211215667306,500.0
269,256,1.117190456500661,0.10319829690261673,116.96267777777777,140.66666666666666,0.4444444444444444,18,0.6111690050043828,4000.0
1121,1113,1.115709779894231,0.09529376735670503,36.03611066666667,40.4,0.4533333333333333,75,0.610872042164704,17000.0
118,120,1.1373545862968941,0.057352837235802166,26.666792307692308,32.76923076923077,0.46153846153846156,13,0.6106092241510368,3000.0
760,765,1.1461989150054166,0.09470788377177174,48.10535,74.0,0.4,10,0.6068919311336982,2000.0
1286,1277,1.0106146719845526,0.19440996640544145,87.31637333333333,73.53333333333333,0.4666666666666667,30,0.6025688587154535,7000.0
1352,1332,1.0629084967320261,0.08144436968687253,34.0619,37.0,0.5,2,0.5995967095988722,500.0
484,479,1.1405048805459053,0.030465493211054847,66.97426170212766,80.53191489361703,0.44680851063829785,47,0.599384153373168,10500.0
873,1316,1.108621667612025,0.007715314064325299,32.34,46.5,0.5,2,0.5957632612641076,500.0
916,916,1.1719621045164081,0.029312603148143036,106.61494814814814,121.0,0.37037037037037035,54,0.5886897338621173,10000.0
1028,1106,1.1160058821197796,0.039880793679022974,93.24657368421053,94.57894736842105,0.42105263157894735,19,0.584682380425303,4000.0
791,790,1.1509496714759873,0.013439033121981593,42.23263,42.8,0.4,10,0.5844115785269894,2000.0
457,458,1.154835308832806,0.04671387294564272,25.87389285714286,36.67857142857143,0.35714285714285715,28,0.5830911425596724,5000.0
1130,1118,1.1598445485673747,0.01302218286310504,18.82335,23.5,0.375,8,0.5803444742858814,1500.0
129,131,1.0092879256965945,0.05590008530705747,38.8917,36.0,0.5,2,0.5704851958707551,500.0
252,253,1.0953936060283203,0.05612441502364405,30.6484625,60.125,0.375,16,0.5674947669184214,3000.0
124,122,1.0904317383464879,0.0623983176349308,44.24061666666666,48.041666666666664,0.375,24,0.5673921906290744,4500.0
1080,1066,1.102255952837204,0.05038926950230613,36.56023571428572,44.07142857142857,0.35714285714285715,14,0.5631620191284306,2500.0
487,486,1.1231224830973916,0.03198550944322057,53.8561,64.45454545454545,0.3333333333333333,33,0.5588446460719229,5500.0
1129,1117,1.1073238850895477,0.04993163925385727,21.54697878787879,21.272727272727273,0.3333333333333333,33,0.5579090458119763,5500.0
965,954,1.0878572711374386,0.011896138522549476,57.70158260869566,71.30434782608695,0.391304347826087,23,0.5561030543595664,4500.0
588,588,1.103915089989563,0.01108603475216842,69.05572000000001,142.61666666666667,0.3333333333333333,60,0.5448918464214757,10000.0
19,1184,1.0953756613756613,0.023256282175667695,14.9063975,21.6,0.325,40,0.5426271492029648,6500.0
678,673,0.9167109993390401,0.201688476177146,62.5888,66.33333333333333,0.3333333333333333,3,0.5271909425887599,500.0
332,387,1.087644903625721,0.017450789019572654,50.65936666666667,52.523809523809526,0.2857142857142857,21,0.5260074838704459,3000.0
1267,1249,0.9212719633927992,0.1399289433721261,27.94345,29.416666666666668,0.3333333333333333,12,0.5104874683687575,2000.0
780,775,1.0745923479760457,0.06708143085065243,31.366494999999997,35.825,0.2,40,0.509961368445614,4000.0
1353,1333,0.9842725445849108,0.1624188455172725,39.38652777777778,37.27777777777778,0.2222222222222222,18,0.5091013381558127,2000.0
1161,1141,1.0742208299526557,0.030543561966571122,26.936442857142858,29.357142857142858,0.21428571428571427,14,0.5031371148567478,1500.0
136,135,1.0565931960695436,0.10472725033929703,23.873828947368423,31.907894736842106,0.15789473684210525,76,0.5014238745822381,6000.0
268,256,0.9853353707279279,0.07375014920417404,89.95245,101.5,0.25,4,0.4912591930524234,500.0
911,902,1.0444259014613473,0.011843403043528327,28.845051020408164,28.632653061224488,0.20408163265306123,49,0.4825478712935158,5000.0
1247,1233,1.0493486917905523,0.038660523172386205,46.016,44.666666666666664,0.16666666666666666,18,0.4813376336679368,1500.0
1253,1238,1.0161612327857974,0.03827798196807722,32.46866,47.9,0.2,10,0.47794788770474217,1000.0
1435,1408,1.0418124582204742,0.020065190839093115,59.98753055555556,72.88888888888889,0.1388888888888889,36,0.4644112072065843,2500.0
1161,1146,1.0547606389711652,0.008001541778687993,16.441455555555553,17.666666666666668,0.1111111111111111,9,0.4576380514554058,500.0
794,796,1.0493213938747121,0.006450799824528858,33.523625,36.75,0.10714285714285714,28,0.45380665464010067,1500.0
573,606,1.1150537634408602,0.0006682853509076214,23.64775,34.0,0.0,2,0.4462219909816164,0.0
765,760,1.1,0.0,25.6401,33.0,0.0,2,0.44000000000000006,0.0
129,124,1.0231154509647382,0.008431763496242726,41.81594848484849,43.696969696969695,0.09090909090909091,33,0.43904843670749544,1500.0
939,926,1.0011690197767615,0.01678191288999264,34.17670526315789,46.31578947368421,0.10526315789473684,19,0.43708112914612346,1000.0
1192,1176,1.0810810810810811,0.0,30.4345,40.0,0.0,2,0.43243243243243246,0.0
1077,1064,1.0279771062271061,0.020041139033301538,14.182873333333333,20.7,0.03333333333333333,30,0.427203184200833,500.0
1397,1374,0.7881425209344888,0.12326432460129849,97.01475333333332,42.977777777777774,0.24444444444444444,45,0.42556963908751844,5500.0
66,72,1.0351897204806688,0.004947460531811423,21.787475,32.0,0.0,4,0.41556012635181094,0.0
255,254,0.9664296818055526,0.010944498787973376,25.14101875,35.625,0.03125,32,0.39923022235861305,500.0
1101,1092,0.9607557157547876,0.016992751859505183,22.035034782608694,27.41304347826087,0.021739130434782608,46,0.3959218509902014,500.0
1215,1217,0.8064645487795393,0.09861704681668482,41.44723235294117,27.352941176470587,0.11764705882352941,34,0.38746505120388003,2000.0
934,909,0.955906964566973,0.0034785021875079793,32.654815,38.8,0.0,20,0.3834063364830416,0.0
249,256,0.7890083582555429,0.09260795191374577,86.1471225,72.5625,0.125,80,0.38088572887634087,5000.0
708,708,0.9415178571428571,0.001483179209183678,53.9186,47.0,0.0,2,0.37705209661989797,0.0
769,766,0.8941375968992248,0.03210361926116216,22.036949999999997,41.0,0.0,2,0.3672861245380386,0.0
97,100,0.8970588235294117,0.021193771626297597,35.04075,37.0,0.0,2,0.365181660899654,0.0
556,546,0.8834378980140573,0.0029753696882774436,23.69503333333333,26.666666666666668,0.0,3,0.35426777011210614,0.0
125,127,0.8042131176904211,0.025881713340592943,36.871663636363635,31.242424242424242,0.06060606060606061,33,0.3476315792601645,1000.0
1078,1067,0.8553974501667237,0.00871016615057485,41.33095238095238,50.095238095238095,0.0,21,0.344772029911862,0.0
490,487,0.8012748852732036,0.022292587681581686,26.839541666666666,26.708333333333332,0.0,24,0.32719773041375594,0.0
124,126,0.7556968002961034,0.035793472573580704,54.74526428571429,30.535714285714285,0.03571428571428571,28,0.3237310476048013,500.0
1447,1428,0.7303709250542797,0.06786146762552783,35.042477777777776,28.444444444444443,0.0,9,0.3125068103093703,0.0
1085,1071,0.7682691368759859,0.0017782719914765598,59.42095862068965,101.41379310344827,0.0,29,0.30784113634783733,0.0
50,784,0.7482965047648077,0.0035637211538880604,32.44807307692308,38.07692307692308,0.0,26,0.3003877182520895,0.0
434,434,0.7337666598335394,0.008178827290847627,99.07031904761905,91.9047619047619,0.0,42,0.2959603121206701,0.0
1083,1072,0.7222616529561866,0.022022494928447798,47.7124,74.65,0.0,20,0.295511409661009,0.0
357,351,0.6925203156102986,0.05213761262471248,43.700475,32.0,0.0,4,0.2926494100315332,0.0
515,510,0.6776679841897233,0.03534310279283643,20.18,15.0,0.0,4,0.28167012451374024,0.0
251,245,0.6421314807613268,0.012543161596779933,88.321785,52.0,0.0,20,0.2606155407835647,0.0
679,674,0.6388888888888888,0.0,58.2535,46.0,0.0,2,0.25555555555555554,0.0
268,252,0.4196764860195633,0.008861715764675829,55.53964500000001,40.4,0.0,20,0.1705291091372281,0.0
34,30,3.0,,13.586200000000002,45.0,1.0,1,,500.0
35,27,1.3333333333333333,,11.7786,20.0,1.0,1,,500.0
38,36,2.076923076923077,,11.4111,27.0,1.0,1,,500.0
48,25,3.8666666666666667,,13.2356,58.0,1.0,1,,500.0
76,279,5.625,,89.7878,405.0,1.0,1,,500.0
76,280,2.9545454545454546,,24.9115,65.0,1.0,1,,500.0
120,121,2.0,,19.4578,36.0,1.0,1,,500.0
132,132,1.2666666666666666,,22.495,19.0,1.0,1,,500.0
140,135,2.0105263157894737,,101.7296,191.0,1.0,1,,500.0
141,141,3.53125,,41.0419,113.0,1.0,1,,500.0
178,176,2.1333333333333333,,13.3895,32.0,1.0,1,,500.0
189,330,4.689655172413793,,66.034,272.0,1.0,1,,500.0
194,178,8.098039215686274,,70.0116,413.0,1.0,1,,500.0
214,208,4.0,,9.8043,24.0,1.0,1,,500.0
219,214,4.166666666666667,,13.1201,50.0,1.0,1,,500.0
222,222,2.4375,,22.9743,39.0,1.0,1,,500.0
225,222,2.9166666666666665,,17.665200000000002,35.0,1.0,1,,500.0
239,242,6.230769230769231,,19.7927,81.0,1.0,1,,500.0
281,283,3.125,,19.9858,50.0,1.0,1,,500.0
297,254,2.409090909090909,,24.3682,53.0,1.0,1,,500.0
313,310,2.909090909090909,,15.9321,32.0,1.0,1,,500.0
335,690,2.5048076923076925,,223.2655,521.0,1.0,1,,500.0
370,364,1.5185185185185186,,30.8816,41.0,1.0,1,,500.0
410,391,1.7142857142857142,,23.5577,36.0,1.0,1,,500.0
440,440,2.4615384615384617,,16.2596,32.0,1.0,1,,500.0
497,491,4.25,,10.2572,51.0,1.0,1,,500.0
501,499,2.0,,12.0449,24.0,1.0,1,,500.0
515,512,3.909090909090909,,10.2921,43.0,1.0,1,,500.0
531,15,9.416666666666666,,14.7276,113.0,1.0,1,,500.0
536,532,3.6666666666666665,,18.925,55.0,1.0,1,,500.0
585,568,1.736842105263158,,22.8751,33.0,1.0,1,,500.0
605,599,4.235294117647059,,20.5132,72.0,1.0,1,,500.0
651,2,6.25,,23.79,100.0,1.0,1,,500.0
668,665,4.785714285714286,,21.1863,67.0,1.0,1,,500.0
733,737,1.8235294117647058,,15.9111,31.0,1.0,1,,500.0
733,746,3.8,,20.0311,57.0,1.0,1,,500.0
742,730,2.933333333333333,,12.4969,44.0,1.0,1,,500.0
748,742,6.777777777777778,,24.5035,122.0,1.0,1,,500.0
761,759,1.7894736842105263,,21.5952,34.0,1.0,1,,500.0
774,762,4.389830508474576,,63.4686,259.0,1.0,1,,500.0
776,758,3.4166666666666665,,18.1203,41.0,1.0,1,,500.0
804,800,1.9411764705882353,,18.9512,33.0,1.0,1,,500.0
834,832,1.9285714285714286,,36.8065,81.0,1.0,1,,500.0
846,837,1.7241379310344827,,41.8469,50.0,1.0,1,,500.0
864,862,4.375,,12.2135,35.0,1.0,1,,500.0
867,857,8.636363636363637,,24.7421,190.0,1.0,1,,500.0
882,871,1.962962962962963,,33.3582,53.0,1.0,1,,500.0
915,9,7.125,,16.7946,171.0,1.0,1,,500.0
919,899,6.163636363636364,,63.8641,339.0,1.0,1,,500.0
931,916,8.47887323943662,,85.0601,602.0,1.0,1,,500.0
966,952,2.1,,27.2213,42.0,1.0,1,,500.0
1019,1008,2.357142857142857,,13.2347,33.0,1.0,1,,500.0
1069,1056,6.458333333333333,,22.6467,155.0,1.0,1,,500.0
1120,1107,5.083333333333333,,15.441,61.0,1.0,1,,500.0
1179,1169,6.095238095238095,,21.2599,128.0,1.0,1,,500.0
1183,1165,2.5,,21.8507,50.0,1.0,1,,500.0
1190,1172,2.0714285714285716,,28.2977,58.0,1.0,1,,500.0
1201,1182,3.1333333333333333,,14.8704,47.0,1.0,1,,500.0
1219,1201,1.6666666666666667,,12.8884,20.0,1.0,1,,500.0
1275,1260,1.3225806451612903,,30.623,41.0,1.0,1,,500.0
1276,1260,2.1538461538461537,,25.6387,56.0,1.0,1,,500.0
1281,1273,2.6666666666666665,,16.773400000000002,32.0,1.0,1,,500.0
1282,1271,2.789473684210526,,20.7476,53.0,1.0,1,,500.0
1308,1292,3.2,,14.1166,32.0,1.0,1,,500.0
1310,1295,2.3333333333333335,,9.6907,14.0,1.0,1,,500.0
1311,1293,1.0,,19.4503,16.0,0.0,1,,0.0
1319,1302,1.3157894736842106,,27.9843,25.0,1.0,1,,500.0
1322,1301,1.6875,,23.0528,27.0,1.0,1,,500.0
1333,1315,2.5,,20.2236,35.0,1.0,1,,500.0
1388,1370,2.611111111111111,,25.9829,47.0,1.0,1,,500.0
1390,1369,4.230769230769231,,19.7019,55.0,1.0,1,,500.0
1468,1433,2.611111111111111,,23.8946,47.0,1.0,1,,500.0
1486,1477,1.5,,23.403,24.0,1.0,1,,500.0
1487,1470,3.9411764705882355,,22.5405,67.0,1.0,1,,500.0
