actual,predicted
1.9411764705882353,2.106551
1.5662824207492796,1.869547
3.3636363636363638,2.157589
1.9514563106796117,2.0472643
2.4583333333333335,2.6586626
1.8421052631578947,2.2914405
2.206896551724138,1.9779496
1.5925925925925926,1.981968
1.9583333333333333,2.1217341
1.84375,2.1350107
1.803203661327231,1.8761386
1.6666666666666667,1.9365214
2.044642857142857,2.0633726
2.166306695464363,1.9504287
1.830188679245283,1.9553224
2.15625,2.7798562
1.675531914893617,2.0043972
2.0588235294117645,1.9451789
1.875,1.8905938
1.4782608695652173,1.7122123
1.7317073170731707,2.0416315
1.6923076923076923,1.74718
1.4528301886792452,1.9488562
1.6335403726708075,1.9685472
1.3148148148148149,1.7265248
1.85,2.3708599
1.6206896551724137,1.7559298
3.5555555555555554,2.6340826
2.077142857142857,1.9841719
1.7575757575757576,2.0094328
1.7397260273972603,1.9205521
1.9695121951219512,1.9413745
2.8,2.781072
2.6666666666666665,1.9446653
1.1401869158878504,1.2886641
2.273224043715847,1.9811136
1.6875,2.027448
1.3636363636363635,1.7518004
2.1125703564727956,1.9440321
1.7764900662251655,1.9384296
3.2857142857142856,2.1791291
1.4785714285714286,1.9365834
1.9152941176470588,1.9166985
1.9318181818181819,2.3396153
2.3824884792626726,1.8820728
0.8,1.5874655
2.2222222222222223,2.2801163
1.7384615384615385,1.9212749
1.7096774193548387,2.092484
1.51,1.9057007
2.7419354838709675,1.8963914
2.1,1.8959242
2.3797468354430378,2.3725605
5.621951219512195,2.6775484
1.85,1.4256455
8.601941747572816,2.214544
0.75,1.4728117
1.9943714821763603,1.9022616
1.0,1.9339253
4.56701030927835,2.2290907
1.5,2.025183
2.834710743801653,2.0631351
1.9,2.1079953
1.8333333333333333,2.2993062
1.28125,1.4729
1.2613636363636365,1.8448083
1.625,2.134657
1.1416666666666666,1.9757153
2.823529411764706,2.5715322
2.094102885821832,1.9414616
2.144694533762058,1.964797
1.7471590909090908,1.8001503
2.2112,2.0163724
1.4672686230248306,1.9058691
1.6590909090909092,2.1915367
2.75,2.5878096
2.6489859594383773,1.9409419
1.8,2.4241576
1.848973607038123,1.9382147
2.189189189189189,1.7624643
1.5560747663551402,1.9254711
1.8057553956834533,1.8343539
1.4509803921568627,2.1521835
1.8048780487804879,2.0206354
0.6666666666666666,0.60190105
2.0676605504587156,1.9486887
1.619047619047619,2.1861446
0.9714285714285714,1.2526575
1.9664694280078896,1.9077247
2.350785340314136,1.9338105
1.9016786570743405,1.9498624
3.5833333333333335,2.4427116
1.2142857142857142,1.7137523
2.0957178841309823,1.9573605
1.7222222222222223,2.2243054
1.2727272727272727,1.5506616
1.2571428571428571,1.8819733
1.7945205479452055,1.9277855
2.5,1.849824
0.8333333333333334,1.7304314
1.3636363636363635,1.4497972
5.855072463768116,2.1314175
1.8,2.3165934
1.727450980392157,1.7670938
0.8484848484848485,1.1041974
2.3545150501672243,1.958192
2.3703703703703702,2.0257533
2.111111111111111,2.8219187
2.736842105263158,2.621771
1.7081712062256809,1.9113342
0.9153846153846154,1.7579601
1.5510204081632653,1.9452196
1.434782608695652,1.6138747
2.6041152263374485,2.1230986
1.5,2.0668132
2.0689655172413794,1.9209654
1.4,1.8721343
1.600785340314136,1.7884799
1.9212034383954155,1.9449315
1.736842105263158,2.2740977
2.2467532467532467,1.9625558
1.2619047619047619,1.9725952
1.0612244897959184,1.5504568
1.9421613394216133,1.9115883
1.6363636363636365,1.8816501
2.1363636363636362,2.3230696
1.1304347826086956,1.5681121
1.9130434782608696,2.197853
2.1041666666666665,2.005372
1.7216494845360826,2.0151274
1.5476190476190477,2.1635678
1.8297872340425532,2.1289456
1.8465753424657534,1.8699939
2.25,2.5589857
9.419847328244275,4.268418
1.5454545454545454,1.6052219
1.8405797101449275,2.0119305
1.7865079365079366,1.8216386
2.6,1.8243392
1.3,1.443956
1.7552650689905591,1.8195962
1.6443089430894309,1.9078444
1.8232758620689655,1.8883867
6.223684210526316,2.3363304
1.9050632911392404,1.9395062
2.3529411764705883,2.0434117
2.051282051282051,1.7431914
2.0,1.8319306
3.3636363636363638,2.483712
1.467741935483871,1.6042341
2.5172413793103448,1.9548671
1.9370967741935483,2.0277736
1.5,1.8843257
2.0869565217391304,1.9956745
2.073529411764706,1.8606013
1.375,2.252108
6.258064516129032,2.9860232
1.1578947368421053,1.3357121
2.3737373737373737,1.9243759
2.04040404040404,2.103853
1.6027918781725887,1.9076724
1.4838709677419355,1.6936007
1.75,2.1678467
1.5217391304347827,2.1308193
1.4871794871794872,1.8676217
2.2088167053364267,1.8848379
1.9750692520775623,1.9317728
1.908450704225352,1.950725
1.6008403361344539,1.8576854
1.71990171990172,1.8464469
3.196078431372549,2.402006
1.565217391304348,1.7618694
1.6111111111111112,2.010555
1.6491646778042959,1.8568761
1.8278688524590163,1.8283744
1.0588235294117647,1.5234661
2.2758620689655173,2.3643978
1.9487179487179487,1.9763814
1.518987341772152,2.3450305
1.8652849740932642,1.914316
1.6815533980582524,1.9458324
1.3333333333333333,1.9322671
2.2666666666666666,2.1071787
1.5555555555555556,2.8303068
2.2941176470588234,2.1097438
2.5945945945945947,2.1842473
1.4,2.1607037
1.9793103448275862,1.8797276
2.3260869565217392,1.9660039
1.7076923076923076,1.9164143
4.21656976744186,2.1687708
1.7395833333333333,2.0630114
3.5652173913043477,1.983459
2.347826086956522,2.4353054
2.35,2.3834414
2.5990783410138247,1.9834946
1.8484848484848484,2.170508
2.090909090909091,2.1161315
2.4166666666666665,2.09625
2.2777777777777777,2.5914688
2.4285714285714284,3.0233912
1.6852459016393442,1.9299765
1.55,1.8225727
1.565217391304348,2.1355877
1.922883487007544,2.1108084
1.9574468085106382,2.1051643
4.181818181818182,2.496179
1.9577114427860696,1.8794055
1.7314328582145537,1.8144931
1.6,1.8780624
1.4,1.9803005
2.8,2.3676276
2.8674698795180724,2.325896
2.6875,2.4970195
2.4558823529411766,2.042183
1.75,1.5683833
1.3846153846153846,1.4525661
1.7272727272727273,1.8289374
1.6451612903225807,1.9044089
3.933333333333333,2.5763824
1.9491279069767442,1.9349792
2.0305418719211823,1.9807731
0.84375,1.8754401
3.1923076923076925,2.107614
3.8333333333333335,2.1960578
3.63265306122449,2.4639368
2.5454545454545454,2.524146
2.611111111111111,2.0785763
2.1666666666666665,2.18139
1.608695652173913,2.4144773
0.9285714285714286,1.1099412
1.900218499635834,1.816439
1.1612903225806452,2.1979313
1.3157894736842106,2.2598362
1.7234042553191489,1.9675931
0.9444444444444444,1.728545
1.4819277108433735,1.8835409
2.0952380952380953,1.9474615
1.8461538461538463,2.304517
1.8522388059701493,1.9529719
1.7974910394265233,1.8467934
2.2198275862068964,1.964415
2.3076923076923075,2.2980092
2.0811387900355873,1.818445
1.72681281618887,1.9886707
0.8363636363636363,2.1582599
3.24,2.106992
1.862251655629139,1.9149017
1.975,2.2693443
2.6,2.0210955
1.8126984126984127,1.8761791
1.9637023593466425,1.9536797
1.7405966277561609,1.9238167
1.6666666666666667,2.5452163
1.5862068965517242,2.012359
1.4292682926829268,1.8872358
1.9598540145985401,1.9079204
2.619047619047619,2.3496532
1.4615384615384615,2.1050432
2.05,2.2076125
1.8306122448979592,1.8856826
1.617533718689788,2.0511708
1.0,2.1178405
1.9785714285714286,1.9217006
1.5294117647058822,2.0495381
1.991902834008097,1.9612247
1.6031927023945267,2.0530078
2.3389830508474576,2.0602381
7.666666666666667,2.4477684
1.4285714285714286,1.9645699
1.5595238095238095,2.5044684
1.731958762886598,2.067423
1.6756756756756757,2.1035
1.950909090909091,1.9412776
1.6347826086956523,1.9245517
2.235294117647059,1.7826909
1.8518518518518519,1.985531
1.690721649484536,1.598406
1.8333333333333333,1.5789489
1.9,2.000214
1.3428571428571427,1.9095373
3.4285714285714284,2.746881
2.3569292123629113,2.0215585
1.4545454545454546,2.6775982
4.826666666666667,2.6854117
1.3263157894736841,1.7577707
1.6551724137931034,2.2847214
3.274193548387097,2.4365199
5.368421052631579,2.4810224
1.4210526315789473,2.012267
1.8895966029723992,1.8789707
3.026315789473684,2.7540689
2.1176470588235294,2.108959
2.138560687432868,2.0312123
1.7099236641221374,1.8648105
1.4516129032258065,1.5112745
1.2380952380952381,1.772317
1.906318082788671,1.9325551
1.75,1.9345777
2.236842105263158,1.8552305
2.3285302593659942,1.8646457
2.005434782608696,1.9274902
1.791044776119403,1.9979607
1.8904109589041096,2.0000174
2.533333333333333,2.9774032
2.087719298245614,1.9394023
1.8785714285714286,1.9838579
1.8134206219312603,1.9364063
2.6470588235294117,2.4814906
1.6890909090909092,1.8876405
1.616120218579235,1.847114
7.181818181818182,2.787921
7.608695652173913,2.7045665
2.327272727272727,2.1732006
1.488888888888889,1.9547366
1.4339622641509433,1.9456784
1.930795847750865,1.9385442
0.96875,1.426655
2.0526315789473686,2.3005993
7.0,2.138837
1.8333333333333333,2.609271
3.379032258064516,2.1031654
1.6226415094339623,1.8708463
2.148936170212766,2.288488
2.6578947368421053,2.2708437
2.64,2.139227
2.761904761904762,1.8956242
1.162162162162162,1.5545449
1.2321428571428572,1.5886035
2.089385474860335,1.932905
1.8952380952380952,1.8895842
0.8076923076923077,2.098011
2.8421052631578947,1.9058748
1.8006430868167203,1.9970748
1.5333333333333334,2.0340393
1.5753424657534247,2.0080109
3.6666666666666665,3.1907835
1.6666666666666667,2.0365453
2.4717261904761907,2.0592268
1.59375,1.8278167
3.2439024390243905,2.5216212
1.9271916790490342,1.9542038
1.6923076923076923,1.7656584
1.6945701357466063,1.8438407
2.9652567975830815,1.9575102
1.5135135135135136,1.4549105
2.4651162790697674,1.9753135
4.571428571428571,2.5085168
1.6310679611650485,2.0141792
1.16,1.6163497
1.236842105263158,1.077598
1.9534883720930232,2.0654721
1.748936170212766,1.9197283
2.0,2.632707
1.7826086956521738,2.155788
1.5,2.0191076
1.8333333333333333,2.0826795
2.3207547169811322,2.1132896
2.3236994219653178,1.953874
2.6363636363636362,2.745146
2.2,2.4510148
2.303030303030303,1.9621887
1.253968253968254,1.7479941
1.375,2.3166888
1.6119402985074627,1.8028982
1.5885558583106267,1.9403346
1.5081967213114753,2.055961
1.6727272727272726,2.0368903
2.1285500747384156,1.9365569
1.6666666666666667,2.5156476
1.288659793814433,1.7536329
1.6666666666666667,2.0765488
1.5609756097560976,1.8902482
1.7647058823529411,1.9097055
1.598,1.9853426
2.054263565891473,1.90257
2.0845588235294117,1.9272583
5.076923076923077,2.1399355
1.8461538461538463,2.511107
2.142857142857143,2.4944985
1.6764705882352942,1.984725
1.8846153846153846,1.3545085
2.7294117647058824,2.8083165
1.639344262295082,2.298086
1.2222222222222223,2.3498983
2.6206896551724137,3.1418147
1.6595744680851063,1.8980837
2.018867924528302,2.2623937
3.9705882352941178,2.0605137
2.380952380952381,1.8821975
1.5227272727272727,1.961935
3.5714285714285716,2.7765243
1.5867052023121386,2.024338
2.3855421686746987,2.103977
2.161290322580645,2.4095364
2.024154589371981,1.910542
1.6176470588235294,2.0970354
1.2857142857142858,1.7198366
1.7689594356261023,1.9567051
1.8095238095238095,2.1342251
2.0692307692307694,1.9995415
1.5711462450592886,1.8684348
1.511111111111111,1.7171617
1.7118226600985222,1.8851815
3.257142857142857,1.8874224
2.625,2.079727
2.880434782608696,2.0594423
2.0,2.336267
1.5135135135135136,1.5326141
1.0740740740740742,1.3690076
1.4,1.9064687
2.225,2.1777327
2.0232558139534884,1.9952662
1.4191919191919191,1.8869277
1.8421052631578947,2.1443648
1.5087719298245614,1.9303111
3.9782608695652173,2.1323278
2.4761904761904763,1.9019619
1.8235294117647058,1.8801404
1.4782608695652173,1.8538846
2.1712158808933,2.0743406
1.6590909090909092,2.0412748
2.7142857142857144,2.4523714
2.875,2.5372279
1.4035087719298245,1.7263832
1.3730569948186528,1.9335167
1.4477611940298507,1.9588957
1.7729393468118195,1.7925755
1.4930875576036866,1.9095256
2.074074074074074,1.5837036
1.875,1.8704009
1.8235294117647058,2.083581
3.05718954248366,1.9385442
2.3333333333333335,2.704696
1.570945945945946,1.9309012
1.0,0.8292706
2.7,2.7496705
1.1,1.9186091
1.359375,1.6398374
1.7777777777777777,2.9099207
1.9285714285714286,2.0604918
2.253393665158371,1.8841783
1.7,1.8375158
1.5774155995343422,1.8549244
1.6682926829268292,1.9641705
1.6666666666666667,2.1820781
1.5257731958762886,2.1093678
2.111111111111111,2.2423885
1.302325581395349,1.8654207
3.25,1.7288212
2.9547038327526134,1.9794612
1.4864864864864864,1.99982
1.9884726224783862,1.8710054
1.7777777777777777,2.7705607
1.5,2.0861826
2.2911392405063293,2.0726705
4.547169811320755,2.2916665
0.9523809523809523,1.5750364
2.6045197740112993,2.0208025
2.52,1.9251816
1.55,2.0964463
2.6666666666666665,2.552747
1.6470588235294117,1.7584777
2.7857142857142856,2.4914405
1.8571428571428572,2.218633
4.352941176470588,2.8970814
1.9080459770114941,2.018738
1.6153846153846154,2.3943024
2.0714285714285716,2.0747545
2.0007949125596185,1.9399194
1.8727272727272728,2.024952
1.7272727272727273,1.8481613
2.3206521739130435,1.953874
1.4393939393939394,1.814715
1.2352941176470589,1.5352958
1.7011070110701108,1.9041735
2.386243386243386,1.9396453
1.7347725520431765,1.8184359
1.597938144329897,1.8881747
0.9166666666666666,1.1531129
1.7464788732394365,2.2107828
3.1666666666666665,2.839268
1.453125,1.8834581
1.6216216216216217,1.8768187
1.2941176470588236,1.956154
2.0278450363196128,2.036642
1.550387596899225,1.9777862
1.6153846153846154,1.6212506
1.7022058823529411,1.9702048
1.1875,1.3857291
2.134831460674157,1.9285762
1.64,2.5022683
1.148936170212766,1.4841666
1.9781021897810218,1.9454075
1.72985347985348,1.9854916
1.2307692307692308,1.8673822
1.7603305785123966,1.8984926
1.6363636363636365,1.4760606
1.8075,1.8312005
2.3934426229508197,1.7274785
1.9811320754716981,2.1999023
2.875,1.9686618
2.05625,1.9607538
1.8511066398390341,1.9115883
1.0909090909090908,1.4138253
1.8181818181818181,2.0086389
0.8461538461538461,1.4362496
4.785046728971962,2.0775726
1.7533206831119545,1.9504287
1.7717842323651452,1.8552818
5.578947368421052,2.213358
1.7894736842105263,2.0016952
2.0,1.980876
2.1,2.5869448
1.6307692307692307,1.9834139
1.660071942446043,1.827629
1.9312977099236641,1.934657
1.6046511627906976,2.2951138
1.6923076923076923,2.1658022
1.9148936170212767,1.8594204
2.0431266846361185,2.0340474
1.7177033492822966,1.9383663
1.4090909090909092,1.6742308
2.0833333333333335,2.1234276
1.5591397849462365,1.8285643
1.70625,1.9698058
3.375,2.042457
2.608695652173913,3.4049609
2.05188679245283,1.8904835
3.182926829268293,2.3178036
1.89568345323741,1.9182985
1.7259953161592505,1.9263666
3.2,2.5698771
2.058252427184466,1.8922855
3.125,2.9196365
1.5869565217391304,1.825221
2.1942148760330578,1.9738874
1.8666666666666667,2.4195108
1.5905963302752293,1.9390578
1.978494623655914,1.8598017
1.6774193548387097,2.444611
1.8034682080924855,1.9214451
1.2222222222222223,1.425173
2.493333333333333,1.9414021
1.2692307692307692,2.108855
2.9642857142857144,2.4255548
1.8048780487804879,2.0216744
1.47,1.9193319
1.52,1.993175
2.053789731051345,1.9102501
3.7222222222222223,2.899958
1.7142857142857142,2.6591876
2.6528497409326426,1.9863498
2.0302267002518892,1.8772242
1.2380952380952381,1.2290066
2.2586206896551726,2.2844565
2.090909090909091,2.7370071
1.6984126984126984,2.221827
1.4042553191489362,1.9290878
2.7907239819004523,2.0206957
1.6425531914893616,1.9600127
1.6904761904761905,1.8087585
3.9056603773584904,2.2099102
2.045045045045045,1.9871202
1.6666666666666667,1.8596237
1.9083601286173633,1.9445304
1.8888888888888888,1.7509971
2.072519083969466,1.9784288
1.78125,1.5345564
1.3488372093023255,1.749746
1.3666666666666667,1.8552424
1.5,1.854005
1.7708333333333333,1.9257277
2.235294117647059,2.130343
1.5857142857142856,1.8485438
1.863278453829635,1.8221987
3.782608695652174,2.1702898
2.106896551724138,1.9674261
2.1649484536082473,2.0884035
2.1684587813620073,1.9293402
2.142857142857143,2.3792992
1.625,2.9501436
3.5416666666666665,1.7658726
1.12,1.8559924
9.0,2.3322732
1.5172413793103448,1.6830245
1.8888888888888888,2.3673215
2.142857142857143,1.995971
1.940099833610649,1.9264908
2.012461059190031,1.9009956
1.2142857142857142,1.698137
2.018867924528302,2.0052326
1.8327137546468402,1.9308497
2.017857142857143,2.1456492
1.25,2.0401995
1.7016806722689075,1.900708
1.572992700729927,1.9168069
2.6956521739130435,2.2424157
1.3333333333333333,2.3597167
2.0194174757281553,2.3149362
1.6521739130434783,1.4877398
1.5961538461538463,2.1097205
2.1666666666666665,1.7251931
2.254874651810585,1.94475
1.5918367346938775,2.073732
2.263157894736842,2.144137
1.852,1.9471089
1.6371911573472042,1.845167
3.10989010989011,1.9404622
2.2448979591836733,1.8811479
1.767097966728281,1.9168069
2.0,1.8880347
1.6723856209150327,1.8921769
1.6744186046511629,1.8732505
1.7096774193548387,1.7070284
1.7083333333333333,1.9678588
2.1657303370786516,1.9664458
2.45,1.7971153
3.0555555555555554,3.2525425
1.2727272727272727,2.0064697
1.4444444444444444,2.0058062
1.453781512605042,1.8848817
1.3181818181818181,1.8877299
1.21,2.2400272
1.981208053691275,1.9323077
2.1386666666666665,1.9482521
2.076923076923077,2.3570828
1.6240601503759398,1.930992
2.05,3.06888
1.2083333333333333,2.146651
1.9259259259259258,1.9703335
1.4545454545454546,1.8914782
2.171232876712329,1.9144185
1.7058823529411764,1.9686784
6.111111111111111,3.0368516
2.0405405405405403,1.9130384
1.88480635551142,2.0300071
1.85,2.178424
1.8679245283018868,1.8968045
1.8320090805902383,1.9237571
1.435897435897436,1.945685
2.3189655172413794,1.9644445
2.1904761904761907,2.0231586
1.701010101010101,1.856577
2.88,2.1535168
1.0,2.0986373
1.8484848484848484,2.2043183
1.3888888888888888,2.145625
1.5483870967741935,1.8037652
1.411764705882353,2.3437624
1.1666666666666667,2.29084
4.466666666666667,2.281184
2.7096774193548385,2.1009684
1.8551136363636365,1.9668183
1.7647058823529411,2.247763
4.627118644067797,2.2547483
1.1818181818181819,1.3413363
1.889108910891089,1.9120089
1.3529411764705883,2.1376026
2.7142857142857144,2.6460161
1.7058823529411764,1.9847536
1.9788519637462236,1.8933315
2.2903225806451615,2.4044085
3.5,2.80366
2.0,1.6693391
1.7584994138335288,1.9901735
2.212121212121212,1.97007
2.016260162601626,1.963792
4.702127659574468,1.9481782
2.6666666666666665,2.8073125
4.95,2.0036085
1.1733333333333333,1.9382116
4.846153846153846,3.0465164
2.485294117647059,1.8636398
1.7875,1.8921583
2.2666666666666666,2.5116503
1.8598326359832635,1.8838009
1.9128919860627178,1.9637384
2.142857142857143,2.5251846
2.709141274238227,1.9266443
2.9019607843137254,1.8762062
1.7945205479452055,1.895942
1.5,1.8599313
1.0769230769230769,1.9558319
1.9565217391304348,1.957568
1.44,2.117744
1.4871794871794872,2.222244
1.6666666666666667,2.1653738
3.1,1.8430088
1.8682926829268294,1.9396535
5.8,2.2546403
2.077170418006431,1.9432534
6.0,2.122642
2.014336917562724,1.8933481
1.6455696202531647,2.0264308
2.612,1.9740309
1.8706467661691542,1.9079454
1.625,1.8284177
1.2253521126760563,1.8301246
2.7604166666666665,2.0971525
1.4666666666666666,2.2287657
1.348623853211009,1.7865505
1.6304347826086956,1.7674278
1.474006116207951,1.87825
1.6360424028268552,1.7952043
1.5671378091872792,1.9233305
1.875,2.342776
7.153846153846154,2.2529278
1.9411764705882353,2.9684274
1.8125,2.4592915
1.125,2.3585856
7.833333333333333,2.8200407
1.08,1.6357654
4.823529411764706,2.8584607
1.7328519855595668,1.9561311
2.310344827586207,2.2985399
1.795275590551181,1.8932949
1.7142857142857142,1.7607625
2.736842105263158,1.9088383
3.0,2.1412
2.652173913043478,2.3173623
1.8173374613003095,2.035895
1.3636363636363635,1.4617119
2.2649006622516556,1.971866
1.3529411764705883,2.081324
1.91875,1.9894395
1.9968,1.9951645
1.9940239043824701,1.8799822
2.3666666666666667,2.148557
2.0384615384615383,2.2204506
1.6347305389221556,1.9387392
2.0434782608695654,1.5938808
1.76,1.530161
1.509433962264151,2.0005379
1.7717514124293785,1.9359488
1.8571428571428572,2.555895
1.78,1.9839134
1.8825136612021858,1.9348577
1.889763779527559,2.114279
2.1653543307086616,1.953291
1.9704433497536946,1.9507121
1.9696969696969697,2.260485
1.8190954773869348,1.8164
1.1153846153846154,1.5577793
1.697674418604651,1.487858
4.758620689655173,2.8792963
1.5935334872979214,1.964415
1.6521739130434783,2.232172
1.9691943127962086,1.9367265
1.9355670103092784,1.9454113
1.8197424892703862,1.929085
3.0,1.851165
1.9024390243902438,2.2640927
3.504398826979472,1.976311
1.7142857142857142,2.0200348
1.6666666666666667,2.1710353
5.638888888888889,2.0017362
1.8649885583524028,1.9093158
2.3076923076923075,2.3574574
1.628,1.9379498
1.8928571428571428,2.350029
3.0434782608695654,1.9772455
2.1323529411764706,2.5459762
1.565217391304348,1.8816574
1.6437908496732025,1.8945959
1.3,2.3977337
1.6750348675034867,1.8385603
1.4883720930232558,2.2149866
2.0238907849829353,1.9341524
1.9793103448275862,1.930839
1.55,1.8996421
1.856934306569343,1.958755
2.13986013986014,1.9634644
2.157303370786517,2.1010911
1.68,1.637096
1.4736842105263157,2.534522
1.0909090909090908,2.3455384
1.804812834224599,1.9406251
1.9611650485436893,2.0990164
1.7733990147783252,2.0037215
1.1333333333333333,2.3794832
0.9047619047619048,1.4093964
1.0,1.6106188
2.6440677966101696,2.033406
2.0,2.0659769
3.28,2.5875986
1.9523809523809523,2.4433737
2.568421052631579,2.7727628
2.4,2.1421351
1.5454545454545454,1.5391802
1.5520833333333333,2.0661364
2.009765625,1.9285221
1.5625,2.2252853
2.5,1.9327769
1.5974842767295598,1.9921937
1.6666666666666667,2.3256714
1.44,1.8469145
1.9615384615384615,2.7774022
1.6481481481481481,1.9997928
1.5,2.2446074
2.0843373493975905,2.057212
3.0,2.254125
1.9718518518518517,1.8364038
1.663978494623656,1.8738848
1.7207207207207207,2.1110322
1.7244655581947743,1.9678981
3.257142857142857,2.2098534
2.3863636363636362,2.0039606
2.0,2.1031935
1.7769230769230768,1.8884
1.967741935483871,1.877912
1.7225705329153604,1.9477
2.142857142857143,3.007424
1.25,2.2197897
2.090909090909091,1.969403
1.7836879432624113,1.9243773
1.5238095238095237,1.2943491
8.476190476190476,3.117044
1.7709923664122138,2.0381052
2.0476190476190474,1.9348134
1.6666666666666667,2.184107
1.5,2.2856588
1.6666666666666667,2.0015125
1.711111111111111,1.9278206
1.8333333333333333,2.3979707
1.411764705882353,1.6073463
1.15625,1.3567294
1.736842105263158,1.9126428
1.3148148148148149,2.0145252
3.1944444444444446,2.3915496
0.6,1.5011741
1.9214380825565913,1.9475471
1.782312925170068,1.9394665
2.0,2.4964426
2.0,2.8695405
2.4444444444444446,2.7229292
1.813953488372093,1.9992169
2.197530864197531,2.5740738
2.0657596371882088,2.0103962
1.8980891719745223,1.9591645
1.793103448275862,1.8847015
1.6153846153846154,2.4829133
1.6176470588235294,1.9953523
2.9411764705882355,1.9914942
2.5,2.4331133
1.3634259259259258,1.8890893
1.3333333333333333,2.3095822
4.222222222222222,2.4348128
3.0,3.097984
1.4,2.2480936
1.3846153846153846,2.501426
1.935593220338983,1.9697907
2.0,1.6164819
1.8505263157894736,2.0089722
1.6470588235294117,1.9199164
3.357142857142857,2.7824094
1.9112903225806452,1.9092011
1.375,2.2811508
2.1176470588235294,2.094221
1.5,2.5708504
2.523076923076923,1.9164833
1.7037037037037037,1.8254956
2.280701754385965,1.9586979
4.0,2.375398
1.352640545144804,1.8396972
1.186206896551724,2.0222814
0.740506329113924,1.76377
2.8,1.9069927
1.7753001715265866,1.945564
1.7494145199063231,1.8614717
8.9,2.370982
2.2703862660944205,1.8396972
2.066666666666667,2.4587014
1.8285714285714285,1.9719636
2.0579710144927534,1.8687987
1.4615384615384615,1.902793
2.1964285714285716,1.6438178
3.1323529411764706,2.0473187
7.096385542168675,2.2196245
1.46875,1.6785097
1.9689165186500888,1.9383149
2.95,2.342937
2.1527093596059115,1.9979359
1.4105960264900663,1.9019935
1.3692307692307693,1.8184603
2.570546737213404,1.962035
2.032751091703057,1.9636503
1.68,1.4374267
2.3874709976798143,1.964415
1.3,1.7413914
1.7302551640340218,1.9072955
1.696969696969697,1.9558315
1.5869565217391304,1.9319818
1.9669421487603307,2.200627
3.1710526315789473,2.475729
1.5254237288135593,1.981562
1.8226711560044893,1.8445086
1.4166666666666667,1.6508274
1.95,2.5309904
2.037313432835821,2.014188
1.7312348668280872,1.8651736
1.8133333333333332,2.1980734
2.5,2.1616478
3.1923076923076925,2.1037016
1.9773755656108598,1.869505
1.7785714285714285,1.8773516
1.9024390243902438,2.0037396
1.8064516129032258,1.9554015
1.608695652173913,2.08989
3.6296296296296298,2.7541192
1.8490196078431373,1.9199829
2.3577981651376145,2.027492
2.0622406639004147,1.9511682
1.7457627118644068,2.0036085
1.5252525252525253,2.1559677
1.6666666666666667,2.0190618
1.1041666666666667,1.82785
1.2469135802469136,1.7279154
1.6819196428571428,1.8445086
1.8998435054773084,1.9322771
1.8270042194092826,1.9508877
1.8936170212765957,2.2241447
1.766743648960739,1.9281136
1.6818181818181819,2.2140698
2.0344827586206895,2.000366
1.9123809523809523,1.888259
2.2,2.5822923
2.3636363636363638,2.039552
2.2857142857142856,2.1647217
4.285714285714286,2.441561
1.2307692307692308,1.7003423
2.6,2.0642514
1.3975903614457832,2.0155272
1.5833333333333333,2.6474478
1.875,1.9314228
2.3,2.0043561
1.4525862068965518,1.972464
1.5777777777777777,1.914798
5.739130434782608,3.4959815
2.134185303514377,1.9407718
2.380952380952381,1.6698416
1.4885496183206106,2.0359082
1.2857142857142858,2.227868
2.3333333333333335,1.778866
1.9714285714285715,2.3958225
1.32,1.9227269
1.9247967479674797,1.9507381
1.3444444444444446,1.7220826
4.916666666666667,2.5923057
1.5588235294117647,2.036118
1.9090909090909092,2.819179
2.0,2.1960895
1.375,2.0175118
3.3379310344827586,1.8791183
1.0098039215686274,1.541031
2.0844155844155843,1.9625239
2.0833333333333335,2.742279
1.6862745098039216,1.9915352
2.0277777777777777,2.4390678
1.247191011235955,1.797192
2.182926829268293,2.415556
2.138519924098672,2.0050724
1.6390449438202248,1.8679421
1.7857142857142858,1.5055528
1.8695652173913044,2.3069806
1.0256410256410255,1.2791903
1.975,2.2418466
2.806451612903226,2.4682724
1.490566037735849,1.8017987
1.0869565217391304,1.3805557
1.6710526315789473,1.6675869
1.5,1.8808941
1.5652951699463327,1.9149292
2.186046511627907,2.1913655
4.769230769230769,2.132756
3.2758620689655173,2.2045074
1.368421052631579,2.0263329
1.7643129770992367,1.9661081
1.4744027303754266,1.8911823
1.6181818181818182,2.2859828
1.8855932203389831,1.8556122
2.796875,1.9962674
2.375,2.6521888
4.588235294117647,1.9643049
2.260869565217391,1.751147
1.8917525773195876,1.906772
3.0416666666666665,2.3555095
1.3333333333333333,1.8187668
1.8603603603603605,1.878376
2.149532710280374,2.0449758
2.48,2.0239744
1.5432372505543237,1.9451789
1.896797153024911,1.8913372
2.555105348460292,1.9549642
1.5294117647058822,2.0165875
2.764705882352941,1.9821372
1.644808743169399,1.9054091
1.8409090909090908,2.0213654
1.7872340425531914,2.436094
4.2105263157894735,2.4567902
1.1627906976744187,1.9045472
1.511111111111111,1.9715403
2.4444444444444446,2.4089873
2.3597122302158273,1.9590269
1.569476082004556,1.83701
2.3653846153846154,2.3217652
2.1,3.355766
2.2857142857142856,2.42156
1.9433962264150944,2.1887157
1.6785714285714286,1.8786349
1.9385796545105567,2.001112
1.814625850340136,2.0094767
1.1851851851851851,1.5434549
2.3684210526315788,3.989974
1.7333333333333334,1.8772366
1.7189542483660132,1.9631912
1.9594594594594594,1.8281493
2.3286713286713288,1.956117
1.9633307868601986,1.9975655
2.142857142857143,1.9505382
1.8214285714285714,1.8812287
1.8189598420013167,1.8085393
1.9737654320987654,1.9383892
1.372013651877133,1.908445
1.0833333333333333,1.4076556
1.7222222222222223,2.1166122
6.411764705882353,2.0451329
1.826086956521739,1.912044
2.0434782608695654,2.513158
3.1578947368421053,3.0030398
1.7222222222222223,2.2042592
1.25,1.7032393
2.0238095238095237,1.6184719
1.391304347826087,1.8228083
1.7272727272727273,1.8839866
1.2142857142857142,2.663864
0.5050505050505051,1.1545681
1.4,1.8340898
2.009009009009009,2.0121808
2.3333333333333335,2.1355965
1.7877428998505231,1.9465985
2.185840707964602,1.9942782
2.0497737556561084,1.869505
1.7906458797327394,1.8306936
2.1056603773584905,1.9149292
2.47571189279732,1.9510813
2.125874125874126,1.9106028
2.035476718403548,1.9428232
2.022680412371134,1.8982695
2.125,3.03885
1.8955512572533848,1.904418
2.278481012658228,2.1045618
0.8947368421052632,1.6163038
2.206896551724138,2.1122048
1.9880952380952381,1.977725
1.9846153846153847,1.9491237
2.3424657534246576,2.047981
2.4876957494407157,1.9461701
1.8409090909090908,1.9775709
1.2857142857142858,1.8040495
1.4054054054054055,1.9889559
2.0952380952380953,2.56139
2.3548387096774195,2.2537942
1.6575342465753424,1.8252484
2.7850467289719627,1.9934069
2.6875,2.7607024
3.0,2.4227223
1.8461538461538463,2.1978025
2.016883116883117,1.9892088
2.3529411764705883,1.8244387
1.8471337579617835,1.8037229
1.0327868852459017,2.1058958
9.5,3.1624527
2.772727272727273,3.725768
1.6865203761755485,1.9327183
3.797979797979798,2.1751122
1.8713692946058091,1.8989261
1.3333333333333333,2.4488802
1.5,2.3105443
1.411764705882353,1.8116828
3.111111111111111,2.2877822
2.3,2.2479415
1.35,2.272376
2.087912087912088,1.9052447
1.3714285714285714,1.496202
1.868421052631579,2.4572778
1.28,1.3855429
2.6621621621621623,2.3536308
1.0769230769230769,2.604665
1.597864768683274,1.9609232
2.3,1.9869066
2.0844827586206898,1.9163862
2.806451612903226,2.2338471
1.9411764705882353,2.2748592
2.0986301369863014,1.9249007
1.3353658536585367,1.8886216
2.1386861313868613,1.9288479
2.0,2.3399057
2.95,1.9149851
5.625,2.0285833
2.3636363636363638,2.7303603
1.9541984732824427,1.9875082
2.0796019900497513,1.9372385
3.75,2.6039376
1.3529411764705883,1.7334946
2.232142857142857,1.9841325
1.8268156424581006,1.931204
1.9775413711583925,1.9455034
1.1428571428571428,1.4996593
2.875,2.8636928
1.7323340471092077,1.9437425
2.0,1.6215359
2.1363636363636362,2.6327715
1.9366812227074235,1.9031655
1.7,2.2550793
1.4807692307692308,1.7235943
2.16,1.9813054
1.1162790697674418,1.6802115
1.1272727272727272,1.9960374
1.9111111111111112,2.0973377
2.019929660023447,1.8350737
1.6552901023890785,1.9829812
1.8105515587529977,1.9281136
2.056603773584906,1.8261524
1.2413793103448276,1.849756
2.046783625730994,1.9394715
2.095890410958904,1.9361559
2.8461538461538463,2.3214903
2.2,2.254125
1.5943396226415094,1.9029379
1.263157894736842,2.2916956
2.8333333333333335,3.1938016
2.7142857142857144,2.4298978
1.9899665551839465,1.8535241
1.44,1.8678145
1.3333333333333333,2.123076
1.7777777777777777,1.8847476
2.4864864864864864,2.193937
1.7225,1.8864924
1.6237623762376239,1.8437232
1.7905759162303665,1.8467568
1.0909090909090908,2.543109
1.9431818181818181,1.8828125
1.9980119284294235,1.9380317
2.38659793814433,1.9468962
1.7125,1.8639187
2.183734939759036,1.9644296
3.176470588235294,2.1013818
2.3529411764705883,2.9681635
2.09009009009009,1.9223995
2.043263288009889,1.9476728
5.523809523809524,2.1834831
1.9565217391304348,2.4084888
1.5,2.3139431
1.6363636363636365,2.3300529
3.2126436781609193,1.9925985
1.6085365853658538,1.8252765
1.9705263157894737,1.978634
2.0727272727272728,1.8080115
2.0476190476190474,2.3887775
1.5511811023622046,2.01366
2.1346153846153846,2.033667
2.225806451612903,2.1534598
2.1153846153846154,2.117447
0.8817204301075269,1.4377844
1.6947723440134908,1.8164392
1.375,1.8392829
1.894736842105263,2.2105274
1.8055555555555556,2.120764
1.76,1.9253129
1.3181818181818181,1.5914038
1.9583333333333333,1.8350737
1.5063938618925832,1.9890599
1.754823151125402,1.8777907
1.0,1.5736747
2.210526315789474,2.0578039
3.230769230769231,2.5132134
1.5613207547169812,1.8913381
1.9206842923794711,1.8833256
1.826086956521739,1.796193
1.4541284403669725,1.8506753
2.8285714285714287,1.8787186
1.9397590361445782,2.1895952
1.32,1.7818221
1.8421052631578947,2.2950683
2.5,2.381417
5.172413793103448,2.1828113
1.7820512820512822,1.9444659
1.5,2.7893043
1.6176470588235294,2.1199555
1.6797153024911031,1.9276786
1.9563602599814298,1.9232525
3.375,2.1305473
1.5714285714285714,1.9773668
1.568421052631579,1.8784331
2.0519031141868513,1.9988147
2.8917525773195876,1.9667076
2.111111111111111,1.9390241
1.8480176211453745,1.9048467
2.035887487875849,1.8584317
2.192982456140351,2.504919
1.5,2.6065512
2.2,2.2452004
2.32967032967033,2.148003
1.4431818181818181,1.9972435
1.794871794871795,2.1169417
1.8870967741935485,1.8591496
9.2,3.4340546
2.0962566844919786,1.9734365
2.414814814814815,2.0680776
2.15,2.0113857
1.8210862619808306,1.8897467
2.373891001267427,2.0284312
1.876984126984127,1.8985133
1.411764705882353,1.9984297
1.8053097345132743,2.0042806
2.271855010660981,2.0828202
2.4285714285714284,2.2222867
2.4054054054054053,2.296476
2.2857142857142856,2.3629565
1.7960151802656545,1.8821633
1.6153846153846154,1.786638
1.7386541471048513,1.9004956
1.5454545454545454,1.402274
1.8636363636363635,2.2262251
2.7058823529411766,2.5214682
2.015873015873016,2.3118787
1.8982456140350876,1.9061196
2.125,1.9101679
1.0,1.4911852
2.227642276422764,1.9899573
1.4782608695652173,1.9993515
1.4444444444444444,2.2585678
1.8333333333333333,1.8153486
1.4705882352941178,2.1707413
1.6666666666666667,2.1114457
1.6634382566585957,2.000566
1.5,1.5612712
1.8306709265175718,1.9997188
1.12,1.5267693
1.6467315716272601,1.859749
1.811764705882353,1.9264908
2.9491525423728815,2.1559734
1.8173719376391981,1.9330873
2.4516129032258065,2.0634341
2.0454545454545454,2.276767
1.34375,1.7721533
2.4965034965034967,1.9311862
1.351063829787234,1.798512
1.7161458333333333,2.0340474
1.3703703703703705,1.9231416
2.1492537313432836,1.9874237
1.7272727272727273,2.3231196
2.619565217391304,1.9482443
1.5466893039049237,1.9027896
2.0,1.850755
1.8082191780821917,2.0660586
1.7619047619047619,2.7209191
2.646516393442623,1.9525214
1.2162162162162162,1.5535059
1.3870967741935485,1.3806361
2.054054054054054,2.1330678
1.7413953488372094,1.9048935
1.1428571428571428,1.8184365
1.3478260869565217,1.7463447
1.7647058823529411,2.088139
1.2962962962962963,1.4702123
1.5,1.9481124
2.727272727272727,2.262451
1.6244541484716157,1.8912528
2.1940298507462686,1.9287021
1.912280701754386,1.0995317
3.026315789473684,2.2339523
1.2,1.5158077
1.5,1.8925642
2.52991452991453,2.094891
1.7666666666666666,1.9945102
1.908390410958904,1.9330065
2.281124497991968,1.9332644
1.6153846153846154,1.2819796
2.466666666666667,2.2282348
1.7661469933184855,1.9196002
1.758765778401122,1.943927
1.7123287671232876,2.023891
2.25,2.322545
1.5520282186948853,1.953874
2.0238095238095237,2.2151577
1.6363636363636365,1.5421083
1.7890365448504983,1.8609133
1.9298245614035088,2.010876
1.9230769230769231,1.8992195
1.4285714285714286,1.6027694
2.1089494163424125,2.0177085
1.38,1.9261572
1.9641255605381165,1.9848354
1.587719298245614,1.8900131
1.883408071748879,1.9241028
1.588235294117647,2.007499
1.4464285714285714,1.9789503
1.878787878787879,2.2323446
2.757142857142857,2.258224
3.4647058823529413,2.021583
1.5452054794520549,1.86509
1.6666666666666667,2.0489361
2.1176470588235294,2.2199225
1.7285992217898833,1.8245437
5.454545454545454,1.8427829
4.571428571428571,2.4105642
2.2626262626262625,2.1275244
2.5555555555555554,2.7448792
1.4848484848484849,1.5994377
1.1639344262295082,1.7742671
2.58,1.9345478
1.2105263157894737,2.1198215
1.8333333333333333,2.355707
1.4705882352941178,2.1381466
1.824053452115813,2.0029323
1.5670103092783505,2.0650632
2.081081081081081,2.632682
1.3157894736842106,2.107681
2.164705882352941,1.9543812
2.1875,2.2966416
1.631578947368421,2.0382094
1.9364864864864866,1.9063262
1.125,1.7274452
1.6538461538461537,2.2509809
1.5584677419354838,1.9934552
1.9060092449922958,1.8234698
1.6533477321814254,1.8621899
1.6307692307692307,1.9667076
1.8624031007751938,1.9094125
1.0769230769230769,1.809026
1.3571428571428572,1.953792
1.9655172413793103,1.9916819
1.4430379746835442,1.7575042
1.4871794871794872,1.9126694
1.7917241379310345,1.8147589
2.682926829268293,2.1584368
1.6111111111111112,1.9651259
1.7660818713450293,1.946082
1.6486486486486487,2.110539
1.5215605749486654,1.832194
2.933333333333333,2.1866703
1.8461538461538463,2.866453
1.8374164810690423,1.9960203
1.4133333333333333,2.2342618
1.8125,2.1331708
1.8473282442748091,2.1478865
1.8322237017310252,1.8121966
2.452054794520548,2.5906813
1.5696202531645569,1.9395062
1.75,1.9606508
2.080357142857143,1.8924656
2.4,2.105364
1.0952380952380953,1.3110913
1.3333333333333333,2.1470103
2.9,1.793225
1.3076923076923077,2.0188284
1.4871794871794872,1.9018275
1.8259162303664922,1.8400879
1.6132478632478633,2.0028358
1.992818671454219,1.9079204
1.83419689119171,1.9059825
1.828125,2.5991778
1.7191249117854623,1.8542439
2.9069767441860463,1.5929602
2.0,2.6719048
1.5357142857142858,2.107224
2.4790419161676644,2.0141017
2.142857142857143,2.3284159
2.6956521739130435,2.0495176
1.082191780821918,1.7749907
1.3043478260869565,2.098881
4.97,2.1597538
2.219298245614035,2.062863
2.0239520958083834,1.8800684
1.723809523809524,2.0894277
2.25531914893617,2.0455852
1.8666666666666667,2.0451066
1.7777777777777777,2.1920018
2.1105651105651106,1.8988736
1.8447712418300655,1.9201615
1.0,1.802374
1.3508771929824561,1.6203977
1.45,2.0576515
1.6514657980456027,1.8945959
1.7777777777777777,1.7146293
2.0,2.2770875
1.6954314720812182,1.9777215
1.6491228070175439,2.0254643
1.6822157434402332,1.8806076
1.7666666666666666,1.8270963
2.688888888888889,1.9598413
2.129032258064516,1.751597
4.575757575757576,2.0978725
1.7159420289855072,1.8881323
1.7454545454545454,1.9382236
2.074074074074074,1.9102118
1.6521739130434783,2.6944377
1.3513513513513513,2.217956
1.5476190476190477,2.2237706
1.9559633027522936,1.933758
1.719441210710128,1.897172
2.211693548387097,2.059916
1.8363636363636364,1.8442452
1.8316831683168318,2.1490262
1.878787878787879,1.8506923
1.7767354596622889,2.0044842
2.2857142857142856,2.1131706
1.944078947368421,1.8653048
0.9428571428571428,1.7620523
1.4666666666666666,1.6207274
1.0588235294117647,0.89258844
1.7575757575757576,2.1110835
1.7834311806914547,1.8858457
1.9181818181818182,2.005841
2.111111111111111,2.067015
1.9743589743589745,1.9618049
2.1079545454545454,1.8518777
1.5833333333333333,2.5922081
2.6341463414634148,2.2048373
3.3461538461538463,1.972614
1.875,2.7278142
1.6618357487922706,1.9307643
2.1142857142857143,2.0297906
2.249597423510467,1.8636975
4.3076923076923075,2.430698
2.1734104046242773,1.9498317
1.7346938775510203,2.0042005
2.0229885057471266,1.9127017
3.176470588235294,2.0603852
1.3333333333333333,2.4411159
1.481012658227848,1.9050871
2.267605633802817,1.9635015
1.7011494252873562,2.1857736
4.1125,1.9511054
6.177514792899408,4.801754
0.9444444444444444,2.361896
1.4761904761904763,2.1419268
2.3043478260869565,2.2460654
4.0,2.1744144
2.6625,1.8948117
1.838125665601704,1.9633439
1.607250755287009,1.8705404
0.5822784810126582,1.8534786
1.5057803468208093,1.8415586
1.6697247706422018,1.824927
4.125,2.4037695
2.098434004474273,1.9472985
1.8501742160278745,1.8668696
1.5980707395498392,1.9299724
1.9328,1.9567051
1.7272727272727273,1.9617797
1.609009009009009,1.9705496
2.6153846153846154,3.3610616
1.9058823529411764,2.0351257
1.434782608695652,1.8104948
1.7807692307692307,2.0260198
1.8761904761904762,2.165742
2.2650602409638556,1.9440321
1.9264705882352942,1.8940217
2.4,2.0511215
2.013333333333333,2.1255155
2.19327731092437,2.1011217
1.7195121951219512,2.3685222
1.5414634146341464,2.018119
1.8611111111111112,2.3184874
1.7669172932330828,2.043353
1.9305555555555556,1.8832716
2.1666666666666665,2.1113117
1.7555110220440882,1.920116
1.882943143812709,1.9578732
1.8550106609808101,1.9325551
2.0,2.0412846
2.0,1.6547037
2.6,2.176911
1.9582929194956353,1.8435701
4.2727272727272725,2.6809075
1.8,2.0439107
3.225806451612903,2.5901191
2.1419975932611313,2.0590007
1.880952380952381,1.9836307
5.885714285714286,1.9946811
2.3461538461538463,2.5212984
1.3846153846153846,1.9259397
1.5555555555555556,1.9945366
1.2222222222222223,2.1549213
1.0588235294117647,1.7368599
0.9074074074074074,1.8345754
2.046511627906977,2.0489097
2.0306122448979593,1.9116426
2.138755980861244,1.9744484
1.6,2.0296173
1.6923076923076923,2.5591552
1.910569105691057,2.0710876
1.514018691588785,1.683291
2.2819148936170213,1.9955808
1.1818181818181819,2.776474
1.8638297872340426,1.9612247
2.297872340425532,2.0134153
1.6875,2.2092469
2.661290322580645,2.1275933
1.8137188971082716,1.8806204
2.118181818181818,2.0821555
1.423529411764706,1.8293726
1.4230769230769231,1.9590778
1.3058823529411765,1.8291899
3.25,2.337053
1.6944444444444444,1.9285419
1.9605263157894737,1.899729
2.224448897795591,2.034097
1.7183098591549295,1.8987163
1.9090909090909092,2.0308845
2.0833333333333335,1.8730103
2.619047619047619,2.2057662
1.7391304347826086,1.7356564
2.0784313725490198,1.8693751
2.098360655737705,2.2070367
1.4324324324324325,1.8854557
2.1746031746031744,1.9353698
1.7057291666666667,1.7943561
1.08,1.5973125
2.2175324675324677,1.9555478
1.8622448979591837,1.9637384
1.7878787878787878,2.48755
1.9,2.2992702
2.4909090909090907,2.2696605
2.6666666666666665,1.9473964
1.9292786421499293,1.8147589
1.8,1.9269769
2.933333333333333,1.9090166
2.3854166666666665,1.9947119
1.5042735042735043,1.8517452
1.625,1.6396893
1.9047619047619047,1.8496178
1.955223880597015,2.3603492
2.56,1.8135622
1.7122302158273381,1.8865112
1.8,2.1053069
2.0717703349282295,1.9026316
1.1176470588235294,2.2450795
1.8859649122807018,2.0174956
2.0690537084398977,1.8713094
1.7314685314685314,1.9347228
0.5483870967741935,1.1029985
1.5357142857142858,1.8354361
3.5238095238095237,3.9410262
2.142857142857143,2.2966282
2.7083333333333335,1.9830258
3.5806451612903225,2.0304117
1.7105263157894737,1.8644626
2.4373673036093417,1.9355624
1.967813540510544,1.9126804
2.6050420168067228,1.9409183
1.877284595300261,1.9024413
1.6647727272727273,1.7877032
1.8366533864541832,1.9511019
1.2019230769230769,1.76514
1.9583333333333333,1.972137
0.7931034482758621,1.1396445
6.384615384615385,3.2504787
2.4482758620689653,1.5772276
0.9333333333333333,1.6287446
2.5609756097560976,1.9620736
1.5909090909090908,2.0920863
1.940453686200378,1.9273727
1.5,2.201844
1.853658536585366,1.9270067
2.3916083916083917,1.8736324
2.3391304347826085,2.5645795
1.6666666666666667,2.4249942
1.3421052631578947,2.156932
1.6129032258064515,1.88494
1.5263157894736843,2.1446137
1.6363636363636365,2.0462406
1.7142857142857142,1.8378816
2.375,2.6148865
1.8823529411764706,2.0468626
1.5714285714285714,2.2613149
1.7414965986394557,1.9872254
1.9090909090909092,1.8650631
1.9134396355353076,1.9324085
2.0,2.1295154
2.25,2.7194574
2.342857142857143,2.1625109
1.930232558139535,2.2681713
1.5172413793103448,1.9848288
1.5813953488372092,1.6300633
1.696095076400679,1.8883066
1.9357142857142857,1.9915173
1.7941176470588236,1.936485
1.1333333333333333,1.9199798
1.2222222222222223,2.2554872
1.8666666666666667,2.5236127
3.1944444444444446,2.075473
1.4137931034482758,1.8371488
1.832797427652733,1.9157044
1.3103448275862069,1.7474071
2.966666666666667,2.3546538
2.1379310344827585,2.0275514
4.348484848484849,2.3224344
1.8795180722891567,1.9203144
2.9019607843137254,1.9344189
1.6950904392764858,1.8965747
1.4444444444444444,1.8430275
1.0833333333333333,1.6645187
1.9467455621301775,1.9493624
1.625,3.0445166
2.1944444444444446,1.9471089
1.9391727493917275,2.0740876
1.6666666666666667,1.6566851
2.0121951219512195,1.8888977
1.7868525896414342,1.9359488
1.6388888888888888,2.1700993
1.294871794871795,1.668792
1.6046511627906976,1.7409862
1.5846422338568935,1.8396972
2.1844660194174756,2.790736
2.1333333333333333,2.0509784
1.8888888888888888,2.7740304
1.5,1.7530068
2.2,1.9528013
2.074468085106383,2.2959516
1.0909090909090908,1.8556596
3.2666666666666666,1.9693308
1.2105263157894737,1.938229
2.0714285714285716,2.412534
1.5365853658536586,2.2002933
1.3157894736842106,2.094896
1.7675675675675675,1.8768775
1.775735294117647,1.9444
1.7037037037037037,1.8321228
1.782185628742515,1.9118196
1.669172932330827,1.9773605
4.717948717948718,1.8079624
1.7633136094674555,1.9587798
1.4210526315789473,1.9294616
1.6818181818181819,1.631652
1.900662251655629,1.9057851
1.7419354838709677,2.0484276
1.828729281767956,2.009873
3.4,2.3299384
1.3272727272727274,2.1984837
3.6666666666666665,2.7050135
1.752808988764045,1.9052236
2.068366164542294,1.8387572
3.0,2.3202574
2.4155844155844157,1.9812992
1.7181996086105675,1.9507381
2.1338582677165356,2.0847476
1.4932432432432432,1.8759937
2.044776119402985,2.2075417
1.900990099009901,2.0007923
3.393939393939394,2.517384
1.9663865546218486,2.1300774
1.1818181818181819,1.600685
1.736842105263158,2.3645759
1.794871794871795,2.2902167
1.850085178875639,1.939755
2.5,1.7088393
2.5316455696202533,2.0067332
1.1818181818181819,1.7434453
2.0,2.1732192
2.909090909090909,2.2218661
1.5277777777777777,2.1382122
2.5675675675675675,1.2876034
1.3064516129032258,1.9045576
1.3673469387755102,2.0303717
3.7037037037037037,2.3283234
1.7976190476190477,1.9263065
1.5914396887159532,1.8917192
1.723756906077348,1.9367063
1.6416938110749186,1.9376764
1.8524590163934427,1.9999406
1.9430449069003286,1.9572878
2.276595744680851,2.020412
2.0689655172413794,2.0704694
2.23728813559322,2.1878114
1.7446808510638299,1.9658816
1.5272727272727273,1.9342841
1.8620689655172413,2.081001
1.9301470588235294,1.9372385
1.0256410256410255,1.567917
2.2679938744257275,2.001489
1.3333333333333333,1.4169474
1.391304347826087,2.0795956
1.8370786516853932,1.8841625
3.6862745098039214,2.333012
2.1614906832298137,1.8583839
1.2718446601941749,1.8131003
1.4736842105263157,1.4659753
1.5,2.122507
1.7462686567164178,1.9501002
1.6065891472868217,1.8452088
4.173770491803278,2.0044842
2.267175572519084,1.9283496
2.0590277777777777,1.9816025
1.7407407407407407,1.5195559
1.3968253968253967,1.8924102
1.7592592592592593,2.2474067
2.142857142857143,1.9002999
1.816326530612245,1.712356
2.895977808599168,1.9470242
2.139130434782609,2.823267
1.3478260869565217,2.0320096
2.5,2.3764508
2.039473684210526,2.3165343
2.4285714285714284,2.3827865
1.3157894736842106,2.3768303
2.0,2.2460759
1.3,2.2840858
2.909090909090909,2.3702364
1.798590130916415,1.9295902
1.8208955223880596,2.0447729
1.9795918367346939,2.0309427
1.5451388888888888,1.8791541
2.231578947368421,2.0413318
2.090909090909091,1.8598714
2.380952380952381,1.3263093
2.103448275862069,2.3413763
2.0408163265306123,1.8787429
1.8971553610503282,2.0205483
1.8879432624113475,1.9591999
1.2391304347826086,1.4673077
1.858695652173913,1.9314083
2.5,2.5124478
1.8191653786707882,1.9422315
1.1666666666666667,2.1306522
1.7580645161290323,2.137693
2.24,1.5314782
1.782312925170068,1.8209481
1.5714285714285714,2.0929487
2.1076555023923444,1.908366
1.5,2.1612353
3.269230769230769,1.8886182
1.44,1.7404737
1.4444444444444444,2.069814
2.088235294117647,1.5376595
1.830258302583026,1.9367296
0.8888888888888888,1.5507225
2.5396419437340154,1.933284
1.5,1.798549
2.497844827586207,1.9093158
1.6666666666666667,2.30217
2.5245901639344264,2.5600615
2.9674418604651165,1.9157974
1.8,2.0742142
0.6571428571428571,1.205564
1.2758620689655173,1.8897822
2.68,1.8851292
2.3328402366863905,2.0254683
2.256353591160221,2.0242164
1.4603174603174602,2.1001039
9.06578947368421,2.8882833
1.7589285714285714,1.9737645
1.649214659685864,1.8488796
2.1176470588235294,2.2425292
1.75,2.0483868
2.3333333333333335,2.3257077
1.3466666666666667,1.7048041
1.7142857142857142,2.3455243
2.2369942196531793,1.8941195
2.0,1.6341101
2.003257328990228,1.9720808
1.2658227848101267,1.8894434
1.3157894736842106,2.289087
1.868421052631579,2.2892928
2.375,2.879999
2.1601466992665035,1.9511318
6.4375,2.1916664
1.3043478260869565,1.8299774
1.55,2.4802139
2.5058823529411764,2.2471619
3.310344827586207,2.4671648
1.5093167701863355,1.9630018
1.2777777777777777,1.8466635
2.52027027027027,1.9202667
2.086813186813187,1.9668125
1.9230769230769231,2.519025
1.0,1.5288833
2.2222222222222223,2.1853502
1.8387096774193548,2.3048625
1.6597938144329898,1.8799822
1.7096774193548387,2.139719
2.4545454545454546,2.719221
1.48,1.7555801
3.066666666666667,2.3876371
3.2142857142857144,2.6185584
1.65625,2.0503051
1.5568862275449102,1.8399153
1.6133828996282529,1.905844
2.7,3.1108873
1.4848484848484849,2.0184436
2.4869067103109654,1.9567399
3.7023809523809526,2.1833174
1.4259259259259258,1.9508845
2.0574162679425836,1.910542
3.0869565217391304,1.7949867
3.3157894736842106,1.6808149
1.108695652173913,1.6871961
2.357142857142857,2.121323
2.278688524590164,1.8581963
2.1333333333333333,2.6593525
1.4727272727272727,1.3848675
4.315789473684211,2.2338126
1.4333333333333333,1.9191254
2.6550898203592816,2.0238335
1.6440677966101696,2.283008
1.95,2.1035564
1.5666666666666667,1.9250908
1.8785714285714286,1.9853889
1.8275862068965518,1.5807971
2.075301204819277,2.0212555
1.7399293286219082,1.7840273
2.246376811594203,1.954683
1.7342657342657342,1.8818929
2.2916666666666665,2.004457
1.4166666666666667,2.8551943
2.9237288135593222,2.0669591
1.9901477832512315,1.8612399
1.032258064516129,1.5487517
1.8305084745762712,1.8129913
1.534923339011925,1.9403238
1.8,1.125033
1.1090909090909091,1.7751379
5.384615384615385,2.4337502
1.6349206349206349,1.9108152
2.6779661016949152,1.9743955
1.4727272727272727,1.7909199
1.9230769230769231,1.8449552
2.043956043956044,2.0798073
1.6470588235294117,1.9056029
1.0,0.9517475
1.9619047619047618,2.1728134
1.8888888888888888,3.1531405
2.0,1.9812937
2.945945945945946,2.148327
1.7104377104377104,1.9409024
0.9454545454545454,1.9220892
1.7058823529411764,2.5035214
1.716931216931217,1.867858
2.019607843137255,2.0717993
1.6554770318021201,1.8829367
2.412291933418694,1.9048795
1.6244541484716157,1.8897661
1.08,1.7928041
1.84,2.106505
2.4295676429567643,1.9893059
1.7058823529411764,1.9600492
1.901098901098901,2.0338798
0.8918918918918919,1.5838723
3.0160349854227406,1.8575947
1.736619718309859,1.7935046
0.95,2.278355
1.3333333333333333,2.021726
1.5555555555555556,2.172741
2.0,2.364155
1.5725190839694656,2.0148113
1.9,2.006681
4.128205128205129,1.9490023
2.1206434316353886,1.8692504
3.221052631578947,2.2768538
1.9174809989142236,2.0198953
1.8200134318334453,1.7984675
1.186046511627907,1.5300876
2.3333333333333335,2.3114555
2.1690140845070425,2.2053092
2.3461538461538463,2.1365883
1.1594202898550725,1.9341176
1.1875,1.9374499
1.1029411764705883,1.9966604
1.7857142857142858,3.0849767
1.786549707602339,1.9038974
2.1052631578947367,2.130732
1.4852941176470589,1.9439657
1.2881355932203389,1.601527
1.8571428571428572,1.990761
1.8181818181818181,1.6976607
1.5384615384615385,2.148889
1.7566137566137565,1.8661889
1.89010989010989,1.9106002
2.1402805611222444,1.9486971
2.230379746835443,1.9391057
1.7960526315789473,1.9428447
1.8615384615384616,1.7573626
2.25,2.0206046
1.8873239436619718,2.3169422
2.1791044776119404,1.9146694
2.0,2.5175855
1.735445205479452,1.9851195
1.5098039215686274,2.1384037
3.6533333333333333,2.184989
1.96900826446281,1.9035168
1.9407114624505928,1.9227343
1.6923076923076923,2.0859673
1.4705882352941178,1.9569888
1.646153846153846,1.9950316
1.5459770114942528,1.8226085
1.808641975308642,1.9248384
2.4731182795698925,1.9500226
1.8933333333333333,2.3546977
1.7212713936430317,1.8865112
1.75,2.1750894
1.7777777777777777,2.0370643
1.8586387434554974,1.9319077
1.623076923076923,1.9403238
1.5217391304347827,1.6364162
1.7837837837837838,1.8519346
2.0606060606060606,2.8575404
1.5294117647058822,1.8827585
2.2748538011695905,1.9784629
4.74,2.227665
1.4761904761904763,2.2160292
5.667469879518072,1.9935552
2.6724806201550386,2.000816
2.0408163265306123,2.0936875
1.8857142857142857,2.3428354
2.0991735537190084,1.9532646
2.6470588235294117,1.9795249
1.6373626373626373,2.0631552
1.6699751861042185,1.8797859
1.1818181818181819,1.7367524
2.2720588235294117,1.9659787
1.7327659574468086,1.9554769
1.962962962962963,1.9931048
1.2962962962962963,1.8443373
2.5846153846153848,1.9579595
2.4444444444444446,2.4538703
2.5471014492753623,1.9651054
1.932827735644637,1.9378049
1.8867924528301887,1.9679781
1.6941946034341782,1.857403
2.347826086956522,3.3030536
1.6790697674418604,1.8914584
1.6363636363636365,1.9876242
1.64,1.9496216
1.8888888888888888,2.0014827
1.7777777777777777,2.2442074
1.9965517241379311,1.9500941
2.0514619883040934,2.0042257
3.272727272727273,3.0093794
2.7142857142857144,2.0401545
4.2748091603053435,2.0181947
2.4722222222222223,2.246544
1.4285714285714286,1.820653
2.13345521023766,1.9517621
4.8159203980099505,2.0084312
1.8421052631578947,2.1516948
3.2051282051282053,1.9626355
1.5238095238095237,2.2112052
2.0697674418604652,2.003419
1.24,1.7012902
1.4090909090909092,1.4280168
5.164835164835165,3.1357455
1.7741935483870968,1.9271911
1.7627118644067796,1.914722
1.9023383768913342,1.9651259
1.705592105263158,1.9777215
1.391304347826087,1.5829498
1.5211267605633803,1.8792338
2.1666666666666665,2.3941073
1.8410672853828307,1.8772688
1.7875,2.1890528
2.2058823529411766,2.2853494
2.2138836772983113,1.8396972
5.808219178082192,2.05201
1.7083333333333333,2.141376
2.8378378378378377,2.102396
1.098901098901099,1.9057118
1.7971014492753623,2.0190618
1.375,2.0322952
1.6349206349206349,1.9984756
2.0807174887892375,1.9991215
1.6082089552238805,1.9736346
1.9838709677419355,1.7260934
1.858695652173913,2.017377
1.8235294117647058,1.7840395
1.9121287128712872,1.9032679
1.75,2.7631006
1.1702127659574468,1.73735
1.5128205128205128,1.7823339
2.080548414738646,1.919092
1.1538461538461537,2.135024
1.6666666666666667,2.1539242
1.5945945945945945,2.0396166
1.7358490566037736,1.559133
1.3333333333333333,1.7906245
2.136606189967983,2.0123289
1.553030303030303,2.0619175
1.578616352201258,1.8873128
2.2903225806451615,1.6475841
1.4150943396226414,1.8998487
1.45,1.9456954
1.6666666666666667,2.0063279
2.3293051359516617,1.938406
1.9356357927786498,1.9404879
1.9508196721311475,1.9445243
2.3934426229508197,1.936578
2.2363636363636363,1.9302349
1.2857142857142858,2.0071301
2.15,2.0506139
1.9557692307692307,1.9319077
1.5218579234972678,1.9370083
2.019607843137255,1.8983978
1.5357142857142858,1.9005921
1.8,2.02297
1.928030303030303,1.9874097
3.0,2.8365698
2.300724637681159,1.9906319
2.3333333333333335,2.47128
2.142857142857143,2.019171
1.6875,2.1632004
1.4,2.3711112
1.6363636363636365,2.2244716
1.5,2.115855
1.4254385964912282,1.9595772
2.0786069651741292,1.8385174
1.8181818181818181,2.5224326
4.7368421052631575,2.3736944
1.6673189823874754,1.8124979
1.9310344827586208,2.0025353
2.2103321033210332,1.8459046
0.4084507042253521,0.7174342
1.6470588235294117,1.916324
1.945945945945946,1.9882953
1.7058823529411764,2.2064135
2.02,2.1661594
1.5514705882352942,1.9797107
1.6638655462184875,2.1566997
1.948051948051948,1.9276608
1.87012987012987,1.8852946
1.6571428571428573,1.7087293
1.903225806451613,2.1546426
1.5819444444444444,1.9874142
1.7083333333333333,2.2163777
1.672782874617737,1.8456514
2.2142857142857144,1.8902061
5.333333333333333,2.6718533
1.6666666666666667,2.5611346
2.0174165457184325,1.9311773
3.076923076923077,2.2585886
2.4290123456790123,2.029101
1.5535714285714286,2.1049984
0.90625,1.665712
1.775,2.1958127
1.7986111111111112,1.9584818
1.9666666666666666,2.5660524
3.048780487804878,2.2345006
2.466666666666667,2.449668
2.0833333333333335,2.0995996
2.6,1.7403158
1.1304347826086956,1.6709725
4.5,2.9264128
1.758,1.9823546
1.3333333333333333,1.749991
1.8179347826086956,1.9391013
4.411764705882353,3.1411724
1.6149068322981366,1.914616
1.611214953271028,1.9705496
2.4130434782608696,1.9378191
1.5466666666666666,1.7305446
2.0351699882766705,1.9279538
1.786259541984733,1.9556781
2.122448979591837,1.9568082
1.9412780656303972,2.0456166
1.7079207920792079,1.8588988
1.8823529411764706,2.4517703
2.7564102564102564,2.2075384
2.090909090909091,2.6707335
1.9147286821705427,1.7973326
1.5833333333333333,1.6324947
2.0530401034928847,1.820363
1.9548104956268222,1.9512709
1.8990147783251232,1.9246185
1.236842105263158,1.637925
2.2283653846153846,1.8290405
6.431095406360424,2.0411537
1.3928571428571428,1.6238005
1.8008752735229758,1.900012
1.7777777777777777,2.283642
1.6,2.079201
1.064516129032258,1.3860112
2.919254658385093,1.9045258
3.4615384615384617,2.1149042
2.35,2.4750228
1.125,2.0275044
4.0285714285714285,1.8727828
1.7619047619047619,1.9795495
1.760059612518629,1.8917902
2.1176470588235294,3.0190377
2.3684210526315788,2.548381
2.080858085808581,1.9052737
1.234375,1.9189903
1.6104651162790697,1.8494375
2.0860655737704916,1.9847752
2.606451612903226,1.9056748
1.4528301886792452,2.0112448
2.0985915492957745,1.9809777
1.8651315789473684,1.8790088
1.484375,1.7039454
2.043103448275862,1.8376966
1.5263157894736843,2.1374984
1.752808988764045,1.9989628
1.8642857142857143,2.0023448
2.210191082802548,1.9342396
1.6492890995260663,1.8907964
1.8461538461538463,1.679487
1.2692307692307692,2.1912076
1.7736699729486023,1.9361261
1.7926621160409557,1.8501517
1.4516129032258065,2.0667841
1.5714285714285714,2.0189314
3.625,2.5048242
2.7439024390243905,2.2930596
2.04,1.9025615
1.4193548387096775,2.1115587
1.5507246376811594,2.021707
1.7103064066852367,1.8907398
2.21160409556314,1.9249395
1.1538461538461537,1.6190711
1.7608695652173914,2.045707
2.4186046511627906,2.524585
1.3,2.0812345
2.2459016393442623,1.8760589
5.023255813953488,2.236812
1.5714285714285714,1.7797705
1.7941176470588236,2.0034537
1.4137931034482758,1.630396
1.8213457076566126,1.8976752
2.0689655172413794,2.016566
2.522727272727273,2.2726343
1.8387096774193548,2.4202201
1.5169491525423728,1.8453398
1.7718120805369129,1.8294902
1.8025682182985554,1.8219874
1.9125,2.1714246
1.838036809815951,1.8828849
0.8309859154929577,1.632531
1.9367816091954022,1.9495646
1.8055555555555556,2.0376394
2.5833333333333335,2.5397
2.8544600938967135,1.8920242
1.46875,1.707871
1.8465346534653466,1.8895029
2.4347826086956523,2.438134
2.0625,2.5398571
1.2211538461538463,2.0897787
1.5871313672922251,1.9348582
1.673913043478261,2.030766
1.6490825688073394,1.8903432
2.5483870967741935,2.400952
1.813953488372093,2.1604571
1.8333333333333333,2.0308895
1.9047619047619047,2.1057668
1.7647058823529411,2.1664665
2.4603174603174605,2.0101178
2.3734939759036147,2.2214596
2.5384615384615383,1.6647054
1.5454545454545454,1.9215771
1.7619047619047619,2.269029
1.4146341463414633,2.168622
1.7851239669421488,1.839347
1.4714285714285715,2.0097868
4.476190476190476,2.2172596
6.826086956521739,1.6652628
2.129032258064516,1.8995432
1.6842105263157894,2.0632114
2.0377358490566038,1.9093652
1.656798245614035,1.903404
2.0487012987012987,1.8892754
2.8857142857142857,1.9525462
2.196594427244582,1.9507121
1.6551724137931034,1.8030032
1.7425742574257426,2.2425663
1.9577167019027484,1.818445
1.5454545454545454,2.3684742
1.5901639344262295,1.8283476
1.5555555555555556,2.2957559
1.2162162162162162,1.8610525
1.9595959595959596,1.827629
1.7272727272727273,2.2301235
1.5132743362831858,1.9720047
1.743202416918429,1.9226668
1.90625,2.0081058
2.349282296650718,1.863879
2.5555555555555554,2.2138777
1.7777777777777777,2.3794363
3.4444444444444446,2.26128
1.650887573964497,1.8295194
2.1739130434782608,2.3266387
2.375,2.199856
1.1111111111111112,1.8758568
1.684981684981685,1.9391415
2.409090909090909,2.1516736
1.8484848484848484,1.9485143
3.8214285714285716,2.459869
1.565217391304348,1.8003045
2.672727272727273,2.616663
1.3529411764705883,2.017365
2.592391304347826,1.9886442
1.9710467706013364,2.006419
2.1470588235294117,2.5260794
1.6923076923076923,1.7909046
2.1538461538461537,1.6328815
2.3286713286713288,1.9056809
2.0473684210526315,1.9616982
1.7850877192982457,1.8625557
1.59375,2.0475261
2.28,1.4561014
1.5055762081784387,1.8844806
1.4285714285714286,1.7396524
1.5909090909090908,2.8818495
2.351528384279476,2.0059893
1.3821138211382114,1.9704357
1.2692307692307692,1.5356842
2.088235294117647,2.448087
1.9479768786127167,1.8795104
1.7152777777777777,1.8616694
1.7025316455696202,1.953789
1.942133815551537,2.001112
1.6544715447154472,1.8661255
1.9391304347826086,2.068204
1.8883116883116884,1.8928118
1.5,1.946858
1.6425531914893616,1.9167056
2.104734576757532,1.8913109
1.7644326476443264,1.8173517
1.1666666666666667,1.6683316
1.7939189189189189,1.9849464
1.6229508196721312,1.6261699
2.2265795206971677,1.9779423
1.797644539614561,2.05024
1.4761904761904763,2.1606283
2.0,1.9419446
2.1956521739130435,2.0452726
1.2394366197183098,1.5506016
1.780870806566738,1.8001503
1.6284987277353689,1.8349743
1.4035087719298245,1.8322041
2.0689655172413794,2.0390756
2.2,2.0205863
1.5689655172413792,1.5911965
2.037037037037037,2.2587066
2.2142857142857144,2.1151304
1.6388888888888888,2.1187372
2.2677966101694915,1.8785207
1.7485875706214689,1.9030191
1.5294117647058822,2.1285756
1.702247191011236,1.9134855
2.0869565217391304,1.7132022
1.65,2.2195058
1.984375,1.8933192
1.711755233494364,1.9090037
2.769230769230769,2.323705
2.25,2.118911
2.066666666666667,2.1453934
1.9097744360902256,2.0380402
1.9450354609929077,1.94146
2.1641791044776117,2.1118624
1.6608557844690968,1.8557127
2.5714285714285716,2.380622
1.840776699029126,1.8943634
2.8,2.7276335
1.9175257731958764,1.9193151
1.6785714285714286,1.5066628
3.2857142857142856,2.537045
1.6296296296296295,2.0023565
1.7634408602150538,1.9505005
1.45,2.418699
2.586206896551724,2.0289867
1.8,2.7001371
5.125,2.788824
1.8458646616541354,1.8651847
2.347826086956522,2.1313539
1.75,2.23131
1.1162790697674418,1.6763171
1.8571428571428572,2.6903086
1.9075975359342916,1.9288424
1.7123287671232876,1.7925322
1.7826086956521738,1.5970541
2.6315789473684212,2.3783827
2.193548387096774,2.1826866
3.090909090909091,2.06713
1.9090909090909092,1.9240546
1.6590909090909092,2.0524416
1.8803827751196172,1.9666307
1.6253968253968254,1.8435701
2.0080482897384306,1.9272536
1.6596638655462186,1.9687715
1.8421052631578947,2.2374558
1.469387755102041,2.276218
1.7727272727272727,2.3291395
1.6254980079681276,1.8996528
1.5721830985915493,1.8467934
0.9743589743589743,1.6613321
1.7692307692307692,2.43459
2.0284900284900287,1.8349406
1.9872262773722629,1.908445
2.25,1.736464
2.7,2.4348104
2.8217821782178216,1.9774885
1.8461538461538463,1.9358151
4.0,2.2071195
2.5083459787556905,1.9417695
1.2307692307692308,1.863729
1.8665879574970483,1.8520832
3.090909090909091,1.8020093
1.69375,1.8320463
1.9273504273504274,1.9348228
1.1724137931034482,1.6732812
0.9662921348314607,1.6838771
1.7497314715359829,1.9091296
1.8,2.1736207
4.333333333333333,2.8483956
1.4074074074074074,1.8418344
1.732394366197183,1.7816821
2.0106382978723403,2.0210364
1.8074921956295527,1.868865
2.0434782608695654,2.082293
2.3183391003460208,1.9243773
2.2111650485436893,1.9672588
2.0555555555555554,2.2751458
3.028985507246377,2.0947378
1.4705882352941178,1.8939456
3.3793103448275863,2.4035294
1.9879518072289157,2.1303635
1.5,2.1752596
2.6818181818181817,2.2818
1.131578947368421,2.002459
1.4838709677419355,1.6522939
1.9,1.9007461
4.083333333333333,2.8429253
1.9,2.3334098
2.9,2.8705208
1.8571428571428572,2.4948478
2.0593607305936072,1.9713866
1.5666666666666667,1.785303
1.9142857142857144,2.0107937
1.821917808219178,2.159189
2.41025641025641,2.2977953
2.981132075471698,1.84852
1.3333333333333333,2.020993
2.252551020408163,1.9188291
1.5957446808510638,1.7476534
1.9090909090909092,2.038306
1.7924528301886793,1.9543844
0.71875,1.7631232
1.8273615635179152,1.940072
2.272727272727273,2.1899953
3.263157894736842,2.3519592
4.833333333333333,2.182916
1.565217391304348,2.1387618
2.03035413153457,1.9535302
2.5492359932088284,2.1149013
6.346153846153846,2.1940248
2.282258064516129,1.9475398
2.1666666666666665,2.5068471
1.6,1.987696
2.2245322245322243,1.9439195
1.0263157894736843,1.9446416
2.13953488372093,2.6523144
2.235294117647059,2.0568671
2.55,2.1129956
1.7323759791122715,1.8794817
1.6845360824742268,1.9402845
2.0694444444444446,2.5053008
1.8156498673740054,1.8014206
1.78125,2.4474342
1.6764705882352942,1.9663348
1.963350785340314,1.8721616
1.3333333333333333,1.994254
7.818181818181818,1.7233378
2.1535008976660683,1.9590826
2.088235294117647,2.158436
1.9444444444444444,2.1661823
2.0586206896551724,1.9606323
2.473684210526316,2.119382
1.7164179104477613,1.9684727
1.6071428571428572,1.7549038
1.9318181818181819,2.0702841
1.4166666666666667,1.9404508
2.3472222222222223,2.4059646
1.7485380116959064,1.9458966
3.0,1.9392132
2.1363636363636362,1.59257
1.28,1.6479068
1.6481481481481481,2.0119421
0.725,2.2066114
1.9054487179487178,1.9877096
1.4375,1.6595197
1.5714285714285714,2.5624297
1.393939393939394,2.2175066
1.7861386138613862,1.8858457
1.6730769230769231,2.0993173
1.8461538461538463,1.634516
2.272727272727273,2.7568388
1.75,2.8858874
2.1578947368421053,2.1247096
1.928030303030303,1.9006416
2.0150842945874,1.9206842
2.0067114093959733,1.941645
2.0861423220973783,1.9698946
2.938775510204082,2.116602
1.4606741573033708,1.9319525
1.7480314960629921,1.9768312
2.0,2.0744839
1.702970297029703,1.879015
3.3714285714285714,2.2088084
1.748502994011976,1.8741336
1.7596059113300493,1.9144204
2.23728813559322,2.1907868
1.54,1.9752059
1.656686626746507,1.8414098
2.3640552995391704,1.8919265
2.473684210526316,2.2743871
1.8421052631578947,2.2261844
1.4,2.449618
1.887154861944778,1.8915324
2.588235294117647,2.168105
2.02135231316726,1.9688027
1.5824175824175823,1.9161372
2.1540697674418605,1.8919538
2.034965034965035,1.9637384
1.6875,2.2329645
2.4482758620689653,2.2193005
2.88,2.5374558
3.4390243902439024,2.0942914
1.0476190476190477,1.7095708
3.24,2.2554932
1.5135135135135136,2.2508144
1.6153846153846154,2.2924972
1.7678571428571428,1.8323433
5.928571428571429,2.2510607
2.5714285714285716,2.155471
2.5833333333333335,2.2081707
1.6944444444444444,1.9393203
3.7142857142857144,2.5781128
2.3508771929824563,2.35516
1.815909090909091,2.0470831
1.8383641674780915,1.8980837
2.2369791666666665,1.9599684
2.4074074074074074,1.837174
1.9710144927536233,2.5527742
1.4464285714285714,1.5727316
1.6774193548387097,2.5363166
1.9078947368421053,2.3790655
1.8333333333333333,2.7401235
1.72,2.0886054
1.2857142857142858,1.4642549
2.4857142857142858,1.9070326
2.782608695652174,2.3195467
1.8484848484848484,1.931591
1.7656050955414013,1.8214474
2.3333333333333335,2.1050234
1.68,2.146713
3.15625,2.120317
1.9154411764705883,1.8779155
2.0,2.0290735
1.8113989637305699,1.9427675
1.6885245901639345,1.9754622
2.114678899082569,1.9916935
1.9306930693069306,1.8702942
2.875,2.614677
1.7333333333333334,2.2392466
1.6842105263157894,2.0598266
1.8041237113402062,2.049671
3.142857142857143,2.4916804
1.083495145631068,1.9414098
1.5789473684210527,1.5639796
1.891304347826087,1.8792719
2.3278688524590163,2.0695665
2.0042613636363638,1.9995536
1.2571428571428571,1.5762523
1.9275862068965517,1.9617753
1.4444444444444444,2.1235294
2.6666666666666665,2.2925913
3.0,2.0166492
1.458100558659218,1.8706626
3.1621621621621623,1.7507871
2.091642228739003,1.9472985
2.3181818181818183,2.7583082
2.0526315789473686,1.9166795
2.016949152542373,2.1023877
1.651376146788991,1.9111602
1.7147651006711409,1.9603018
1.8095238095238095,1.7510953
1.6125760649087222,1.983758
1.9789473684210526,1.9307066
1.671748878923767,1.9421065
1.411764705882353,1.8260921
2.046875,1.9037333
2.125,2.1843874
1.4691358024691359,1.9310359
1.7142857142857142,2.413478
1.588235294117647,2.4387352
1.6363636363636365,2.3917313
1.6734693877551021,2.238539
1.6404833836858006,1.8843309
1.6129032258064515,1.9505036
2.5473684210526315,2.1792371
2.0823529411764707,2.94388
1.9434697855750487,1.9498243
2.2747252747252746,2.1253092
2.0588235294117645,2.0373657
1.8768115942028984,1.8982917
1.1428571428571428,1.5870817
1.8727272727272728,2.0707242
3.4545454545454546,2.7878149
1.954732510288066,1.9437712
2.1875,2.1826327
2.2777777777777777,2.0062873
1.1851851851851851,1.8859792
1.4074074074074074,1.6451027
2.641058747579083,2.1622007
1.6594202898550725,2.031677
1.9551724137931035,1.8814473
2.857142857142857,2.774363
3.129032258064516,2.2269957
1.8522267206477734,1.9356531
3.0555555555555554,3.055663
2.3076923076923075,1.7774923
1.4166666666666667,1.5930461
1.849785407725322,1.8552154
1.6493055555555556,1.9472744
2.0714285714285716,2.2212176
1.6333333333333333,2.137156
2.4015151515151514,1.8430446
2.4347826086956523,2.4639597
1.7352941176470589,2.2168946
2.0273972602739727,2.0294008
1.545774647887324,1.9775206
2.5869565217391304,2.5125713
6.392,2.1767464
1.978395061728395,1.9478464
2.1052631578947367,2.223493
2.6153846153846154,1.9592623
1.3333333333333333,2.2601793
1.368421052631579,2.5120428
1.375,2.191064
2.619047619047619,2.4469168
4.0588235294117645,1.9105145
2.196969696969697,2.1285522
1.5294117647058822,2.0171587
1.8627450980392157,2.0471387
1.7073170731707317,2.0977101
3.0,2.2966254
2.0384615384615383,2.010235
1.3529411764705883,2.6405892
2.4477611940298507,1.9549167
1.3714285714285714,2.0981104
1.9846153846153847,1.8741963
1.7412587412587412,1.9669511
1.5583456425406204,1.8580906
1.8591549295774648,1.9399447
1.5766871165644172,1.8895091
1.1666666666666667,1.6070496
1.5813953488372092,1.7985654
1.739769150052466,1.8514766
2.3043478260869565,1.7996242
1.669064748201439,1.8447478
2.271523178807947,1.8985449
1.9015047879616962,1.8839487
1.5517241379310345,2.0212445
1.9361702127659575,2.0836165
1.8,1.9047545
1.3909465020576133,1.8471684
1.7471264367816093,2.2706692
1.3232323232323233,1.704562
2.5637860082304527,1.9467785
1.4736842105263157,1.9240565
2.142857142857143,2.3236704
1.4761904761904763,2.2447352
3.230769230769231,2.2058673
2.142857142857143,2.1143217
1.5833333333333333,1.8613744
1.8666666666666667,2.1819887
1.930232558139535,2.137477
1.5,1.6917927
3.0595238095238093,2.0990462
1.922912205567452,1.879583
1.79609375,1.9654275
1.8222222222222222,2.263695
1.894736842105263,2.169023
1.4166666666666667,2.0064077
2.096774193548387,2.1322143
2.028798411122145,2.0511708
2.740740740740741,2.0575328
1.6155913978494623,1.9046925
1.5185185185185186,1.7314396
2.0579964850615116,1.9412271
0.6,0.9536445
2.6262833675564683,1.979578
2.7587301587301587,1.9985123
1.2455089820359282,1.3195205
2.4489795918367347,1.6646332
1.74888558692422,1.8156885
1.8181818181818181,1.9300035
1.9365079365079365,1.6163791
2.0625,2.119417
2.8333333333333335,2.2610521
2.6842105263157894,2.5370405
2.5,2.3589258
3.1621621621621623,2.1341393
2.4,2.5907574
2.779527559055118,1.9359488
2.235294117647059,3.1854987
1.3714285714285714,1.5645717
1.3243243243243243,2.2658367
1.8631578947368421,1.8242441
1.4919786096256684,1.9082284
1.6494845360824741,1.8889931
1.5669291338582678,1.8457164
1.5,2.0990896
1.2777777777777777,2.21461
2.22,2.1962285
2.8205128205128207,2.132304
1.1470588235294117,1.7096201
2.1333333333333333,2.1175723
2.0416666666666665,2.5107071
1.5689655172413792,2.0916677
2.1818181818181817,2.4013305
2.2745762711864406,1.920386
2.0806451612903225,2.150702
1.4225352112676057,1.8874236
1.4814814814814814,1.814828
1.7868852459016393,1.4421667
1.368421052631579,1.8493376
2.466019417475728,2.024155
1.4731182795698925,1.9202106
2.1354330708661418,1.9397238
2.5510204081632653,2.152238
1.9697766097240472,1.9624448
3.2941176470588234,2.14908
2.0550314465408803,1.9372385
2.6724137931034484,1.9564906
1.8201438848920863,1.9905406
1.7101879327398615,1.9091296
0.8,0.9085224
2.1818181818181817,2.1557374
1.7410071942446044,1.8533155
2.189189189189189,2.2654266
1.8181818181818181,2.2788537
1.8660287081339713,1.8167706
1.6666666666666667,2.0520496
1.4615384615384615,2.194586
2.3081534772182253,1.9673096
2.236842105263158,2.1797154
3.875,2.7056735
5.317073170731708,2.1683545
2.07172131147541,1.875176
1.668411867364747,1.9462452
1.985,1.9731092
3.0541871921182264,2.0119097
1.0833333333333333,1.4634451
1.9497816593886463,1.9323809
1.6129032258064515,2.1269693
1.754360465116279,1.9875753
3.7777777777777777,2.5568447
1.4381443298969072,1.8980058
0.631578947368421,0.9731917
2.2162162162162162,2.004011
1.8773234200743494,1.9162555
1.9404255319148935,1.9856548
1.6818181818181819,3.1548162
2.6666666666666665,2.538803
2.371007371007371,1.9579433
1.606060606060606,2.141657
4.037037037037037,3.4479682
1.2666666666666666,2.343872
2.581967213114754,1.992267
1.9269949066213923,1.9412776
1.6363636363636365,2.4434664
1.6191904047976011,1.887806
1.6333333333333333,1.8274729
3.371794871794872,2.5200806
2.5625,1.8047814
1.3076923076923077,1.8393013
1.3888888888888888,1.6863464
1.742705570291777,1.9526318
2.15,1.7874116
2.375,2.2368968
1.8318452380952381,1.9488729
2.072519083969466,1.9731684
1.902552204176334,1.9935552
1.7097457627118644,1.7608125
3.4545454545454546,2.6677413
2.8125,2.1382937
0.9591836734693877,1.7453439
1.9215686274509804,2.0075102
0.96,1.707557
5.421052631578948,2.422627
1.5921052631578947,1.8625399
1.965376782077393,1.9289985
1.4324324324324325,1.9948837
2.2413793103448274,2.5436525
1.3243243243243243,1.5962108
2.183673469387755,1.9067256
1.8461538461538463,1.8507121
1.864864864864865,2.296061
1.9701492537313432,2.0475876
0.8448275862068966,1.1826005
1.6875,2.0364587
1.6428571428571428,1.8457164
1.8375241779497098,1.9092503
1.90625,2.0191534
3.130434782608696,2.4420211
1.962962962962963,2.5375636
2.1818181818181817,2.1237864
1.136138613861386,1.8770611
1.375,2.2415879
2.8153846153846156,2.0798724
1.9473684210526316,1.6074008
1.6734104046242775,1.8609767
2.230769230769231,2.3078692
2.3846153846153846,1.8011982
2.3157894736842106,2.3582652
1.7419354838709677,1.972733
2.012987012987013,2.3578587
2.0,2.4310699
2.125,2.9822786
1.6666666666666667,2.5818543
2.151436031331593,1.9313158
1.875,2.3592455
1.3987730061349692,1.8172094
1.589018302828619,1.9870069
2.233930453108535,2.0715802
1.5060532687651331,1.8167706
6.45945945945946,2.236255
1.5906976744186045,1.9063509
1.5,1.9862462
2.625,1.8770132
2.5416666666666665,2.1123075
1.978819969742814,1.9451032
1.368421052631579,1.6635857
3.754385964912281,2.0360284
1.5357142857142858,1.940126
1.965,1.9184567
2.263001485884101,1.9992301
2.209445585215606,2.0715802
2.9166666666666665,1.909976
1.6893939393939394,1.9509568
2.526315789473684,1.9506229
1.8171206225680934,1.9457481
1.7282913165266107,1.8708302
1.8096280087527352,1.8980253
1.5,2.122202
1.65625,2.3311532
2.25,2.7628531
1.4814814814814814,1.9510946
1.8591549295774648,2.4867756
2.164772727272727,1.9132175
1.6910112359550562,1.8916209
1.2930232558139534,1.8936863
1.9814814814814814,1.9159034
3.306122448979592,1.5807686
1.6,2.2351065
1.6863636363636363,1.9645982
1.6551724137931034,2.0542512
1.5769230769230769,1.5108839
2.6315789473684212,2.2457108
1.7024253731343284,1.951045
1.9444444444444444,1.6863912
1.6666666666666667,2.0543015
1.2758620689655173,2.117761
1.9915397631133671,1.9542365
3.9444444444444446,2.3178215
4.036144578313253,3.272365
1.6194029850746268,1.9310541
2.3585476550680786,1.9633552
1.5551181102362204,1.8994509
1.76,2.161206
1.701195219123506,1.8476126
1.8850574712643677,2.1816013
2.769230769230769,2.208574
1.35,2.2071772
1.8774193548387097,1.9909369
8.96629213483146,1.9775709
3.1315789473684212,2.1079
1.8053097345132743,2.0263453
1.5526315789473684,2.1709461
2.0,2.1057792
1.7340425531914894,2.0165503
3.0444444444444443,2.173427
4.04,1.5874119
0.9,1.4313387
3.217391304347826,1.9546728
1.8741258741258742,1.9974759
1.7873563218390804,1.8379226
1.6551724137931034,2.1274288
2.0,2.3774478
1.5207100591715976,1.9942682
2.8484848484848486,2.450625
1.9219653179190752,2.0080109
2.238784370477569,2.0032742
1.6666666666666667,1.7215251
2.1030927835051547,1.9140773
2.0238907849829353,1.9249395
1.6265709156193895,1.8208125
1.7027027027027026,2.066196
2.120879120879121,2.2346926
1.826086956521739,1.5210642
1.5046728971962617,1.9124582
1.9090909090909092,2.1368456
1.5857461024498887,1.8770611
1.9619047619047618,1.942128
1.0,1.1561695
1.836734693877551,2.0175924
1.8091603053435115,1.9099524
1.7075098814229248,1.9253308
1.8647887323943662,1.9591999
1.6815286624203822,1.9662299
2.3076923076923075,1.9814961
1.5257731958762886,2.0282245
1.5116279069767442,2.016146
1.4421768707482994,1.755737
1.3636363636363635,2.0878222
0.9682539682539683,2.077413
1.8181818181818181,2.1669853
1.7560975609756098,1.9068574
2.5868544600938965,1.8934425
1.6181506849315068,1.9412776
1.3611111111111112,1.8243213
1.5392670157068062,1.8933192
1.8816901408450704,1.904073
2.049089469517023,1.956931
2.1666666666666665,1.7260065
3.5526315789473686,2.2237766
1.6121739130434782,1.955129
2.026178010471204,1.9629292
1.948377581120944,1.818225
1.667004048582996,1.871336
1.8823529411764706,2.20299
2.1368078175895766,2.0067368
1.9946294307196564,1.999974
2.264021887824897,1.9703802
2.2410714285714284,2.0669065
3.411764705882353,2.9875803
2.85,2.1312516
1.2173913043478262,1.8109874
1.935412026726058,1.8761386
1.1951219512195121,1.4170179
2.152350081037277,2.0086524
2.32,2.2247438
2.3529411764705883,1.6939123
1.7811320754716982,1.9963212
1.75,2.2330234
1.6372549019607843,2.0327618
1.9482758620689655,2.304332
2.1573816155988856,2.0333707
1.7932159165035877,1.8107635
2.25,2.6027174
1.8206465067778936,2.0177872
1.8620689655172413,2.0590172
1.7,2.010324
1.3529411764705883,1.6129013
3.6842105263157894,1.9839777
3.066666666666667,3.4690711
2.4545454545454546,2.6876986
2.6363636363636362,2.1590443
1.48,1.9329967
1.6391478029294275,1.9140493
1.6927570093457944,1.8423392
1.935897435897436,2.0088224
2.375,3.0660546
1.7670588235294118,1.9183298
2.238095238095238,2.3567412
1.1304347826086956,1.8427382
2.0,2.5935934
2.1375661375661377,1.9203756
1.2207792207792207,1.9476744
1.8484848484848484,1.5079688
1.6,2.4147072
1.0666666666666667,0.9549828
0.7894736842105263,0.97277695
1.3236514522821576,1.9227984
2.7,2.2298214
1.4666666666666666,2.1388092
2.091967403958091,1.9597037
1.815126050420168,1.9499218
2.869565217391304,3.4055743
1.893648449039882,1.998853
1.6666666666666667,1.8667886
1.5,2.0079007
1.7113970588235294,1.874134
1.4537037037037037,1.9373745
2.1016949152542375,1.821054
1.2857142857142858,2.3780687
1.8059701492537314,2.1112256
1.8849206349206349,1.9196975
1.6521739130434783,1.9717612
0.9655172413793104,1.3339837
1.9017509727626458,1.9378049
2.391304347826087,2.2843027
1.36,2.2508152
1.5384615384615385,2.5186307
4.384615384615385,2.3203032
1.9251101321585904,1.878376
1.4594594594594594,1.5974215
1.6458333333333333,2.0100532
1.6808510638297873,2.0433607
2.5,1.6122669
0.9672131147540983,1.8329164
1.5,1.6562712
1.7916666666666667,1.9057515
2.0,2.449618
1.5121951219512195,1.8625528
3.9,2.8570154
1.2857142857142858,1.624436
1.3461538461538463,2.0075035
1.5536159600997506,1.8770611
1.6842105263157894,2.1371307
1.7625,1.9267249
1.958974358974359,1.8954061
1.4,2.0917819
1.6903703703703703,1.9418049
2.3333333333333335,2.0027013
1.6545454545454545,1.9319748
1.5542168674698795,2.055477
2.5,2.6685364
2.1730580137659783,1.985191
1.736842105263158,1.6413075
2.176470588235294,1.6241488
1.5753424657534247,1.9008671
2.235294117647059,1.6368358
1.588235294117647,1.5439188
0.8055555555555556,1.5744826
1.8205128205128205,1.9539367
1.6470588235294117,2.1949341
3.2777777777777777,3.1492078
2.659090909090909,2.3488803
1.6521739130434783,1.8156027
1.6720647773279351,1.8368137
1.4097222222222223,1.8182739
1.8374816983894582,1.9548997
1.7666666666666666,2.575425
1.3235294117647058,1.7439437
2.1195219123505975,1.9218166
2.7777777777777777,3.1682484
1.2352941176470589,1.9581054
3.239130434782609,2.002588
2.8846153846153846,2.1828578
1.749532710280374,1.9561311
3.0597014925373136,2.0053995
2.203488372093023,1.929587
1.7763041556145005,1.8319652
1.8291139240506329,1.9183631
0.8571428571428571,0.8750614
2.0,2.0601478
2.8529411764705883,2.1032717
1.9491525423728813,1.921782
2.0851063829787235,2.3335109
1.7619047619047619,2.0772083
3.611111111111111,2.2389066
3.4285714285714284,2.651779
2.185960591133005,1.9344809
1.3333333333333333,2.0164113
3.3157894736842106,2.2675903
1.38,2.0993056
1.8,2.1694698
1.75,1.9272239
2.0625,1.8878998
2.18098510882016,1.9883507
3.238095238095238,2.422313
1.5909090909090908,2.809684
2.24,2.1216934
2.0,3.115553
1.8235294117647058,2.1265216
1.7716262975778547,1.9524415
1.7689969604863223,1.9519013
1.5466893039049237,1.8468766
2.0049261083743843,1.981523
2.2705882352941176,1.8755358
1.4782608695652173,1.6686155
2.4893617021276597,1.7022803
1.736842105263158,2.0573928
1.8125,2.141412
1.9333333333333333,2.4020438
1.6734693877551021,1.9922497
1.9827586206896552,2.1138537
1.8214285714285714,2.1872249
2.2896103896103894,1.917799
1.25,1.8528675
1.4814814814814814,2.1329122
1.9854368932038835,2.0238402
1.1290322580645162,1.5960084
2.2115384615384617,1.88613
1.6334310850439884,1.8657475
1.5,2.303582
1.6494252873563218,1.8730661
2.642857142857143,2.2321646
2.588235294117647,2.0931532
1.6296296296296295,2.608116
1.896551724137931,1.9293544
1.925507900677201,1.9218353
1.5,1.988632
2.1742671009771986,1.9209378
1.814410480349345,1.8525592
2.130434782608696,1.7938172
1.25,2.1667733
1.5,2.4583416
1.6595744680851063,1.7288935
1.5555555555555556,1.9908075
1.841025641025641,1.9010277
4.142857142857143,2.3983574
4.461538461538462,2.0391245
1.4411764705882353,2.2177505
1.7727272727272727,1.9660887
1.8656716417910448,1.9295042
1.690721649484536,1.857404
1.8557046979865772,1.8806204
1.9452054794520548,2.0838337
2.761904761904762,2.2464507
3.142857142857143,1.9744132
1.779840848806366,2.0256906
1.7399553571428572,1.7805866
1.4857142857142858,1.7486774
1.7142857142857142,2.1942873
1.44,1.6291842
3.7222222222222223,2.2276886
1.6531130876747142,1.8720367
1.838,2.0191464
2.953488372093023,2.5417252
1.8486997635933806,1.9166985
1.9809417040358743,1.9847106
1.7671232876712328,1.8585924
1.8245614035087718,2.177422
1.76,2.266847
1.9637096774193548,1.9584457
2.14,1.8795838
2.235294117647059,2.1172106
1.66015625,1.9087459
1.8356164383561644,1.9991251
2.1375,2.200747
2.1176470588235294,2.8683603
1.0714285714285714,2.1599646
4.25,2.1426198
2.0841683366733466,1.9372385
3.5416666666666665,2.5327346
1.9523809523809523,1.957859
1.4375,2.2657588
1.5182072829131652,1.8050941
0.9166666666666666,1.8234652
1.5625,2.0611017
1.6630286493860846,1.8785878
1.852,1.9627162
1.3333333333333333,2.5569663
1.6923076923076923,1.7656584
2.4565217391304346,2.041257
1.943089430894309,1.9523703
1.6569920844327177,1.8275689
2.230769230769231,2.4609435
4.8,2.8929536
1.4285714285714286,2.412063
1.4490740740740742,1.8681941
3.533333333333333,2.6926405
1.75,1.7566845
2.875,1.9780368
1.6661786237188874,1.9086521
1.90873786407767,1.9272536
2.324829931972789,1.9395062
2.1363636363636362,2.259729
1.676923076923077,1.9034941
2.09,2.143833
1.5068493150684932,1.8372337
1.8095238095238095,2.281592
2.6710526315789473,2.4509025
1.744186046511628,1.8934625
1.6333333333333333,1.9154218
1.4046511627906977,1.9205899
1.6176470588235294,1.9077048
1.8057851239669422,1.9115628
2.1977750309023487,1.9399681
2.046153846153846,1.8558898
1.5892857142857142,1.989274
1.8113207547169812,1.9464526
1.788748564867968,1.8504924
1.458233890214797,1.8381121
1.896551724137931,1.8180147
1.884020618556701,1.9113162
1.8409090909090908,2.0780692
1.5842880523731588,1.8394744
1.857699805068226,1.8591677
1.744460856720827,1.9544458
2.7,2.4438596
1.8737745098039216,1.901774
1.7915006640106241,1.9421406
1.5338208409506398,1.8876405
2.1666666666666665,2.7050135
1.91796875,1.8872296
1.7222222222222223,2.3132138
1.9967637540453074,1.9791744
1.6923076923076923,2.7728512
2.120567375886525,1.9061292
1.6666666666666667,2.1566122
1.8017241379310345,1.9823409
1.9014084507042253,1.9651277
7.481481481481482,3.1934848
3.6222222222222222,2.0191085
1.9320113314447591,1.8636956
2.2857142857142856,2.0139387
2.3497109826589595,1.965345
0.7586206896551724,1.520645
4.533333333333333,2.07974
3.5238095238095237,2.6783192
1.9106438896189224,1.9840221
2.280701754385965,2.0796363
1.6888297872340425,1.9374087
1.9286486486486487,1.9525214
1.7541899441340782,2.0012736
1.7729885057471264,1.860561
1.7833333333333334,2.0275395
2.5652173913043477,2.0056307
1.9416666666666667,2.046834
2.235294117647059,1.9197065
1.9452054794520548,2.011617
2.1476510067114094,1.9345052
1.3846153846153846,1.8862978
1.8,2.220185
1.5,1.709821
1.67,1.9075195
2.8181818181818183,1.9865373
2.8115942028985508,2.5476856
1.768621236133122,1.9505571
1.9019607843137254,1.9209378
2.5660377358490565,2.026903
2.2432432432432434,2.2084024
1.4761904761904763,1.9372162
1.6509539842873175,1.8566644
1.9741100323624596,1.878038
2.125,2.3854966
1.7880055788005578,1.8197213
1.3453237410071943,1.9699823
1.7458242556281771,1.8976167
5.916666666666667,2.2053556
2.096045197740113,1.9011903
2.0165289256198347,2.0009181
1.1714285714285715,1.8257182
1.8571428571428572,2.29646
3.5714285714285716,2.3909245
1.3333333333333333,2.356126
2.5903614457831323,1.9557922
1.3867924528301887,1.9007117
3.0,2.2855752
1.24,1.5428154
2.347670250896057,2.0077379
1.8962053571428572,1.8312541
1.3170731707317074,2.1074579
1.9193548387096775,1.9312701
1.7048832271762209,1.8516139
3.345679012345679,2.3627894
2.6964285714285716,2.4124246
1.5454545454545454,1.9328705
2.2962962962962963,2.0451505
3.442105263157895,2.0146625
1.8846153846153846,1.7265595
1.4074074074074074,2.0061777
1.6825396825396826,1.8356162
1.8604651162790697,2.063768
2.4395973154362416,1.9575566
1.7987152034261242,1.9761313
1.4277777777777778,1.8422009
2.2666666666666666,1.52774
4.333333333333333,2.4088907
1.7219430485762144,1.9115883
1.6620305980528511,1.8617773
1.2962962962962963,1.5453743
2.1264367816091956,1.9632958
3.7941176470588234,1.5798763
1.804810996563574,1.8269705
2.625,3.160446
2.3376068376068377,1.9145294
1.6285714285714286,1.8658463
1.6744186046511629,1.9823973
1.7972199509403106,1.8297492
1.6310679611650485,1.6914929
1.824742268041237,1.8780296
1.8051282051282052,2.0029252
3.1310679611650487,2.0080373
0.9285714285714286,0.8292706
2.789473684210526,2.3663757
1.5087108013937283,1.8499037
1.7704918032786885,2.152032
1.8,2.6795554
2.24,1.5605206
1.0416666666666667,1.4924715
2.7222222222222223,1.9226134
2.82,1.8606921
2.9936708860759493,2.014026
2.0,2.050493
1.9236526946107784,1.9099703
2.0979827089337175,1.9869119
1.74582560296846,1.9117057
1.7446640316205533,2.0124698
5.1937984496124034,2.0340474
1.5147058823529411,1.6982459
1.2952380952380953,1.9819622
1.8203125,1.9173021
1.5357142857142858,1.9131576
1.3333333333333333,1.6716626
1.434782608695652,2.3396544
1.9651162790697674,1.9294653
2.6666666666666665,2.4538703
1.9417989417989419,1.8904886
2.0058823529411764,1.8840659
1.952991452991453,1.8935713
2.857142857142857,2.4499698
2.0833333333333335,2.6351845
1.5862068965517242,1.691278
1.05,2.0017881
1.5904255319148937,1.895009
1.4761904761904763,2.2916932
1.3148148148148149,2.0710704
1.9243243243243244,1.8994249
3.1,2.4585798
2.375,2.1858864
2.6710526315789473,2.7633955
1.1875,2.00282
1.8634146341463416,1.871747
2.15625,2.0834389
7.454545454545454,2.1912937
3.5806451612903225,2.440489
2.324468085106383,1.9651091
1.7906976744186047,1.863735
2.0677966101694913,1.9403238
4.0227272727272725,2.3288727
4.909090909090909,3.0700107
1.6521739130434783,1.8813056
2.3028169014084505,1.9523953
1.896551724137931,2.2776515
1.9096774193548387,1.9998647
2.4583333333333335,2.0038507
2.206896551724138,2.568296
3.046511627906977,1.9867905
2.0175202156334233,1.9241966
1.9294871794871795,1.8946453
2.059108527131783,1.947008
2.348265895953757,2.0230405
1.60828025477707,1.9318526
1.32,1.8985919
1.0769230769230769,2.0540955
1.6827586206896552,1.9401454
1.8888888888888888,2.876814
1.5,2.4922955
1.2307692307692308,1.7726363
3.9,2.0997443
1.5555555555555556,2.0433748
1.2727272727272727,2.0347495
1.52,1.5842631
1.7882971729125576,1.8031256
1.7,2.5757663
4.260869565217392,1.9668549
1.5721649484536082,1.9171381
1.9136690647482015,1.9470494
1.2142857142857142,2.0348704
2.402197802197802,1.9333947
1.6666666666666667,1.9676639
3.6202531645569622,2.007811
1.4193548387096775,2.2462778
1.8181818181818181,2.0833733
2.696969696969697,1.9913645
2.25,1.8207288
2.2857142857142856,2.5321147
1.5588235294117647,1.9066726
1.7424242424242424,2.0718565
1.6486486486486487,2.1548655
2.782608695652174,1.7947867
1.5064102564102564,1.8312005
3.1534391534391535,1.9553447
1.9433465085639,1.9666216
1.325,2.0911274
2.0952380952380953,1.9945872
2.10920245398773,1.9803075
1.5847826086956522,1.8283744
1.6419753086419753,1.9593349
1.7857142857142858,1.7124938
2.0294117647058822,2.110594
1.5,2.2951512
2.084070796460177,1.9328723
2.1458333333333335,2.0269198
1.5254237288135593,1.0315878
1.4285714285714286,1.8815793
2.9337410805300714,2.0602443
5.838709677419355,1.7960331
1.9508196721311475,2.1529784
1.6857142857142857,1.9804457
2.115264797507788,1.9540967
1.5384615384615385,2.2496624
2.1554770318021204,1.982827
1.9411764705882353,2.76302
1.4545454545454546,1.775476
1.56,2.0468068
2.125,2.1429229
1.9090909090909092,2.4713788
1.3513513513513513,2.0736897
1.3333333333333333,1.5261477
2.2033898305084745,2.787851
3.125,1.9051435
1.7763157894736843,2.3561282
1.375,1.956873
1.8421052631578947,2.9477572
2.622448979591837,2.0307076
1.3727506426735219,1.8981003
1.9989473684210526,1.9532646
2.590909090909091,2.1019337
3.15625,2.015236
3.263157894736842,2.1283665
5.218181818181818,2.2425532
2.0303030303030303,2.0851707
1.640625,2.814083
2.789473684210526,2.0315602
2.2083333333333335,2.2008135
1.7665024630541872,1.9214438
2.6875,2.4736204
1.935483870967742,2.3315306
6.604938271604938,2.651182
1.998507462686567,2.0233989
1.3026315789473684,2.000004
5.0,2.3526607
2.0785340314136125,1.9481429
2.29595015576324,1.9301832
2.411214953271028,1.8681941
2.7018469656992083,2.0090775
3.259259259259259,2.0578942
2.2,2.1160657
1.100558659217877,1.8554299
2.5489690721649483,1.9474912
2.2238805970149254,2.3946106
2.1666666666666665,2.2211082
2.6363636363636362,2.2426815
1.8842794759825328,1.9455779
1.8520408163265305,1.965745
1.8670886075949367,2.0374272
1.803191489361702,1.9406251
2.292207792207792,2.017276
1.588235294117647,1.8526605
1.853846153846154,2.01323
1.0681818181818181,1.53469
2.0454545454545454,2.2725375
1.9591836734693877,1.771752
2.75,2.4540389
6.482758620689655,2.443535
1.715151515151515,1.9011924
1.962174940898345,1.9230903
1.313953488372093,1.8917795
1.3181818181818181,1.7053962
2.3307086614173227,1.9876059
3.4130434782608696,2.1838677
1.411764705882353,2.1612968
2.72,2.543595
1.8571428571428572,2.0152705
2.4285714285714284,1.9384724
1.75,1.936574
1.6313131313131313,1.8649207
2.042452830188679,1.9471196
1.668639053254438,1.8981243
3.0,1.9528788
1.375,1.2280602
1.4666666666666666,2.1536496
1.5206611570247934,1.9483323
2.0866013071895426,2.0168514
1.3404255319148937,1.7822144
1.3043478260869565,1.4748719
2.761904761904762,2.1707344
2.137888198757764,1.9850274
1.75,2.6006463
2.7142857142857144,2.107639
1.0677966101694916,1.7955662
1.7572633552014996,1.9453676
2.875,1.6961932
1.4666666666666666,1.9055524
1.6719367588932805,1.9410163
1.4444444444444444,1.8059639
2.0597738287560583,1.9372385
1.4705882352941178,1.8137513
1.36,1.8279892
2.410828025477707,1.9432534
1.7403846153846154,2.0624683
2.0575396825396823,1.9296938
1.4838709677419355,2.1729944
1.7843866171003717,1.8851743
1.9166666666666667,2.5322273
1.7508196721311475,1.8484842
1.921875,1.7816933
1.2727272727272727,1.8472762
2.225806451612903,2.0503798
2.3879716981132075,1.9425849
1.9539473684210527,1.8853762
6.3,2.9284685
1.0,2.033493
1.56,2.1667066
3.466666666666667,2.1085134
1.7058823529411764,2.0956485
1.5666666666666667,2.1230297
1.542857142857143,1.7309535
1.9487179487179487,1.9079204
1.8391608391608392,1.8865112
1.7836538461538463,1.9175115
2.1315789473684212,2.1530032
1.4651162790697674,2.05241
1.5714285714285714,1.9470327
2.721518987341772,2.2093322
1.8672413793103448,1.9380894
2.0232558139534884,1.8524163
2.065934065934066,2.1626933
2.0551948051948052,1.9504287
2.0625,2.148114
4.769230769230769,3.4958208
1.6818181818181819,2.060761
1.8817733990147782,1.9322902
1.76657824933687,1.9541991
1.6638655462184875,2.1021419
2.493150684931507,1.9763699
4.653846153846154,3.7564893
1.8734177215189873,1.8970803
1.8641975308641976,2.1520212
1.6875,2.1632004
3.8,2.0788703
1.3419354838709678,1.7849922
2.35,2.1907709
2.011764705882353,2.2655752
1.351063829787234,2.3946033
1.4081632653061225,1.540475
1.105263157894737,1.6337065
1.7142857142857142,2.4347181
1.8727272727272728,2.1517823
1.553191489361702,1.9617106
0.7857142857142857,1.3269821
2.4330708661417324,1.99944
1.6666666666666667,2.1067402
0.8235294117647058,1.4103097
1.5555555555555556,2.4756618
1.76,1.7850939
1.711111111111111,1.7404561
2.0895218718209563,1.9198227
1.3170731707317074,2.1309063
1.8932038834951457,2.0805163
2.9705882352941178,1.4280101
1.76,2.3352146
1.9320388349514563,2.0582488
1.8415637860082306,1.9170026
1.1964285714285714,1.675958
2.5757575757575757,1.9418848
1.8888888888888888,2.1598165
1.32,1.4412442
2.0349143610013174,1.9421822
2.1462264150943398,1.9074984
2.0468384074941453,1.9137857
1.7272727272727273,2.0103223
1.7058823529411764,2.1327708
3.45,2.1629415
2.066666666666667,1.8664627
1.6842105263157894,1.4454123
2.5396825396825395,1.8960242
0.8333333333333334,1.0232102
3.0,2.1956573
1.871559633027523,2.0640006
1.7957516339869282,1.897834
1.732450331125828,1.7913617
2.909090909090909,2.6629872
1.9402985074626866,2.0125017
3.235294117647059,2.235986
1.736842105263158,2.129696
0.9710144927536232,0.699151
3.1928934010152283,1.8951023
1.6956521739130435,1.8183428
2.0395209580838323,1.9308438
1.9166666666666667,2.6173346
1.8074298711144807,1.8479074
2.15625,2.1087346
1.2115384615384615,1.9895717
3.84,2.8425488
2.2024729520865534,1.9029028
2.7777777777777777,2.346958
2.371584699453552,1.8973014
1.6849315068493151,1.9778255
1.0,1.6758564
1.3548387096774193,1.669396
1.56,1.9594022
2.3333333333333335,1.6567248
1.4858757062146892,1.8572556
1.8991596638655461,1.9050809
1.4761904761904763,2.4135957
2.026666666666667,1.9392884
1.7640449438202248,2.051716
1.4375,2.2138903
1.646090534979424,1.86337
1.1285714285714286,3.0673301
1.6666666666666667,1.9017979
2.0104166666666665,2.006824
1.8968253968253967,1.9540586
1.5714285714285714,1.9290951
1.5498154981549817,1.9330063
1.6153846153846154,1.7609444
2.2651072124756335,1.933676
2.27027027027027,2.2300825
2.0714285714285716,2.0051925
1.8795518207282913,1.8453476
1.7457627118644068,2.2574172
1.5594059405940595,1.9318956
1.8157894736842106,2.1196764
2.4583333333333335,2.4047878
1.5802469135802468,1.8028568
1.7619047619047619,2.071064
1.1176470588235294,1.951324
1.942133815551537,2.000816
1.8484848484848484,1.9798064
1.9714285714285715,1.9201008
1.6296296296296295,2.0861182
1.3870967741935485,1.4916528
3.4864864864864864,2.248361
1.3620689655172413,1.8382055
2.24,1.7717628
1.7981859410430838,1.950381
1.6923076923076923,1.74718
1.6244897959183673,1.9227984
1.5525040387722133,2.0276043
1.5,1.837817
1.85,2.1133811
1.8072122052704578,1.814328
2.21875,2.2935708
1.8505263157894736,1.819924
1.391304347826087,2.0164607
2.0847457627118646,2.1726391
2.3076923076923075,2.4475968
1.9424920127795526,1.9104763
2.2666666666666666,2.099607
1.5797807551766139,1.8510727
1.816793893129771,1.8508503
2.0,2.299776
2.2203389830508473,2.2027435
6.1875,2.6569376
2.0795454545454546,2.008122
2.4444444444444446,2.1154647
1.5555555555555556,1.6773638
2.0555555555555554,2.8593593
1.7333333333333334,1.9894923
1.140625,2.2683516
1.555956678700361,1.9327772
2.0,2.3706286
3.6551724137931036,2.6208138
2.6818181818181817,2.1215112
2.3389830508474576,1.9810506
5.3,2.346427
1.5728643216080402,1.9104006
1.3529411764705883,2.030659
1.7799043062200957,1.9348228
1.4390243902439024,1.8904904
1.8554801163918526,1.845909
1.7551867219917012,1.8577988
2.0,2.2002661
2.58974358974359,2.1760018
2.369565217391304,2.021487
1.9932432432432432,1.8700416
1.5625,1.7011774
3.2388059701492535,3.0023098
2.0617283950617282,2.2450495
1.569078947368421,1.8686906
1.8580121703853956,1.8725493
1.7653061224489797,2.1709628
1.5030674846625767,1.938079
3.406158357771261,1.9542925
1.7731958762886597,2.200773
1.9320388349514563,2.1347632
2.1944444444444446,1.7754065
1.3243243243243243,2.0065713
2.4166666666666665,2.4470494
1.6734693877551021,2.057375
1.3793103448275863,2.0674336
1.6666666666666667,2.487853
1.4536082474226804,1.9220788
1.788709677419355,1.914731
1.625,2.3829675
0.943089430894309,1.6293176
2.0476190476190474,2.4164705
2.427536231884058,1.8696543
1.9312320916905443,1.9426166
1.2058823529411764,1.8994185
1.75,2.7506099
1.92,1.9830128
1.8760330578512396,1.832194
1.7526881720430108,1.9098678
1.822314049586777,1.925669
2.264705882352941,2.357404
1.6170212765957446,1.7663678
1.8072538860103626,1.868865
1.5,2.5374413
1.032258064516129,1.1260076
1.6521739130434783,1.6147323
1.8135922330097087,1.9782715
1.6689655172413793,1.9260796
3.6666666666666665,2.7561924
2.2593486127864897,1.924556
1.1538461538461537,2.020491
2.159090909090909,2.0872765
1.6521739130434783,1.7177254
3.934156378600823,1.9727339
2.306122448979592,2.0517783
1.9145299145299146,2.0544987
1.7662337662337662,1.8974452
2.767123287671233,1.6811154
1.6105263157894736,2.1664426
1.2,1.728626
3.1904761904761907,2.9740164
4.77,2.1109717
1.6099137931034482,1.827629
2.2301304863582443,1.8563251
1.7422680412371134,2.172429
2.108108108108108,2.2596571
1.75,2.409753
3.0082872928176796,1.9675044
2.373913043478261,2.0613608
1.7628865979381443,1.8769078
1.5584415584415585,1.6087575
1.730263157894737,1.8933953
1.375,1.5288328
3.730769230769231,2.1434526
2.588135593220339,1.8940494
1.12,1.7297025
1.8225352112676056,1.9635909
2.910179640718563,1.8920796
1.3555555555555556,1.9753535
1.32,1.9738255
1.6323529411764706,1.5829507
1.6923076923076923,2.1395822
5.810344827586207,2.3336234
1.6538461538461537,1.9184419
1.434782608695652,2.3369277
1.1538461538461537,1.9550186
2.6206896551724137,2.5835555
1.8909774436090225,1.8810885
1.794392523364486,1.8414098
4.0,2.0619617
1.9130434782608696,2.0840974
2.389830508474576,2.1034424
1.880952380952381,2.035804
1.9871794871794872,1.9934647
1.9926470588235294,1.949761
1.5564516129032258,1.8812636
1.8314321926489228,1.8480769
2.5138121546961325,1.9167316
2.108108108108108,2.1814497
1.8990825688073394,1.867917
2.074074074074074,2.490429
2.08,1.5946902
3.1333333333333333,3.2109032
1.8134328358208955,1.9746652
1.3636363636363635,1.6210281
2.1623931623931623,2.5002372
1.434782608695652,1.9961257
2.0454545454545454,1.9507381
1.2191780821917808,1.9983925
1.7377049180327868,1.9708489
1.9028727770177838,1.9587035
3.125,2.027337
5.368421052631579,2.2761571
1.75,1.7417545
0.9115646258503401,1.7997586
2.8125,2.127919
1.5986622073578596,2.0163515
0.4722222222222222,1.0229124
2.43609022556391,2.1104198
1.7083333333333333,1.6736392
1.7205882352941178,2.136449
3.0,1.5317024
1.664516129032258,1.9196444
2.161290322580645,2.1868439
1.5555555555555556,2.0305834
1.0294117647058822,1.8785977
1.957142857142857,1.980459
2.214689265536723,1.774682
0.7851851851851852,0.9018692
1.9094488188976377,1.9291811
1.98,1.9474099
2.230769230769231,2.117783
1.570754716981132,1.9178356
2.35,2.123498
1.1153846153846154,1.825963
2.1928934010152283,1.923179
1.9090909090909092,1.9539534
1.5175438596491229,1.7883
2.9130434782608696,2.3713071
1.037037037037037,1.8811361
2.1973684210526314,1.9991215
2.1320754716981134,2.3483555
1.5670650730411686,2.0151935
2.4857142857142858,1.956322
2.5714285714285716,2.7930071
1.945945945945946,1.7139328
2.5322997416020674,1.9113162
1.83,2.1073318
1.9615384615384615,1.8266253
1.5405405405405406,1.9628711
2.5789473684210527,1.5592338
2.398576512455516,2.026031
2.2048192771084336,2.3810987
2.0632183908045976,1.9277835
2.451776649746193,1.9704703
1.8205128205128205,1.666805
2.2962962962962963,1.9219582
1.5161290322580645,2.2582822
3.24,1.6402968
1.4042553191489362,1.7465656
1.5185185185185186,2.3307927
4.875,2.607669
2.4285714285714284,2.1566894
1.664050235478807,1.9062304
2.5714285714285716,2.5594523
1.2692307692307692,2.060471
1.6363636363636365,1.9596641
2.161290322580645,2.1167977
2.4638186573670446,1.9579904
1.7647058823529411,2.0633228
1.6470588235294117,2.2087061
3.259259259259259,2.1591134
1.7109375,1.9442357
1.175,1.8578333
1.5454545454545454,1.8342255
1.3529411764705883,1.4950324
0.8888888888888888,1.928598
1.1875,2.2380536
4.285714285714286,2.729415
1.5434782608695652,1.5939002
1.4403669724770642,1.9425197
1.7486338797814207,1.916235
2.096774193548387,2.2300751
3.782608695652174,2.1477072
3.0,3.229711
1.2424242424242424,1.7620554
1.7804878048780488,3.0250976
1.6838842975206612,1.8532329
1.3271028037383177,1.6466459
2.22992700729927,1.933676
2.6015625,1.915053
2.0,2.4896736
1.7692307692307692,2.6527076
1.2692307692307692,1.996712
1.2727272727272727,1.6155287
1.5458715596330275,1.8325573
3.0,2.966494
1.5842696629213484,1.9649228
2.225,2.0273764
2.5054945054945055,2.3626728
1.0,1.846088
1.9302915082382763,2.0522068
1.6818181818181819,2.132002
2.039348710990502,1.9698312
2.368794326241135,1.9174486
1.7798913043478262,1.930395
1.8064516129032258,1.9452724
1.6753246753246753,2.0701482
1.6733333333333333,1.9189142
2.6551724137931036,2.5531442
1.55,2.0629156
4.428571428571429,2.3853242
2.16,2.4726043
2.8666666666666667,1.8805791
2.0608695652173914,1.8902735
2.1425641025641027,2.0105214
2.0646766169154227,1.9824241
2.274390243902439,1.952997
1.4074074074074074,2.1838932
2.36734693877551,1.9607061
1.625,1.9265327
1.7218155197657394,1.9968544
1.8076923076923077,2.1549015
1.2692307692307692,1.7488194
1.4538690476190477,1.8810663
1.7938144329896908,1.8136561
1.8709677419354838,2.0877454
1.4482758620689655,2.0848193
4.285714285714286,2.0250707
2.1176470588235294,2.603443
1.912751677852349,1.984334
1.2857142857142858,1.506194
2.236383442265795,2.0312123
2.109090909090909,2.1525774
1.530054644808743,1.8972956
1.96,1.9470942
2.1866666666666665,1.8996043
1.7058823529411764,2.0649924
3.4782608695652173,2.1106634
0.8888888888888888,1.84625
1.5958115183246073,1.8425984
1.802907915993538,1.9620838
2.2546082949308754,2.0046575
2.0958605664488017,1.9031545
2.2555555555555555,2.0421627
1.9222222222222223,1.9638972
1.1851851851851851,2.1983988
1.7769886363636365,1.9121808
2.606060606060606,2.2050722
2.211267605633803,2.3350184
2.4186046511627906,1.6750942
6.0,2.6187575
1.5,1.6543256
2.3289473684210527,1.889374
3.2884615384615383,2.02431
3.8461538461538463,2.1501117
1.743732590529248,1.8836168
1.7747747747747749,2.065299
1.525,1.8583626
1.5842696629213484,1.8990846
1.7076502732240437,1.9269726
1.875,2.2833312
1.5277777777777777,1.5991952
1.4761904761904763,2.42507
1.7006369426751593,1.9845313
1.48,1.7868752
4.857142857142857,2.8626974
1.8333333333333333,2.02523
3.7027027027027026,2.022025
2.5303030303030303,1.9475982
1.425,1.7974883
1.3278688524590163,1.6298375
1.4583333333333333,1.9964026
2.0416666666666665,2.1586576
1.8055555555555556,1.8740765
2.1551724137931036,1.9866493
2.2666666666666666,2.040666
4.222222222222222,2.721484
3.4444444444444446,2.3807328
2.0313152400835075,1.8822887
1.62,1.766383
2.3389830508474576,2.1348646
1.8211586901763224,1.9406251
4.2272727272727275,2.7841916
1.907473309608541,1.9932024
2.111111111111111,2.4715738
1.4210526315789473,2.1036463
1.3076923076923077,1.5012835
1.7333333333333334,2.0310876
2.395967002749771,1.975446
1.6458333333333333,1.948235
1.653061224489796,2.2647674
2.1333333333333333,2.3537738
1.55,2.1311595
1.8409090909090908,1.7103168
1.2727272727272727,1.6459047
1.7423117709437963,1.7964643
3.25,2.6903942
2.3333333333333335,2.2573318
3.1869158878504673,2.6221182
1.8823529411764706,2.0651238
3.090909090909091,1.9485474
2.0306122448979593,2.0526223
1.8921832884097034,1.928262
1.4406779661016949,2.032448
1.1578947368421053,2.1534472
1.7606557377049181,1.9027896
1.9285714285714286,2.057419
1.325,1.5113132
1.2857142857142858,1.9432476
1.3448275862068966,1.6570941
2.8846153846153846,2.5511682
2.019230769230769,2.101566
3.0588235294117645,2.2166665
1.5217391304347827,1.8364744
2.1153846153846154,2.3493044
1.76,1.9549364
1.7647058823529411,3.0961177
1.6120129870129871,1.8829367
4.0,3.0328646
1.6666666666666667,2.2047052
2.325373134328358,1.9260476
1.7037037037037037,2.018548
2.9786324786324787,2.0225222
1.97,1.9540234
1.694736842105263,1.8364482
2.3333333333333335,1.9667783
1.8,2.2444222
1.8149038461538463,1.9467306
1.527331189710611,1.9172378
1.596774193548387,1.7797128
1.606060606060606,1.6757706
4.923076923076923,2.1712575
2.535135135135135,1.8759084
2.0,1.9159856
1.5420560747663552,2.077359
2.0,2.228296
1.9134615384615385,2.1309476
1.0916030534351144,1.7180752
2.72972972972973,2.14057
1.7119892833221702,1.7803824
3.176470588235294,2.0190754
1.9090909090909092,1.5904361
1.4324324324324325,2.3995144
1.7142857142857142,1.8552818
2.2857142857142856,2.4449728
2.218390804597701,1.966932
2.6666666666666665,2.2722437
4.619047619047619,3.5057456
2.020942408376963,1.9542365
1.5876288659793814,2.0703661
1.7360594795539033,1.919065
1.309090909090909,1.6773891
1.3859649122807018,2.0476441
1.4375,1.9633138
1.8181818181818181,2.4560986
1.7409200968523002,1.8780469
1.8593955321944808,1.874854
1.4829268292682927,1.9193387
1.18,1.6985619
1.6752941176470588,1.8821489
1.5972850678733033,1.9393375
2.600375234521576,1.9574784
1.4473684210526316,2.1556861
1.3793103448275863,1.5045499
1.952513966480447,1.8825749
2.7777777777777777,2.5700362
2.056603773584906,1.980049
1.6473317865429233,1.9239603
2.1052631578947367,2.3465881
2.2972972972972974,1.8247908
4.666666666666667,3.0357618
1.8695652173913044,2.0057156
2.4074074074074074,2.1555483
1.70926517571885,1.9104763
1.7485714285714287,2.028881
2.7941176470588234,1.9448206
1.5625,2.100355
2.3157894736842106,2.3304043
1.7037037037037037,1.9403238
1.52,1.9899757
1.4390243902439024,1.7953669
3.0833333333333335,1.5101553
1.4782608695652173,1.7414433
3.8333333333333335,2.607674
1.8418803418803418,1.9594293
1.752317880794702,1.9028236
2.0,2.2104964
2.125,2.261537
1.3461538461538463,1.62252
3.4,2.3562574
6.15625,2.291945
2.0,2.1523628
1.186046511627907,2.0836804
2.3207547169811322,2.4140348
1.1428571428571428,1.4779494
2.0054054054054054,2.0028334
1.9130434782608696,2.0219703
1.8823529411764706,1.9492116
2.1648351648351647,2.0538437
1.826086956521739,2.3703172
1.5,1.4789186
2.7142857142857144,2.1493766
1.6624472573839661,1.9549774
1.7721518987341771,1.9686084
4.111111111111111,2.7326732
2.4615384615384617,2.5060072
5.115384615384615,1.5298858
1.8333333333333333,2.541813
1.403125,1.8505111
2.155701754385965,2.0254643
1.658974358974359,1.9154555
1.7820512820512822,2.027273
2.08,2.3162847
1.9772727272727273,2.1640036
1.373134328358209,1.7936453
1.6624579124579124,1.804344
1.8620689655172413,1.8431202
2.7540983606557377,2.127722
2.5869565217391304,2.1415212
1.2777777777777777,2.1599004
0.8333333333333334,1.6625594
1.5909090909090908,1.8481197
0.8095238095238095,1.3592634
2.0,2.113442
1.6666666666666667,1.56215
1.5352112676056338,1.8096268
1.5833333333333333,1.9107295
1.3157894736842106,2.2282546
1.8,2.635029
1.6923076923076923,1.8079911
3.1914893617021276,2.085943
2.4363636363636365,2.1647708
1.4137931034482758,2.4444406
1.2459016393442623,2.0297596
2.869565217391304,3.2968588
2.109090909090909,1.7551517
3.302325581395349,2.0752518
2.1372549019607843,1.9568592
1.5555555555555556,2.0914726
1.4666666666666666,2.2206616
2.576923076923077,1.9703516
1.8488372093023255,1.8210884
1.9282700421940928,1.9722059
1.7619047619047619,2.023662
1.5185185185185186,1.6304866
2.235294117647059,2.23898
1.303030303030303,1.0686535
2.0,2.2937486
6.293706293706293,1.9950746
1.58,1.8783798
2.1666666666666665,2.7911325
1.0571428571428572,1.4779176
2.097560975609756,2.177389
2.3870967741935485,1.9957952
3.107142857142857,2.4851918
1.305084745762712,2.4083784
2.641025641025641,2.2652314
2.923076923076923,2.375929
1.5420560747663552,1.557972
1.9411764705882353,2.3537123
2.3846153846153846,2.3991919
2.4411764705882355,2.1873398
1.6428571428571428,1.6642631
2.1052631578947367,2.2908394
1.3703703703703705,1.4590242
1.7692307692307692,2.4281366
2.3134328358208953,1.8982109
2.358974358974359,2.3964272
2.125,2.177004
1.884393063583815,1.865144
2.045977011494253,2.2241356
3.264705882352941,1.5201508
1.1,1.6500938
0.96,1.7560694
2.0486486486486486,1.9045594
2.805263157894737,2.029686
1.8928571428571428,2.36202
1.4444444444444444,2.157416
1.4648648648648648,1.7913505
1.3333333333333333,1.9262909
1.5185185185185186,1.4999354
2.9726027397260273,1.9417322
1.883668903803132,2.022311
2.4,2.2160306
3.09375,2.0091166
1.2571428571428571,3.1047878
1.2993197278911566,1.7818958
1.6326530612244898,2.1029806
5.0,3.275116
1.5822784810126582,2.089128
2.176470588235294,2.1301682
2.8125,2.6078565
1.206896551724138,1.6091198
2.6305785123966943,2.0910861
1.2653061224489797,1.6846865
3.1432291666666665,2.0515513
1.9308943089430894,1.9449074
1.5833333333333333,2.1397483
1.566820276497696,1.8428475
2.253267973856209,2.0181177
1.8024691358024691,1.9178228
2.6666666666666665,2.9319882
2.6315789473684212,2.1237051
1.9340101522842639,1.8772242
2.1179245283018866,1.9287021
2.3916349809885933,1.9403238
2.125,2.6063576
2.111111111111111,2.1495895
1.8125,2.2703965
1.9363636363636363,1.9742132
1.8085106382978724,1.8086426
1.9218436873747495,1.9011787
1.5576923076923077,1.943573
1.586021505376344,1.8048865
1.654970760233918,1.9097719
1.6648936170212767,1.8699116
3.5384615384615383,1.6791587
1.6,1.8933315
1.6885245901639345,2.086274
2.0428571428571427,2.0776215
2.265415549597855,1.9126424
0.935064935064935,1.7138817
1.935483870967742,1.9355778
1.5483870967741935,1.8823614
1.945,1.904424
1.6517967781908303,1.8611712
1.4166666666666667,1.9854435
1.4375,1.9713355
1.76,1.9573377
1.183673469387755,1.9222021
2.125,2.1686811
2.25,2.988825
1.6585365853658536,2.0247815
1.6780684104627765,1.9425021
1.6666666666666667,2.476431
1.391304347826087,1.6336387
1.7108433734939759,2.018394
2.4532019704433496,1.861934
2.235294117647059,2.835102
2.1296296296296298,1.9630964
1.5446808510638297,1.86987
1.8,2.2288134
3.4615384615384617,2.664484
2.034323432343234,1.8222866
2.125,2.4528852
1.6666666666666667,2.181862
1.6043956043956045,2.037481
1.6023688663282571,1.9264908
1.5555555555555556,2.0756543
2.139963167587477,1.9257253
2.410358565737052,1.9192513
2.319672131147541,1.9570023
1.8966887417218543,1.8434991
1.6476190476190475,2.1046767
1.681184668989547,2.001112
3.3333333333333335,2.850357
1.4074074074074074,1.8149188
1.8526315789473684,1.884425
1.7692307692307692,1.8907906
1.574468085106383,1.7707642
1.7,2.0858734
1.8421052631578947,2.3173964
1.5,2.1009333
1.8071428571428572,1.9183507
1.6468401486988848,1.9458324
1.1176470588235294,1.3322452
2.3333333333333335,2.1654742
2.2916666666666665,1.765879
3.2333333333333334,2.091194
1.5252525252525253,1.9080426
1.5656742556917689,1.8506621
1.6363636363636365,2.2598174
1.7878787878787878,2.178695
2.2857142857142856,2.6344974
1.9210526315789473,1.9432776
5.025,2.3241732
2.234265734265734,1.9159023
1.2,1.9205487
1.1428571428571428,2.4010422
1.8690292758089369,1.9274288
1.5480769230769231,2.1215053
1.6206896551724137,1.8362371
1.967339097022094,1.9573641
1.697965571205008,1.8108919
3.0223880597014925,1.9010792
2.122762148337596,1.9283496
1.9032967032967032,1.9967086
2.375,2.0872998
2.875,3.079676
1.7426160337552743,1.9385327
1.7916666666666667,2.1716735
1.6857749469214438,1.9442364
1.6666666666666667,2.807394
1.064516129032258,1.4998217
1.669603524229075,1.9126699
2.85,2.1545413
2.032258064516129,1.6151253
1.7146464646464648,1.9890599
1.5757575757575757,1.9755845
0.8571428571428571,1.4688247
1.96,2.632628
1.9414483821263482,1.814445
4.882352941176471,1.9821134
1.977699530516432,1.8350737
1.4,1.8210387
2.2587666263603388,1.9932475
2.323529411764706,2.1470222
1.2142857142857142,1.9206936
1.2,1.6665448
2.372093023255814,2.2651243
2.0,2.7622917
1.8089887640449438,1.9678246
1.8613861386138615,1.9173502
2.5078125,2.0388036
1.8513513513513513,2.5068293
3.8421052631578947,2.099149
1.3,2.256938
1.75,2.4836035
2.0806451612903225,2.1324859
1.3061224489795917,1.7733548
3.1,2.0070877
2.4444444444444446,1.9182159
1.3333333333333333,1.840774
1.725,2.1838768
1.75,1.84599
1.368421052631579,1.9366349
4.3478260869565215,2.166069
4.411764705882353,2.2077105
2.0299277605779156,1.847649
4.271428571428571,1.8910233
1.8063271604938271,1.9667615
1.7077338129496402,1.8341175
2.7857142857142856,2.5528977
1.7116644823066842,1.7670938
1.0666666666666667,1.6280882
1.4672897196261683,1.9299825
3.0574162679425836,1.9562585
2.0,1.9109356
1.922077922077922,1.983027
1.9432463110102156,1.956501
1.626740947075209,1.8171998
1.8091872791519434,1.9331266
2.1869158878504673,1.9565189
1.6944444444444444,2.178058
1.625,2.0229685
1.7139959432048681,1.9059783
2.0543478260869565,1.5935761
0.9333333333333333,1.8977083
2.305389221556886,1.9434469
3.547169811320755,2.0611486
1.7232355273592388,1.8042172
2.9473684210526314,1.9955835
2.2174688057040997,1.9077247
1.985981308411215,1.9310092
3.2222222222222223,2.879377
0.92,1.7985573
1.5714285714285714,2.0194514
1.2,1.9586366
2.0784313725490198,1.9444757
2.0454545454545454,2.372329
1.5126050420168067,2.0256906
2.6,1.9609996
1.832012678288431,1.8283744
3.3134328358208953,2.142356
1.96,1.9144113
1.8223624887285843,1.9664497
2.6842105263157894,2.1673265
1.7996661101836393,1.9473624
1.5683060109289617,1.8742169
5.090909090909091,2.812647
4.090909090909091,2.7717793
1.376425855513308,1.9028034
1.9801324503311257,2.06118
2.0253164556962027,2.105928
1.9039301310043668,1.832194
1.6595744680851063,2.0291083
1.7777777777777777,2.0818753
1.2058823529411764,1.6023662
1.4935400516795865,1.9410577
1.4772182254196642,1.8682133
1.6129032258064515,2.2751296
1.3333333333333333,2.1408923
1.380952380952381,1.8815793
1.4545454545454546,2.2153075
1.934782608695652,2.139719
1.5714285714285714,3.030631
2.1666666666666665,2.5511956
2.358490566037736,2.094916
2.064516129032258,2.033675
1.5476190476190477,2.1128547
1.681159420289855,1.9743693
2.122448979591837,1.9429148
4.555555555555555,3.4791145
1.4886363636363635,2.0486727
1.5598290598290598,1.9348228
1.7297297297297298,2.2131917
1.75,2.434591
1.9759036144578312,2.3260555
2.1134751773049647,1.9797107
1.9047619047619047,2.1000397
1.9647435897435896,1.9212521
2.8,2.2605035
1.7006726457399104,1.8396047
1.1515151515151516,1.3654014
1.7333333333333334,1.9743029
2.0833333333333335,2.2708995
1.8028846153846154,1.9255117
1.982332155477032,1.9289639
1.94824016563147,1.9194053
1.7916666666666667,2.1874778
3.0,2.231747
7.529411764705882,2.1896753
1.6189189189189188,1.8885638
1.2278481012658229,2.200141
1.65,2.1469076
1.493455497382199,1.8865207
2.0,1.7081382
2.2223634053367216,2.0445101
2.6808510638297873,1.791053
1.4,1.966871
1.4363636363636363,2.089802
2.015625,2.0799966
1.625,2.4696903
1.7560975609756098,2.123427
2.0153846153846153,2.3613613
1.5,1.385714
1.6694271911663217,1.8608395
1.832339297548045,1.8128506
1.9147640791476408,1.9567051
2.111111111111111,2.1520176
1.2916666666666667,2.0171492
2.1824817518248176,1.9374417
1.5061728395061729,1.96009
2.235294117647059,2.8422134
2.090909090909091,1.8275144
1.7152777777777777,1.953573
2.55,2.5863826
1.9204339963833634,1.880659
2.401812688821752,1.9452724
1.5724137931034483,1.9423894
2.111111111111111,2.4128976
1.3461538461538463,1.9685189
2.640625,1.863111
5.580645161290323,2.89826
1.6172506738544474,1.8691823
1.7826086956521738,2.027727
1.6666666666666667,1.7175214
2.0247093023255816,1.9235187
1.684782608695652,1.9152019
1.474025974025974,1.8337703
2.0941176470588236,3.324593
4.0,1.8142625
6.235294117647059,2.4110262
2.111111111111111,1.5234847
2.0986301369863014,1.8933902
2.274175199089875,2.0355399
2.411764705882353,2.0947378
1.8604651162790697,2.2687178
6.48,2.8781087
2.2782909930715936,2.035537
1.9230769230769231,1.2180635
1.92,2.045961
1.606100795755968,1.8904142
1.693069306930693,1.9404991
2.3,2.3098903
2.740740740740741,1.6317297
3.230769230769231,1.7407359
1.5348837209302326,1.7476096
2.0,2.127421
1.8857142857142857,1.8933872
2.727272727272727,2.713928
2.7,2.354172
2.76056338028169,2.366072
1.900221729490022,1.9436023
1.0,1.2834623
1.7053140096618358,2.022311
2.1312217194570136,1.9459559
1.8150572831423895,1.9220504
1.8679245283018868,1.9334146
1.732744783306581,1.9192557
1.6363636363636365,1.8284147
1.5045592705167172,1.931239
1.2040816326530612,1.8194525
1.8461538461538463,2.5765367
2.443076923076923,1.9069912
2.909090909090909,2.9321694
2.704301075268817,1.9126086
1.0952380952380953,1.4462718
5.166666666666667,2.140153
1.3948717948717948,1.906772
1.7556270096463023,1.9423428
1.8863049095607236,1.8544453
2.0045871559633026,1.8859582
2.1666666666666665,2.087583
3.607142857142857,2.73851
4.0,2.3524418
2.3095238095238093,1.9452393
1.5365853658536586,2.0075388
1.6666666666666667,2.0289092
5.172413793103448,2.2516007
1.1666666666666667,1.575232
1.793103448275862,1.9495646
1.8891050583657587,1.9094125
2.4248366013071894,2.0303946
1.2941176470588236,1.3045838
1.588235294117647,2.1214817
3.0,1.9613076
1.8424657534246576,1.9620838
1.95,2.0845401
1.7203947368421053,1.8674977
1.3,2.2194395
1.875,1.9136026
2.143410852713178,1.8999614
1.75,2.178916
2.2577319587628866,2.0041597
2.4545454545454546,2.5608587
2.037037037037037,2.6724393
2.0,2.2439966
1.2895927601809956,1.8857346
1.817490494296578,1.9900495
1.5121951219512195,1.9467056
2.1538461538461537,2.262615
2.1267605633802815,2.0701299
2.019607843137255,2.012044
2.0161290322580645,1.8363559
1.6,1.9489735
5.6125,2.493985
1.625,2.374163
1.2279411764705883,2.30771
1.7774524158125915,1.958755
1.2608695652173914,2.0982215
1.4201030927835052,1.7968286
1.4836601307189543,1.8905928
3.1363636363636362,3.61046
2.738095238095238,2.0772502
1.751700680272109,1.9376197
2.4545454545454546,2.7699938
1.5,1.8559076
3.0,2.7434196
1.5217391304347827,1.7818516
1.558139534883721,1.780131
2.0118733509234827,1.8200839
1.5555555555555556,1.8457193
2.0434782608695654,1.9487067
1.2325581395348837,1.6979159
2.0,2.5043366
1.037037037037037,1.543148
1.2105263157894737,2.1986113
1.2692307692307692,1.6603972
1.9736842105263157,2.0491097
2.6363636363636362,1.9147086
2.0952380952380953,2.268069
3.6923076923076925,2.3374982
1.8333333333333333,2.4130297
2.021782178217822,2.070285
1.84,1.9839885
2.438202247191011,1.9417286
1.8333333333333333,2.6658113
2.5764705882352943,2.5830302
1.7383720930232558,1.9211633
1.0909090909090908,1.4898145
1.6327868852459015,1.8966565
1.4555765595463137,1.8999286
2.6875,1.9614177
1.5638586956521738,1.8887144
1.962686567164179,1.9365942
2.642367066895369,2.0353422
2.106382978723404,2.0284898
2.857142857142857,2.5605488
3.5294117647058822,3.1183095
2.0,2.661982
1.7366946778711485,2.0203607
1.093167701863354,1.802081
3.391304347826087,3.0907905
1.1142857142857143,1.5182558
1.6853932584269662,1.8839866
2.09375,1.9115194
1.988399071925754,1.9501691
2.447058823529412,2.0663376
3.1481481481481484,2.5148563
3.074074074074074,2.3924768
2.142857142857143,2.1943333
1.692090395480226,1.9675044
2.0418006430868165,1.9445541
1.4078947368421053,1.8797276
1.8693957115009747,1.9272536
1.9568181818181818,1.8865112
1.7413793103448276,1.7401406
1.625,1.9737453
2.6,2.2500713
1.5217391304347827,2.2429333
2.5,2.4725568
2.5,2.3294916
1.2173913043478262,1.7425102
1.836734693877551,2.0958965
1.4,1.2674392
1.8159025787965617,1.8226078
2.339325842696629,1.9218353
1.9230769230769231,1.8890221
1.4142857142857144,2.1802788
1.9551422319474836,1.9519091
2.301498127340824,1.9272536
1.2916666666666667,1.6546212
1.71875,2.1166055
1.4736842105263157,2.2842252
1.125,1.5947179
1.823943661971831,1.944978
1.726923076923077,1.9731684
2.0,2.0981731
0.8636363636363636,1.9458115
1.9005847953216375,1.991948
3.0576923076923075,2.449449
1.530612244897959,1.9576304
1.2857142857142858,2.3660307
1.5769230769230769,1.7079341
1.8563151796060255,1.920728
1.75,1.8969811
1.5837837837837838,1.9687313
1.7142857142857142,2.030476
1.5,2.0813582
1.9089635854341738,1.888335
1.1851851851851851,1.5139108
1.5,1.8260357
1.625,2.1930776
1.592,1.9551014
2.4523809523809526,2.4526906
2.0035816618911175,1.8896171
2.302325581395349,1.7041261
1.702194357366771,1.8690287
7.416666666666667,2.8744285
2.207658321060383,1.8467977
2.1621621621621623,2.2029727
1.7149321266968325,1.8398329
2.4827586206896552,1.9076369
1.6119809394145677,1.7989427
2.207373271889401,1.9128916
2.161290322580645,1.9630516
1.921875,1.9535302
2.6486486486486487,2.0345483
1.975609756097561,2.0154884
1.9285714285714286,1.9819381
2.108108108108108,2.04709
4.384615384615385,2.834928
1.3225806451612903,2.1369503
1.36,1.8909773
1.8517241379310345,1.8910805
1.9981220657276995,1.9186441
1.888722927557879,1.828862
2.921875,2.5592208
1.75,1.8651102
2.138888888888889,2.2501678
1.2156862745098038,1.9241995
1.8487394957983194,1.8872892
2.184,2.0501974
2.2941176470588234,1.9598076
3.5416666666666665,2.7542639
2.235294117647059,1.9488342
2.7777777777777777,2.2996242
2.060693641618497,1.9453306
1.7245508982035929,1.8177773
2.0,2.108371
1.6179775280898876,1.9505503
2.347826086956522,2.0482848
1.8256880733944953,1.9507381
2.2876106194690267,2.004719
1.558139534883721,2.0499024
7.451612903225806,3.576378
1.76885043263288,1.993684
1.7857142857142858,1.657246
2.5555555555555554,1.9228166
1.6919431279620853,1.9295272
1.4444444444444444,2.243211
1.9093893630991465,1.8228614
1.9155844155844155,1.9081167
1.5950965824665677,1.9442674
5.097087378640777,2.0608957
1.3095238095238095,1.9829243
2.5,2.3852308
1.8072122052704578,1.8613772
4.076923076923077,1.9808898
1.4526315789473685,1.9234962
1.5413333333333334,1.9628302
1.8505917159763314,1.9481026
1.7692307692307692,2.313182
1.9753694581280787,1.996786
1.4285714285714286,1.9686781
2.2646420824295013,2.0513146
1.7777777777777777,2.4499707
1.6,1.8596851
1.85062893081761,1.8428099
1.8179749715585893,1.9555478
1.8076923076923077,1.9857281
2.121212121212121,2.0398176
1.6842105263157894,1.8530545
4.166666666666667,2.663408
1.7175141242937852,1.8808802
1.9230769230769231,1.8684798
1.5555555555555556,2.494137
1.25,1.6036922
1.5185185185185186,2.0519273
1.9166666666666667,1.799453
1.105263157894737,1.5109695
2.146788990825688,1.9437902
2.1463414634146343,2.1336644
4.5,2.4772816
1.619047619047619,1.8999593
1.7692307692307692,1.7161899
1.4705882352941178,1.8983688
1.696969696969697,2.13107
2.9571428571428573,2.0683925
2.5,1.5845217
1.7512402551381998,1.8573726
2.1666666666666665,2.1984286
1.7291666666666667,2.0215294
1.5,2.6278381
2.1666666666666665,2.4181437
1.5138121546961325,1.9127707
2.232283464566929,1.8815669
1.3271604938271604,1.8892369
1.3703703703703705,1.9949435
2.64,2.6389205
2.108108108108108,2.144082
2.5714285714285716,2.7037501
1.401639344262295,2.0630963
1.8237885462555066,1.9462783
2.2271573604060912,2.1509764
1.6331360946745561,1.8756704
1.598148148148148,2.0081294
9.0625,2.96834
1.4838709677419355,1.9816982
1.3037037037037038,1.907885
1.7777777777777777,2.2276886
2.0756972111553784,1.9189745
1.763157894736842,1.8639948
1.7058823529411764,1.7501312
2.2637362637362637,2.0081465
1.1944444444444444,2.0780292
1.7894736842105263,2.0763078
1.6785714285714286,1.9856598
2.265346534653465,2.0281384
1.625,1.9095256
1.775,1.9704884
1.707236842105263,1.9488578
1.7914893617021277,1.9494708
1.5,1.7983801
1.05,2.2131436
2.038961038961039,1.9128
0.4594594594594595,1.082672
5.111111111111111,2.1722543
1.689252336448598,1.8437217
1.469387755102041,2.1855729
2.087912087912088,2.1382015
1.471698113207547,1.9668356
2.196078431372549,1.957206
2.0357142857142856,1.670436
2.6,2.541364
1.79874213836478,1.9660333
1.8438030560271648,1.9105809
2.3295454545454546,1.9364406
2.6307692307692307,2.0711825
1.9984496124031008,1.9660074
2.5942028985507246,2.09153
1.5960591133004927,1.9208395
0.9859154929577465,1.9015943
1.7953020134228188,1.9287076
1.7322834645669292,1.953291
2.35623869801085,1.9811627
1.8104575163398693,1.9119232
3.306122448979592,2.1771464
2.0609756097560976,1.8717786
1.5789473684210527,2.1567676
1.7453637660485022,1.8573726
1.8571428571428572,2.210075
1.8726235741444868,1.8781717
3.206703910614525,1.8871884
2.3333333333333335,2.3860004
1.0151515151515151,1.5382525
2.0899795501022496,1.9483323
1.7966101694915255,2.0171244
1.5991471215351811,1.9321461
1.6666666666666667,1.7060921
2.139043381535039,2.0312123
2.6435643564356437,2.0282876
2.05,2.3492372
1.7333333333333334,1.7394894
1.5151515151515151,2.1602168
1.2142857142857142,1.9381826
2.189655172413793,2.335009
2.0311926605504587,1.9257253
1.5908289241622575,1.8208125
1.7692307692307692,2.0469515
6.25,1.7403729
2.123152709359606,1.9662033
1.9166666666666667,2.3434627
2.72,2.144026
2.272727272727273,1.7432171
1.423728813559322,1.7954599
1.6521739130434783,1.7340956
1.5217391304347827,1.9270223
1.7826086956521738,2.1680746
1.434782608695652,1.3154323
1.6363636363636365,2.707184
1.9230769230769231,1.3588961
2.1710526315789473,1.8374562
2.0833333333333335,2.9922493
2.441860465116279,1.9971125
1.5476190476190477,2.0138009
1.375,1.3918915
1.905829596412556,1.8854941
1.9565217391304348,2.0670238
1.9523809523809523,2.178302
1.8085106382978724,1.9415812
2.119047619047619,2.5070271
1.759433962264151,1.9146694
2.9864864864864864,2.3263972
1.3013698630136987,2.159417
2.061041292639138,1.959156
1.125,1.7671565
1.8641456582633054,1.9192817
1.7142857142857142,2.7923236
2.0294117647058822,1.9431261
2.1666666666666665,2.4076793
2.246153846153846,2.4256318
1.6424581005586592,1.8220336
1.6666666666666667,1.7301826
1.875,2.6126604
1.6653796653796653,1.9926729
1.9244532803180914,1.9293563
3.6363636363636362,2.5633485
1.4761904761904763,1.8324547
2.760869565217391,2.0888247
2.5142857142857142,2.1034908
1.6937901498929335,1.9058559
2.5454545454545454,2.926723
2.267857142857143,2.0199792
6.518518518518518,1.7978284
2.1333333333333333,2.1423657
4.0,2.2448518
1.8095238095238095,1.9695729
1.125,1.7800554
2.980769230769231,2.2840056
1.7910216718266254,1.9216729
1.6049382716049383,2.3279104
1.753607103218646,1.8990031
1.7872185911401597,1.8627508
2.514200298953662,2.0176077
1.0,1.6930488
1.824742268041237,1.9521497
1.75,2.2129633
1.7248062015503876,1.992303
2.0,2.667729
1.28,2.2111337
1.6296296296296295,2.4042525
1.4090909090909092,2.219596
2.0,2.5452464
3.3658536585365852,2.3241017
2.391891891891892,2.0174482
1.7849462365591398,1.9823008
2.2195121951219514,1.9136676
1.5364238410596027,1.975999
1.7579617834394905,1.9743693
1.6428571428571428,2.549265
1.4444444444444444,1.9922878
2.328185328185328,1.8454944
2.0930232558139537,1.9825095
1.6101694915254237,2.0081801
1.6363636363636365,2.3277264
1.7473535638673254,1.8605466
1.8888888888888888,2.7389507
1.5076923076923077,2.1346755
1.6956521739130435,2.201913
1.4339622641509433,2.2081766
1.7966101694915255,1.9700314
2.5,1.966561
1.9361702127659575,2.0072114
1.6666666666666667,2.1682246
1.4375,1.8965747
2.5846153846153848,1.9670923
0.9615384615384616,1.8543935
1.6,1.9902506
2.3137254901960786,2.0017579
2.2333333333333334,1.9587429
1.65,1.8656113
2.0628803245436105,1.8606013
1.8342391304347827,1.9104527
1.9524438573315719,1.9377521
1.5437201907790143,1.8451566
1.9375,1.8803049
1.6666666666666667,1.5477616
3.466666666666667,2.4634137
1.75,2.3815267
4.195652173913044,2.0794544
2.6666666666666665,1.8763973
8.538461538461538,2.2805848
2.35,1.8795196
1.6985507246376812,1.8647662
3.2205882352941178,2.2878568
1.9444444444444444,2.903404
1.2903225806451613,1.9001956
1.8064516129032258,1.8752272
2.0485436893203883,2.1064198
1.7255813953488373,1.8570728
2.3658536585365852,1.9414198
1.894736842105263,2.0787227
1.9636163175303198,1.9296938
1.4390243902439024,2.1546972
2.034136546184739,1.952365
1.9253731343283582,1.9559942
1.4915254237288136,2.1777248
1.6842105263157894,2.3755138
1.6654456654456655,1.818952
1.2307692307692308,2.0266957
1.55,1.7901036
1.7373737373737375,2.0614223
2.3125,2.8323863
1.5515463917525774,1.7464887
1.36318407960199,1.8684454
1.5217391304347827,1.931364
1.759493670886076,1.9093604
3.4444444444444446,3.388461
1.2625,2.0782897
1.7391304347826086,1.8209714
2.1333333333333333,2.474126
2.722488038277512,1.9588957
1.865546218487395,1.950982
1.8533755274261603,1.8329941
2.246153846153846,2.0222485
1.0847457627118644,1.8328333
1.991150442477876,1.9316707
1.380952380952381,2.071855
1.5384615384615385,1.8249401
1.5,1.9974927
1.9681528662420382,1.967885
1.853658536585366,2.0049005
3.5454545454545454,1.9040495
1.7142857142857142,2.8472593
4.333333333333333,1.9519697
1.3703703703703705,1.4786375
2.172794117647059,1.9077247
1.1764705882352942,1.4435954
1.9175946547884186,1.9365942
1.6486486486486487,1.9573377
2.9953488372093022,2.106152
1.9090909090909092,2.046507
1.9411764705882353,1.8714566
3.261904761904762,2.3210528
1.6818181818181819,2.4873645
1.8646341463414635,1.9649427
2.27027027027027,2.498372
2.124705882352941,1.8849629
1.2258064516129032,1.7678249
1.4011299435028248,1.7262362
1.3823529411764706,1.6713451
3.919191919191919,2.056248
2.6666666666666665,1.969989
1.3333333333333333,1.2756461
1.5555555555555556,1.8966429
1.5,2.548494
0.9142857142857143,1.9065527
1.5384615384615385,1.3820599
1.9166666666666667,2.1080854
2.1160092807424595,1.8682133
2.0,2.014644
1.6814159292035398,1.9713825
2.4722222222222223,2.3134515
1.9225589225589226,1.9382571
1.52,1.5115862
1.1923076923076923,1.4800473
1.4,2.290199
1.08,1.6376314
1.380952380952381,2.011189
2.2058823529411766,2.1472938
1.8104575163398693,1.8344816
2.0814940577249574,1.937701
2.7746478873239435,2.0896714
2.3402777777777777,1.9392858
1.5,1.6985992
1.4,2.2819762
1.7475728155339805,1.9477
1.575,2.0065997
2.0592,1.9052737
1.4285714285714286,1.9624944
1.5737704918032787,1.7871073
2.1526479750778815,1.9583746
2.1142857142857143,1.8618426
2.033333333333333,2.1720977
3.5294117647058822,2.171224
1.3846153846153846,1.6775931
3.6315789473684212,2.058289
2.1219512195121952,2.0517986
2.1645193260654114,1.9504287
2.361111111111111,1.8368416
1.6153846153846154,2.0318341
6.105263157894737,2.0735567
1.7316849816849818,1.881162
1.3333333333333333,1.9931048
1.2380952380952381,2.2225838
0.7692307692307693,1.0040898
2.1551724137931036,2.475819
0.9245283018867925,1.654363
1.881118881118881,2.0170176
2.0,2.6452858
1.6633986928104576,1.91433
1.3125,2.2626138
1.6176470588235294,1.782635
2.3125,2.03571
1.6754966887417218,1.9239829
1.5,1.6700472
2.606132075471698,2.1039944
2.0943396226415096,2.1243289
1.5070140280561122,1.9038897
2.0038709677419355,1.9978878
1.368421052631579,1.7422829
2.25,2.129682
1.5950704225352113,1.9133949
1.0,2.40088
2.2597173144876326,1.9852085
1.6041666666666667,2.0925188
1.896551724137931,2.3284917
2.125,2.5480068
2.0,1.8946698
1.8494623655913978,1.9509836
1.8368146214099217,1.8191295
1.7621393384940183,1.8764064
1.248062015503876,1.7861186
2.3,2.0521429
1.6354679802955665,1.8139262
3.5,2.2071428
2.3214285714285716,2.1501133
1.836734693877551,1.9221196
1.6,2.0701177
1.3770491803278688,1.892842
2.3636363636363638,2.4783902
1.3333333333333333,1.5427302
2.0,2.537394
1.6703672075149445,1.7891618
1.7048054919908466,1.8865112
1.9877049180327868,1.8356162
1.4285714285714286,1.8107808
2.1339285714285716,2.1636074
1.7181996086105675,1.8818558
1.5142857142857142,1.7079093
2.0264900662251657,2.0311742
0.8888888888888888,1.7768346
2.0714285714285716,1.6385759
1.28,2.3438544
1.7058823529411764,2.7154262
1.903137789904502,1.881099
1.6477987421383649,1.8318709
1.0714285714285714,1.4180067
1.8160919540229885,2.020682
2.2083333333333335,2.3332052
1.8683693516699411,2.0050724
3.9411764705882355,2.1175487
2.216730038022814,2.0050724
1.7707865168539325,1.9746652
1.48,2.0219862
4.923076923076923,2.2095985
1.6744186046511629,2.1456935
1.7731601731601732,1.7996045
3.4705882352941178,2.1031687
1.7307692307692308,1.4811213
2.0,2.5050578
2.0625,2.1001966
1.6818181818181819,1.881949
1.7272727272727273,2.1773705
1.7688022284122562,1.9270089
1.9310344827586208,1.7546496
1.625,2.3200133
1.723728813559322,1.8578045
1.7651006711409396,1.9285023
1.4273127753303965,1.8275973
1.7755102040816326,2.0500088
2.3,1.707137
2.272727272727273,2.1161046
1.676923076923077,2.1511958
2.672727272727273,2.0854352
1.5702479338842976,1.9316097
2.076923076923077,2.0806763
1.8888888888888888,2.7634835
2.24315443592552,1.8643686
1.875,1.9413921
1.3157894736842106,1.4441185
2.0,1.9227966
1.4775510204081632,1.8658463
1.03125,1.4467008
1.6470588235294117,2.3918097
1.7374631268436578,1.9348577
1.75,1.8973966
1.5720524017467248,1.9038688
1.974481658692185,1.9628325
1.8150572831423895,1.9315405
2.0,2.4283087
1.8932547478716437,1.8279303
2.4545454545454546,1.8950148
1.7412280701754386,1.9076991
1.7214912280701755,1.9780935
3.466666666666667,2.4877024
2.375,2.0314758
1.892156862745098,1.9521009
1.7346938775510203,1.8654346
1.8,1.9619972
1.844890510948905,1.8736067
1.6896551724137931,2.1647997
2.0822981366459627,1.8385189
1.8958333333333333,1.8734354
1.4864864864864864,2.1665726
6.904,2.036399
1.6222222222222222,1.6497585
2.1333333333333333,3.1373181
1.2,1.9746122
2.2,2.4361308
1.727699530516432,1.9278904
2.15625,2.0449498
1.7825,1.8614717
2.4126984126984126,1.7940818
0.875,1.1900352
1.4545454545454546,2.104158
2.1311475409836067,2.1263082
2.3846153846153846,2.1103535
1.6730268863833477,1.9149765
1.2424242424242424,1.4826705
2.7142857142857144,2.3208203
1.0721649484536082,1.4310075
2.526315789473684,1.8568212
2.1314285714285712,1.9759388
1.9054054054054055,1.9588059
2.03,2.0197735
1.7083333333333333,2.2808065
1.9311926605504588,1.941292
2.242424242424242,2.431721
1.5625,2.080128
0.9393939393939394,1.0727278
1.9082278481012658,1.9743029
1.1875,2.2126632
2.4705882352941178,2.0482008
2.411764705882353,1.8745834
1.8235294117647058,2.1957397
1.5905707196029777,1.8653048
1.5033557046979866,1.8995233
2.0,1.6558658
2.0416666666666665,1.5893348
1.7,2.1588967
2.25,2.6461084
1.8345323741007193,1.9310181
1.6382978723404256,1.8757792
1.6600790513833992,1.9535302
1.9411764705882353,1.9861263
2.4813084112149535,1.9410249
1.2941176470588236,1.9685808
1.7563025210084033,1.9090228
1.4285714285714286,2.122356
1.5714285714285714,2.5478108
2.4761904761904763,2.1157794
6.09375,3.537372
1.7380952380952381,1.8979546
1.457516339869281,1.8290405
1.8505154639175259,1.8774625
1.4166666666666667,2.0308108
2.4478527607361964,1.9152284
1.8380537400145243,1.8156885
3.25,1.6328202
2.090909090909091,2.7712247
2.4545454545454546,2.1127555
2.2777777777777777,2.5059204
1.7961538461538462,1.9823005
1.0,2.0099397
1.6713881019830028,1.8335853
3.2222222222222223,3.456431
1.8059701492537314,2.1038265
1.4430379746835442,1.9695828
2.0681818181818183,1.9593349
1.9116379310344827,1.9343204
0.27848101265822783,0.9033032
2.8333333333333335,1.708387
2.1266598569969357,2.0612454
1.9148936170212767,1.8183812
2.0233644859813085,1.8862842
2.2962962962962963,2.409201
1.0909090909090908,1.4737535
1.6363636363636365,1.9668849
1.5593220338983051,1.9086422
1.5384615384615385,2.4819033
1.40625,2.0870078
2.8225806451612905,1.793298
1.5441176470588236,2.00307
2.1137724550898205,1.9070835
1.6296296296296295,1.7138349
2.6470588235294117,2.217656
4.0,2.3203208
2.260869565217391,2.649402
2.246376811594203,1.966288
2.370967741935484,2.1916027
1.768421052631579,1.891588
2.3863636363636362,2.2236238
2.0,2.5672941
1.911764705882353,1.9076551
1.575091575091575,2.0024786
1.5416666666666667,2.1158102
1.9245283018867925,2.1427119
1.75,2.0379791
1.9492753623188406,1.9015926
2.0588235294117645,3.0331984
4.032258064516129,2.2453213
1.8958333333333333,2.1121726
1.7074340527577938,1.8989598
1.623134328358209,1.891083
1.75,1.990867
1.3432835820895523,1.9223646
1.849056603773585,1.9268394
1.7401960784313726,1.9404991
1.8553846153846154,1.9180973
2.8823529411764706,2.2461271
1.731629392971246,1.9077507
1.6639004149377594,1.8973613
2.1,1.9113681
1.5833333333333333,2.6672702
1.8629893238434163,1.8283744
1.6747404844290656,1.9068245
4.2023809523809526,3.2221951
1.1666666666666667,1.725705
3.8823529411764706,2.1892083
1.510204081632653,1.7933853
1.5142857142857142,2.065279
1.5588235294117647,2.0460155
1.6398467432950192,1.9526318
2.933333333333333,2.2414894
3.5294117647058822,2.850061
1.7884615384615385,1.8274378
2.1285714285714286,2.2166412
1.2,2.28414
1.5918367346938775,1.9917438
1.8666666666666667,1.7307372
2.5074626865671643,1.9900373
1.5296610169491525,1.9005698
1.65,2.1994045
1.6782608695652175,1.8294688
1.3076923076923077,1.5793722
1.6734693877551021,1.9567264
3.727272727272727,2.3639994
1.7833333333333334,1.8576854
1.5714285714285714,1.4896157
1.7134328358208955,1.9024613
1.4,2.0956016
1.6865671641791045,1.9432107
1.7625,1.9163697
1.6666666666666667,2.438153
2.5,2.1333854
1.9179755671902268,1.8883066
1.9375,1.9138933
2.0939597315436242,1.8507819
2.0902527075812274,1.9583557
1.1379310344827587,1.7306756
1.791044776119403,2.1374774
2.4881889763779528,2.1429324
5.534246575342466,2.1240993
1.5142857142857142,2.0329893
0.9230769230769231,1.5570105
2.2,2.5544753
1.6363636363636365,2.4326572
2.5454545454545454,2.310508
1.6704980842911878,1.8648797
1.6428571428571428,2.2965577
1.7182254196642686,1.8914711
1.9743589743589745,2.150269
1.9549618320610687,1.9207691
1.1515151515151516,1.5252197
1.6,2.1460063
1.16,1.8061025
2.56140350877193,2.792567
2.2777777777777777,2.3779514
1.5288461538461537,2.027132
1.5,2.569929
1.0,1.5931237
1.4042553191489362,2.040788
1.6451612903225807,2.635849
2.0571791613723,1.8549995
1.8867924528301887,1.9383663
1.4545454545454546,1.7655934
2.0127388535031847,1.9202067
1.0357142857142858,1.5907774
1.7213712618526622,1.820171
1.7950819672131149,2.0449622
4.954545454545454,2.9104052
3.546218487394958,2.067374
8.85,2.0978856
1.8885350318471337,1.8885043
1.4545454545454546,2.0346267
1.6774193548387097,1.6145841
1.6832298136645962,1.9924992
1.6545454545454545,1.9329157
2.0,2.184245
1.6600257069408741,1.7973326
1.6285714285714286,2.0779748
2.187250996015936,1.9460052
1.97,2.3600917
1.5180722891566265,1.8927815
1.558139534883721,2.0404036
1.523076923076923,1.8156708
1.1363636363636365,2.313406
1.027027027027027,1.2552462
1.8650627615062763,1.8923565
2.576923076923077,2.120946
1.5714285714285714,2.5983496
2.326530612244898,1.9536098
1.5238095238095237,1.8918533
2.159090909090909,2.088893
3.142857142857143,2.5849533
2.1052631578947367,1.6404656
1.475,1.6806189
1.7425742574257426,1.9590185
1.56,1.8385859
0.96,1.3490502
1.6320380650277557,1.8156012
2.0652173913043477,1.876031
1.6768292682926829,1.8274024
1.7837837837837838,2.0052881
3.25,2.4671576
1.675,2.261963
2.5,1.9522593
2.75,2.6181269
1.8920265780730896,1.8217324
2.09979633401222,1.9971693
1.44,2.3203351
1.4848484848484849,1.9508337
1.7647058823529411,2.2136397
1.927927927927928,1.9664458
1.676056338028169,2.0641866
2.2318840579710146,1.9742801
1.8444444444444446,1.8008391
1.7777777777777777,2.1854844
2.5257731958762886,2.103853
2.3404255319148937,2.0278716
1.1875,2.3142889
2.6666666666666665,2.55698
2.076655052264808,1.9753646
2.0232558139534884,2.062097
2.020066889632107,2.001489
2.1133333333333333,2.0535173
1.7597597597597598,1.9453306
2.9473684210526314,2.976189
1.7644539614561028,1.9780935
1.56,1.7063295
1.0655737704918034,1.6074225
1.7244623655913978,1.9304552
2.610526315789474,2.1718602
1.864864864864865,1.9611828
1.38,1.5388402
1.9375,2.4920228
1.4685314685314685,1.8604852
1.5357142857142858,1.6484696
1.7880434782608696,1.9936866
3.4,2.5990262
2.96,2.5349529
1.1142857142857143,1.6839343
1.6551724137931034,1.5754868
1.6964285714285714,1.9640204
4.0625,3.1788726
1.4355828220858895,1.865636
2.5271132376395533,2.097676
1.7666666666666666,1.8587271
1.694915254237288,2.0929642
1.8993963782696177,1.9590584
1.7333333333333334,2.1509132
1.9411764705882353,1.8490318
1.775,2.1375597
1.5695652173913044,1.8905017
2.183673469387755,1.7768289
1.6923076923076923,1.9495673
1.881578947368421,1.9873737
1.937219730941704,2.0258155
1.7966101694915255,2.2821012
2.4135802469135803,1.8215106
1.7770700636942676,1.9872153
2.9452229299363055,2.0811102
1.6,2.0475264
1.4233983286908078,1.903909
1.9445300462249615,1.8873396
1.6623376623376624,1.9264376
1.7014925373134329,2.0056703
1.84,1.8848143
2.0625,2.3031456
2.808988764044944,1.9359168
1.8523206751054853,1.9048467
0.9523809523809523,1.8804271
1.6428571428571428,2.5724223
2.8205128205128207,2.5615613
1.6527415143603132,1.9380351
1.6629422718808193,1.9054196
1.6872370266479664,1.904073
1.9583333333333333,2.063584
2.830769230769231,2.0577252
1.9306930693069306,1.9392527
1.6111111111111112,1.813047
1.7142857142857142,2.184413
1.6585365853658536,2.0352018
1.8484848484848484,2.314148
1.5555555555555556,1.4417226
1.9268292682926829,2.061725
1.5478260869565217,2.0775392
1.646341463414634,1.8840203
1.7384615384615385,1.9002167
1.6384439359267735,1.9729779
2.111111111111111,1.8130789
1.8125,2.048489
1.2865168539325842,1.8199649
1.5711805555555556,1.8218968
1.2967032967032968,1.8512876
8.428571428571429,2.3958275
2.0306748466257667,1.9858261
1.6875,1.8452023
1.3636363636363635,1.6648464
1.0847457627118644,1.8328333
2.0469565217391303,1.908445
4.714285714285714,2.516607
1.2386363636363635,1.760113
1.7272727272727273,2.2630556
1.725,2.130428
3.0517241379310347,2.1034424
1.5841584158415842,1.9017797
3.1264367816091956,2.4283445
1.9090909090909092,1.9918294
2.0093457943925235,2.4460144
1.528301886792453,1.9303292
2.823529411764706,2.099653
1.5720524017467248,1.9392878
1.5714285714285714,1.4468188
1.6857142857142857,2.1694186
1.903225806451613,2.2726402
3.4,2.4098558
1.7063197026022305,1.8469942
0.8636363636363636,1.6417192
1.7625,1.9934353
2.073170731707317,2.0930803
1.8245614035087718,1.9218721
1.6390728476821192,1.940072
2.2976190476190474,1.9001447
2.5359877488514546,2.0008032
1.8496835443037976,1.9142433
1.9384057971014492,1.9873908
0.6341463414634146,1.3343894
2.3333333333333335,2.3308117
1.880952380952381,2.0629635
1.7118644067796611,1.907362
1.7272727272727273,1.8859657
1.4210526315789473,1.9207914
3.0,2.1894433
1.951851851851852,1.9146047
1.6470588235294117,1.5268371
2.357142857142857,2.6332607
1.8461538461538463,2.29818
1.2702702702702702,1.6886063
2.2110849056603774,2.0551865
1.7887323943661972,2.075154
2.8333333333333335,2.0265198
5.410714285714286,1.6025628
1.5625,2.3086956
1.1891891891891893,1.7613039
2.8,2.275613
2.5357142857142856,2.000816
1.7041420118343196,1.9885193
1.9938398357289528,1.9120089
1.4123711340206186,1.7747685
2.0938967136150235,1.9458028
1.9933333333333334,2.0501547
1.7485207100591715,1.9526318
3.015151515151515,2.3115425
2.114503816793893,2.0884802
2.4193548387096775,2.5011966
1.4776536312849162,1.9412553
1.2692307692307692,1.9799045
1.4444444444444444,2.4985564
9.733333333333333,2.3113272
2.0645645645645647,1.9448403
1.7078651685393258,1.9304022
1.7222222222222223,2.6459646
2.170918367346939,1.8939738
1.9111111111111112,1.7338727
1.3076923076923077,1.6529702
1.5,1.8884501
1.8376623376623376,1.9035099
2.75,2.4479377
2.3746397694524495,1.9373944
2.0491400491400493,1.9844626
1.7777777777777777,2.0742133
2.512396694214876,1.9130808
1.8571428571428572,2.3812666
4.384615384615385,3.032753
1.6785714285714286,1.9850823
1.625,2.2484508
2.0395189003436425,1.8439106
1.2439024390243902,1.9443244
1.9206049149338373,1.872719
1.7777777777777777,2.075275
2.106382978723404,2.145517
2.9714285714285715,1.7910094
1.5232067510548524,1.8399191
1.9269521410579344,1.929658
1.6978723404255318,1.9323704
1.7951002227171493,1.9000698
2.3125,2.2332861
1.4210526315789473,2.0013518
1.5700934579439252,1.9444028
2.1005747126436782,1.916235
1.3333333333333333,1.6379755
1.771186440677966,2.1442537
2.6363636363636362,2.3160343
1.1666666666666667,1.3169585
1.6923076923076923,2.6852422
1.894736842105263,2.6139739
1.6,1.8292478
1.7647058823529411,2.0174694
1.7714285714285714,2.1615858
3.0,2.0948257
1.7096774193548387,2.4160073
1.5724907063197027,1.872719
1.729032258064516,1.8087585
2.076923076923077,2.0765955
1.372093023255814,2.073382
2.972972972972973,2.1971657
3.1914893617021276,1.9677324
4.714285714285714,2.392732
1.4860335195530727,1.8636864
1.1666666666666667,1.5450714
2.7,2.290659
0.949685534591195,1.3499308
1.3272727272727274,1.7297211
2.9444444444444446,2.0583098
2.2972972972972974,2.2459314
1.5833333333333333,2.3847837
2.5121951219512195,2.2959602
1.7575757575757576,2.0801885
2.4296296296296296,1.9098415
0.9038461538461539,2.0265656
1.9828220858895707,2.0528283
1.5555555555555556,1.5730213
1.5909090909090908,1.8467934
2.296875,1.9400214
2.3711048158640224,1.9057356
1.9163987138263665,1.8773916
1.738888888888889,1.9605758
2.4449685534591197,1.9920115
2.05111821086262,1.8879056
1.1290322580645162,1.2490585
1.096774193548387,1.6387159
1.8128205128205128,1.9762697
1.9572649572649572,2.1139941
1.7,2.0084414
4.181818181818182,3.5900447
2.5945945945945947,2.3000817
1.8065872459705676,1.7859108
1.856115107913669,1.9390241
2.130434782608696,1.6783314
2.1818181818181817,2.3243935
1.4545454545454546,1.5651495
1.894736842105263,1.6993718
1.7746478873239437,2.3076115
1.8571428571428572,1.71568
1.08,1.654398
1.5621621621621622,1.9634144
1.875901875901876,1.9336134
0.8333333333333334,1.3994482
2.1666666666666665,2.5956852
0.7230769230769231,1.7659606
2.473684210526316,2.119382
1.9024390243902438,1.8508052
0.8478260869565217,1.496098
1.7142857142857142,1.9654918
1.485342019543974,1.96867
1.75,2.3367124
1.81994459833795,1.8978888
4.857142857142857,2.6912427
1.1111111111111112,1.6753088
1.280701754385965,1.6303651
1.7044025157232705,1.9257339
2.022772277227723,1.9255527
1.9067164179104477,1.9220123
9.641975308641975,3.7672703
2.3448275862068964,1.7792476
1.9710806697108068,1.8173689
2.0588235294117645,2.9305615
1.6923076923076923,2.137063
1.5957627118644069,2.0290353
1.7380560131795717,1.9477
1.375,2.215745
2.2972972972972974,2.4425187
1.8591549295774648,2.2707925
1.6457142857142857,1.9327703
1.6955587392550144,1.887393
3.6,2.6637292
1.945945945945946,2.153457
2.5641025641025643,2.1491058
2.5714285714285716,1.8884234
1.4779874213836477,1.9205823
1.5686274509803921,2.1280277
2.7261904761904763,2.3212273
1.8982456140350876,1.8866923
2.4375,2.5832498
1.8857142857142857,2.060808
0.7014925373134329,0.8247346
1.364516129032258,1.8312598
1.6951501154734412,1.9269128
2.909090909090909,2.0011177
1.6071428571428572,2.2319553
2.08,2.036724
1.7818181818181817,1.9901222
1.5555555555555556,1.8422134
2.025900900900901,1.8368137
1.1481481481481481,2.0817769
2.2857142857142856,2.03903
2.8448275862068964,2.4333177
1.8,2.0696003
2.7777777777777777,2.0316126
1.78125,2.0285301
1.4464285714285714,1.9965978
2.236040609137056,1.9396578
1.5925925925925926,2.2592883
1.894736842105263,2.4283867
1.75,3.2736995
1.6818181818181819,2.1377723
1.679245283018868,1.7764149
1.763157894736842,2.7783206
1.4,1.7339764
2.2448979591836733,2.5547552
1.801980198019802,1.9356434
1.6111111111111112,2.131439
1.8739495798319328,2.116674
1.475,2.1201167
2.2723880597014925,1.8785207
1.7,1.9201958
2.6791044776119404,2.0315726
2.1538461538461537,2.4993813
1.5485232067510548,1.8484559
1.380952380952381,1.8675183
2.3142857142857145,2.1868203
0.75,1.8769817
1.8955223880597014,1.88776
1.9090909090909092,2.4724
1.6734693877551021,1.6577992
1.52901023890785,1.9184812
1.4074074074074074,2.1048052
1.9879518072289157,2.0866354
1.3157894736842106,1.7116607
1.7926330150068213,1.9507276
2.0392156862745097,1.9385034
4.255813953488372,2.270541
1.7714285714285714,2.1658723
2.5213270142180093,1.9015249
1.8409090909090908,2.2620142
1.60352422907489,1.9176387
1.6363636363636365,2.2010398
5.1,1.6616156
1.9013333333333333,1.9460046
1.6111111111111112,2.1228378
2.9545454545454546,2.4194484
1.7504835589941974,1.8520447
3.3,3.0354831
1.2063492063492063,1.5215219
2.0668348045397225,1.8289309
1.9692307692307693,2.0080914
1.2352941176470589,1.7542677
1.6046511627906976,1.6663843
1.89010989010989,1.5690715
2.4285714285714284,2.3664815
1.6666666666666667,2.4222882
1.0689655172413792,1.652466
2.7,1.8937004
1.3714285714285714,1.8914111
1.76,2.0248222
1.812351543942993,2.0030208
1.7972885732730794,1.8290534
3.619047619047619,2.0536516
1.7307692307692308,2.0664084
1.8888888888888888,2.1549141
1.4761904761904763,2.0290358
0.9338842975206612,1.3690927
1.6272727272727272,1.9311067
1.9388379204892967,2.0528288
1.5,1.9180212
3.3902439024390243,2.1808531
2.3333333333333335,2.6736214
1.5384615384615385,1.9761565
1.0731707317073171,0.7742866
2.1739130434782608,1.5258652
1.6,1.9798235
1.375,1.8845153
1.940700808625337,1.8972956
1.736842105263158,2.5074644
1.462962962962963,1.8498027
2.0122137404580154,1.9635388
1.8515240904621435,2.1020381
1.9333333333333333,2.3031778
5.333333333333333,2.0074925
1.807511737089202,1.9310092
2.6333333333333333,2.3860755
1.3114754098360655,1.6952025
1.7049180327868851,2.283736
1.3055555555555556,1.2173052
1.5242718446601942,2.0995376
2.639810426540284,1.8622469
1.9090909090909092,2.1260839
1.91699604743083,1.9034407
3.8461538461538463,3.8869092
3.0,2.1731114
1.8688524590163935,1.913994
1.3333333333333333,1.9900471
1.12,1.417403
4.222222222222222,2.3480158
3.326530612244898,1.8153373
1.8505154639175259,1.8557127
2.1363636363636362,2.2686737
1.1891891891891893,2.233395
1.4516129032258065,1.5538003
2.213793103448276,1.8666391
1.8486005089058524,2.0148113
1.55,2.086599
1.90625,1.9659274
2.0,2.314543
1.8493150684931507,1.9097708
2.0,2.1099098
1.788563829787234,1.9477674
2.1,2.5826974
1.825,2.602658
1.9501312335958005,1.930395
1.59375,1.8659713
1.5714285714285714,2.0198627
1.5416666666666667,1.9790641
4.6,2.7855294
1.6653846153846155,1.952295
3.4,2.4387226
1.6,2.1645527
1.4793388429752066,1.906463
2.002463054187192,1.9126561
1.625,2.1351647
1.826086956521739,2.0610836
3.1610169491525424,1.8772687
2.0398126463700232,1.8785634
1.8756218905472637,1.973184
2.3793103448275863,2.658952
1.9166666666666667,2.0110927
1.5728862973760933,1.9126699
1.620253164556962,1.8517213
3.0886699507389164,1.9017296
3.4615384615384617,2.290944
2.782608695652174,2.7103894
2.2777777777777777,2.5673413
2.0470588235294116,1.7414571
1.9090909090909092,1.910759
2.0,2.077154
1.7692307692307692,2.3855152
1.7491935483870968,1.8174603
2.068273092369478,1.9491534
2.2916666666666665,2.0771995
1.674772036474164,1.9057062
2.0813492063492065,1.8603324
1.1481481481481481,1.8450676
1.625,1.5511649
1.6470588235294117,2.0458708
1.8333333333333333,1.6380407
1.8275862068965518,2.3978603
1.8235294117647058,2.2397625
3.5555555555555554,1.8696231
1.96,2.0144327
1.7212121212121212,1.852712
1.6440677966101696,1.9957317
2.004008016032064,1.9853426
1.8598130841121496,2.0135822
1.4837905236907731,1.825221
1.47979797979798,1.8612242
1.368421052631579,2.1194758
2.40625,1.7582581
1.4507042253521127,2.2378829
1.643835616438356,2.2254026
1.2708333333333333,2.0218
1.4761904761904763,1.7838488
1.3883058470764618,1.8969065
2.0375,2.0769143
2.7857142857142856,2.0588722
7.2439024390243905,2.2203417
1.6285714285714286,1.5657765
5.055555555555555,3.0326006
1.8325925925925926,1.9505905
1.1666666666666667,1.96246
2.0526315789473686,2.1058712
2.1343085106382977,1.8691835
1.9342105263157894,2.1714103
2.5555555555555554,2.068521
1.8,2.624541
1.639225181598063,1.9240483
1.8952380952380952,1.9285221
1.6052980132450332,1.9656736
1.9512893982808024,1.8507819
7.235294117647059,2.9618895
1.8314606741573034,1.9898763
2.3694581280788176,1.9931407
1.746031746031746,1.9259127
2.5,2.203423
1.88135593220339,1.8818514
3.6923076923076925,2.3835618
3.338709677419355,2.4890501
2.3373493975903616,1.9627906
0.9375,2.0645475
1.6161616161616161,2.0038455
1.8888888888888888,2.0067077
2.0526315789473686,2.1273189
2.184931506849315,1.9085243
1.743455497382199,1.9482192
1.9074074074074074,2.424235
1.8154205607476634,1.9292275
1.1538461538461537,1.3372674
2.0965517241379312,1.9146435
2.246376811594203,2.02975
3.3768115942028984,2.0289328
1.68,1.9718707
2.264705882352941,1.9309995
5.828571428571428,1.8233424
3.7444444444444445,2.8921986
2.6818181818181817,2.3163888
1.801762114537445,1.8893878
1.6111111111111112,2.0249288
1.5697211155378485,1.975052
1.3214285714285714,1.6544355
1.8808463251670378,1.903404
1.782426778242678,1.9405951
1.9538461538461538,1.9552382
1.027027027027027,1.480735
2.211221122112211,2.0163724
2.0,2.3317776
2.248322147651007,1.9130675
1.6741573033707866,1.9745361
1.711340206185567,1.5836622
1.4183673469387754,1.911695
2.362162162162162,1.9541554
1.71875,1.4076449
1.6818181818181819,2.2779124
1.7129186602870814,1.8864924
2.2211538461538463,2.058977
1.4166666666666667,2.3557673
1.7744292237442922,1.9630529
6.2727272727272725,2.9321694
2.060514372163389,1.9469537
1.891566265060241,1.8476126
1.9322916666666667,1.9498622
1.8058252427184467,2.1930368
1.392,1.9618447
1.2173913043478262,2.844273
1.0909090909090908,1.3983434
2.1002673796791442,1.8638772
1.8440979955456571,1.8823407
5.564102564102564,2.4179113
3.0303030303030303,2.4152799
1.84,1.9372883
2.125,2.1413019
1.8938775510204082,1.9197618
1.5,1.6714596
1.6226415094339623,1.7876961
1.65,2.0478928
2.5,1.8858842
1.872093023255814,1.9396616
1.7159090909090908,1.932194
1.823937554206418,1.9213129
1.7319422150882826,1.80764
2.496732026143791,2.0162072
1.7717842323651452,2.0115798
2.7848101265822787,2.131759
1.5454545454545454,1.5966796
1.88135593220339,1.9855084
3.25531914893617,2.111362
2.032258064516129,1.7465268
1.3235294117647058,1.889386
1.4772727272727273,1.9840485
1.4232558139534883,1.9277631
1.0909090909090908,1.9406161
1.7246376811594204,2.2260456
2.185185185185185,1.6970397
3.6222222222222222,2.1652353
1.92,2.060093
1.53125,2.003022
2.206896551724138,1.904786
0.9,1.769416
2.6,2.1455302
2.5,2.7210975
1.6666666666666667,2.034675
1.4615384615384615,1.9784638
2.064516129032258,2.1645234
1.84,1.9006491
1.4583333333333333,2.6447208
3.25,3.1788225
3.012987012987013,2.2602801
1.8529411764705883,1.6358317
1.3928571428571428,2.1054764
2.6315789473684212,2.616025
1.7666666666666666,2.3703651
2.079710144927536,1.8904136
1.9411764705882353,2.213569
1.6897133220910623,1.9488578
1.7568850902184237,2.0205483
1.5,1.918538
1.681564245810056,1.9061896
1.3333333333333333,1.730968
1.7440758293838863,1.9015249
2.034775233248516,2.1150215
2.0760869565217392,2.0458255
1.7055555555555555,1.8628939
1.8859060402684564,1.9095256
1.7647058823529411,2.0717335
1.9171374764595104,2.014708
2.3157894736842106,2.3892772
2.086050724637681,1.9893498
1.4310344827586208,1.7085552
3.3304347826086955,2.6336184
2.0,2.0614798
1.2857142857142858,1.6639253
1.7285180572851806,1.8436733
2.0794451450189153,1.9191335
1.9715224534501643,1.9519091
1.6363636363636365,2.0103223
3.946969696969697,1.9400924
1.5135135135135136,2.028213
1.5862068965517242,1.6225296
1.8771929824561404,2.0326827
2.016181229773463,1.9504476
1.4666666666666666,2.4282086
1.5909090909090908,1.8468277
4.0,3.0023763
2.6666666666666665,2.0951982
2.4893617021276597,2.0247798
1.9047619047619047,2.3037026
2.611111111111111,3.1679196
1.9786096256684491,1.8343539
2.1666666666666665,3.1457243
1.5483870967741935,2.168567
1.8823529411764706,2.416583
1.5,2.567548
1.7063106796116505,2.0251238
1.7534246575342465,2.0168695
1.3157894736842106,2.0352705
1.8829787234042554,1.9380894
1.7590361445783131,2.0693505
2.0,1.8600367
1.8333333333333333,2.185012
1.8317853457172342,1.8329941
3.870967741935484,2.8719893
1.2857142857142858,1.9002148
2.025,2.5459301
2.5,2.3247726
0.8703703703703703,1.8801614
1.8140495867768596,1.8863896
1.769316909294513,1.9960222
2.6315789473684212,2.4191449
1.7837837837837838,1.8943933
1.4,2.0495276
2.0526315789473686,1.9028627
1.8688293370944993,1.9355975
1.9844357976653697,1.9616991
2.761904761904762,1.9698923
1.6582278481012658,2.2933295
2.1333333333333333,2.0426674
1.336734693877551,1.7105308
1.7477477477477477,1.9703335
1.72,1.5753495
2.3529411764705883,2.5595398
1.8402699662542181,2.1166432
2.347826086956522,3.3221679
1.5106382978723405,1.486972
1.3888888888888888,2.1575465
1.8016359918200409,1.9026967
2.3402061855670104,1.889213
1.6495176848874598,1.9031192
2.707865168539326,2.1449444
1.5416666666666667,1.8926992
1.50990099009901,1.990776
1.6269035532994924,1.9108152
2.5185185185185186,1.88668
2.5,2.1459873
2.2285714285714286,3.1396112
1.8170731707317074,1.8520348
1.631578947368421,2.1977134
1.6734693877551021,1.9458843
2.125,2.244506
2.13659793814433,2.0145724
1.5335820895522387,1.8845974
2.5,2.9484615
2.217391304347826,2.1181707
2.1580459770114944,1.8547599
1.3584905660377358,1.602613
2.4390243902439024,2.243665
1.2,1.579253
1.5363636363636364,1.9297651
2.0441176470588234,2.01277
1.8354430379746836,1.9574784
1.4931506849315068,2.0887997
1.9492574257425743,1.9610807
2.84375,2.2420104
1.8888888888888888,1.9664667
5.72463768115942,2.288514
1.8181818181818181,2.1396055
2.0,2.5887477
1.8037459283387622,1.8644621
1.8636363636363635,2.1731255
1.2857142857142858,1.5665467
1.7272727272727273,2.3626425
1.6956521739130435,2.0718644
1.6363636363636365,1.7519823
1.808139534883721,1.953426
1.7858527131782946,2.0191483
1.2903225806451613,1.3549107
2.111111111111111,2.245195
1.7181208053691275,1.9587715
2.55,2.3030953
1.5555555555555556,2.47897
1.697674418604651,1.6904958
4.333333333333333,2.0245795
1.5337078651685394,1.9199765
1.8485477178423237,1.9004965
2.2401500938086305,1.9498622
3.7142857142857144,2.4448626
1.8591549295774648,2.1794696
1.8681318681318682,1.9366381
2.2567567567567566,1.9066796
7.205128205128205,2.2359483
1.7333333333333334,2.3070078
3.0952380952380953,2.0971043
1.3756613756613756,1.8414098
2.260215053763441,2.0358427
1.4662576687116564,1.8757643
1.9694189602446484,1.9268705
1.8,2.3331795
1.3888888888888888,2.2643583
2.090909090909091,2.6058757
4.357142857142857,2.6260054
1.25,2.6951532
6.6923076923076925,2.29466
1.9620253164556962,2.0760307
4.00763358778626,3.0120902
4.866666666666666,2.5031607
2.8354430379746836,2.338624
3.087719298245614,2.122674
1.173913043478261,1.6954453
1.3928571428571428,1.7497826
1.2371134020618557,1.8759402
2.081081081081081,2.4424744
1.4285714285714286,1.8671454
1.2380952380952381,1.5477616
2.1666666666666665,1.9437946
1.7331460674157304,1.906035
4.523809523809524,2.315702
1.3653846153846154,1.8263851
2.1176470588235294,2.2172616
1.64,1.8557127
1.6129032258064515,2.3902068
1.7260034904013961,1.9109429
2.0971370143149284,2.0286298
1.6206896551724137,2.1020918
1.5555555555555556,2.4988222
1.04,1.5002533
4.633928571428571,1.9885426
1.4463087248322148,1.9123816
2.1875,2.0025086
1.5714285714285714,2.2838488
1.3314606741573034,1.8127658
1.8288770053475936,1.8280001
1.7142857142857142,2.4992552
1.1428571428571428,2.3897507
1.7622950819672132,1.9102501
1.8405797101449275,2.017082
0.9857142857142858,2.123015
2.1818181818181817,2.29146
1.9849906191369606,1.9071374
1.965034965034965,1.97035
2.6878980891719744,1.9836775
1.4523809523809523,1.9483635
1.881057268722467,1.9054996
0.825,1.587524
1.8333333333333333,1.9868369
1.4090909090909092,2.5454578
1.5405405405405406,2.0468068
2.7857142857142856,1.629097
2.4457831325301207,1.7497529
1.1914893617021276,1.7422751
3.2,1.7367761
1.3636363636363635,2.4341404
2.4615384615384617,1.496083
3.375,2.332516
1.7685774946921444,1.8124486
2.04,2.264053
2.0173116089613035,1.8984872
1.773109243697479,2.0837362
1.5296108291032149,1.9811627
1.9797794117647058,1.872719
1.6721311475409837,1.9666125
1.4285714285714286,1.8851695
2.0,2.0510662
1.3775510204081634,1.8520802
8.485714285714286,2.1407852
1.7,2.265139
1.7465346534653465,1.8506621
2.4095238095238094,1.9410249
1.6,2.2573507
1.1428571428571428,1.3290675
1.7837837837837838,2.1747189
2.6382978723404253,2.071449
1.5833333333333333,1.8057575
1.5714285714285714,2.0994353
1.6470588235294117,2.6112843
1.880952380952381,1.6186092
1.6244343891402715,1.9163712
2.6666666666666665,3.1428037
1.5172413793103448,1.687149
1.6296296296296295,2.1129792
1.7796610169491525,2.0033176
1.3870967741935485,1.8140076
3.111111111111111,2.8814042
2.481012658227848,1.9208597
2.2025316455696204,2.3388164
2.081967213114754,1.9093158
2.2666666666666666,1.9170564
1.8495460440985734,1.9215859
1.5655172413793104,1.9136138
1.6415094339622642,1.6964285
2.1402439024390243,1.8900131
1.6495726495726495,1.8628939
2.006849315068493,1.9521685
1.1111111111111112,1.863266
1.3392857142857142,1.6526787
1.6492027334851935,1.820006
1.2,2.3054214
2.4285714285714284,2.4602528
2.0,2.0290015
1.912442396313364,1.8601437
2.1538461538461537,1.9490572
2.0228310502283104,1.9056005
1.2583333333333333,1.9977009
2.75,2.6535544
1.704,2.0189326
2.004516711833785,1.9854391
2.0245398773006134,1.9154961
1.553191489361702,1.9729406
1.48,2.2157598
1.7611241217798594,1.8195937
1.9070146818923328,1.8607057
2.1220238095238093,1.9475777
2.03680981595092,1.8546972
2.512372634643377,2.0171583
1.9433962264150944,1.9841675
3.484848484848485,2.2299128
1.8235294117647058,2.0864122
2.35,2.325211
2.433534743202417,1.8924671
0.8620689655172413,1.4345505
1.653781512605042,1.9462452
5.024390243902439,2.2373867
1.7830188679245282,2.0976171
1.6444444444444444,2.1392574
1.6596638655462186,1.9054251
1.2105263157894737,2.0310957
0.6521739130434783,1.8030573
2.486111111111111,1.9843292
1.9348184818481848,1.9153662
1.8333333333333333,2.027084
2.0923076923076924,2.1493344
2.444976076555024,2.0595932
1.2307692307692308,2.0624912
1.4,2.4762015
1.5757575757575757,2.0948663
0.9629629629629629,1.4580176
2.282758620689655,1.9193394
1.3888888888888888,1.7058576
1.6,2.0535598
2.3916083916083917,1.9480147
1.872093023255814,1.9001951
1.5526315789473684,1.9531206
1.972972972972973,2.1600924
1.6888888888888889,1.2090082
6.3,2.4185007
1.5925925925925926,1.592723
2.730769230769231,2.8429341
1.6879271070615034,1.8570728
1.5263157894736843,2.2177076
2.0155979202772962,1.8259481
0.4864864864864865,1.8508232
2.26,1.9765689
1.3928571428571428,1.7142177
1.4696356275303644,1.8579087
2.8666666666666667,2.41117
1.65,1.3622179
0.6666666666666666,2.242578
3.090909090909091,2.4954033
1.8790199081163859,2.001489
1.5952380952380953,2.0170693
2.124087591240876,1.9452509
1.3181818181818181,1.9478076
1.6115702479338843,2.0995803
1.691860465116279,1.8034645
1.9114832535885167,1.873102
1.8181818181818181,2.086767
1.6016260162601625,2.074068
2.4722222222222223,2.1034129
1.59375,1.9287724
1.3333333333333333,1.939481
1.8518518518518519,1.927716
1.5055555555555555,1.8957468
2.2404809619238475,1.9862283
1.7293577981651376,1.9015943
1.903225806451613,1.9497842
1.5892857142857142,1.5535558
1.768421052631579,2.0473251
1.8823529411764706,2.0224543
1.4822695035460993,1.850056
1.8447937131630647,1.8343539
1.4390243902439024,1.8295534
1.0714285714285714,1.7816108
4.942528735632184,2.0807219
2.225806451612903,1.7967163
2.0625,2.5601075
1.5416666666666667,2.2152684
1.816326530612245,2.2605655
2.4371327849588718,2.0086608
2.1693548387096775,1.9458324
2.2664670658682633,2.0888758
1.855072463768116,1.9234483
1.684967320261438,1.8162643
1.8064516129032258,1.3764511
2.073529411764706,1.980049
6.0,2.2365756
4.925,2.325225
1.6923076923076923,2.4057593
2.6666666666666665,2.2676442
2.4210526315789473,2.2047405
2.0851063829787235,2.2203689
1.3541666666666667,1.9553367
2.101040118870728,1.947603
3.1359223300970873,2.2574608
1.6699029126213591,2.0268974
1.302325581395349,2.0648582
1.7272727272727273,2.177879
1.3636363636363635,2.1623154
1.8322981366459627,2.016406
1.4620253164556962,1.8488913
2.0,2.0752165
2.774193548387097,2.4081712
1.2173913043478262,1.9764928
1.7085582112567463,1.8184359
1.8928571428571428,2.2401588
7.6,2.16319
1.8414055080721747,2.0205483
2.7549668874172184,2.0106788
2.467005076142132,1.9946771
1.5384615384615385,1.6272415
3.076923076923077,1.9782667
1.6363636363636365,1.8046314
1.512280701754386,1.8788978
1.9166666666666667,2.805074
2.02,2.0284944
1.588235294117647,1.8689349
2.0952380952380953,1.9551972
1.3454545454545455,2.0350225
1.6818181818181819,2.251783
1.1875,2.0988984
2.793103448275862,1.8043293
2.113138686131387,1.9584457
2.0824022346368714,1.8283476
2.9545454545454546,2.17927
2.284263959390863,1.9487091
2.0,1.8812534
1.5159817351598173,1.9370712
9.285714285714286,3.3858428
2.2142857142857144,1.999846
5.962962962962963,3.199002
1.5688073394495412,1.8167706
2.0077319587628866,1.9369342
2.84375,2.7003663
2.111111111111111,2.1995351
1.610738255033557,1.9585282
1.8405797101449275,2.0290093
2.0576923076923075,1.9644506
2.176470588235294,3.1247709
1.5,2.3545272
3.9375,2.4650757
2.311111111111111,2.0492392
1.5897435897435896,1.8192021
0.5428571428571428,1.3432289
3.1363636363636362,2.1304455
2.066666666666667,1.959897
1.789516129032258,1.8985133
2.4922279792746114,1.8265424
1.808252427184466,1.9521226
2.875,1.6959635
2.761904761904762,2.4582055
1.6470588235294117,2.135377
0.7058823529411765,2.1166432
1.6,2.4803839
2.125,2.2498312
7.735294117647059,2.7071662
2.223367697594502,2.015546
1.2839506172839505,2.0130768
1.8666666666666667,2.1018689
1.6423841059602649,1.9693483
4.841379310344828,2.0196922
1.3956043956043955,2.1671374
2.142857142857143,2.0789797
1.6920863309352518,1.9727907
2.7916666666666665,2.1693344
4.521739130434782,2.7973223
1.0384615384615385,1.6958431
1.25,1.767551
2.6,2.2685788
3.388888888888889,2.4401977
1.7857142857142858,2.3981562
1.7497630331753555,1.825401
2.042299349240781,1.9171767
1.9146341463414633,1.8635943
2.8846153846153846,2.261285
2.210526315789474,1.9593947
1.5161290322580645,2.1328454
1.90990990990991,1.9159856
2.6153846153846154,2.0778165
5.8,1.783161
2.0698254364089776,1.9137857
1.0701754385964912,1.9063548
2.1911764705882355,1.9405482
3.2222222222222223,2.3284416
2.0851063829787235,2.398041
2.090909090909091,2.7083893
1.4714285714285715,2.1508124
0.5,1.1577421
3.361111111111111,2.1128302
1.710789766407119,1.9513623
2.1209964412811386,2.0049498
3.230769230769231,2.9195273
2.225140712945591,1.933758
1.7777777777777777,2.0478375
2.253715498938429,1.9534825
2.0434782608695654,2.0643117
1.967741935483871,2.3640325
1.76,2.3786774
2.625,2.2577097
1.75,2.3189702
1.619047619047619,2.0067954
1.2162162162162162,2.1956174
1.864864864864865,1.8792127
2.697478991596639,1.9942782
1.3636363636363635,2.101628
2.230769230769231,1.471417
0.8275862068965517,1.3481603
2.838709677419355,2.1559832
4.666666666666667,2.6589897
1.7337792642140468,1.7859108
1.419889502762431,1.8020561
1.6357827476038338,2.0336113
2.0021186440677967,1.8557127
1.148936170212766,1.558232
2.0930232558139537,1.9606342
1.658256880733945,1.8475087
1.7441176470588236,1.9390061
1.830188679245283,2.0463355
2.857142857142857,2.8550484
3.5,1.9059721
2.3541666666666665,1.7342275
1.75,2.2939138
1.797752808988764,1.9219289
1.8982035928143712,1.9263065
1.5687203791469195,1.8814101
1.894736842105263,2.1348014
2.739130434782609,2.4390745
2.3076923076923075,2.088345
1.0909090909090908,2.39185
3.2375,1.9863875
1.6029723991507432,1.825221
1.8095238095238095,1.9359051
3.176470588235294,2.7673922
2.1390134529147984,1.9544661
1.748792270531401,1.7561877
1.7272727272727273,1.9708973
2.6,2.25978
1.3125,1.7983576
2.608695652173913,2.3518655
1.1777777777777778,1.8061113
1.7777777777777777,2.415016
1.9421800947867298,2.0274074
1.5471698113207548,2.0672786
1.2545454545454546,2.00296
2.138888888888889,1.8441381
1.92,1.7063417
1.9834162520729686,1.9722182
1.5,1.5523611
1.6893491124260356,1.8667694
1.8923076923076922,1.930645
1.3810126582278481,1.8288084
1.5,1.6534855
1.5620915032679739,1.7990229
2.065934065934066,1.9101679
1.7228525121555915,1.9822222
3.0,2.0294726
1.6807817589576548,1.8498164
1.9661016949152543,1.73404
1.6947218259629102,1.8645074
1.8409090909090908,2.2976286
0.7263157894736842,0.8206575
1.4727272727272727,1.9909675
1.941385435168739,1.9168069
1.8798882681564246,1.8399986
2.6,2.0911016
1.646153846153846,1.3093377
2.4213836477987423,1.9288572
1.6329113924050633,2.0849397
2.04,2.1585639
1.6941176470588235,1.8145419
1.864864864864865,1.9377823
3.805755395683453,1.9916121
1.4965517241379311,1.8653517
1.8453608247422681,2.0770462
1.7361702127659575,1.9928812
1.0,1.8515838
1.0451127819548873,1.9171224
1.4473684210526316,1.4889966
1.8679245283018868,1.9372385
1.7462686567164178,1.946213
2.877551020408163,2.000501
1.125,2.1460917
3.085714285714286,1.9857821
1.748299319727891,1.8506621
1.8780487804878048,1.9670264
1.5737704918032787,1.9573328
1.9270833333333333,2.1090932
3.84375,2.5261738
2.163157894736842,1.9119537
1.7244897959183674,2.0374618
2.75,2.0997117
1.368421052631579,2.299302
2.1333333333333333,2.0368526
2.271356783919598,1.9879681
1.6286764705882353,2.0024786
1.8392857142857142,1.9006975
1.4285714285714286,1.9082725
1.745243128964059,1.9091296
1.9510567296996664,1.9525214
1.903174603174603,1.8137923
1.941860465116279,2.0438435
2.2941176470588234,1.9764981
1.801125703564728,1.9630529
2.1791044776119404,2.1052039
2.2333333333333334,1.9526981
5.733333333333333,2.3625681
1.7135614702154627,1.968275
1.4285714285714286,1.8847858
1.9230769230769231,2.8417187
1.5798045602605864,1.9096088
2.227272727272727,2.1182997
2.118238993710692,2.0844834
3.238095238095238,2.093497
1.0,2.1379242
1.5,2.1165626
1.6296296296296295,2.0197482
1.9848484848484849,1.9787977
1.5625,1.9232397
1.8,2.1989186
1.3771929824561404,2.048688
1.9637883008356547,1.918108
1.3636363636363635,1.7267908
4.857142857142857,2.135095
2.25,1.9006325
1.1666666666666667,1.8541114
1.4285714285714286,1.3555272
1.263157894736842,2.3795226
2.378698224852071,1.9378333
2.0,3.006253
1.75,1.7695776
8.0,2.3636353
1.9,2.4745314
1.8452481076534903,1.9382408
1.2777777777777777,1.8597703
2.3846153846153846,2.7134755
2.3333333333333335,2.3384197
1.8790760869565217,1.9743603
2.1826381059751974,1.9437902
1.972972972972973,2.222552
2.1073529411764707,1.852712
2.116279069767442,1.8954929
1.1818181818181819,1.4025133
3.088803088803089,1.9081602
1.52,1.8647598
3.3333333333333335,2.6026795
0.9696969696969697,1.8712178
1.7,1.9686481
1.6666666666666667,1.9380095
4.15,3.1988103
1.68,2.6206694
1.7514124293785311,1.9811627
1.5666666666666667,2.2475996
1.6545454545454545,2.1715028
1.731818181818182,1.9086205
2.269230769230769,1.9166173
1.5901639344262295,1.887806
1.9428571428571428,2.5299618
1.9238095238095239,1.7128614
2.5,1.9388664
1.6152416356877324,1.8283744
2.04,2.0043576
1.5357142857142858,1.6794025
3.238095238095238,2.093497
2.5,1.9025844
1.2894736842105263,1.9762218
2.0588235294117645,2.206004
2.7777777777777777,2.240577
2.838709677419355,2.286624
2.3222222222222224,1.902219
2.090909090909091,2.9345212
1.9340101522842639,1.9637384
1.9931506849315068,1.8645416
1.9610389610389611,2.3285549
0.9264705882352942,1.1261642
2.0,2.001993
2.3125,2.0948765
3.207547169811321,2.1235
1.5289256198347108,1.8839272
1.8077634011090573,1.8467934
1.6849087893864014,1.9414783
1.5634920634920635,2.0871503
1.6496191512513603,1.9319748
1.738709677419355,1.847843
4.185185185185185,2.8551955
2.0355140186915888,1.9061196
1.25,1.6854713
1.9032863849765258,2.0169446
1.640625,1.8718153
1.619047619047619,2.0153031
1.7567567567567568,1.9278129
1.8,2.226835
2.213675213675214,2.1133668
1.759656652360515,1.8984388
2.12,2.5545475
1.8190883190883191,1.9315649
1.5705128205128205,1.9514496
1.7037037037037037,1.931741
1.6620450606585788,1.9115883
1.935483870967742,2.0164533
2.4285714285714284,2.427365
1.7547169811320755,1.9097257
4.32258064516129,2.8917494
1.4651162790697674,2.1163964
1.8421052631578947,1.98618
1.894736842105263,2.3538954
2.6666666666666665,2.3021243
2.3125,1.5525309
1.953448275862069,1.908445
2.1904761904761907,2.584322
2.0696517412935322,1.8772018
1.6957605985037407,1.9131018
1.3174603174603174,2.0267744
1.9833564493758669,1.9121808
2.2333333333333334,1.6970998
1.5570776255707763,1.9790425
2.089378238341969,1.8255006
2.342857142857143,2.086832
1.734375,1.8492298
2.2142857142857144,1.8297873
3.090909090909091,1.7706077
1.5806451612903225,2.189233
1.6666666666666667,2.9935462
1.972972972972973,1.6951057
1.9759036144578312,1.9116989
2.085616438356164,1.8720429
2.2455696202531645,1.9483148
0.9166666666666666,1.4627154
2.023201856148492,1.9284868
1.8064516129032258,1.8973608
1.5161290322580645,1.8600619
1.7321428571428572,2.1258466
1.2272727272727273,1.8337123
1.9764705882352942,1.9441202
3.1176470588235294,2.7519867
1.8125,1.5504007
2.130434782608696,1.9967724
1.9627659574468086,1.9879597
3.05,2.379164
1.4946619217081851,1.829639
2.0652173913043477,1.9507381
1.5714285714285714,1.7654272
1.6229508196721312,1.9693568
2.2444444444444445,2.0333872
1.5,1.9165399
1.8936170212765957,1.9208026
1.3571428571428572,1.9215047
2.7,2.0907135
1.2142857142857142,2.4152477
2.6129032258064515,2.6778748
2.2482014388489207,1.9050834
2.367088607594937,1.9468921
4.764705882352941,2.647633
1.9289843104872006,1.909255
1.9130434782608696,1.6614337
2.2666666666666666,3.0240643
1.4910179640718564,1.8078289
1.7894736842105263,2.367823
1.2666666666666666,1.7154516
2.198019801980198,1.8779567
1.7818181818181817,2.092568
1.1851851851851851,1.5153447
1.392156862745098,1.5301294
2.2557692307692307,1.9934552
2.977777777777778,2.4726205
2.03125,2.2346747
1.7333333333333334,2.1345165
1.821705426356589,2.0708017
2.0463576158940397,1.9120637
2.6114592658907787,2.0778112
1.9166666666666667,2.124509
1.896751740139211,1.8641187
1.4705882352941178,2.0562017
3.536231884057971,1.9867793
1.924731182795699,2.0178857
1.569767441860465,1.991929
2.0,2.2551053
2.259552042160738,1.8416961
2.220982142857143,1.8684348
5.1,2.2475252
1.8,2.324319
2.019144144144144,1.9532646
2.1538461538461537,1.9553124
1.8327526132404182,1.9574784
2.1077586206896552,1.9636669
1.3846153846153846,1.8229874
1.8784860557768925,1.9185325
1.565217391304348,2.5642686
2.6666666666666665,2.1373377
1.4545454545454546,1.5990096
1.4074074074074074,1.4363494
2.4615384615384617,1.7290864
1.9,2.405481
1.85,2.147917
1.5517241379310345,1.9089055
1.9217391304347826,2.0820189
1.109375,1.9818132
2.272727272727273,2.4536135
1.6162790697674418,2.0356016
1.2413793103448276,1.89509
2.4271844660194173,2.1449184
1.7346938775510203,1.9177473
3.509433962264151,2.2562644
1.6666666666666667,2.2475045
1.9333333333333333,2.3097198
2.3958333333333335,1.9645911
2.167630057803468,1.9302487
1.95,1.9037845
1.8663967611336032,1.9697964
1.7543859649122806,1.9377699
1.7157894736842105,2.2587051
1.1627906976744187,1.8772736
1.2727272727272727,1.8690679
1.7083333333333333,1.8410379
2.7384615384615385,2.1326578
1.21875,1.2666466
5.0,3.6693096
1.55,2.0373764
1.945945945945946,1.974714
2.3076923076923075,2.5563538
2.19672131147541,2.1702898
3.1780821917808217,2.4733632
1.0555555555555556,1.8341336
3.0526315789473686,2.5059032
1.750996015936255,1.9059783
1.766355140186916,1.9928445
2.44954128440367,2.0388792
2.176470588235294,1.8044766
2.473333333333333,1.9229429
1.9094269870609981,2.001112
1.875,2.1786025
1.3170731707317074,1.6698819
2.074766355140187,2.320509
2.717741935483871,2.3936777
0.782608695652174,1.3437818
1.78125,2.1976357
2.8940677966101696,1.9757979
1.5,2.1808176
1.8674101610904585,1.9012184
1.7241379310344827,2.3139706
1.7543859649122806,2.4747803
2.0441400304414,2.0074766
2.2592964824120605,2.0281384
1.9090909090909092,2.1356888
1.6050420168067228,1.8718894
1.105263157894737,2.932354
0.6888888888888889,0.91351277
4.806451612903226,2.8045456
1.8181818181818181,2.1408079
1.617910447761194,1.8484029
2.471111111111111,1.870184
2.4268774703557314,1.9912351
1.6363636363636365,1.9251804
2.1768617021276597,1.849026
2.1472081218274113,1.9588733
2.0645879732739423,1.8290405
1.7868852459016393,2.1907034
1.3679245283018868,1.9639485
6.8,2.3658314
1.124223602484472,1.8926558
1.2857142857142858,1.5304798
0.5432098765432098,0.69341433
1.7058823529411764,2.1175487
1.6666666666666667,3.2562313
1.1842105263157894,1.1958251
1.641025641025641,2.2216551
2.554054054054054,2.6171367
1.7894736842105263,1.9625427
1.5779685264663805,1.8790559
1.4583333333333333,1.7914357
3.0,2.7889555
2.64,2.0337913
1.5714285714285714,2.9778318
2.1390374331550803,1.918782
2.0,2.0484657
1.5519203413940257,1.9563745
2.0,2.5956852
1.5238095238095237,1.9758561
1.7336641852770884,1.9203488
1.5,2.2916038
1.696969696969697,1.9044404
1.6,1.7340032
1.791183294663573,1.9126804
1.1904761904761905,1.7457777
1.7142857142857142,1.8730087
0.7692307692307693,1.8340293
2.437591776798825,1.991923
2.4375,2.1393445
2.324110671936759,1.9117057
1.7613333333333334,1.8357086
1.8344519015659955,1.8790088
1.5217391304347827,1.6941155
1.85,2.154714
1.6538461538461537,2.0134313
1.7469586374695865,2.022311
2.588235294117647,1.9609061
2.140449438202247,1.7242193
2.5576923076923075,2.5716364
1.5048543689320388,2.0276961
2.329113924050633,2.1256812
1.5561959654178674,1.839817
1.2727272727272727,0.85444933
2.0,2.464367
1.735632183908046,1.97448
1.5294117647058822,2.0822222
1.5153374233128833,1.9143627
2.2843713278495885,2.0495746
2.335483870967742,1.9352144
2.0150862068965516,1.8909721
1.25,1.7310172
1.2553191489361701,1.7786566
1.452054794520548,1.8992078
1.773109243697479,1.8328148
3.125,2.0144348
1.15625,1.5887213
2.2467532467532467,2.3702757
1.6875,1.9864858
1.4,2.6172593
2.4759615384615383,2.0238335
1.5438282647584973,1.959641
2.364130434782609,1.9600512
1.7137476459510357,1.8283744
1.6692708333333333,1.8578045
2.5738831615120277,1.968288
2.4504504504504503,2.081044
1.3243243243243243,2.136412
1.736842105263158,2.3024335
1.8267898383371826,1.9932593
1.7758620689655173,1.9316958
2.641025641025641,2.3563206
2.5416666666666665,1.7307283
3.2142857142857144,2.2990332
2.828125,1.9776746
2.2222222222222223,2.4934926
1.8,2.2510493
2.690909090909091,2.1323302
2.1287605294825513,1.8469619
1.2380952380952381,1.8235238
3.045977011494253,2.2082877
1.6818181818181819,1.4167851
3.925925925925926,1.7282833
2.4661016949152543,2.0414262
2.611111111111111,2.050407
2.75,2.4165254
4.090909090909091,1.9861084
1.8584558823529411,1.866472
4.675675675675675,2.1184583
1.425,1.8201631
2.3421052631578947,1.8623642
1.8157894736842106,1.9572845
1.7477064220183487,1.9086205
2.2903225806451615,1.996252
1.5675675675675675,1.9443891
1.5573770491803278,2.1285136
2.432098765432099,2.7135484
1.28,1.6897808
2.3402061855670104,1.9455801
1.565217391304348,2.678189
1.524390243902439,2.2092855
1.7142857142857142,1.9956642
1.8652173913043477,1.9128567
2.033707865168539,1.9054196
1.362962962962963,1.9000423
1.9782608695652173,1.8052899
2.25,1.621293
2.0952380952380953,2.5613995
1.9375,2.0807812
1.8214285714285714,1.248443
0.639344262295082,1.0055671
1.6923076923076923,1.8766032
1.9823232323232323,1.9515013
1.8624094799210007,1.8191295
2.217391304347826,2.6754537
1.4111111111111112,1.9867965
1.3636363636363635,2.4149456
1.55,1.9835365
1.9922480620155039,1.9020727
1.755944931163955,1.9668615
1.7604651162790699,1.8585924
3.5376827896512935,2.1166432
2.7222222222222223,2.2524576
2.15,2.4277055
1.4607843137254901,2.1110368
2.0,2.110611
1.0,1.2340599
2.3191489361702127,1.9455779
2.223076923076923,2.0368996
3.2413793103448274,1.5689396
1.4672131147540983,2.0297563
1.7411167512690355,1.902611
3.72,2.681072
1.4130434782608696,1.9338189
1.8135593220338984,2.1019208
3.217391304347826,2.4866683
2.0416666666666665,2.154171
2.192488262910798,1.97297
2.621776504297994,1.8773209
2.3936348408710217,2.0233603
2.1875,2.1125562
1.3333333333333333,1.7168707
1.847809948032665,1.842881
1.5931034482758621,1.8633679
2.6021505376344085,1.6621792
2.189189189189189,1.9008993
2.4,2.4473886
2.167315175097276,1.9943115
2.8219178082191783,2.174257
4.598958333333333,1.9186978
2.127450980392157,2.0368786
1.7463706233988043,1.9100826
2.25,1.8146398
1.1428571428571428,1.7038382
2.2181818181818183,1.9693774
1.6482758620689655,1.9378444
1.4827586206896552,1.8496436
2.2222222222222223,1.856829
1.4615384615384615,2.0451026
3.411764705882353,2.9458134
3.4901960784313726,2.606779
2.3418141592920354,2.0216353
1.9444444444444444,2.1408129
1.6923076923076923,2.045098
1.9830508474576272,1.7948989
1.5961538461538463,1.9490263
2.6779661016949152,1.9743388
2.010989010989011,1.8570797
2.036312849162011,1.8420634
1.5294117647058822,2.187653
3.4285714285714284,2.9632628
2.4819532908704884,1.9379762
1.9821428571428572,2.6485217
2.9284712482468445,1.9159367
1.645631067961165,1.9707636
2.3306930693069305,1.8606013
1.8075757575757576,1.9985571
2.2777777777777777,2.2479162
1.9074585635359116,1.9236981
8.673076923076923,2.2816837
1.6851851851851851,1.9942782
1.2857142857142858,1.811
1.3396226415094339,1.6311423
1.951219512195122,1.5765221
2.260869565217391,2.167034
2.6006944444444446,1.940931
2.3,2.6375818
1.6666666666666667,1.7789667
2.1538461538461537,2.0696592
1.736842105263158,2.3953753
1.112,1.9335465
2.3689024390243905,1.8680921
2.4,1.9635099
1.3703703703703705,1.7920499
0.875,1.1614739
1.625,2.4671576
2.306695464362851,1.8802146
1.8823529411764706,1.7606952
1.2727272727272727,1.7943201
2.3020833333333335,2.1604993
2.6341463414634148,1.7234981
1.1454545454545455,1.7952064
1.956989247311828,2.0145724
2.5886699507389164,1.8927734
3.380952380952381,2.3644085
1.4545454545454546,2.0924091
1.621904761904762,1.9163563
1.6349206349206349,1.944458
1.83085250338295,1.9093461
2.037037037037037,1.9769576
1.9309428950863214,1.8389267
4.445544554455446,1.8319533
2.21875,2.4900858
2.5454545454545454,2.7345202
1.9111111111111112,1.9403725
1.6818181818181819,2.1889503
1.7844036697247707,1.8438407
1.3972602739726028,1.9297785
1.5180722891566265,1.8857795
2.4285714285714284,1.7225018
1.186046511627907,2.01789
1.6666666666666667,1.9145068
1.4409448818897639,1.9984707
1.4285714285714286,2.3555775
2.0217391304347827,2.0041785
2.075492341356674,1.932905
2.4276729559748427,2.3240428
2.1818181818181817,2.3874817
1.8,2.1961248
1.6428571428571428,2.024981
6.714285714285714,2.5204463
1.8105515587529977,1.8475087
2.2432432432432434,2.2396224
1.4578313253012047,1.9304278
1.7894736842105263,1.9699585
4.280898876404494,2.1849122
1.6744186046511629,2.1989284
1.5,2.0057397
2.4,2.0444229
5.818181818181818,3.014279
1.8,2.1808453
1.6489459211732356,1.8902955
3.4571428571428573,2.27969
1.575,2.05341
1.853658536585366,2.2333593
2.0333919156414764,1.9465407
1.7119815668202765,1.900012
1.3666666666666667,1.9543835
1.5,1.9439186
1.8837209302325582,2.0457482
1.8666666666666667,2.1571763
1.7674418604651163,2.300734
1.8506224066390042,1.889576
1.7293233082706767,1.9457663
2.031578947368421,1.9833757
1.8888888888888888,2.5450795
3.72,2.0344815
4.135135135135135,1.7241645
1.2439024390243902,2.2816029
1.8876404494382022,1.7169551
1.816425120772947,1.9690524
2.474127557160048,2.0717366
1.9118086696562033,1.8713474
1.9874088800530152,1.7913617
2.1818181818181817,2.8381164
2.5454545454545454,2.504321
1.9333333333333333,2.6007261
3.7142857142857144,2.0995257
1.396551724137931,1.9079078
1.3511450381679388,1.8939514
1.7894736842105263,1.9494103
1.7424242424242424,1.9247123
2.2693498452012384,2.0828202
1.6721132897603486,1.8722607
1.8799249530956847,1.938628
2.25,3.781252
1.4955752212389382,2.028285
1.7027027027027026,1.9074987
2.147945205479452,1.9343189
1.5375722543352601,1.8408585
1.7515151515151515,1.9438647
1.5555555555555556,1.6442853
2.0714285714285716,2.5103807
3.0526315789473686,2.2823825
1.6358024691358024,1.9517264
1.7394366197183098,1.8757496
1.457142857142857,1.4471575
1.9938347718865599,1.8353477
1.4793814432989691,1.823318
2.330769230769231,1.9294765
2.1449511400651464,1.9027896
1.1176470588235294,2.195424
2.4444444444444446,2.252614
2.125,2.8015347
1.5714285714285714,1.9748791
1.78397212543554,1.8774586
1.734375,1.9276359
2.0,1.99241
2.5238095238095237,2.131335
2.4786729857819907,1.9850544
1.3043478260869565,1.6374081
3.2,2.2580667
2.2941176470588234,2.2946768
3.8125,2.4813492
1.9230769230769231,2.4767992
1.8535353535353536,1.9090037
2.2033898305084745,1.9022301
1.0625,1.9415673
2.3421052631578947,2.2859209
1.5238095238095237,2.0062597
1.2,1.4537553
1.6666666666666667,1.9295902
2.456140350877193,2.1360815
1.2009132420091324,1.972464
1.7142857142857142,2.1990252
1.84,1.8903149
2.9411764705882355,2.0090272
1.9073543457497613,2.026071
2.503875968992248,1.9065778
2.0,2.0771384
1.5,1.70072
3.2882882882882885,2.4742706
2.357142857142857,2.5974677
1.5384615384615385,2.331477
2.2531645569620253,1.9022301
2.3815261044176705,1.9879626
2.0555555555555554,2.2459972
2.888888888888889,2.9139695
1.3928571428571428,2.300961
2.227272727272727,1.6786327
1.971774193548387,1.9066309
2.0384615384615383,1.8200157
2.408759124087591,1.8815079
3.0588235294117645,2.7877057
2.95,2.7390518
1.7625448028673836,2.021507
2.1806451612903226,1.9374417
1.6217948717948718,1.9498624
1.872093023255814,2.0224924
1.3636363636363635,2.2574134
1.88,1.9443754
2.6666666666666665,2.111285
1.9812775330396475,2.0680776
1.75,2.7067332
1.7253521126760563,1.9741819
5.377551020408164,2.3324428
1.9,2.349599
2.8010752688172045,2.0084934
1.53125,2.0457067
2.0,2.4362934
1.135135135135135,1.1867366
1.4318181818181819,2.0035534
2.4210526315789473,2.313744
1.75,2.177906
3.125,2.0931108
1.14,1.6548538
1.765460910151692,1.8392897
1.4285714285714286,1.9613732
2.6648648648648647,1.8915575
3.111111111111111,2.625233
2.5384615384615383,1.9441416
2.977900552486188,1.8789392
2.126315789473684,1.887806
2.588235294117647,2.227762
1.9392712550607287,1.8868047
2.35752688172043,1.9233562
2.142857142857143,2.444225
2.465818759936407,1.982827
4.42,2.333815
3.642857142857143,1.9608393
1.984375,1.9385442
1.817391304347826,1.9862298
1.2230769230769232,1.7859546
1.9210526315789473,1.8678956
1.8018808777429467,1.8191295
1.8846153846153846,1.9424214
1.4806201550387597,1.9346838
1.6479166666666667,1.9069976
1.5555555555555556,1.843978
1.711340206185567,1.9691439
3.245614035087719,2.050947
2.4788732394366195,2.2298076
1.4444444444444444,1.9193387
2.2844036697247705,2.0980117
1.243421052631579,1.9789073
2.3333333333333335,2.1020663
2.0697674418604652,2.0755024
1.9841269841269842,2.0874176
2.130434782608696,1.682663
2.208029197080292,1.8396972
2.8666666666666667,2.2541494
2.8857142857142857,1.8989261
1.44,1.7329309
1.7142857142857142,2.1411285
0.9772727272727273,1.6148745
1.8093959731543625,1.9411386
1.45,2.043349
1.125,1.6842026
1.8167082294264338,1.8331759
1.971794871794872,1.921549
1.7924217462932455,1.9991753
3.0789473684210527,2.0763738
1.4144736842105263,1.8582706
1.4794520547945205,2.4492319
1.6910569105691058,1.9379498
2.347826086956522,2.1915863
1.821875,1.9918127
1.635379061371841,1.9699895
1.7230769230769232,1.9080106
2.176190476190476,1.8614818
1.4736842105263157,2.7784848
1.7142857142857142,2.850503
1.5555555555555556,2.2371924
1.5789473684210527,1.7546964
1.25,2.0051024
1.3461538461538463,1.7291646
2.0729166666666665,1.9047545
1.8571428571428572,2.5191514
2.3197463768115942,2.0190551
1.9565217391304348,2.3497696
2.0,2.4358327
1.2857142857142858,1.6820318
2.196825396825397,1.9019063
1.5372670807453417,1.9119864
0.8,2.065689
1.9108108108108108,1.8660511
2.1549295774647885,1.5411196
1.8437843784378438,1.8603324
2.282051282051282,2.0004413
2.1971830985915495,2.0441632
2.7,2.3962286
1.5982274741506648,1.8534534
1.5937888198757764,1.8219011
3.44,2.2655885
1.9285714285714286,2.3030274
1.875,2.3261843
1.516728624535316,1.8879879
2.1645569620253164,2.0189764
1.7462686567164178,1.839451
6.924242424242424,3.7350502
1.767605633802817,2.0117447
2.0,2.580979
1.651685393258427,1.9287285
2.089041095890411,1.9418279
3.411764705882353,2.3077736
3.7142857142857144,2.4913886
2.036363636363636,2.0616746
1.55,1.9396058
1.4523809523809523,1.8898143
1.6111111111111112,2.131439
2.769230769230769,2.5393164
2.16,2.0733511
1.4166666666666667,2.3399692
1.9319148936170212,1.873102
3.9583333333333335,2.4023755
2.3125,1.9977916
2.1538461538461537,2.2922208
1.5555555555555556,2.3800337
1.8977272727272727,2.157602
1.34375,1.7858361
2.0833333333333335,1.8505865
2.2735042735042734,2.028264
0.5061728395061729,0.75911355
2.0264550264550265,1.9713516
1.2814814814814814,1.8701782
1.8333333333333333,2.10874
2.15,2.1750877
1.0740740740740742,2.2623024
1.9622641509433962,1.9909465
2.189189189189189,1.89745
1.0714285714285714,2.207043
2.189189189189189,2.3165743
1.9565217391304348,1.9547986
1.225,1.9860351
2.893617021276596,2.770902
1.9060402684563758,1.9385442
2.5584415584415585,1.943401
1.8257839721254356,1.8428533
1.7777777777777777,1.9265618
2.0876623376623376,1.9728295
1.9314285714285715,1.8490318
1.4588744588744589,1.9434745
2.2222222222222223,2.682115
2.6363636363636362,3.6656754
1.0588235294117647,1.4182053
1.691358024691358,2.168605
2.8,2.6643775
1.5699481865284974,1.8181486
1.591549295774648,1.9167434
1.7314049586776858,1.9392375
1.96,1.9682266
1.6491228070175439,1.8633479
1.6504854368932038,2.0276961
1.9126984126984128,2.061058
1.9125475285171103,2.0042815
2.3417721518987342,2.2761784
1.7590361445783131,2.1609247
4.6484375,2.8370428
2.6666666666666665,2.8321629
2.4347826086956523,3.8963041
1.2941176470588236,1.9979078
1.1875,2.313166
2.619047619047619,2.0115924
1.9906015037593985,1.9412776
1.0,1.3077416
2.2857142857142856,2.211194
4.0588235294117645,2.2262633
1.5555555555555556,2.4312868
1.5812274368231047,2.0276043
1.727061556329849,1.9239603
2.189655172413793,2.4224472
1.16,2.4249182
1.5263157894736843,2.2701116
1.4675324675324675,1.850885
1.6464646464646464,1.600793
2.235294117647059,2.024106
2.475,1.7810279
1.9473684210526316,2.065372
1.650190114068441,1.8661938
1.9418886198547216,1.9418399
1.7272727272727273,1.8377564
1.8888888888888888,2.2623675
1.3662790697674418,1.7937453
3.0,2.0449705
1.9154411764705883,1.9202106
2.3212951432129514,2.009363
1.6481481481481481,2.5269558
1.9111111111111112,1.8934196
2.8181818181818183,2.2785175
2.972972972972973,2.4612157
3.0,2.1221125
1.0810810810810811,1.6519258
1.7967032967032968,1.9077431
1.53,2.007733
2.5,2.3050084
4.27906976744186,2.4966693
1.678030303030303,1.9567027
2.013157894736842,2.4550748
5.25,1.7017031
1.4316546762589928,2.0069978
1.8627450980392157,1.9336134
2.2447724477244773,2.077403
1.8358862144420132,1.922468
1.1466666666666667,1.7009122
2.0555555555555554,2.3235996
1.7365079365079366,1.8691823
1.4333333333333333,1.7676024
1.6633986928104576,1.8936127
1.940506329113924,1.8688383
1.6666666666666667,2.4087157
1.1428571428571428,2.0237308
1.7557603686635945,1.9796209
1.75,2.2394857
2.2962962962962963,2.7634735
1.5890410958904109,2.1654484
2.48,2.8540556
2.5,2.0682883
2.2,2.4666393
2.0165289256198347,1.9154218
2.2266666666666666,1.9539512
1.7272727272727273,2.3288376
2.267665952890792,1.8684348
1.9932356257046224,2.0205483
1.7241379310344827,1.9455084
1.9365079365079365,2.0278554
1.9736842105263157,1.806745
4.2631578947368425,2.149477
1.6836108676599475,1.8119793
1.09375,1.4419485
2.1923076923076925,1.9664721
3.5833333333333335,2.7116737
4.538461538461538,2.2993505
1.3846153846153846,1.8240296
1.6708860759493671,1.9063481
5.459770114942529,2.1048796
2.5714285714285716,1.6391089
1.44,2.2741346
1.3407821229050279,1.9129794
2.185185185185185,1.555895
1.686046511627907,1.8720874
1.3636363636363635,1.8634129
2.0,2.0787268
1.7051114023591087,2.003308
1.4171779141104295,1.8708216
1.6470588235294117,2.1264434
1.5263157894736843,2.7427866
1.3859649122807018,1.7544158
1.7853881278538812,1.8625557
1.9479166666666667,1.9585947
1.6296296296296295,1.3739355
2.5714285714285716,2.8762765
2.24,1.9478222
1.9156479217603912,1.9772726
1.4285714285714286,2.0964959
1.9139676113360324,1.9144204
1.4657534246575343,1.9615976
1.963443396226415,1.8995339
2.558139534883721,2.180454
1.8120539254559873,1.9255176
0.9444444444444444,1.0532515
0.976,1.832304
2.0963855421686746,1.9468458
2.142857142857143,2.7721386
2.123931623931624,2.0003762
6.910828025477707,1.9988081
2.02,2.689943
2.6041666666666665,2.186928
1.7916666666666667,1.6447951
2.5555555555555554,2.2848976
1.9119318181818181,1.9007461
1.62,1.871895
1.8162291169451075,1.9177766
1.5615384615384615,1.9243999
1.7777777777777777,2.1698558
1.896103896103896,2.0027523
1.4761904761904763,1.8607683
1.3333333333333333,1.3473638
2.7030075187969924,2.0147243
2.15,2.4006844
1.9980506822612085,1.9356531
1.6346153846153846,1.814286
3.28,3.4134467
1.0757575757575757,1.5474249
1.4651162790697674,2.032983
2.230769230769231,3.0196972
1.808170515097691,1.8752272
2.2830188679245285,2.0080805
1.962962962962963,1.4077859
1.5392156862745099,1.8959618
1.9564564564564564,2.027567
1.6802575107296138,1.8997744
2.4285714285714284,2.4486978
2.0085146641438034,1.9957823
1.28,2.0221493
2.534566699123661,2.0357351
1.4285714285714286,1.9593008
6.3,2.6878445
1.4583333333333333,1.9292417
1.9696969696969697,2.1355681
2.2419700214132763,1.9306877
2.006622516556291,1.9094589
2.217898832684825,1.9951241
1.7659033078880406,1.9392993
1.7853658536585366,1.8851434
2.1666666666666665,2.3873575
2.2758620689655173,2.1881502
1.1142857142857143,1.7015553
1.9482758620689655,1.9841896
1.8867256637168142,1.9566405
1.8181818181818181,1.9278303
2.2985729967069153,2.0066023
1.5136363636363637,1.9220496
2.1136638452237,2.0414884
3.740740740740741,2.689564
1.5557851239669422,1.9511682
1.6347826086956523,1.8475087
1.8070374574347332,2.0442598
2.48,2.2886198
1.6266666666666667,2.0191946
1.7659574468085106,2.0714054
1.0769230769230769,2.0101264
1.7006802721088434,1.9540967
1.8636363636363635,1.7616855
1.4285714285714286,1.6068927
1.28,1.5809772
3.6666666666666665,1.8014364
1.1347517730496455,1.9001473
1.8571428571428572,2.440515
1.2258064516129032,1.6923233
2.4285714285714284,2.3202708
2.191616766467066,1.9136387
2.888888888888889,2.5915666
2.4523809523809526,2.9008484
1.6055045871559632,1.8935753
1.411764705882353,2.09314
1.8144329896907216,2.086765
2.225563909774436,1.980029
1.6046511627906976,2.1528714
3.176470588235294,2.7896605
1.4074074074074074,1.518877
1.787958115183246,1.9014473
1.9462686567164178,1.9274756
3.25,2.3045158
1.950354609929078,1.8932016
1.5636856368563685,2.024338
1.9820051413881747,1.8905337
1.6278118609406953,1.9367296
2.0172413793103448,2.3464777
1.7976190476190477,1.9523258
1.511111111111111,1.9707435
1.5487179487179488,1.9079454
3.4242424242424243,1.8145819
2.0,2.754316
1.7117988394584138,1.9853426
1.8552456839309428,2.0151935
1.6468428781204112,1.910047
1.4782608695652173,1.8860918
2.235294117647059,3.3943617
1.9201807228915662,2.0141132
2.433734939759036,1.8937407
2.0,1.7567819
2.6,1.6820027
2.2125,2.3492246
1.8671562082777036,1.9101206
1.5714285714285714,2.3121634
1.2372881355932204,1.9828895
1.7517985611510791,1.8600296
1.9393939393939394,1.8863621
2.6136363636363638,2.0285017
2.481012658227848,2.1934285
1.6572237960339944,1.9423195
2.9361702127659575,2.3770828
1.2016129032258065,1.7104287
2.0710659898477157,1.9025615
2.0625,2.530592
0.8235294117647058,1.102383
2.403409090909091,1.926255
1.3125,1.8546784
1.9444444444444444,2.0764768
1.6875,2.476411
1.6666666666666667,1.7245389
1.9,1.9757601
2.05,2.203423
1.8181818181818181,2.3595679
1.8329297820823245,1.9084201
1.56,1.7896286
2.357142857142857,2.1619143
2.46875,1.9062507
2.587248322147651,1.9871604
1.748079877112135,1.9291693
1.9655172413793103,1.6221241
2.3142857142857145,2.1962287
2.5,2.2096353
1.5333333333333334,2.33151
1.3235294117647058,2.000406
2.205607476635514,1.9819254
1.7323420074349443,1.9055616
2.2941176470588234,2.107064
1.0,1.5527645
1.646153846153846,2.1025937
2.24,1.8799478
1.5,1.7719073
1.35,1.9822291
2.0,2.6190507
1.75,2.741064
1.7209302325581395,2.0938065
1.715059588299025,2.0151865
2.875,2.1458
2.4,2.2508957
1.8313253012048192,2.7203245
2.373134328358209,1.9333947
2.3823529411764706,2.1277006
1.5294117647058822,1.7170378
1.9312714776632303,1.942002
1.8214285714285714,1.600234
1.622286541244573,1.9039654
2.8181818181818183,1.8266929
1.52,1.880792
2.735294117647059,2.1957524
0.6129032258064516,1.4537133
1.8064516129032258,1.880702
1.7285464098073555,1.8520447
1.7053333333333334,1.9706924
8.382352941176471,2.112229
9.26984126984127,2.6719377
1.697674418604651,2.055612
1.894736842105263,2.245193
1.0833333333333333,1.5077999
1.728307254623044,1.9517744
2.4693877551020407,2.0124786
2.272727272727273,1.5119663
3.6944444444444446,2.0872486
5.428571428571429,2.479475
1.8542914171656686,1.8283744
1.6842105263157894,2.0058393
1.3238434163701067,1.8418387
2.542372881355932,2.0926561
1.8582474226804124,1.9101818
1.984700973574409,1.9787644
1.5918367346938775,2.2157075
2.121212121212121,1.9607061
2.129032258064516,2.1040323
1.6923076923076923,2.052296
1.3333333333333333,1.9832768
4.485714285714286,2.4911175
2.2941176470588234,1.949211
1.8888888888888888,2.5039392
1.5263157894736843,2.0988898
2.717948717948718,2.054044
1.9473684210526316,2.0579624
2.0344827586206895,2.0825198
2.5,2.3120365
1.1136363636363635,2.0590124
1.75,2.5498288
1.6666666666666667,2.2634335
4.0,2.2281637
1.9592391304347827,1.9005591
2.1875,2.1103532
2.517711171662125,1.9173769
1.1142857142857143,2.0410311
1.4230769230769231,1.6069785
1.8333333333333333,1.8643185
4.352941176470588,2.5445616
4.267904509283819,2.0758388
2.1551724137931036,2.5928423
2.1058823529411765,1.8709803
0.859375,1.6147174
1.8256880733944953,1.7396917
1.682983682983683,1.8682133
2.7719298245614037,2.193589
1.9720670391061452,1.8746276
2.1379310344827585,1.9945382
1.9902912621359223,2.03464
1.7575757575757576,2.5086622
2.7857142857142856,2.3929148
1.8933333333333333,2.3107839
1.5238095238095237,1.902557
2.0362537764350455,1.9824983
3.036144578313253,2.4258325
1.3902439024390243,1.8346186
3.892857142857143,2.9127314
1.8452380952380953,1.8447369
2.9523809523809526,2.2778068
2.133903133903134,1.9359503
1.6583333333333334,1.8522032
1.7142857142857142,1.9795669
1.1111111111111112,1.4368193
2.4774774774774775,1.9348855
1.34375,1.4379178
1.2666666666666666,1.8037789
1.5277777777777777,1.7872367
2.224699828473413,2.0096693
1.4835616438356165,1.8916209
1.9392265193370166,1.9781846
1.7142857142857142,1.9696018
2.427480916030534,1.886072
2.408713692946058,1.9314083
1.6666666666666667,2.1013196
2.8095238095238093,2.4083004
1.4333333333333333,1.7422646
2.174468085106383,1.9279457
1.6363636363636365,2.4130764
1.9733333333333334,1.8571494
1.8558201058201058,1.9215859
2.2142857142857144,1.9972527
3.35,2.6303797
1.44,1.60456
2.1241830065359477,1.9584907
1.608695652173913,1.97623
2.085714285714286,1.8591359
1.628691983122363,1.8356162
1.4952380952380953,1.8520447
3.0,2.665761
2.4890776699029127,2.0251238
1.7628865979381443,2.0628133
1.7704918032786885,2.0167077
1.726027397260274,1.7831573
2.0952380952380953,2.1378586
1.8421052631578947,2.0854266
2.740740740740741,2.469836
1.8461538461538463,2.0741832
1.2280701754385965,1.7386578
1.7346938775510203,1.8666937
1.563573883161512,1.9405332
1.7411764705882353,2.3492196
2.0142857142857142,1.9469775
1.5348837209302326,2.1370714
2.111801242236025,2.0047798
1.844,1.854303
2.0,2.1790693
1.1395348837209303,1.3843536
2.1216216216216215,2.418419
1.7272727272727273,2.3691266
1.6363636363636365,2.05543
2.4909090909090907,2.584104
2.203084832904884,1.9522332
1.4102564102564104,2.0361967
1.4523809523809523,1.9624289
1.368421052631579,1.8258905
1.7592592592592593,1.5082836
1.811926605504587,1.8935713
1.611764705882353,1.9227409
1.9726027397260273,2.173303
2.0555555555555554,2.2402446
1.25,2.246683
1.4770642201834863,2.0463321
2.6695278969957084,1.9813466
1.8243243243243243,2.036343
1.7363387978142077,1.8332782
1.3035714285714286,2.2268453
1.8289473684210527,2.0545769
1.7595019659239843,1.7670938
1.0588235294117647,2.0106556
1.5681818181818181,2.0613916
1.4558823529411764,2.337295
1.45,1.948589
2.4242424242424243,1.9771892
1.8013468013468013,1.9988467
1.9854620976116304,1.9519091
1.8,1.7844759
1.788117394416607,1.7983015
1.6,1.9736195
0.9,2.2971616
2.888888888888889,1.6761634
3.6666666666666665,2.3205848
1.3333333333333333,1.7835613
1.8105263157894738,2.2126756
1.6111111111111112,2.0986357
1.1818181818181819,2.0604324
1.3392857142857142,1.6998872
1.7118644067796611,2.454148
1.7126099706744868,1.9910277
1.5,2.0316122
1.4222222222222223,1.955897
1.36,1.9455796
1.5,2.2463787
1.6145038167938932,1.9753308
2.6666666666666665,2.3924153
3.4827586206896552,2.5387383
1.9331210191082802,1.9591645
1.9544259421560035,1.8941242
1.6341463414634145,2.1036537
1.180327868852459,1.590453
1.492063492063492,1.5470892
1.78173719376392,1.9692034
4.518518518518518,1.9179461
1.7419354838709677,1.6726475
1.7843137254901962,2.0292687
2.0,1.9576622
2.8285714285714287,2.2319646
1.9282006920415224,1.8275689
1.6213114754098361,1.8446903
2.032258064516129,1.5346345
1.2769230769230768,1.9581733
2.0869565217391304,2.1337373
1.2352941176470589,1.7705867
2.0060679611650487,1.9170024
1.6097560975609757,3.6053627
1.7759336099585061,1.889576
3.09375,1.9002979
2.0,2.4886868
1.2777777777777777,1.4752524
1.736842105263158,2.05387
1.1153846153846154,1.6556841
1.6521739130434783,1.9441347
1.7703180212014133,1.9673483
1.4210526315789473,1.9056932
1.6904761904761905,1.648868
2.433139534883721,2.0591931
3.76,2.4077442
2.5737704918032787,2.0128167
1.75,1.7985157
2.0872093023255816,1.8513812
3.828358208955224,1.991864
2.4525547445255476,1.9179146
1.6,1.3184707
1.5422535211267605,1.9078635
1.5833333333333333,1.9574912
1.8122923588039868,1.8969282
1.8065693430656935,1.9287487
1.813953488372093,1.7927092
6.105263157894737,3.3311205
1.4193548387096775,1.6974415
3.25,2.499503
2.2777777777777777,2.0573864
1.776470588235294,2.6184607
1.8998435054773084,1.9836103
2.4571428571428573,2.2179224
4.323008849557522,2.0057
1.078125,1.8818924
1.9583333333333333,1.9037426
0.8088235294117647,0.95901567
1.3571428571428572,1.7893513
1.751407884151247,1.8947847
1.5151515151515151,1.6437359
1.8863636363636365,1.9849724
2.2222222222222223,1.9396311
2.4571428571428573,2.110051
1.875,2.4296622
1.6787512588116817,2.0151865
2.25,1.9481754
1.981818181818182,2.0703733
2.717391304347826,2.1548526
1.4444444444444444,2.327349
1.5217391304347827,1.6507331
1.4782608695652173,1.5932561
2.3529411764705883,2.1709068
2.235294117647059,2.1489205
1.8898305084745763,2.1087708
2.2646420824295013,1.9034103
1.6,1.7797705
2.68641975308642,1.9428232
2.64,2.0002282
1.74,1.8838009
1.5862068965517242,1.9691077
1.6490066225165563,2.016784
2.4814814814814814,2.1229224
1.6324110671936758,1.8751283
2.0691994572591588,1.9474915
2.4423076923076925,2.0226145
1.3636363636363635,1.8853738
1.035928143712575,1.327699
6.084745762711864,2.198972
1.7222222222222223,2.2551987
2.3333333333333335,2.4538703
3.761904761904762,2.3773313
3.2586206896551726,2.0110693
1.631578947368421,1.5470384
1.2682926829268293,2.0498278
2.088978766430738,1.9465652
1.391304347826087,1.7009125
1.08,1.7863026
1.2272727272727273,1.7059449
2.4178082191780823,1.9577986
1.8074866310160427,1.9192598
1.7142857142857142,1.4892159
2.2333333333333334,3.118735
1.8495297805642634,2.0174284
1.6363636363636365,1.6478685
1.9233576642335766,1.9289639
1.2941176470588236,1.5077249
2.782608695652174,2.1019654
2.106430155210643,1.9814041
0.8620689655172413,1.3267738
2.1123595505617976,2.0290015
1.1724137931034482,2.0935752
2.023866348448687,1.9023052
1.94375,1.9530158
2.330508474576271,2.1394417
1.7291666666666667,1.9062712
1.7073170731707317,1.93852
1.5100671140939597,1.731639
1.2727272727272727,1.7059193
2.3076923076923075,2.1044168
1.7066666666666668,1.8839399
3.515151515151515,2.0161626
1.6815816857440167,2.0680776
1.7827352085354025,1.9427675
1.690909090909091,2.3392427
1.894736842105263,1.9464151
3.4285714285714284,2.7668307
1.4222222222222223,2.1629608
2.3333333333333335,2.3541539
1.496124031007752,1.9808009
2.0389105058365757,1.9212226
3.3893129770992365,1.9183592
2.0,2.7319024
1.7407407407407407,1.7490449
2.53475935828877,2.0341747
1.027027027027027,0.8511436
1.42,1.9502647
1.883855981416957,1.8604507
1.6967213114754098,1.9421406
1.6923076923076923,2.0461245
2.076923076923077,2.898135
1.816326530612245,2.2566178
2.1543086172344688,1.9760854
1.1176470588235294,2.1781878
1.05,2.0685756
2.7866666666666666,2.4381735
1.7647058823529411,2.044544
2.2450980392156863,1.9333947
1.3414634146341464,1.7232866
1.1,2.3567343
1.25,1.8494115
1.9393939393939394,2.0156817
3.3333333333333335,1.9923954
1.9405940594059405,1.9229829
1.5215146299483648,1.8343539
7.3125,2.3127413
1.6336996336996337,1.8753477
1.700712589073634,1.87376
2.2222222222222223,2.0524037
1.5869565217391304,1.8654232
1.86,2.32612
3.1686746987951806,2.314151
2.068085106382979,1.9504023
2.5619047619047617,2.1007352
2.353982300884956,2.1263459
1.6,3.0087035
1.6842105263157894,2.035802
1.7142857142857142,2.7410564
2.1506849315068495,2.20299
1.7236842105263157,1.859223
1.8908188585607941,1.9365942
3.1,1.9754394
2.3384615384615386,1.9596405
2.9375,2.7606902
1.7638888888888888,1.7867315
2.4,2.2915747
1.9444444444444444,2.33387
1.4307692307692308,2.0292375
2.8181818181818183,2.141746
5.142857142857143,2.6907134
1.8424242424242425,1.7407109
3.7142857142857144,2.1108654
2.5659246575342465,1.9655862
4.119047619047619,2.2090316
1.7689606741573034,1.8446141
1.7777777777777777,3.8058755
1.8847926267281105,1.9513311
1.48,2.0762596
1.36,1.5877236
2.178861788617886,1.9468671
1.9387040280210157,1.9412776
1.3448275862068966,1.950265
4.9,2.7146587
1.7941176470588236,2.355008
1.7790697674418605,2.0490377
2.486842105263158,2.4450307
1.7241379310344827,1.9216461
1.6666666666666667,2.2641895
1.944309927360775,1.9052062
1.6738197424892705,1.9476744
1.44,2.1087515
1.98005698005698,1.9918709
2.0081967213114753,1.9209714
4.444444444444445,2.6751673
2.2142857142857144,2.6044335
1.8758620689655172,1.8998197
1.4657534246575343,1.9679018
2.037914691943128,1.9097257
1.4603174603174602,1.8419778
1.2777777777777777,2.0240636
1.591691995947315,1.837898
6.125,2.2835517
1.75,2.177528
1.9101123595505618,1.941052
2.0952380952380953,2.100272
1.5185185185185186,1.6006109
1.8789808917197452,1.8720515
1.2307692307692308,1.6156654
1.6984815618221258,1.8382564
1.4166666666666667,2.124459
1.8123342175066313,1.844638
2.3,2.206928
1.6304347826086956,2.202017
1.1578947368421053,2.0533814
1.885,1.8974133
1.719298245614035,2.1138768
2.3157894736842106,2.3994348
1.5358166189111748,1.8681656
1.5,1.7490084
4.7272727272727275,2.3578086
1.813973063973064,1.9040915
1.8358974358974358,1.8787429
1.7142857142857142,1.9907491
1.5850340136054422,1.8655225
1.3725490196078431,1.9444082
2.0,2.1804602
1.7673716012084593,1.9161482
0.7066666666666667,0.6895509
3.315068493150685,2.406412
1.846325167037862,1.8226078
1.588235294117647,2.228232
6.020833333333333,2.2855306
2.15625,2.2607
1.83203125,1.9497582
1.7076923076923076,1.8980058
1.1818181818181819,1.4935621
1.5416666666666667,1.8103669
2.3333333333333335,2.1957285
1.7142857142857142,2.2713253
3.0145985401459856,2.0069246
3.340659340659341,2.764754
1.6352201257861636,2.0239687
2.297029702970297,2.0160475
8.022727272727273,2.194468
2.0496688741721854,1.9504287
3.0677966101694913,2.1235144
2.046979865771812,1.9801162
1.5480769230769231,1.985952
1.8172043010752688,1.9516019
2.3315217391304346,2.0088725
1.5365853658536586,1.8227313
1.1,2.4146156
1.604887983706721,1.8396972
1.28125,1.6367949
2.7916666666666665,1.9982538
1.7324561403508771,1.8301249
2.4375,2.0876436
2.26,1.8741963
2.3366336633663365,2.1515546
2.973684210526316,2.0853136
1.805084745762712,1.8874149
6.133333333333334,2.564309
3.347417840375587,1.9287021
1.9574468085106382,1.6687847
2.06640625,1.93328
1.3513513513513513,2.2475646
1.8828451882845187,1.9054587
2.140625,1.856829
2.25,2.7015703
3.1363636363636362,2.023327
1.6428571428571428,1.9122716
1.3488372093023255,1.80654
1.7450271247739602,1.9395062
1.6245059288537549,1.8049257
1.7777777777777777,3.041376
2.056603773584906,2.0728467
3.0476190476190474,2.6957955
2.4893617021276597,1.9336321
1.675,2.4722333
1.7584269662921348,1.9309887
1.688279301745636,1.9969273
2.1791044776119404,1.9678898
1.8369565217391304,1.9827235
1.5,1.9739376
1.55,2.0881433
1.8814229249011858,1.888259
2.0404858299595143,1.9647928
1.7272727272727273,2.1957045
1.1944444444444444,1.7145354
1.3176470588235294,2.0059824
2.1499148211243613,1.8469942
1.36,1.992434
2.090909090909091,2.5917203
2.423076923076923,2.0897815
2.2058823529411766,2.5289562
1.3333333333333333,2.6050475
1.625,2.5740595
1.8611111111111112,2.0913336
1.3478260869565217,1.5391523
1.9217877094972067,1.8108298
2.6526410026857654,2.0844355
1.4378378378378378,1.822682
1.3,1.9006355
1.5,2.0232303
1.5177111716621254,1.933284
2.2065217391304346,2.141794
1.6229050279329609,1.8457314
5.090909090909091,3.3452423
2.8125,2.3914554
1.8562874251497006,1.9522195
1.0714285714285714,1.1099412
2.1493506493506493,1.8984083
1.6764705882352942,2.2849603
1.9666666666666666,2.090709
2.8666666666666667,2.5843067
4.9,2.2118847
2.5306122448979593,2.0308406
2.1746031746031744,2.1434665
2.0972222222222223,1.9495115
1.7872492836676217,1.8504177
2.0625,2.2347364
2.293591654247392,2.074974
1.169811320754717,2.1022813
1.7207207207207207,1.9966167
3.0233463035019454,1.9809288
1.4444444444444444,1.4770526
2.2222222222222223,2.0206196
2.2,1.4197588
7.333333333333333,3.542909
1.689265536723164,1.7337292
1.4210526315789473,2.0264382
2.260869565217391,1.9954989
2.5546218487394956,1.9470735
2.592233009708738,2.946686
2.2749003984063747,1.902516
1.852059925093633,1.9440321
1.9456521739130435,1.8746909
1.6273291925465838,1.8669442
3.25,1.9444393
1.891089108910891,2.1050253
0.3880597014925373,0.8338921
1.9013867488443759,1.8428533
1.1428571428571428,2.0902143
1.7148260211800304,1.8216753
2.3636363636363638,2.196331
2.011824324324324,2.0086524
1.9411764705882353,2.0577812
2.04,2.0211573
1.6666666666666667,2.061993
1.88135593220339,2.2805994
2.3333333333333335,2.6983974
1.3388429752066116,2.156435
3.27027027027027,2.6805716
1.7142857142857142,2.2347276
2.04,1.523037
1.894736842105263,2.2119246
1.5,2.5631297
1.676056338028169,1.9809777
2.6262295081967215,1.9908935
1.87,1.9619311
1.8990719257540603,1.9180827
2.7333333333333334,3.294439
1.7627118644067796,2.174584
1.3478260869565217,1.6003087
1.1333333333333333,2.0062127
1.7923920051579627,1.7998468
1.5,2.0982368
1.875,2.537378
4.7894736842105265,1.8838282
1.9751724137931035,1.9615937
1.9256198347107438,1.9584776
2.259168704156479,1.9582312
1.731237322515213,1.847649
1.8058252427184467,2.0166557
1.894736842105263,2.952679
1.8063829787234043,1.8770611
1.525,2.4888182
2.129032258064516,2.0124273
1.375,1.6999899
1.8668122270742358,1.8604885
1.6377551020408163,1.9759388
1.736842105263158,2.1436803
1.5,1.7140057
1.816793893129771,2.0524416
1.7567567567567568,1.9820471
2.0087591240875913,1.9547573
1.6938775510204083,2.0624635
2.546153846153846,2.025973
1.7531461761858664,1.8399295
1.5714285714285714,2.567421
2.0,2.052496
1.8377239199157007,1.9400727
1.6342281879194631,1.9105337
2.497872340425532,2.0036085
1.6326530612244898,1.8430114
2.0993377483443707,2.0023694
1.8235294117647058,2.2622736
3.6405228758169934,1.9307045
1.75,1.6063465
1.7032967032967032,1.7911459
2.4444444444444446,1.7560259
2.7355371900826446,2.1062322
1.6428571428571428,1.7520773
2.7209302325581395,2.0673916
2.35595567867036,2.1011062
3.230769230769231,2.749115
3.9318181818181817,2.0102293
1.5183823529411764,1.8963692
1.0714285714285714,1.4596989
1.275,2.0473106
2.0056338028169014,1.939891
1.6351791530944626,1.9649233
2.8095238095238093,2.071064
1.833969465648855,1.933676
1.8214285714285714,2.5906565
1.9534883720930232,2.014974
1.9971830985915493,1.8808802
1.8057553956834533,2.022311
1.6672645739910315,1.9149765
1.986842105263158,2.199879
1.05,1.9402363
1.74430823117338,1.8869625
1.8350515463917525,1.9108467
2.1012658227848102,2.015821
1.3076923076923077,2.480564
1.6352941176470588,1.9148289
1.8870636550308009,1.9017047
1.975,2.3127828
2.050251256281407,1.9207267
1.5232558139534884,1.9368432
1.25,1.6516768
1.5973871733966747,1.8220425
0.5393258426966292,2.1340566
2.1,2.1198523
1.3644859813084111,1.7032939
1.2801556420233462,1.9349184
1.9214285714285715,1.961249
1.6491228070175439,1.2007836
2.197860962566845,1.9641284
3.047169811320755,2.0320096
1.3235294117647058,1.8744227
2.1904761904761907,2.1637783
2.740740740740741,1.8060802
1.88,2.3467865
2.7142857142857144,2.8593605
2.243150684931507,1.9471976
2.076923076923077,1.962287
2.066666666666667,2.0620737
1.9572649572649572,2.0219293
1.4,1.7823169
1.7251908396946565,1.9502147
2.038240917782027,2.070285
3.3333333333333335,2.8682969
2.574468085106383,1.8559461
1.6669354838709678,1.8921769
2.0,2.7227669
3.076923076923077,1.9757451
1.7142857142857142,1.6187916
4.1395348837209305,2.6471853
1.8421052631578947,1.758034
2.1265126512651267,2.0105214
2.2244897959183674,2.1872337
4.679245283018868,2.1588116
1.7692307692307692,2.1305888
2.696969696969697,2.549151
3.040268456375839,1.9105111
2.1025641025641026,1.8531872
1.6574585635359116,1.9346914
2.25,2.5287883
1.6962025316455696,2.0142481
1.2857142857142858,1.5001593
3.18,2.0914054
1.5625,2.146949
4.9714285714285715,2.345107
1.8666666666666667,2.3036788
1.608695652173913,2.4558487
1.9432258064516128,1.9369465
1.5714285714285714,2.0720117
3.6153846153846154,2.4918258
2.727272727272727,2.41264
2.1176470588235294,2.0386822
4.375,1.6623002
2.5,2.2871675
2.331578947368421,1.9877295
1.8261648745519714,1.9834421
1.8324768756423433,1.8821633
1.6709539121114685,1.8124486
1.5,1.877764
2.158469945355191,2.008308
1.842512077294686,1.8608925
1.1904761904761905,1.5774289
1.8138138138138138,1.9243513
1.4339622641509433,1.9464267
1.598019801980198,1.8845772
1.9113247863247864,1.9337481
1.6066481994459834,1.9288158
2.020876826722338,2.022311
2.5418060200668897,2.0043683
1.7537993920972645,1.8982475
1.6786941580756014,1.8876405
1.8282967032967032,1.9487112
2.125,1.947152
1.9904942965779469,1.8343539
1.5459610027855153,1.8901092
1.608695652173913,1.8664836
1.2835051546391754,1.8737527
1.4031413612565444,1.8934765
1.83402489626556,1.9160938
1.3829787234042554,2.0199807
1.02,1.6575334
2.3163841807909606,1.9042134
1.816822429906542,1.8467934
1.9375,2.3826702
2.0555555555555554,2.0959334
1.8285714285714285,2.028748
2.163972286374134,1.924444
1.9081942336874052,1.9008611
1.8476821192052981,2.0397043
2.8461538461538463,2.5926723
1.5142857142857142,1.9740597
1.587905935050392,1.948489
3.760869565217391,2.2820163
1.4,1.4830327
2.4285714285714284,2.1397069
1.4923076923076923,1.932637
2.321285140562249,1.9970285
3.2238805970149254,1.8937633
1.9722222222222223,1.9221873
1.6224489795918366,2.1429894
4.05,1.9697615
1.924187725631769,1.9220035
2.108589951377634,1.8869625
1.625,1.6998582
1.6284987277353689,1.9316345
1.7142857142857142,2.2166178
2.1199421965317917,2.0854783
1.6470588235294117,2.1339169
2.5555555555555554,2.3879852
1.8387096774193548,1.9276022
2.1875,2.1393738
2.149295774647887,2.0080109
1.785772690106296,1.8894682
2.030534351145038,1.8931832
1.46875,2.1350107
2.4142194744976817,1.9579076
2.6481481481481484,2.4793754
2.2363636363636363,1.9544661
1.8235294117647058,2.168906
1.44,2.3867028
2.272727272727273,2.2451122
1.9268680445151034,1.9494679
1.606020942408377,1.988144
1.5211267605633803,1.7477102
0.6712328767123288,1.6554574
1.7450980392156863,1.9253483
2.0491803278688523,2.1702898
1.612590799031477,1.991077
1.1142857142857143,2.1287332
2.72,2.1146243
0.6907894736842105,2.0875497
3.3333333333333335,2.2164454
5.828571428571428,2.1961958
2.326530612244898,2.0974836
1.8842105263157896,1.9068046
1.6436781609195403,2.0167558
2.626598465473146,2.0065556
2.0384615384615383,1.9437636
1.484251968503937,1.8902248
5.619047619047619,1.659948
1.5,2.1164925
1.7222222222222223,2.0581896
2.6052631578947367,2.2463717
1.0,1.9028971
1.8503401360544218,1.9334146
1.686131386861314,1.898807
3.3636363636363638,2.3834152
1.625,2.6946096
1.9229651162790697,1.9519122
1.875,1.9707625
1.9741379310344827,1.8952115
4.5,2.772026
2.2641509433962264,1.8012892
2.5555555555555554,2.0906484
1.554054054054054,2.0386267
2.2,1.9520308
1.7941176470588236,2.0418181
1.2307692307692308,1.7390289
1.875,2.0460618
1.7238805970149254,1.876327
2.28,2.47797
1.9824561403508771,2.4438734
2.338709677419355,1.9468962
1.4285714285714286,1.6814554
2.1904761904761907,2.0576131
2.021439509954058,2.027966
1.8478260869565217,1.9665027
4.0,2.5374575
1.7385740402193783,1.953874
0.6774193548387096,1.4088085
1.7862068965517242,1.959071
1.425,2.2601817
2.543831168831169,2.1474311
2.689655172413793,2.3893526
1.4848484848484849,1.8881978
2.5217391304347827,2.669091
1.7054794520547945,1.8698928
1.8385093167701863,1.9997188
1.8747203579418346,2.0030146
2.0434782608695654,2.4975798
1.6803760282021152,1.8312541
1.9224137931034482,2.1232955
1.8042488619119879,1.828807
1.0,1.491886
1.0727272727272728,1.9533685
1.8095238095238095,1.9944317
1.5,1.3020357
2.25,2.0424557
2.466666666666667,2.4321027
1.9,1.991929
1.3829787234042554,1.8313495
1.9275362318840579,2.0226824
2.2413793103448274,2.3800228
1.640625,1.9148926
2.106936416184971,1.9456629
1.7904040404040404,1.8221588
3.6724137931034484,2.031846
1.6666666666666667,1.9087459
2.2222222222222223,2.6182039
2.2110091743119265,2.059465
1.9226305609284333,1.93328
1.9907407407407407,1.9309707
0.9454545454545454,1.9365588
2.2439024390243905,2.2780304
1.5830721003134796,1.9448894
1.8775510204081634,1.791196
2.209039548022599,1.9657836
3.918918918918919,2.439505
1.6943907156673115,1.9054196
0.8333333333333334,1.6635811
1.6923076923076923,1.9776685
1.5714285714285714,1.7437328
1.7638888888888888,1.898915
1.6906779661016949,1.975052
4.106060606060606,2.5314596
2.9166666666666665,2.199131
1.7173913043478262,2.0178857
2.3325242718446604,1.9692281
1.4814814814814814,1.922651
1.4,1.6593331
1.779541446208113,1.9462258
1.6923076923076923,2.0279057
1.6875,1.8869207
1.7450980392156863,1.8657976
1.7777777777777777,2.1506677
2.6893939393939394,1.9077151
1.74,1.9144746
4.137931034482759,2.8087761
1.907258064516129,1.8818122
1.5,1.4742345
3.5555555555555554,2.9339893
2.4166666666666665,2.4829342
2.935828877005348,1.974669
2.7948717948717947,2.3296065
1.9772727272727273,2.3149488
2.5119266055045872,2.0844355
2.3255813953488373,2.421616
1.75,1.8732011
1.1111111111111112,1.7931118
1.3,1.5377622
1.7333333333333334,1.9414958
2.5714285714285716,2.7254305
3.5454545454545454,2.9811683
1.7083333333333333,2.0027435
1.4324324324324325,1.8571327
1.3448275862068966,1.904786
1.2,1.81335
1.5808383233532934,1.9693774
1.4953271028037383,1.2973183
1.8533333333333333,1.9800236
1.8205128205128205,1.688879
1.7314814814814814,1.8973916
2.238095238095238,2.0721729
2.1052036199095023,2.025228
1.7142857142857142,2.5201883
1.6211699164345403,1.9611472
2.857142857142857,1.872485
1.5662100456621004,1.8848379
0.9473684210526315,1.9074572
1.8571428571428572,1.7545431
3.23728813559322,2.0726528
1.7882882882882882,1.9532542
1.3529411764705883,1.9707669
1.4285714285714286,2.6066663
1.9226519337016574,1.9715365
1.032520325203252,1.7278408
1.6619144602851323,1.8078289
1.6962025316455696,1.8691827
2.206896551724138,2.1299055
1.68,1.9642291
1.9130434782608696,2.7606978
1.7777777777777777,2.192679
2.032258064516129,1.9894395
2.803921568627451,2.1276207
1.6842105263157894,2.1738787
2.156289707750953,1.9892088
2.063509149623251,1.847649
2.09375,2.080263
2.1636363636363636,2.1958477
2.0337711069418387,1.9854391
1.486842105263158,2.0166292
1.0,1.7916684
2.129032258064516,2.1349847
2.0172413793103448,2.7257357
1.736842105263158,1.846026
2.3137254901960786,1.8728037
1.606060606060606,2.1275716
2.5848214285714284,1.8845645
1.8888888888888888,2.8852801
1.75,2.0794046
2.194871794871795,2.0111244
1.7054631828978621,1.9037223
1.5,1.6091901
2.0215827338129495,1.8684348
1.79714091218516,1.8236505
1.7992565055762082,1.9769658
2.1176470588235294,2.1323755
2.4130434782608696,2.0084689
2.5,1.8026581
3.5,2.1354146
3.4285714285714284,2.3337538
2.75,2.2587895
2.777173913043478,1.8602296
1.79902755267423,1.907362
1.5,1.6189017
1.8016877637130801,1.9523703
1.380952380952381,2.219306
2.1142857142857143,2.2239199
1.9,3.033185
3.0,2.1687376
1.8461538461538463,2.1108403
1.8181818181818181,1.318422
3.789473684210526,2.492979
1.7039106145251397,1.8506621
2.1,2.38831
1.6285714285714286,2.0642514
2.0,2.8360832
1.52,1.6848565
1.35,1.4555106
1.9572649572649572,1.8697467
1.6176470588235294,2.3001173
4.0,2.4409115
1.7317397078353254,1.9420522
2.0254901960784313,1.9536797
1.9423076923076923,2.0957866
1.7,2.368174
1.9036144578313252,2.1244626
2.0583941605839415,1.9291273
1.9872611464968153,2.0187104
5.944444444444445,2.2894044
1.8742138364779874,1.9452511
6.520833333333333,3.496285
1.7272727272727273,2.0302658
1.7714285714285714,1.9714016
1.9390243902439024,2.0387263
2.1481481481481484,2.5896235
1.956989247311828,2.0448782
2.576923076923077,2.3694787
1.6419213973799127,1.9458028
1.6115702479338843,2.0641754
1.45,2.3884902
1.7,2.109701
2.2661870503597124,1.9180986
1.5943396226415094,1.7124602
2.3493150684931505,1.9200604
1.4747474747474747,1.947805
1.7611940298507462,2.0621152
1.8386411889596603,1.8009341
2.9726027397260273,2.0192916
1.8105263157894738,2.137934
2.310344827586207,2.5560997
2.685121107266436,1.9507815
1.4,2.255475
2.30126582278481,1.9762697
2.216666666666667,1.9969254
1.656969696969697,1.8912117
2.7333333333333334,1.9265721
1.3548387096774193,1.8146912
1.2777777777777777,1.8934865
2.3737373737373737,2.1414704
1.6844783715012723,1.9561225
4.145669291338582,1.9126792
1.665938864628821,1.9054587
1.5054347826086956,1.8068591
1.0602409638554218,1.5685239
2.230769230769231,2.3132641
1.5178571428571428,1.7640635
2.1490963855421685,1.8523175
1.8823529411764706,2.0446064
7.375,2.2296824
2.4375,2.63167
2.7209302325581395,2.0712433
3.1333333333333333,2.798724
2.1826086956521737,2.465443
1.9893617021276595,1.8998746
3.1604938271604937,1.981116
1.4838709677419355,2.1191802
2.3404255319148937,2.3159559
1.375,1.644251
1.2692307692307692,1.5770096
2.019455252918288,1.9935932
1.5813953488372092,2.007097
1.8091397849462365,1.8862501
1.932905067808708,1.7913736
1.9056603773584906,2.0309746
1.7857142857142858,2.2674167
2.6161764705882353,1.9379988
2.4833333333333334,2.0328813
1.8823529411764706,2.2904434
1.8032407407407407,1.8434787
1.744186046511628,2.4186838
2.230769230769231,2.4450479
2.0,1.9309372
2.1988950276243093,2.0050724
1.7414104882459314,1.8794647
2.64,2.7495582
2.021505376344086,1.8726115
2.2857142857142856,2.0829334
3.0172413793103448,2.6797736
1.5142857142857142,2.1874156
1.875,2.1260326
1.148936170212766,2.209356
1.5986078886310904,1.9480147
1.7195121951219512,1.9102501
3.042105263157895,2.1222649
1.6525974025974026,1.9882338
2.055690072639225,1.9040958
1.9,1.9507605
3.0,2.1113284
1.7905604719764012,1.8617167
1.7142857142857142,2.5494528
1.6063829787234043,1.8952808
0.8387096774193549,1.3694931
2.066666666666667,2.4323626
3.3684210526315788,2.1692543
2.4444444444444446,2.8496845
1.6946564885496183,1.9594547
1.8620689655172413,3.0371156
1.7228195937873356,1.9316663
2.8628318584070795,1.932393
1.6153846153846154,1.8818924
2.5384615384615383,1.6565808
1.457142857142857,2.0871112
1.7642526964560863,1.808377
1.660633484162896,1.9837415
1.4098360655737705,1.6082166
1.302325581395349,1.6102954
1.2653061224489797,1.5734035
0.9523809523809523,2.148318
2.15,2.2355804
1.8243243243243243,2.0076966
2.857142857142857,1.7877525
2.0171428571428573,2.0088465
1.8206896551724139,1.9511168
1.7497962510187448,2.0105562
1.5714285714285714,2.0519965
1.6050069541029208,1.9778962
1.8709677419354838,1.8785282
0.9777777777777777,1.4690127
2.1875,2.64697
1.4583333333333333,1.710807
2.6666666666666665,2.4777255
1.8089887640449438,1.910442
1.4482758620689655,1.8605386
1.8461538461538463,1.9453409
2.0,2.4790533
1.9793388429752066,1.9525214
1.1147540983606556,1.8633394
1.6041666666666667,1.8767984
1.9321637426900584,1.9265273
1.6913385826771654,1.9149292
1.0769230769230769,1.7886833
1.4528301886792452,2.2497687
2.349544072948328,1.9076878
1.8303030303030303,1.8076315
1.7314049586776858,1.8399191
2.0555555555555554,1.2577789
2.2448036951501154,1.964415
2.1818181818181817,2.2102551
2.6538461538461537,1.527811
1.2941176470588236,1.489268
1.9896907216494846,1.9333193
1.95,1.6359795
1.4651162790697674,1.9475384
0.6101694915254238,1.0110734
1.7865853658536586,1.9141717
2.1746031746031744,1.9257331
2.6666666666666665,1.9085572
1.8586206896551725,1.9351035
1.7256637168141593,1.9720471
1.7121212121212122,2.2931967
2.4477611940298507,2.203482
2.675,2.190917
1.9411764705882353,2.2532787
5.619047619047619,2.120462
1.7459016393442623,2.050919
1.6875,2.1116862
2.8588957055214723,1.9613682
1.451219512195122,2.596192
0.4444444444444444,1.0528364
1.84,2.398756
1.5333333333333334,2.315747
1.2727272727272727,1.6306379
1.6162790697674418,2.0610335
2.3488372093023258,2.045603
1.0612244897959184,1.870781
2.1165644171779143,1.9259392
1.8832335329341316,1.9548997
1.8662280701754386,1.9054587
1.0677966101694916,1.6099097
1.695,1.9707625
1.9787234042553192,1.9136639
1.391304347826087,1.6362555
1.451219512195122,2.1420043
2.0821917808219177,2.0246093
1.912037037037037,2.018974
1.9195230998509687,1.9300178
1.2647058823529411,1.5121912
1.7727272727272727,1.9877548
3.230769230769231,3.6141417
2.1621621621621623,1.9991425
1.9390862944162437,1.9168997
1.9735632183908045,1.8518379
1.5,1.7764784
1.763779527559055,2.049216
1.4444444444444444,2.780053
1.6111111111111112,2.15959
2.3076923076923075,2.1811287
1.6953125,1.9777215
0.8717948717948718,1.2612629
1.7989690721649485,1.904127
1.6923076923076923,1.895596
1.7637362637362637,1.9104035
1.9615384615384615,1.9021649
2.9965397923875434,1.9429005
2.2803738317757007,1.9122391
2.4411764705882355,1.7106128
2.002577319587629,1.9123992
2.116279069767442,2.20902
1.5076923076923077,1.6685507
1.8333333333333333,1.8942955
2.0608974358974357,2.0402977
1.5897435897435896,2.089133
1.6153846153846154,1.978287
1.5580286168521462,1.908445
2.2941176470588234,2.5306044
1.6326530612244898,2.0491498
1.9519230769230769,1.6024535
2.0,2.4735107
2.0,1.6494982
4.69811320754717,2.2901092
2.6666666666666665,2.994528
1.8170731707317074,1.868865
2.21875,1.9301832
1.6111111111111112,2.1984248
0.8285714285714286,1.2965027
1.4,1.5996794
1.528301886792453,2.1217942
1.759493670886076,1.9864416
1.4675324675324675,1.8299738
1.4285714285714286,2.3399134
1.8376470588235294,1.8770611
2.0297029702970297,2.071028
1.7857142857142858,1.7739711
1.5039787798408488,1.8822066
1.608695652173913,1.5518565
1.7043478260869565,1.9151684
2.993377483443709,1.9025815
4.08,2.1408799
1.61139896373057,2.0062814
1.8888888888888888,2.1094892
2.078125,2.4204822
2.32,2.1278257
2.184,2.1034572
2.2954545454545454,2.1242359
2.4311926605504586,1.8676584
2.7142857142857144,1.900584
2.5013623978201633,1.9611472
1.7619047619047619,2.0129817
2.3592233009708736,2.0400445
1.769736842105263,1.8850036
1.7741935483870968,2.2890975
2.058432934926959,1.9708644
2.0,2.6734896
1.3888888888888888,1.9063591
1.9170454545454545,1.9425849
2.5161290322580645,1.9213034
2.0,2.8239095
2.230769230769231,2.180111
2.5301204819277108,2.8261876
3.769230769230769,2.3267891
3.046875,1.9966178
1.9090909090909092,2.550594
4.125,2.2733314
2.2222222222222223,2.0908892
1.2372881355932204,1.9370984
2.1126126126126126,1.9780219
1.5945945945945945,2.2247472
2.1650485436893203,2.1758316
2.2595419847328246,1.9485024
2.9034482758620688,1.8408529
3.25,2.293826
1.6798561151079137,1.9562737
1.3125,2.3178873
2.4523809523809526,1.9052691
1.52,1.8090587
1.6326530612244898,1.9443843
1.9230769230769231,2.4454246
2.3333333333333335,2.1660748
1.8823529411764706,2.0568671
1.7567567567567568,1.5186806
2.1059602649006623,1.9467105
3.0,2.2695572
1.7989690721649485,1.8431814
3.757575757575758,2.1713824
2.142857142857143,2.0407915
2.1129032258064515,1.8340187
1.389121338912134,1.9202474
1.7865853658536586,1.8690287
1.4050632911392404,2.1433473
1.5238095238095237,1.5944427
1.8623481781376519,1.9260337
2.8285714285714287,1.7395933
1.5384615384615385,2.4028537
1.625,2.2761862
3.8181818181818183,2.6804757
4.3427065026362035,2.0044842
2.2857142857142856,2.0634363
1.2456140350877194,1.5767444
9.666666666666666,2.5617945
1.6666666666666667,2.1366518
2.914285714285714,2.150701
1.8636363636363635,2.4151871
1.5,1.7753421
3.4339622641509435,1.9542925
4.0,2.7543151
1.2727272727272727,1.7665517
2.4951298701298703,2.070811
1.6571428571428573,2.177822
1.8571428571428572,1.966637
1.1408450704225352,2.0004838
1.75,2.1829455
1.9059405940594059,1.9397575
2.761904761904762,1.9511952
1.8651574803149606,1.8906064
1.5769230769230769,1.7288393
3.7333333333333334,3.012214
2.1538461538461537,2.0879002
1.6,1.9393009
3.7777777777777777,2.6528208
4.2,2.778403
1.8508771929824561,1.9125836
2.7142857142857144,2.106759
1.5934065934065933,2.02011
1.75,1.7577375
3.8461538461538463,2.3805718
1.913907284768212,1.8870409
1.875,2.466749
3.909090909090909,2.093602
1.9301587301587302,1.9507121
1.6756756756756757,1.7432622
1.880184331797235,1.9265829
2.16,1.7236784
1.8596491228070176,1.977723
1.5,1.7567227
2.3203125,1.9616257
1.7149666348903718,1.8094167
3.5789473684210527,2.2257454
1.6470588235294117,2.2238166
1.8012048192771084,1.9613682
0.8823529411764706,2.112182
1.9661835748792271,1.8921881
1.899070385126162,2.0699952
1.5789473684210527,2.171151
1.5706806282722514,1.8529211
1.25,1.666659
2.3877551020408165,2.0699868
1.7142857142857142,2.8565645
2.6601941747572817,2.9500434
0.8723404255319149,1.3069572
2.0,1.7402978
2.2264150943396226,1.3568139
1.7445378151260504,1.9321634
1.6,1.9352909
1.8181818181818181,2.1866186
1.6158113730929264,1.9727907
4.573333333333333,2.6889014
1.745798319327731,1.9471078
2.0955631399317407,1.9203756
2.148936170212766,2.1048887
1.4475138121546962,1.7712971
4.493670886075949,1.7690005
1.7083333333333333,2.4384687
2.75,2.0824592
0.6756756756756757,1.7181692
2.436482084690554,1.988056
2.391304347826087,2.136803
3.909090909090909,2.4038541
4.153526970954357,1.9602544
2.1314285714285712,1.9581916
1.8362573099415205,1.8821393
1.096,2.0287015
1.9666666666666666,2.0952308
1.1290322580645162,1.4283903
1.790794979079498,1.9531918
3.7567567567567566,2.0706275
1.676923076923077,1.9762043
2.125,1.6841489
2.032183908045977,1.980049
3.089605734767025,2.0892825
4.36,2.1683395
1.9026104417670682,1.9710661
1.2222222222222223,1.4615465
1.9620253164556962,2.0744584
2.1583476764199654,1.9505799
2.8823529411764706,2.6123612
1.5760135135135136,1.8659713
1.1111111111111112,1.7812468
2.6333333333333333,2.8956637
1.4,2.4804049
1.6875,2.0677426
2.75,2.3244884
1.572072072072072,1.8889174
1.731958762886598,2.0885794
1.75,1.7405541
2.347826086956522,2.0514815
1.9058823529411764,1.8729365
2.710280373831776,1.9303292
1.5128205128205128,1.950581
2.8421052631578947,2.07914
2.1666666666666665,3.056183
2.21656050955414,1.9774586
1.591647331786543,1.825221
1.6346153846153846,1.8508968
1.5909732016925247,1.8260553
1.9065934065934067,1.9335167
1.622754491017964,1.8296117
1.7968253968253969,2.0138588
1.923925027563396,1.9437902
1.894736842105263,2.0471225
2.4057971014492754,2.268236
2.0393541876892027,1.9400727
1.5257731958762886,2.1378355
1.3522727272727273,1.7370579
1.8688212927756653,1.9482665
1.7,1.9648374
1.6984126984126984,2.3126633
2.2222222222222223,2.3400686
2.7142857142857144,1.9658536
3.327956989247312,2.014427
1.7979094076655053,1.9832433
2.076923076923077,1.9817185
2.5563114134542704,2.09221
1.4351145038167938,1.920895
1.96,2.4037497
2.290909090909091,2.2242382
2.245222929936306,1.8785207
2.196969696969697,1.9502147
6.827586206896552,3.3015368
3.96,2.4184213
1.48,1.5666093
1.55,2.4531581
3.0,2.5693512
0.9473684210526315,1.8109089
1.2272727272727273,2.1188045
2.145578231292517,1.8579963
2.168831168831169,1.6980025
1.870503597122302,1.8980843
2.466666666666667,1.9497718
1.5333333333333334,2.3359227
1.7777777777777777,2.1288414
2.0833333333333335,2.6229756
2.196703296703297,1.9874606
2.0719424460431655,1.8361524
2.043956043956044,1.864172
6.761904761904762,3.2102292
2.2065217391304346,2.032595
2.0434782608695654,2.453434
1.4773869346733668,1.880217
1.5320665083135392,1.83701
1.0444444444444445,1.832175
2.15625,1.9716064
2.526315789473684,2.0071523
1.7684729064039408,1.9474448
1.2972972972972974,1.8812548
1.9373219373219372,1.90744
1.65,2.2551126
1.7888040712468194,1.9871044
1.0625,1.6912507
1.90625,1.8952457
1.1612903225806452,1.6034759
1.35,1.8718319
1.821917808219178,2.1460238
2.5,2.3614337
1.6363636363636365,2.0398953
1.8333333333333333,1.733816
1.7272727272727273,2.6023414
1.2291666666666667,1.6767004
2.730769230769231,2.045098
2.0,2.0489752
1.7659574468085106,1.9839642
2.8771929824561404,2.5456114
3.0833333333333335,2.445021
1.1428571428571428,1.6337494
2.0428571428571427,2.0036912
1.458204334365325,1.8244668
1.15,1.5118406
2.198529411764706,1.9378061
1.4621848739495797,1.9281654
5.461538461538462,2.8689685
1.6153846153846154,2.1888628
1.6470588235294117,2.5436273
2.4516129032258065,2.4316268
1.6805555555555556,2.0346844
1.908682634730539,1.9405941
1.8698412698412699,1.8992404
1.8854625550660793,1.9956247
2.342948717948718,1.9200604
1.8333333333333333,2.4185777
2.466666666666667,2.318414
2.1207177814029365,1.9566405
1.84,2.2738903
1.2954545454545454,1.9410048
1.82,2.17005
1.7727272727272727,2.0531812
1.964080459770115,1.8234437
2.2857142857142856,2.317537
1.5769230769230769,1.447221
5.833333333333333,2.2280896
4.3076923076923075,2.4673438
2.25,2.2767441
3.0,2.7197967
1.8256880733944953,1.9414809
1.896103896103896,2.5335782
1.8369098712446352,1.9719564
2.364,1.853624
1.5555555555555556,1.6601892
1.8823529411764706,2.6381512
1.1224489795918366,1.9101669
1.3529411764705883,1.4260141
1.6521739130434783,2.0170667
1.6074766355140186,2.0253532
2.104895104895105,1.8568717
3.0,2.14908
1.6386946386946386,1.908366
2.6129032258064515,1.7378597
1.76,2.1792762
1.2333333333333334,2.0319731
1.888689407540395,1.9718739
3.1176470588235294,2.268878
1.263157894736842,2.6704192
2.0,1.8664339
1.1081081081081081,1.8867395
2.6666666666666665,2.183741
2.0919117647058822,1.9612787
3.55,2.2371216
1.4262295081967213,1.9433405
2.2777777777777777,2.4513524
1.2424242424242424,2.0903769
2.88,2.0060704
1.56,2.3654287
1.6558363417569193,1.9415554
2.132330827067669,1.9365569
1.3875,2.093501
2.1796992481203006,1.9523996
1.7954545454545454,2.1103468
2.0,3.4996128
2.588235294117647,2.9993753
2.6206896551724137,2.556104
6.2727272727272725,2.628745
2.091743119266055,1.9439195
2.4766355140186915,1.9314083
2.2058823529411766,2.0568051
2.0,2.364961
1.9,2.1123865
1.4615384615384615,1.9874254
1.9213483146067416,1.7584941
2.226072607260726,1.9885933
2.33502538071066,1.932812
1.9777777777777779,1.925564
2.25,1.5861763
1.6699029126213591,2.0000875
1.64,2.1522105
1.711340206185567,2.0377486
1.6802575107296138,1.9083482
2.5238095238095237,2.6271975
4.0,2.4723475
1.48,1.4872495
3.0,2.4316237
1.9909638554216869,1.8900131
2.19672131147541,2.0033264
1.2727272727272727,1.978403
3.8260869565217392,2.1479034
3.5757575757575757,2.0020096
7.875,2.2798142
2.6842105263157894,3.180547
1.7857142857142858,1.8846939
2.0588235294117645,1.9797692
1.6214285714285714,1.9415812
1.2881355932203389,1.5619446
2.165509259259259,1.8497564
3.8,1.6483172
1.7027027027027026,1.6819417
2.1614906832298137,1.9009186
1.5217391304347827,1.6183131
2.2962962962962963,2.3791487
1.8469135802469137,1.9166985
1.8888888888888888,2.7464833
2.013986013986014,1.9675386
3.7586206896551726,1.9591662
2.6842105263157894,1.4912221
1.8181818181818181,2.1509585
1.7871148459383754,1.9343874
1.4146341463414633,1.7926528
1.906810035842294,2.0081294
2.4552845528455283,2.074068
1.5042735042735043,1.8890221
2.7972350230414746,1.9829402
2.3529411764705883,2.0830026
1.5142857142857142,1.9982649
1.8295218295218296,2.0254643
1.9754299754299753,1.9372423
2.2569169960474307,1.9567027
2.5675675675675675,2.4426725
2.054054054054054,2.5108647
2.7857142857142856,2.1574461
2.641025641025641,2.1357565
1.7324749642346209,2.013187
2.4615384615384617,1.7570442
2.077821011673152,1.9077247
1.7611940298507462,2.1732953
2.838235294117647,1.9691964
1.6664249456127629,1.8821206
1.9055555555555554,1.9903976
2.5454545454545454,2.7076638
2.122448979591837,1.9703134
1.2105263157894737,1.7806858
1.4,2.2605035
1.4594594594594594,1.8925714
2.0,1.9717251
1.8836789900811541,1.926481
4.571428571428571,1.7890736
1.9776,2.0016322
1.2452830188679245,2.130006
1.4285714285714286,2.4224608
1.9130434782608696,1.8987476
1.8972431077694236,1.9187542
2.125,2.472441
1.7142857142857142,2.1103656
1.588235294117647,1.964906
1.3695652173913044,1.8364791
2.1576576576576576,1.9927061
1.684782608695652,1.7829005
3.163265306122449,2.2066543
2.7159763313609466,1.9169301
1.8839285714285714,1.9988648
2.060702875399361,1.8642427
1.4285714285714286,1.9434621
2.607843137254902,2.1857312
4.176470588235294,2.2493052
2.12,2.1406417
1.8048780487804879,1.9618447
2.5754189944134076,2.3400488
2.1401869158878504,2.0097432
1.625,1.837485
1.8846153846153846,1.9031695
2.0,2.207637
1.810077519379845,1.9280226
2.0,2.349824
1.8797909407665505,1.9314132
1.9508525576730191,1.9198227
1.3333333333333333,2.0463026
2.210526315789474,2.439583
2.0731319554848966,2.0282812
1.5,2.0577292
2.7027027027027026,2.7399468
1.8841743119266054,1.9266051
1.6666666666666667,1.9673483
2.1538461538461537,2.0111644
1.867313915857605,1.9108565
1.9033942558746737,1.8679215
1.8333333333333333,1.807243
1.3380281690140845,2.1396236
4.181818181818182,2.791115
1.5151515151515151,1.9187298
1.7435374149659864,1.8627512
1.9407744874715263,1.9285126
1.3636363636363635,1.7788614
1.5903614457831325,1.9304278
7.842105263157895,3.7350502
2.1176470588235294,2.0678406
1.4351851851851851,1.9062473
2.22972972972973,2.4011943
1.9381720430107527,1.9643528
6.0,2.5782917
2.05,2.3839142
1.5931232091690544,1.8706626
1.8394088669950739,1.901595
2.3783783783783785,2.1731384
1.3823529411764706,2.000017
1.5842696629213484,1.8467934
2.0,2.3089318
1.4019607843137254,2.0145934
1.9298486932599725,1.9449315
1.3529411764705883,1.556812
1.7684478371501273,2.0340474
1.6428571428571428,2.0252874
2.5,2.835202
1.7142857142857142,1.6430908
2.107142857142857,2.1450367
1.72,2.4096286
1.6071428571428572,1.918017
1.8591549295774648,2.0204167
1.2727272727272727,2.0037744
1.125,1.3520592
1.7294685990338163,1.9178759
1.5078740157480315,1.905734
2.032835820895522,1.9634776
2.7037037037037037,1.705701
2.2948717948717947,1.6211411
2.125,2.0247977
2.0568181818181817,1.9327703
2.5,1.7791132
1.875,2.4292908
1.8846153846153846,2.1791565
1.6176470588235294,1.9278206
1.659694288012872,2.0195334
1.3461538461538463,2.390011
2.1379310344827585,2.104
1.3333333333333333,2.2769718
1.5,1.8425651
1.5714285714285714,2.3230495
1.743455497382199,1.8342566
2.6808510638297873,1.9682513
2.0,1.9301564
1.7972972972972974,2.0202339
1.7857142857142858,1.9898738
2.4726775956284155,1.962887
1.3448275862068966,1.8418082
3.5,2.9142332
1.5785627283800243,1.8456099
2.395348837209302,2.0137472
1.1842105263157894,1.5172112
2.2033898305084745,1.9773161
1.734920634920635,1.8833883
2.0522388059701493,1.9000618
3.789473684210526,3.0033383
2.25,2.462978
3.4545454545454546,2.8323119
1.5405405405405406,2.110539
2.143835616438356,1.9587508
1.787313432835821,1.8686163
1.5476190476190477,1.7834287
1.4782608695652173,1.6945202
2.3333333333333335,2.7635942
1.7659574468085106,1.8988073
2.4193548387096775,2.5917492
2.0320987654320986,1.8989598
2.046875,1.9242305
2.027027027027027,1.986615
1.4166666666666667,2.4984174
1.1403508771929824,1.9539051
1.3636363636363635,1.6397427
2.130434782608696,1.983476
2.6315789473684212,2.1211662
1.4293193717277486,1.9045594
1.6647727272727273,1.8322845
0.5915492957746479,0.9814846
1.9116331096196868,1.9198227
1.8172588832487309,1.9186424
1.7344428364688858,1.7911772
1.7777777777777777,2.2229998
1.169811320754717,1.3156945
1.5402298850574712,1.9843613
2.4196787148594376,1.9503618
1.967581047381546,1.9660848
1.635135135135135,1.9489521
2.6897959183673468,1.9678516
1.7037037037037037,2.1687026
1.732394366197183,2.3567038
1.4,1.9217746
3.6666666666666665,2.0370762
1.7222222222222223,2.1072974
2.176470588235294,2.7202005
1.75,2.0512471
1.840255591054313,1.8946453
1.955223880597015,2.070585
1.9230769230769231,2.269185
1.2173913043478262,1.6140898
5.222222222222222,2.4532752
2.0201612903225805,1.8791986
1.434782608695652,1.7552994
1.804459691252144,2.0186837
1.5714285714285714,2.0997279
2.1176470588235294,2.0242567
1.9533678756476685,1.8435701
1.6923076923076923,2.2189734
1.8725,1.9829402
1.7941176470588236,2.0593436
2.4529540481400436,1.964415
2.4788732394366195,1.8563752
2.191666666666667,2.1030939
3.433333333333333,2.13971
1.5945945945945945,2.0555828
1.8333333333333333,2.144256
1.875,2.0837996
2.8552631578947367,2.127997
2.1372549019607843,1.9687804
1.03125,1.3319799
2.7857142857142856,2.3262818
3.235294117647059,2.036895
1.9491525423728813,1.8717526
2.0591397849462365,1.9138958
1.7857142857142858,2.3638153
3.8333333333333335,2.347564
2.0,2.1450853
1.9462599854756717,1.822119
1.5789473684210527,1.9885273
1.832271762208068,2.0089722
1.84472049689441,1.931741
7.894736842105263,2.2816803
5.636363636363637,2.1972778
2.105691056910569,2.073133
1.8823529411764706,2.09666
1.575,2.2317002
1.9411764705882353,2.191946
1.1375,1.5227362
1.46448087431694,1.9042134
2.4150943396226414,1.7603685
0.8571428571428571,1.6933663
1.2580645161290323,1.7885554
1.6514285714285715,1.9315566
2.0267965895249693,2.0354977
2.037769784172662,1.9934552
1.6538461538461537,1.7981144
1.2345679012345678,2.0374725
1.7602523659305993,1.9542918
6.095238095238095,2.7297506
1.6911764705882353,1.8917011
1.990566037735849,1.8864758
2.4903920061491163,2.1130855
1.5,1.4938226
1.6347941567065074,1.9739043
2.869346733668342,1.9080426
2.214723926380368,1.9294956
1.853582554517134,1.9412776
1.6408977556109725,1.8297255
4.363636363636363,2.0499392
1.9523809523809523,2.125753
7.181818181818182,2.2602844
1.4791086350974931,1.8169786
1.0869565217391304,1.7260416
2.224852071005917,1.9909903
3.5161290322580645,2.4615576
2.536842105263158,2.283642
1.5617529880478087,1.8283744
2.6301369863013697,2.2987893
0.9433962264150944,1.6268822
1.5319148936170213,2.0580075
2.5843373493975905,1.9819263
2.066666666666667,2.611243
3.3,1.9809722
3.7662337662337664,2.653238
1.912280701754386,1.6606402
1.9361702127659575,1.9637941
1.90625,1.8992114
2.15625,2.2542994
1.6964285714285714,2.2617395
1.5947955390334572,1.9076923
1.2765957446808511,1.4260553
1.5794392523364487,1.8914584
3.949367088607595,2.0944853
1.7941176470588236,2.2277586
4.818181818181818,2.517568
1.2191780821917808,2.0604362
2.2125,1.922874
1.9910714285714286,1.9539497
2.0913461538461537,1.8993409
2.676470588235294,2.1530466
1.8843648208469055,1.9478464
2.3649635036496353,1.9081061
3.0869565217391304,1.8000821
2.0,2.0057297
1.2692307692307692,1.7192714
1.6119402985074627,1.9800647
2.514925373134328,1.925484
1.8031045751633987,1.8081592
1.4193548387096775,1.7559178
1.855388813096862,1.918016
1.7837837837837838,2.2131917
2.0656660412757972,1.9372385
1.0740740740740742,1.3745975
1.4193548387096775,2.4512246
1.7363636363636363,1.906943
1.2903225806451613,1.6301451
1.794478527607362,1.8349063
2.0,2.0219414
1.9946666666666666,1.90482
1.7675350701402806,2.0656776
1.7560975609756098,2.0172296
1.7009132420091324,2.0081055
1.3,1.550277
1.565217391304348,1.8048316
1.1153846153846154,2.0639749
1.6255230125523012,2.0059893
1.8513513513513513,1.8835827
1.56,2.4985392
1.843450479233227,1.906921
1.962432915921288,1.872719
2.5454545454545454,2.6340518
2.9545454545454546,2.9998498
1.12,1.5007968
1.6111111111111112,2.0764766
2.5826771653543306,2.0088909
1.5416666666666667,1.6920954
2.0,2.1229393
1.6155285313376988,1.8796045
2.5411255411255413,1.8898222
1.96,1.9195682
2.8588235294117648,2.2133737
2.2222222222222223,2.8816898
1.2432432432432432,1.8250238
1.7046979865771812,1.9761425
1.1272727272727272,1.1545006
1.7659574468085106,2.102148
1.2272727272727273,1.4890044
1.9032017870439315,1.9262841
4.166666666666667,1.7637628
2.123809523809524,1.9555475
1.6181818181818182,1.8249192
1.8333333333333333,2.3654163
1.4054054054054055,1.868768
2.076595744680851,2.002675
0.8397534668721109,1.8815669
1.2222222222222223,1.9934022
1.8035714285714286,2.1164875
2.143884892086331,1.8542053
2.5294117647058822,2.1258664
4.969230769230769,2.3215675
1.396551724137931,1.7621211
2.1526479750778815,1.9838223
1.800796812749004,1.9505311
2.0,2.598667
1.5217391304347827,1.8722178
1.1666666666666667,1.3716019
1.8333333333333333,1.7081463
3.111111111111111,2.132235
3.1578947368421053,2.0739527
1.4,2.5086043
1.6304347826086956,2.084908
1.9166666666666667,1.7185779
1.5,2.3551424
1.9047619047619047,2.0155916
1.957471264367816,1.9345948
1.9090909090909092,2.025846
1.7531760435571688,1.8821393
2.1739130434782608,2.050567
1.8968253968253967,2.0738885
1.9130434782608696,1.8001415
1.346938775510204,1.6976942
1.803448275862069,1.9542485
1.6666666666666667,2.031009
1.625531914893617,1.908366
2.190954773869347,1.8787429
2.690909090909091,1.9633739
2.111111111111111,2.1558
3.390909090909091,2.6805716
2.054054054054054,1.9711609
1.5675675675675675,1.9192014
1.2,1.4289852
9.831325301204819,2.4003186
1.5420560747663552,1.8922855
0.9411764705882353,1.7062756
2.7259036144578315,2.0080109
1.5454545454545454,1.5181116
1.8406593406593406,1.9954422
1.878787878787879,1.6647779
2.0833333333333335,2.6383817
1.5918367346938775,2.0252688
2.143769968051118,1.9527537
1.8548387096774193,2.1307638
1.84375,2.4641743
1.7142857142857142,1.9451789
3.8666666666666667,2.2385516
1.8823529411764706,2.3303277
2.6865671641791047,2.3109713
1.8602150537634408,1.9440321
1.9850746268656716,2.1406648
2.0,2.4919586
1.6334661354581674,1.9503909
1.8297872340425532,2.0428746
2.4642857142857144,1.9619535
1.9772151898734178,2.0556083
2.3869565217391306,2.01116
1.7142857142857142,2.3975282
2.0483870967741935,1.9828357
1.5789473684210527,2.5564704
0.9032258064516129,1.4952428
1.68,2.1866317
1.911764705882353,1.8623255
2.1691176470588234,2.0041232
1.6611195158850227,1.9663846
3.2666666666666666,2.1723077
1.0555555555555556,1.4287021
1.7,1.8840932
1.9777777777777779,2.2039816
2.5,1.7541462
1.1282051282051282,1.3122535
1.59375,1.6700854
1.1,2.1213307
1.3074712643678161,1.8613287
1.8,2.5958185
7.05,2.395438
2.4887640449438204,1.8795104
2.3333333333333335,2.3472424
1.4210526315789473,1.797638
4.567415730337078,1.9283997
1.7857142857142858,2.5227942
1.8450704225352113,1.9899322
1.6296296296296295,1.7595315
1.794871794871795,1.9127533
1.6341463414634145,2.1092389
1.5714285714285714,2.3742073
2.1518324607329844,1.9377298
2.2222222222222223,1.7261987
2.042981867024849,1.842193
2.8,2.9303467
2.138888888888889,2.617171
1.2666666666666666,1.7251042
2.05,2.3965461
1.6875,2.0930514
1.3396226415094339,1.830606
1.5934959349593496,1.9689524
1.90951821386604,2.027186
2.159090909090909,1.9906213
1.945273631840796,1.8791353
1.4492753623188406,1.6422435
1.826086956521739,2.318896
2.0484848484848484,1.9382236
1.5,2.9245765
1.2413793103448276,2.3202055
1.901639344262295,1.7953091
2.225806451612903,1.6924673
1.0,1.6695575
1.0185185185185186,1.6353333
1.6956521739130435,1.7720249
2.2609673790776155,2.0222485
2.4,2.099156
2.25,1.8772242
1.894736842105263,2.251933
1.0,1.8966199
1.7142857142857142,2.1254635
1.2307692307692308,1.3730065
1.625,1.4765826
1.7924528301886793,2.3040516
2.330508474576271,2.085748
1.8180592991913747,1.9745108
2.3255813953488373,1.8847269
1.6324324324324324,1.9055722
1.745958429561201,1.9267249
1.6363636363636365,1.9316345
1.6744186046511629,1.8533467
1.0,1.5396212
2.1818181818181817,2.7331748
2.671641791044776,2.3180702
1.0384615384615385,1.8863206
1.801010101010101,2.0242164
1.5384615384615385,2.2431817
1.7619047619047619,2.1255965
2.1363636363636362,2.7401242
1.4423076923076923,1.9942818
0.9032258064516129,1.6224742
1.5888030888030888,1.9077247
2.245614035087719,1.9324089
1.5,1.9286283
1.5510204081632653,1.9739146
3.259259259259259,2.2205148
1.7857142857142858,2.0012531
3.263157894736842,2.6661062
1.8148148148148149,1.9580505
1.9197530864197532,1.809567
6.1,2.6792228
1.651376146788991,1.8046604
1.5625,2.129682
2.6538461538461537,2.0510943
1.7744075829383885,2.0789506
1.875,2.9976037
1.4916666666666667,2.085909
1.8697394789579158,1.933758
2.836734693877551,2.273655
1.3153153153153154,2.0772688
1.8157894736842106,2.1357875
2.5,2.5130415
2.5421686746987953,2.4187078
3.073170731707317,1.7144792
2.238578680203046,1.9421399
1.36,1.5753433
1.8822567457072772,1.8168372
1.9742388758782201,1.9265511
1.595505617977528,1.7977109
2.7572254335260116,1.9988887
4.076923076923077,3.5840235
1.7861736334405145,2.001112
1.7192118226600985,2.0070176
1.9005847953216375,2.028881
1.609271523178808,2.0212321
2.1403508771929824,2.3752718
1.3125,1.7283566
1.8461538461538463,2.12058
3.491228070175439,2.4697158
1.9615384615384615,1.8904946
2.0386869871043376,1.9515246
2.0,1.878943
1.9285714285714286,1.438416
2.0,2.1304035
2.576329331046312,1.9822222
1.0,2.4048228
2.1325301204819276,1.7615613
1.588235294117647,2.2980669
1.935483870967742,1.7260934
2.3,2.2628927
1.75,2.0859382
1.9615384615384615,2.0179317
1.6887755102040816,1.857404
1.7094972067039107,1.9387076
1.728301886792453,1.9442667
1.9166666666666667,2.1291332
1.8181818181818181,2.0035732
1.8,2.368734
1.6171875,2.0217388
2.0470588235294116,1.9783331
1.6470588235294117,2.1473958
2.8,1.9512128
1.63,1.8904835
4.125,2.008384
1.8666666666666667,1.674261
3.8333333333333335,2.8189068
1.3,2.2367418
2.5625,2.2423863
1.0555555555555556,2.135813
1.0833333333333333,1.9623222
1.7758913412563668,1.9462452
1.6440677966101696,2.0344224
1.847457627118644,2.0595937
2.309090909090909,1.9395062
2.0642570281124497,1.9179783
1.2413793103448276,1.993829
1.815135135135135,1.8603324
1.3571428571428572,1.5218966
1.8239895697522817,1.943611
2.076923076923077,3.1694987
3.9583333333333335,2.78229
2.1666666666666665,2.8524642
1.6875,2.2007835
1.4714285714285715,2.2094114
1.5,1.9065778
1.6171428571428572,1.9561516
2.4149214659685865,1.8988088
1.7388825541619157,1.9265273
1.1904761904761905,1.3688315
1.8571428571428572,2.232367
1.6994535519125684,1.9792677
1.6842105263157894,2.1091082
2.12,2.0143807
1.5555555555555556,2.688667
2.4615384615384617,2.5697978
4.0588235294117645,2.256666
2.060882800608828,1.9641509
1.9574468085106382,1.9146059
1.8926470588235293,2.0978796
1.7209944751381216,1.9394912
3.0,2.6087239
1.8144329896907216,1.897861
1.9482758620689655,1.914758
1.9166666666666667,2.1110322
2.262135922330097,2.0779934
2.375,2.0937185
2.07667731629393,1.9240128
2.2857142857142856,2.5513797
2.0476190476190474,2.1316404
1.5350877192982457,1.9911625
1.8974358974358974,2.2321458
2.0,1.9324547
1.6206896551724137,2.5007145
1.6363636363636365,1.7178985
2.4827586206896552,2.0565443
1.7738095238095237,1.830809
2.0625,2.9609747
1.9333333333333333,1.7926058
0.5846153846153846,1.7622926
1.2571428571428571,2.0087895
2.8813559322033897,2.1112013
1.2727272727272727,1.9535507
2.8055555555555554,2.08626
1.625,2.1799426
1.0555555555555556,1.4871557
1.466867469879518,1.8875549
1.8421052631578947,1.3650957
1.5,2.0717764
1.4838709677419355,1.9556506
2.4285714285714284,2.0662236
0.875,1.59806
1.5714285714285714,2.670233
1.8766066838046271,1.9138958
1.839378238341969,2.029686
1.8313253012048192,2.193009
2.7586206896551726,2.54037
0.9294117647058824,1.2138729
1.947065592635213,1.9457195
2.0977011494252875,1.9252044
1.4690265486725664,2.03275
2.0,2.8927302
1.1515151515151516,1.531543
2.4809782608695654,1.9770999
1.9557823129251701,1.8856521
2.875,2.1244192
2.349814585908529,2.0092285
2.109704641350211,1.9625136
1.4761904761904763,1.6299145
1.630718954248366,1.8497409
2.355088495575221,2.0215926
1.5157894736842106,1.8849139
1.6551724137931034,1.582923
2.82,1.9928405
1.605263157894737,1.9786931
1.8805970149253732,2.1616037
1.8705882352941177,2.0319152
1.880108991825613,2.0688221
1.540983606557377,1.8758053
1.7782076079948421,1.8035147
1.8461538461538463,2.233734
2.1789473684210527,2.0824394
1.741444866920152,2.0281384
1.6346863468634687,1.8602332
1.5625,1.9859444
1.471698113207547,1.9648508
1.7131147540983607,1.8818122
2.138888888888889,2.177681
2.0,1.9880507
1.8372093023255813,2.0350325
1.696078431372549,1.9025358
1.7142857142857142,2.170377
2.263440860215054,1.932812
2.65,2.6702914
1.2142857142857142,2.1362824
2.028985507246377,2.3317144
3.0,2.068304
1.1304347826086956,1.7924592
1.5454545454545454,1.9705076
2.4691358024691357,2.2619274
1.818452380952381,1.979963
2.411764705882353,2.679694
1.737327188940092,1.8783449
1.7052631578947368,1.886181
1.434782608695652,1.5714477
1.4777777777777779,1.7771047
1.9649122807017543,2.01829
2.2142857142857144,2.3427262
1.7349397590361446,2.2579978
2.049382716049383,1.9465705
3.0,1.8202494
3.1052631578947367,2.201003
1.6721991701244814,1.891444
2.090909090909091,1.981705
1.6923076923076923,2.2018619
0.9302325581395349,1.7428508
2.077777777777778,1.9706413
1.575,1.9599001
1.6929072486360093,1.7759506
1.9717514124293785,2.023765
2.210526315789474,2.1730328
1.6862745098039216,2.081838
1.6875,2.2527175
2.588235294117647,1.9651544
2.5384615384615383,2.315334
2.51935914552737,2.0325096
1.8701482004234298,1.8184674
2.3548387096774195,1.9867575
2.442622950819672,2.1560836
1.6337662337662338,1.925867
1.4588235294117646,1.9115572
1.8484848484848484,1.3576016
1.5104166666666667,1.9236724
1.894736842105263,2.119615
2.4166666666666665,2.5123417
2.057142857142857,2.0301025
1.7142857142857142,2.0744708
2.2436868686868685,1.999818
1.7058823529411764,2.5366597
2.0952380952380953,2.6225028
2.136986301369863,2.09721
2.1643700787401574,2.0327241
1.55,2.0694656
2.8461538461538463,2.6775694
1.8186046511627907,1.920721
3.5,2.1800432
2.588235294117647,2.846746
1.4705882352941178,1.9866178
2.0,1.9910833
1.6,1.9747277
1.0769230769230769,1.5408125
1.2244897959183674,1.4056091
1.7958333333333334,2.016924
2.383720930232558,1.9621298
5.161290322580645,1.8404441
1.9259259259259258,2.0994415
3.01909307875895,1.9344189
1.911764705882353,2.355208
2.75,2.115923
1.5170454545454546,1.8372941
2.0526315789473686,2.535487
1.5015290519877675,1.8243126
1.5192307692307692,1.837255
1.7770382695507487,1.8869625
1.4428571428571428,2.3735802
1.4688995215311005,1.8642844
1.7527472527472527,1.8329941
3.0,2.8538115
1.7093023255813953,1.9866492
1.6440677966101696,1.6860907
2.2,2.0363505
1.4910714285714286,1.9193387
2.480769230769231,1.9808166
1.985663082437276,1.935099
1.3333333333333333,1.9121321
1.8003939592908733,1.8929056
1.831231813773036,2.0312123
0.5903614457831325,1.4536147
2.05,2.3350942
2.2454545454545456,2.587078
1.5172413793103448,1.9211813
2.4210526315789473,2.6561124
2.0816326530612246,2.507799
1.9650537634408602,1.9090229
1.9975216852540272,1.8505667
2.1578947368421053,2.1058605
1.3846153846153846,2.0332675
1.6666666666666667,2.461576
1.6919831223628692,1.9430166
1.7222222222222223,2.0590904
2.4262295081967213,2.0731008
1.9514415781487102,1.8320947
1.9420289855072463,1.8967853
1.7647058823529411,1.839998
2.1724137931034484,2.1449804
1.3826530612244898,1.9012979
1.6429840142095915,1.9403238
2.17027027027027,1.9283496
3.1780821917808217,2.177171
1.5555555555555556,1.9498622
1.4,1.3220035
2.4827586206896552,2.7951796
2.0,1.7038919
1.8181818181818181,2.286057
1.3333333333333333,1.7198651
2.44,1.8908777
1.828729281767956,1.9768306
2.5886524822695036,1.8980119
1.62,1.8533561
8.458333333333334,2.2746458
2.1403061224489797,1.9283496
4.2727272727272725,2.2593586
2.5714285714285716,1.9868515
1.8776508972267536,1.9495234
2.611111111111111,1.8104919
1.6613816534541337,1.89406
1.098360655737705,1.3690927
2.2163461538461537,1.9343469
2.0398126463700232,1.958148
1.5555555555555556,2.0588136
2.2413793103448274,2.0968223
2.0,2.6099062
1.8271954674220963,1.8957468
1.5674931129476584,1.8382835
2.366988586479368,1.8448473
1.841784989858012,1.9057449
2.0833333333333335,1.893281
2.282608695652174,1.9786774
1.719298245614035,2.1071975
1.9253333333333333,1.8772242
2.1083969465648855,1.8684348
1.2380952380952381,1.6364774
1.8079470198675496,1.8154339
1.8386336866902238,1.8358167
2.172932330827068,2.0214503
1.6875,2.8382301
2.051282051282051,2.372415
2.2857142857142856,2.1239974
1.7915407854984895,1.965396
1.831578947368421,1.879657
1.911904761904762,1.9367265
1.5849056603773586,1.6086344
1.775330396475771,2.0183492
0.8421052631578947,1.8447845
1.6666666666666667,2.8916821
3.391304347826087,2.6122704
2.8823529411764706,2.5743349
1.4594594594594594,1.857913
2.0416666666666665,2.093676
2.2037037037037037,2.128345
1.233644859813084,1.8325733
2.6390977443609023,1.8836719
1.4,1.8021933
1.9868881118881119,1.9125476
1.7704918032786885,2.1063461
1.488888888888889,2.0517101
1.9,2.020591
1.871559633027523,1.941029
2.25,2.182457
2.2542372881355934,2.0808284
1.8666666666666667,2.1911964
1.8359375,1.9703277
1.380952380952381,1.8178321
1.7303370786516854,1.9753388
2.2825484764542936,2.0844774
3.939655172413793,2.012238
1.9506172839506173,2.518772
0.9846153846153847,1.9570879
1.7606837606837606,2.094766
2.072463768115942,1.9707636
2.4444444444444446,2.9827096
1.2413793103448276,2.5906067
2.933333333333333,2.6966357
8.571428571428571,2.0259702
1.7391304347826086,2.3927534
2.1538461538461537,2.7055724
2.3625,1.9232873
1.9436133486766398,2.0552135
1.2195121951219512,1.5624747
1.6273764258555132,1.9229283
2.0728155339805827,1.9538124
1.7027027027027026,1.9675447
1.6717171717171717,1.992821
2.875,2.4629505
2.3015873015873014,1.7024297
1.7488372093023257,1.9202452
1.173913043478261,2.346213
2.4497041420118344,1.9663708
1.9084745762711866,1.8963146
1.8382642998027614,2.0861127
2.751004016064257,1.9748492
1.4666666666666666,1.7368191
1.6774193548387097,2.2346008
1.511111111111111,1.9432125
4.892857142857143,2.5242722
2.2472691161866933,1.9572878
2.1666666666666665,2.366929
1.631578947368421,2.1254025
1.1428571428571428,1.480604
2.327272727272727,1.9989254
2.285416666666667,1.9402374
1.5339449541284405,1.8506621
2.5384615384615383,2.5205534
1.881188118811881,2.1855388
1.9782293178519594,1.9725384
1.6,2.6369507
1.784518828451883,1.9054587
1.6565656565656566,1.935844
1.8518518518518519,2.528069
2.556806550665302,2.0513146
1.8461538461538463,1.9837176
1.8942307692307692,1.8525592
1.814,1.9536797
1.8101265822784811,2.191728
3.125,2.546389
1.641350210970464,1.954632
2.0941176470588236,1.9532591
1.5699100572363043,1.8103286
1.3928571428571428,2.0573049
2.142857142857143,2.449156
1.3333333333333333,1.5750364
2.3504464285714284,1.9282672
2.005081300813008,1.9162173
2.6923076923076925,2.9076786
1.5642857142857143,1.8777215
1.09375,1.367227
2.1339285714285716,2.0089555
1.6506986027944113,1.8896458
2.0,2.3504984
1.9130434782608696,2.0200982
1.2554744525547445,2.219077
1.5,2.0099602
2.0290697674418605,1.9493597
3.04,1.8692204
1.6153846153846154,1.5662986
2.111111111111111,1.4709404
3.357142857142857,2.0592384
1.4285714285714286,2.0676367
3.0256410256410255,2.109297
2.2432432432432434,2.1996384
1.3636363636363635,1.6265393
1.7142857142857142,1.8389971
1.7276720351390922,1.8434597
1.5517241379310345,1.8510981
1.4736842105263157,1.8231863
2.9,2.295167
1.183673469387755,2.0258803
1.5903614457831325,2.115984
1.0208333333333333,1.1936631
1.4864864864864864,2.1353395
1.4752475247524752,1.8702942
3.238095238095238,2.7927139
1.763157894736842,1.3591152
2.0177514792899407,2.018352
1.9824561403508771,2.054759
2.1004784688995217,1.9193387
2.227272727272727,2.001699
5.846153846153846,3.700298
2.2841530054644807,1.9288158
1.4878787878787878,1.8757766
1.5757575757575757,2.170508
1.851063829787234,2.0399299
1.78125,2.8553905
1.3846153846153846,2.4394393
2.0985915492957745,1.9531746
1.7796610169491525,1.8452691
1.3571428571428572,1.8615719
1.9375,2.7824862
1.4705882352941178,2.0451329
1.951219512195122,1.69856
2.019230769230769,2.2287939
1.4875621890547264,1.8311673
4.5,2.2637138
4.184210526315789,2.4278932
1.6753731343283582,1.8445872
2.4887640449438204,1.7749982
1.5061728395061729,1.9424071
1.4705882352941178,1.5547428
2.2413793103448274,1.8007079
1.5625,1.9817746
3.8333333333333335,2.7308407
2.1923076923076925,2.2507596
1.9166666666666667,2.0334084
1.4839857651245552,1.933676
1.5921052631578947,1.8163446
1.6362754607177497,1.8566644
2.456,2.1865265
1.5,1.7341863
1.46875,1.9469992
2.3902439024390243,2.2341406
1.6666666666666667,2.2377403
2.12,2.0073583
1.5714285714285714,1.909134
1.457142857142857,2.2015505
2.3333333333333335,1.7120825
3.0103092783505154,2.0740657
7.217391304347826,2.123256
2.350467289719626,1.9746652
1.913907284768212,2.0303078
2.76,1.3640459
1.1904761904761905,1.9721988
1.4,1.8789902
2.037037037037037,1.9117944
1.784,2.0054638
1.565217391304348,2.0329146
3.206896551724138,1.7928343
1.76,1.8430941
2.09038737446198,1.8457314
1.5806451612903225,2.0388737
1.6842105263157894,2.164921
2.26649528706084,1.976327
1.7122302158273381,1.8490047
1.9566744730679158,1.9335812
1.4285714285714286,2.2133133
2.125,2.062592
1.9428571428571428,1.9622059
2.1481481481481484,1.9951987
1.8181818181818181,2.9096694
1.6794871794871795,2.478579
1.76,1.9313015
1.633846153846154,1.8890088
1.2105263157894737,2.00826
1.8441127694859039,1.9898981
1.4339622641509433,1.8804898
2.2037037037037037,2.1918104
2.1141552511415527,1.878376
4.090909090909091,2.5739346
1.7037037037037037,1.9055187
1.9188118811881187,1.9194053
1.7046004842615012,1.8900113
1.875,2.1121619
2.3993174061433447,1.9507381
1.9184726522187823,1.8737078
2.090909090909091,2.07658
0.9629629629629629,1.307058
2.03125,1.7551055
1.625,1.8562738
1.75,2.0383847
1.0476190476190477,1.8919394
1.64,1.947119
1.6129032258064515,2.1040323
1.4342105263157894,1.7751261
1.6252927400468384,1.9023052
2.2762762762762763,1.9339576
2.306451612903226,1.9541855
2.2641509433962264,1.9630224
1.6556016597510372,1.9298784
1.8631578947368421,1.9457285
3.2857142857142856,1.2166624
1.7657657657657657,1.944396
1.2346938775510203,1.3757133
1.0909090909090908,2.1609266
1.9390386869871044,1.853038
2.411392405063291,2.040617
2.1658767772511847,1.9064438
1.7874015748031495,1.9924871
8.8,3.0177922
1.9090909090909092,2.045247
1.912,2.0522928
1.7882352941176471,3.1170826
2.0833333333333335,1.837895
4.625,2.6334245
2.231578947368421,2.047109
1.7777777777777777,2.1360486
2.4520123839009287,1.8907398
1.4878048780487805,1.9974636
3.6666666666666665,2.9989345
1.2638036809815951,1.9022139
1.8215488215488216,1.8287393
1.5869565217391304,1.9203775
2.3376623376623376,1.9136676
1.4444444444444444,1.9607538
1.9466824644549763,1.8707293
2.5283018867924527,2.1627445
1.9615384615384615,2.1823213
2.064516129032258,2.1605136
1.5622119815668203,1.8603203
1.8545454545454545,2.2696605
1.6,1.9518619
1.6470588235294117,1.9736515
1.8872970391595034,1.8980837
1.4255725190839694,1.8520447
1.7777777777777777,2.1649342
1.9247842170160296,1.8527465
1.75,2.2011
1.5789473684210527,2.8140624
1.651197604790419,1.9970914
2.130081300813008,2.1021419
1.4814814814814814,1.9676063
1.642512077294686,1.8819925
2.108910891089109,1.8883066
1.5555555555555556,2.1654067
1.0,1.618121
1.5644699140401146,1.9257288
1.3811475409836065,1.8576651
1.7483660130718954,1.918591
2.260869565217391,2.0792887
2.4347826086956523,2.4843595
1.0512820512820513,1.2005432
1.5916666666666666,2.0043776
2.0,2.33842
1.4074074074074074,1.6303478
2.235294117647059,2.0017667
1.7990654205607477,1.9023257
1.8125,1.5456392
1.7363216875411998,1.7845867
1.8518518518518519,1.4888737
1.712041884816754,1.9330773
3.3142857142857145,2.1469715
3.1538461538461537,2.370882
1.7045454545454546,1.8140397
2.811224489795918,2.0029252
2.0625,1.7773242
1.3636363636363635,1.9777113
2.2312925170068025,1.8763396
1.785,1.9157904
1.4864864864864864,2.1068416
1.5776699029126213,1.8904835
0.9823008849557522,2.0847695
1.7751937984496124,1.916103
4.25,2.915971
1.7813121272365806,1.946
1.1518987341772151,1.9201583
1.5891156462585034,1.8347665
2.4375,2.2270277
3.5,1.9278347
1.4147727272727273,1.7975523
1.671462829736211,1.9301856
2.857142857142857,2.200115
1.7955865272938443,2.0442598
2.7142857142857144,2.5701203
1.5555555555555556,2.2835505
2.130952380952381,1.9217006
2.1666666666666665,1.8693959
2.3333333333333335,2.0554786
2.9473684210526314,2.439262
2.6557377049180326,2.1301641
1.9935064935064934,1.9457581
2.7454545454545456,2.0016718
1.6736111111111112,1.8532329
1.105263157894737,2.0153046
2.1511627906976742,2.0779638
1.9822695035460993,1.8833256
2.7429718875502007,2.0074382
1.3076923076923077,2.4722185
1.9547738693467336,1.8839866
1.2380952380952381,1.7047588
0.8214285714285714,1.5525702
1.6666666666666667,2.2942688
2.263157894736842,2.1115997
1.7622377622377623,1.8365693
1.9805825242718447,1.9055527
1.5217391304347827,1.888657
1.8666666666666667,2.284678
1.2307692307692308,2.3196318
1.7777777777777777,2.0767422
1.9498997995991985,1.9194053
1.6,2.084969
1.6666666666666667,2.0313492
1.8928571428571428,2.2445211
2.411764705882353,2.14908
2.6,2.838481
1.646153846153846,1.7521
2.0476190476190474,2.6572287
0.9285714285714286,1.4420702
2.6923076923076925,2.3105946
1.7705479452054795,1.9265474
2.2048192771084336,1.9862604
2.6,2.9609108
3.7916666666666665,2.1575139
1.9,2.532734
2.0208333333333335,1.9836338
2.4615384615384617,2.3104873
2.481720430107527,1.9964128
1.925,2.0738773
1.7963340122199594,1.9498622
1.3214285714285714,1.9291263
2.0444444444444443,2.457851
3.625,2.4189873
2.2972972972972974,2.1985853
1.5116279069767442,2.0586882
2.074074074074074,2.3385549
1.4736842105263157,1.9815218
2.2672413793103448,2.0127542
2.4,3.432165
1.9864029666254635,1.8312219
2.2265625,1.9645888
1.6363636363636365,2.4771738
1.619047619047619,2.2921817
2.14,1.8608555
1.4,1.839054
4.5,3.033754
1.8112244897959184,1.9540234
1.410071942446043,1.9139882
2.246913580246914,1.9284632
2.075880758807588,1.8798857
1.0,1.5090002
1.8450363196125907,1.8848379
1.4615384615384615,2.1132996
4.385542168674699,2.930295
1.9267015706806283,1.9945431
1.6944444444444444,1.9686501
1.3214285714285714,2.3250537
1.434782608695652,1.8344523
2.0,2.5244527
1.7702702702702702,1.9338744
0.8125,2.0369842
1.5789473684210527,2.1969385
1.5310880829015545,1.9825004
2.04,1.5343121
2.2375851996105163,1.9572878
1.916988416988417,1.8335077
2.295918367346939,2.233776
1.7554383651944627,1.8333361
1.9100391134289438,1.9124011
1.8529839883551673,1.8857756
2.490314769975787,1.9628328
1.8,2.5290868
1.8636363636363635,1.9129521
1.8888888888888888,2.190364
1.8518518518518519,2.3515742
2.0,2.5170581
2.14,1.9163797
4.8,2.4834802
2.4140625,1.9159522
1.6271306818181819,1.798782
1.685792349726776,1.9063815
1.0,1.8226225
1.990566037735849,1.9697907
1.92,2.0386467
7.037037037037037,2.5880976
1.8181818181818181,2.0252717
1.2769230769230768,1.8620721
3.4634146341463414,2.2950401
1.7738095238095237,1.9368261
1.8059701492537314,2.1817007
1.1818181818181819,2.0302658
2.2450765864332602,1.9449934
1.75,2.1713316
1.7254901960784315,1.8546488
1.4533898305084745,1.9005698
1.7142857142857142,2.5694728
1.7647058823529411,2.839421
1.6923076923076923,2.0628018
1.556910569105691,1.977812
1.543859649122807,1.8893181
1.5,2.3003867
1.5925925925925926,2.5798388
2.159090909090909,1.8771871
2.34,1.9716636
2.142857142857143,2.108484
2.865079365079365,1.9713581
2.0,2.4619417
1.4270833333333333,1.866472
2.218220338983051,1.9983364
1.988929889298893,1.8845974
2.767857142857143,2.065299
1.6774193548387097,1.9867197
2.0011587485515645,1.9978273
1.845771144278607,1.9235857
2.310344827586207,2.0164409
0.8888888888888888,1.4582784
1.783111111111111,1.984322
1.902088772845953,1.8767693
1.4074074074074074,1.9936547
1.6666666666666667,2.5615568
1.75,2.6072273
1.9393939393939394,1.9299818
3.2,2.9489028
1.6384180790960452,1.8600296
1.6923076923076923,2.9331627
1.1948051948051948,1.8105502
2.6878172588832485,2.0320024
1.1016949152542372,1.8075972
1.75,2.0549664
1.6600397614314115,1.9002808
2.0642092746730083,1.8513082
1.1395348837209303,1.9847224
1.6548387096774193,1.8274132
1.894150417827298,2.0230405
1.25,2.0907228
2.0720720720720722,1.9470377
1.8852459016393444,2.0768855
0.7142857142857143,0.9417749
1.0384615384615385,1.6026692
5.3,2.8190622
1.8095238095238095,2.1086752
3.3076923076923075,2.0009785
1.6363636363636365,2.4155025
1.6923076923076923,2.0260575
2.4285714285714284,2.1610928
1.669172932330827,1.8332783
1.86,2.0490777
2.0502092050209204,1.9665856
1.4230769230769231,1.9046125
2.032051282051282,2.022985
1.25,1.8764406
1.0740740740740742,1.542811
1.9583333333333333,1.963547
2.056497175141243,1.9202372
7.15,2.9025574
1.8478260869565217,2.0143876
1.5203252032520325,2.0009658
2.739130434782609,2.3566937
1.317829457364341,1.7807178
1.5714285714285714,1.743885
1.6427406199021206,1.8412656
1.7321772639691715,1.933758
6.206185567010309,1.99138
2.405263157894737,1.9055722
1.6923076923076923,1.5528034
2.0,2.135226
1.7052631578947368,1.875599
2.3492063492063493,1.9165884
1.4285714285714286,2.0393093
1.4074074074074074,2.4859984
3.0,2.45753
1.5328185328185329,1.8589689
1.612590799031477,1.9263666
1.1875,1.8836861
1.0,1.8914318
1.530612244897959,1.8811479
3.0,1.9099948
1.894736842105263,2.3601313
2.3181818181818183,1.7603669
1.7391304347826086,1.648177
1.6666666666666667,2.1187372
1.8461538461538463,2.2150557
2.2868852459016393,2.7453153
2.015957446808511,1.864194
1.4375,1.6606287
1.7942122186495177,1.878038
1.981818181818182,1.9498994
1.1818181818181819,1.6444305
7.814814814814815,2.7461562
2.186125211505922,1.9296778
6.777777777777778,2.1691525
3.3636363636363638,1.7922403
1.9954476479514416,1.958755
1.576086956521739,1.9753388
1.5862068965517242,2.1023524
1.84,2.1861503
1.75,2.2338226
2.037037037037037,1.8776504
1.7142857142857142,1.9494708
1.355263157894737,2.0790162
1.8852459016393444,1.6624
1.1666666666666667,1.8937507
1.8491379310344827,1.9914113
2.746031746031746,1.980007
2.3699731903485253,1.9611472
2.5714285714285716,2.3501368
1.516190476190476,1.8283744
1.037037037037037,1.8883636
2.3333333333333335,2.6057534
2.111111111111111,2.2313492
1.7317073170731707,1.9660769
2.761904761904762,2.32176
2.2733727810650888,1.8680278
2.1937406855439643,1.964595
1.5714285714285714,1.937846
3.4123711340206184,2.0282116
1.9924528301886792,1.965882
2.7142857142857144,1.6604953
2.1488250652741514,1.9712697
1.6,2.1149065
2.027681660899654,1.9136509
1.5813953488372092,1.9968274
2.2542372881355934,2.309651
2.1379310344827585,1.954892
1.5384615384615385,1.74718
1.5676855895196506,1.9616991
2.630434782608696,1.8035902
1.686131386861314,1.8868732
1.9465020576131686,1.818445
1.7321428571428572,1.9466726
1.3355704697986577,1.8412187
2.281496062992126,1.9718874
2.1196105702364396,1.9434038
1.1428571428571428,1.8816413
2.1479591836734695,1.8612242
2.1875,2.9694018
1.5121951219512195,1.8477805
1.3298969072164948,1.8194525
1.5909090909090908,1.9015849
2.923076923076923,2.1948078
1.2580645161290323,1.1004479
2.3333333333333335,2.4494834
2.0,2.4099236
6.6,2.8550186
1.791044776119403,1.8208663
1.7838983050847457,1.890109
2.56,2.0947213
1.2758620689655173,2.193863
1.6331360946745561,1.9059933
1.4397905759162304,1.8723595
1.5932400932400932,1.8085941
1.4022988505747127,1.7944746
1.5341880341880343,1.9451789
1.9297520661157024,1.930701
1.85,2.4057548
2.5,2.9268663
1.6923076923076923,2.0595767
1.5294117647058822,1.6129448
1.9583333333333333,2.0984104
2.183098591549296,1.951393
3.3333333333333335,2.244419
1.7857142857142858,1.425311
1.863821138211382,1.9317876
1.2795698924731183,1.7962097
1.9444444444444444,2.510492
2.0,2.539546
2.8095238095238093,2.1047919
1.574468085106383,1.7503053
1.6938775510204083,1.8904305
1.815347721822542,1.903959
1.12,1.2932479
1.3407407407407408,1.9127337
1.7058823529411764,2.0193374
1.8037974683544304,1.9512188
2.0908402725208175,1.8669437
2.411764705882353,2.5879824
2.1271676300578033,1.9252303
2.0,2.170014
2.073446327683616,2.0048223
1.66,2.126377
1.7796610169491525,1.863293
1.875,3.9210424
2.8153846153846156,2.1287205
1.1538461538461537,1.7084289
2.6,1.8869975
2.423076923076923,2.6685364
0.9496402877697842,1.3848922
2.130434782608696,2.615748
1.7307692307692308,1.8349569
1.8313253012048192,1.8515232
1.6631944444444444,1.9063767
1.5153374233128833,1.8394021
1.9171597633136095,1.9395198
1.6666666666666667,2.2075715
2.0848375451263537,1.8940494
1.7692307692307692,1.9777461
1.0,1.7536196
1.7777777777777777,1.8160385
1.896551724137931,2.5050352
1.8433734939759037,1.8552885
4.0807692307692305,1.9496267
1.6207627118644068,1.8754226
1.9874608150470219,1.9058638
1.4545454545454546,1.9496373
2.1639344262295084,2.2023869
1.6511627906976745,1.9567051
2.06,1.879019
2.0268317853457174,1.9231937
1.6964285714285714,1.9269128
1.601328903654485,1.9102448
1.625,1.8283744
1.8272727272727274,1.9841253
1.975206611570248,1.9278388
1.9973958333333333,1.8706626
1.8214285714285714,1.99581
1.606060606060606,1.8069301
1.2941176470588236,1.7343578
1.6896551724137931,1.8784921
3.7058823529411766,2.264164
1.7628865979381443,2.0570707
1.780979827089337,1.9495646
1.0,1.814012
1.894736842105263,2.171829
1.87010078387458,2.016319
6.266666666666667,2.7277904
3.1379310344827585,1.9542978
2.026315789473684,2.1898382
1.25,1.6378314
1.674757281553398,1.9325551
1.2,1.7017193
3.6,1.9523549
1.9411764705882353,1.8794025
1.3571428571428572,1.4360055
1.2439024390243902,1.8783641
1.6724137931034482,1.9476744
2.2490272373540856,1.951204
1.5,2.3607202
1.7142857142857142,1.5910975
2.7111111111111112,2.0421207
2.4271523178807946,1.8961942
2.061692969870875,1.9241966
1.8513513513513513,1.9026316
1.9495225102319236,1.9250361
1.7272727272727273,2.8993924
7.111111111111111,2.4426885
1.890015600624025,1.9399557
1.5426356589147288,1.931982
1.907216494845361,1.9604546
1.5454545454545454,2.0330381
1.4444444444444444,2.1062865
1.6428571428571428,1.871906
1.8108843537414967,2.024338
1.5722543352601157,1.8821309
2.0434782608695654,1.8012345
2.5714285714285716,2.00249
1.6029185867895546,2.011193
1.7142857142857142,2.3301775
1.7058823529411764,2.136965
1.458128078817734,1.8401635
2.265625,2.0352857
3.6904761904761907,1.8972206
1.8805194805194805,1.9482192
1.8189134808853118,1.8147589
1.6902985074626866,1.8686163
1.7080459770114942,1.9393487
1.7272727272727273,2.4590662
2.0250368188512518,1.9405941
1.6370656370656371,1.8940494
1.9335038363171355,1.8939738
1.6842105263157894,2.1737769
2.0555555555555554,2.0717366
2.5117493472584855,2.054417
1.7857142857142858,2.0191207
1.8770949720670391,1.9450378
1.9064748201438848,1.825221
2.0,2.7145176
2.1142857142857143,2.0893552
1.6341463414634145,1.8024788
1.6666666666666667,2.1306522
1.7786259541984732,1.9619609
2.0,2.5833511
2.1602914389799635,1.9203756
2.0418079096045196,1.9425503
2.32508073196986,1.9692034
2.857142857142857,2.0756798
2.782608695652174,2.1747618
1.7527777777777778,1.8571612
2.3636363636363638,1.9665834
2.25,2.3074214
1.7836538461538463,1.895931
1.9369085173501577,1.897176
1.9166666666666667,1.8918282
1.4166666666666667,1.8523433
2.4464285714285716,2.059419
0.9186991869918699,1.5825663
4.0,2.2707422
0.9545454545454546,1.4600194
1.619047619047619,1.4570638
1.8031496062992125,1.95266
1.7165109034267914,1.9108565
3.869565217391304,2.1786547
2.135135135135135,1.8374853
1.4303797468354431,1.8734937
3.3488372093023258,2.000888
2.134734239802225,1.868588
3.7777777777777777,2.630835
1.787828947368421,1.8428533
2.2219321148825064,1.9759388
1.819935691318328,1.8436562
1.619047619047619,2.4896452
1.0833333333333333,2.0483487
3.230769230769231,1.8356323
4.2272727272727275,2.2665746
1.0909090909090908,1.7727649
2.387596899224806,1.9675235
1.5294117647058822,2.1344953
1.6470588235294117,2.0720568
1.4761904761904763,1.8886403
2.305357142857143,1.8636975
2.130434782608696,2.059691
1.7714285714285714,1.8831239
1.7941176470588236,1.6850971
1.0476190476190477,1.8491129
1.25,1.8674228
1.6019417475728155,1.9700028
1.5319148936170213,2.075732
1.7,2.1326566
4.153846153846154,1.6802517
2.8,2.4236896
1.2272727272727273,2.2083158
2.218045112781955,2.1086094
2.1136363636363638,2.080134
1.5840130505709624,1.9630971
1.9444444444444444,1.9434766
1.7472527472527473,2.031834
2.0,2.4813418
2.25,1.9498243
1.6537530266343825,1.9333947
1.5,2.324372
1.903225806451613,2.3012235
2.256728778467909,1.9779572
1.4780701754385965,1.8438407
1.3333333333333333,1.8496777
1.3,2.1706958
1.9799072642967543,1.8292263
1.9893428063943162,1.9022616
1.6222222222222222,1.7875818
2.4130434782608696,2.1457012
2.3582089552238807,1.9577163
1.6713286713286712,1.9465976
3.357142857142857,2.3784325
2.1624365482233503,1.9468962
1.4,1.8537703
2.008503401360544,1.9111127
2.4719101123595504,2.3088765
2.025787965616046,1.8706626
1.6845448129851799,1.8078864
1.7923497267759563,2.00671
1.694980694980695,1.9834421
2.0,2.434053
2.1875,1.8030844
2.0123076923076924,1.9971693
1.9024390243902438,2.1966503
1.4595588235294117,1.9105258
2.2222222222222223,1.9483839
2.5714285714285716,2.4892402
2.0624219725343322,1.9558518
1.7837837837837838,1.7657213
1.6571428571428573,1.4140456
1.610636277302944,2.018794
1.0192307692307692,1.7841535
1.3064516129032258,2.0697367
2.0625,0.9840576
1.713953488372093,1.8770341
1.4583333333333333,1.9670837
2.073170731707317,2.1367974
0.7794117647058824,0.8134861
1.1176470588235294,1.728305
1.812121212121212,1.8900131
0.9,1.8218794
2.091549295774648,1.9264475
1.7738693467336684,1.9455801
2.7142857142857144,2.601946
2.1470588235294117,2.35997
2.7142857142857144,2.2076068
1.8505434782608696,1.9179986
1.6326530612244898,2.175194
2.265625,1.9554551
1.6129032258064515,1.6393305
1.5294117647058822,2.0546434
1.6886792452830188,2.1389549
2.852233676975945,1.9933512
2.4166666666666665,1.881702
0.8055555555555556,1.4593
1.962962962962963,1.9510946
1.4666666666666666,2.3457837
1.5759717314487633,1.8982425
1.2352941176470589,2.0547757
1.6728395061728396,2.0295966
1.8095238095238095,1.7772872
1.8328530259365994,1.9227195
3.706896551724138,1.9473821
2.3484848484848486,2.1257648
1.6,1.7961177
1.2077922077922079,1.9249079
2.6660516605166054,1.955129
1.85,2.2371216
1.6444444444444444,2.051539
0.5306122448979592,1.2961793
1.4181818181818182,2.05133
3.888888888888889,2.3364103
1.5646551724137931,1.8428475
2.1511627906976742,1.9766525
1.811046511627907,2.0031617
1.0,1.6149423
1.8644781144781144,1.9248642
1.765625,1.9161246
1.2,1.7503207
1.5,1.9368486
1.68,1.9075195
1.7276785714285714,1.8679843
1.5909090909090908,2.1231525
1.564102564102564,2.0215726
1.5368421052631578,1.9396708
3.8612565445026177,1.9451216
1.0666666666666667,2.1954007
2.1180555555555554,1.8836633
1.6064814814814814,1.9329013
1.588235294117647,2.1806624
2.57,1.843295
1.853658536585366,1.8871522
0.9302325581395349,1.881248
2.348333333333333,1.944748
1.7407407407407407,1.9740384
2.0,1.9454763
2.3452380952380953,2.219939
2.918032786885246,1.7877083
1.8629032258064515,2.0194657
2.029850746268657,1.9431505
2.1621621621621623,1.8583989
2.25,2.209294
1.3636363636363635,2.4985693
2.010989010989011,1.9890599
1.8442622950819672,1.9567264
1.1470588235294117,1.5278255
4.702702702702703,2.388622
1.3888888888888888,2.077884
2.9047619047619047,2.014427
1.6293706293706294,1.874272
1.2075471698113207,1.1899981
2.25,2.2446074
1.0,2.065359
1.5357142857142858,1.6738263
1.7647058823529411,2.093363
1.7317073170731707,2.0876093
1.8618181818181818,1.9078826
2.0246913580246915,1.8574034
2.0588235294117645,2.8018036
2.25,1.9143995
1.969804618117229,1.9395062
2.2634920634920634,2.029556
2.0136986301369864,2.22795
1.8227848101265822,1.7564778
2.0416666666666665,1.9259231
3.0580645161290323,2.0003762
1.8516129032258064,1.914722
1.75,2.085193
2.1739130434782608,1.9984398
1.5529411764705883,1.9358376
1.4523809523809523,2.3728428
1.9472789115646258,1.9243984
1.09375,1.7808177
1.5219941348973607,1.9348582
1.3780918727915195,1.9517316
1.6787878787878787,1.9284217
1.9,2.9695249
1.0555555555555556,2.1354477
1.9915966386554622,2.0622509
1.3333333333333333,1.9809979
3.142857142857143,2.643878
1.4545454545454546,2.0142124
4.857142857142857,2.4984324
1.625,1.8556141
1.721254355400697,1.8697524
1.9878787878787878,1.8730661
1.8333333333333333,2.7699468
2.392857142857143,1.6434324
1.8389458272327965,1.9415561
1.986842105263158,1.8629739
2.159695817490494,1.9067682
1.846938775510204,2.0134232
1.037037037037037,1.9388312
1.6551724137931034,1.9471985
2.0755813953488373,2.0115685
1.719435736677116,1.9358497
2.2972972972972974,2.2008512
2.1818181818181817,2.764137
1.8121827411167513,1.891557
2.2209302325581395,1.8682133
1.9424460431654675,1.9307696
2.4615384615384617,2.1296308
1.5860113421550095,1.881304
1.9090909090909092,2.4579833
1.1538461538461537,1.5215647
1.7391304347826086,1.8737297
2.5945945945945947,2.1406927
0.9565217391304348,1.9602451
1.7890625,1.902279
2.0625,2.3339171
4.0256410256410255,2.4810014
1.9393939393939394,1.9789679
1.982532751091703,1.9422548
2.142857142857143,2.0040278
1.758745476477684,1.9624734
1.5,2.365576
1.6196213425129087,1.9637384
1.5,2.3097641
1.434782608695652,2.051237
2.033557046979866,2.0053456
1.0666666666666667,2.0032258
1.4785478547854785,1.8984083
1.71875,2.2056606
2.0304709141274238,1.9584056
1.8630136986301369,2.0124714
1.4545454545454546,1.9473342
2.4285714285714284,1.8134398
2.1344827586206896,1.9571131
1.5660377358490567,1.9305611
2.1722846441947565,1.872761
4.315789473684211,2.3759115
1.9563543003851092,2.0689473
1.6326530612244898,2.2006705
2.0476190476190474,2.1983957
2.0,2.8173082
1.7374100719424461,1.8712348
1.685851318944844,1.9494708
2.0350877192982457,1.5740943
2.5714285714285716,2.508845
1.9540229885057472,1.9401684
2.090909090909091,2.3628633
2.4709090909090907,1.9687315
1.704225352112676,2.0106788
2.0357142857142856,2.1551952
1.0769230769230769,2.4221978
1.6470588235294117,1.8066393
0.8846153846153846,2.0600266
1.45,2.2045531
1.782258064516129,1.7986996
2.135,1.9532031
1.3823529411764706,2.0326915
1.3846153846153846,2.2923243
1.2857142857142858,1.8831143
2.082730093071355,1.8603324
2.3846153846153846,2.0003197
1.7117117117117118,1.9994979
1.2857142857142858,1.590605
1.8148148148148149,2.3858669
2.372093023255814,2.024893
3.857142857142857,1.9085894
1.8421052631578947,2.0793304
1.873913043478261,1.8935713
1.2459016393442623,2.0094676
1.6756756756756757,1.5903623
1.3454545454545455,1.9129465
1.449612403100775,1.9734465
1.7662337662337662,2.308371
1.9618593563766389,1.9771128
2.307017543859649,2.009634
2.3125,2.3655643
2.3333333333333335,3.1019738
1.2272727272727273,1.6567334
1.7010309278350515,2.1458862
1.3928571428571428,1.5169911
2.2452830188679247,2.2765872
1.755,1.8650631
1.5821596244131455,1.8885785
4.333333333333333,2.8341231
1.7853441894892672,1.7777288
2.132701421800948,1.9818276
1.8275862068965518,2.0494769
1.8823529411764706,2.0968702
4.525,2.188964
1.7272727272727273,1.8452088
2.225806451612903,1.9213389
1.5,2.3792002
1.8041237113402062,2.1863556
2.3461538461538463,1.7865465
2.764705882352941,2.3352811
1.9132791327913279,1.975446
1.9970104633781764,2.0018873
1.5888324873096447,1.8455546
1.761290322580645,1.8382396
2.4,2.3016124
1.8850574712643677,1.9398102
1.5238095238095237,1.8276205
1.6,1.6298348
1.6,1.8868192
1.6914556962025316,1.832622
2.123076923076923,1.8741018
1.7733499377334994,2.0288212
1.6248812915479582,1.825401
1.2142857142857142,2.2513463
3.1367521367521367,1.9901459
1.802734375,1.8544453
1.6829268292682926,1.8689404
1.6910377358490567,1.8912528
3.183673469387755,2.1117246
2.921875,1.8647524
1.7580645161290323,1.914398
1.8293918918918919,1.9782715
2.2222222222222223,2.508952
1.8292307692307692,1.9429783
2.5197132616487457,1.9708095
1.6464646464646464,2.3399677
1.06,1.7423245
2.3617021276595747,2.0207076
1.4458598726114649,1.898114
2.824561403508772,2.4281821
2.2,2.0569136
1.2777777777777777,1.7505199
2.431906614785992,1.9847143
3.3333333333333335,2.502091
1.4090909090909092,1.675945
1.5277777777777777,1.6726356
1.0,1.573039
1.6666666666666667,1.2445627
1.8888888888888888,1.7681135
1.7636932707355242,1.8195937
2.160756501182033,2.0029323
1.6923076923076923,2.0392227
1.8571428571428572,2.760144
1.375,1.5410056
2.8181818181818183,1.9557256
2.2,1.7397326
2.1578947368421053,2.3651228
0.734375,0.9682653
1.5384615384615385,1.7949
1.5,2.114267
1.6904761904761905,2.1282315
1.7522321428571428,1.9095256
2.225806451612903,2.2460334
1.673913043478261,1.8491377
2.6,1.8876508
3.7604166666666665,2.983344
1.8912,1.8895842
1.5,2.117579
1.68298755186722,1.8498164
1.3157894736842106,2.1700315
1.7636849132176236,1.8016131
2.238888888888889,1.9817847
2.3333333333333335,2.4240203
2.107142857142857,1.9509865
1.7615658362989324,1.9820548
2.0152761457109283,1.9149466
1.4615384615384615,2.276079
1.597938144329897,1.9198487
1.8724899598393574,1.9400727
2.1625,1.8385719
2.3181818181818183,2.6001868
2.0822784810126582,1.8882905
7.090909090909091,2.7656448
2.0,1.9637824
2.772727272727273,1.8648105
1.9476553980370774,2.0318968
3.4285714285714284,1.6166465
2.075,2.2476814
2.4642857142857144,2.6455882
1.3333333333333333,2.0858655
3.1875,2.4128127
1.9472140762463344,1.8933965
1.7342908438061042,2.001112
2.0020746887966805,1.9690086
1.688,2.0123992
2.0550314465408803,1.8476126
1.9285714285714286,2.820458
1.3428571428571427,1.3852475
1.5789473684210527,2.3235703
2.1581632653061225,1.9968923
1.8571428571428572,2.0474608
1.3636363636363635,2.255471
1.7692307692307692,1.871512
1.915739268680445,1.9177473
2.085714285714286,2.4307275
1.8125,2.1259427
1.6923076923076923,2.2816992
1.8214285714285714,2.5000432
2.0517241379310347,1.9977808
1.7777777777777777,2.574537
1.8064516129032258,2.1707392
1.8771929824561404,1.6587442
1.9456140350877194,1.933676
2.129032258064516,2.584181
1.3333333333333333,1.7139392
1.5994764397905759,1.8832349
1.2702702702702702,1.9171075
1.6875,2.1550488
1.2,2.0333798
2.3776722090261284,2.052249
1.8999218139171228,1.8159257
2.2790697674418605,2.2233357
1.9699812382739212,1.9412776
2.236842105263158,2.0637665
1.7197231833910034,1.9804884
2.048780487804878,2.52524
1.816326530612245,2.106556
2.168181818181818,1.9324089
1.6193548387096774,2.0182898
1.75,2.0856335
3.0714285714285716,2.42419
2.0476190476190474,2.1717508
1.4,1.798041
2.074074074074074,2.0565696
2.0,2.3613746
5.3,2.4255102
1.4634831460674158,1.9521226
1.8565891472868217,1.9229811
1.4225352112676057,1.9940208
1.4883720930232558,1.8068078
7.153846153846154,2.7740884
1.08,1.8883789
2.069855732725892,1.9768013
1.875,2.1605074
1.6041666666666667,1.6834157
1.7125220458553791,1.9086497
2.3076923076923075,1.9947116
1.3888888888888888,1.6454993
2.717391304347826,2.260939
1.4285714285714286,1.8862423
3.27027027027027,2.5222342
1.5631067961165048,1.9205654
2.5454545454545454,2.707184
1.7647058823529411,1.9528179
1.25,1.8967131
0.32,1.40245
2.090909090909091,2.328737
1.105263157894737,1.3438087
2.2931726907630523,1.9727339
3.28,2.193827
2.1836195508586527,1.9414201
2.7,2.1905766
1.7454545454545454,2.115431
1.2,1.6255156
1.8273809523809523,1.939034
1.5116279069767442,2.1177342
1.694915254237288,2.137295
2.0102915951972555,1.9542365
0.7835820895522388,0.9191049
3.6666666666666665,2.6316724
2.857142857142857,2.1338708
2.4615384615384617,2.5767229
1.3870967741935485,2.0779877
1.7027027027027026,2.2925231
2.5,2.5126345
1.725531914893617,1.9351325
1.608695652173913,1.9741294
3.2857142857142856,2.9293244
1.8747044917257683,1.9827427
1.5490196078431373,1.916103
4.171875,2.433094
1.8159806295399517,1.949793
0.9166666666666666,1.2450202
6.176470588235294,2.552883
1.5414364640883977,1.9552939
1.0909090909090908,1.4594728
1.7671232876712328,1.9385442
2.05,2.0363855
1.6326530612244898,2.078594
2.2517838939857286,1.9633439
3.3181818181818183,3.2765784
1.84,2.0381474
1.5267489711934157,1.9562045
1.8160535117056855,1.9309723
2.689655172413793,2.6978173
1.55,2.1419153
2.323943661971831,1.9422913
2.388888888888889,3.0924652
1.5750350631136045,1.8028982
5.987179487179487,2.2916548
1.9372549019607843,1.9463097
1.8333333333333333,2.1458335
2.0064205457463884,2.0106807
1.7666666666666666,1.9496745
1.775438596491228,1.8745323
3.0,2.1466424
2.0,2.0744631
2.4,2.396649
1.9634146341463414,1.9902248
2.2115027829313543,1.9811627
1.59375,2.8771503
1.853846153846154,2.0296688
1.5357142857142858,1.8543545
1.5238095238095237,1.4951643
2.1466876971608833,1.9194053
1.6407766990291262,2.089817
1.9542483660130718,1.9125007
5.153846153846154,1.9555904
1.702127659574468,1.9082286
2.626794258373206,2.0635595
1.608695652173913,1.7298537
1.0833333333333333,2.042652
1.7575057736720554,1.9279457
1.391304347826087,1.8468802
2.0686274509803924,1.9301856
1.4933333333333334,1.9205258
1.9761904761904763,2.3119135
1.797662527392257,1.8083603
1.0909090909090908,1.3932086
1.6944444444444444,1.9267921
1.503875968992248,1.9244132
1.953125,2.0885937
1.763157894736842,2.1569138
1.8780487804878048,1.8652574
1.4166666666666667,2.663107
2.0727650727650726,2.0680776
1.0769230769230769,1.3097081
4.304347826086956,1.5284646
1.75,2.131835
1.1702127659574468,1.2673433
4.285714285714286,2.2445555
1.8709677419354838,2.2528524
3.2903225806451615,2.212431
1.411764705882353,2.1849058
1.894736842105263,1.6635857
1.5185185185185186,1.9979529
4.225806451612903,2.4697113
1.6436285097192225,1.9182985
1.2876712328767124,1.8896464
1.6578947368421053,2.0008094
1.3333333333333333,2.2988498
2.191869918699187,1.95816
1.8753056234718826,1.8584186
2.3076923076923075,2.3913307
1.5369127516778522,1.975156
1.8620689655172413,1.6535836
2.64,3.1462064
2.8333333333333335,2.214857
1.3970588235294117,1.9139843
1.5023041474654377,1.8468552
2.215909090909091,1.9571308
2.2439024390243905,2.05047
2.3736559139784945,2.0145724
1.9696969696969697,2.6094513
1.4761904761904763,2.289747
1.7941176470588236,1.653381
1.6662946428571428,1.9419763
1.568,2.10223
2.4349775784753365,2.0151975
2.5,1.8658905
1.5294117647058822,2.568218
3.15,1.9418223
1.0476190476190477,1.3159711
1.6080476900149032,1.9354417
2.2,1.999365
2.4871794871794872,2.154566
2.0548780487804876,1.9106984
2.319672131147541,1.946962
1.7592592592592593,1.8275365
2.8518518518518516,2.5368242
1.2272727272727273,1.3509911
1.9659211927582534,1.8516139
1.6666666666666667,1.6485026
2.1176470588235294,1.9952154
3.2857142857142856,2.5550034
1.1777777777777778,1.9932864
2.4,2.5148582
1.5153846153846153,1.9312532
0.5679012345679012,1.0545349
2.149532710280374,1.9319077
2.3474320241691844,1.8706626
1.9393939393939394,2.2022328
1.838124054462935,1.9334631
1.9174484052532832,1.9835442
1.394736842105263,1.9879628
1.770949720670391,1.9354699
1.7373737373737375,1.9278648
1.9176598049837486,1.9296938
1.654970760233918,1.8888501
2.193353474320242,1.9881154
2.7857142857142856,2.143535
2.1333333333333333,1.9000407
2.466666666666667,2.106305
2.0,1.9763796
1.8974358974358974,2.5833516
1.75,1.882559
2.590909090909091,1.9493129
2.923076923076923,2.6231813
2.1252653927813165,1.8283744
2.064935064935065,2.0410147
2.78698224852071,1.9252303
2.4306930693069306,1.8872478
3.7560975609756095,2.1467881
4.476190476190476,3.495021
0.4444444444444444,0.9914366
3.5697674418604652,2.5440168
0.7596899224806202,1.5731936
1.9444444444444444,1.8808317
1.5833333333333333,1.9456224
2.3197278911564627,1.9616424
1.8333333333333333,1.7138513
2.75,2.206366
1.7263157894736842,2.1028557
1.0,1.4588107
1.835725677830941,1.9142433
2.21256038647343,1.990776
1.2,1.4959214
1.8725961538461537,1.9193387
1.3103448275862069,2.3118007
6.131782945736434,3.5830011
2.1538461538461537,2.5296896
1.4074074074074074,1.5686214
1.4521739130434783,1.7919986
2.1137724550898205,1.8800684
1.2894736842105263,1.9044558
1.6482830385015608,2.0364923
1.44,2.0607255
1.7837837837837838,2.0577292
1.6290322580645162,1.7367642
2.12,1.7777833
2.588235294117647,3.0684266
2.1333333333333333,2.311789
1.7142857142857142,1.2922622
1.7065217391304348,1.9769126
5.285714285714286,2.4762995
1.810077519379845,1.9960831
1.8,1.9620445
1.8438438438438438,1.9570184
4.155339805825243,1.9504995
1.5454545454545454,2.4753218
1.8651685393258426,1.4101168
2.0843373493975905,1.9473243
1.8846153846153846,1.7623655
1.7391304347826086,1.8141564
4.0625,2.3487
2.8214285714285716,2.5819483
1.9012345679012346,2.27969
4.1,2.0158606
2.548207171314741,1.968687
1.7142857142857142,1.7172815
2.98,1.7552984
3.1724137931034484,2.1616592
2.210526315789474,2.0953357
1.7727272727272727,2.1419172
2.0,2.3557525
1.6666666666666667,2.1010797
9.0,2.4412777
1.4230769230769231,1.6521306
1.7768595041322315,2.0255256
1.8841463414634145,1.9365494
1.875,1.7073847
3.705263157894737,2.0734923
2.0,2.042617
2.716417910447761,2.263298
1.5384615384615385,2.1070824
1.6666666666666667,1.710656
2.2432432432432434,2.1651058
1.1481481481481481,1.9283719
1.2142857142857142,2.4635806
1.9268292682926829,2.0908127
1.4585635359116023,1.9177608
9.209876543209877,3.5079377
1.9645161290322581,1.9429783
1.7578947368421052,1.9951383
5.2,2.192947
1.5357142857142858,2.0553708
2.169811320754717,2.2787483
2.032258064516129,2.1986232
1.3790322580645162,2.0287015
1.7532467532467533,1.864289
1.5997638724911452,1.8883344
1.6363636363636365,2.0235577
1.6244541484716157,1.9592397
2.2719298245614037,2.5121806
2.0517241379310347,2.9327955
2.2,2.690162
2.020463847203274,2.0133781
2.0616438356164384,1.9591858
1.9166666666666667,2.112232
2.5164658634538153,1.9616224
2.1176470588235294,2.0078459
2.7142857142857144,2.3699453
1.4828571428571429,1.9824983
4.3958724202626644,2.0276043
1.2941176470588236,1.9975485
1.8064516129032258,2.8789933
1.810331534309946,1.8954923
1.5714285714285714,2.0206661
1.7924528301886793,2.1887157
1.5338753387533874,1.9759388
3.6363636363636362,2.286618
1.3333333333333333,2.1177585
0.75,2.2272856
1.0833333333333333,1.8012022
1.8060288335517694,1.8543819
1.5833333333333333,1.7006783
1.4705882352941178,1.6319579
1.125,1.2888966
2.3469387755102042,2.0943053
1.5,2.1185646
1.9230769230769231,1.7450789
1.48,2.1558108
2.5205479452054793,2.220448
3.5652173913043477,3.0568087
2.4615384615384617,2.4790668
1.6521739130434783,2.388494
1.5309568480300189,1.8414098
1.7454545454545454,2.021406
1.6082474226804124,2.068729
3.4379084967320264,1.9527225
2.411764705882353,2.2205627
1.1067415730337078,1.857293
4.28,2.1252227
1.816326530612245,2.2566178
2.875,2.5604036
1.5714285714285714,2.5494947
1.0945945945945945,1.701682
1.5229357798165137,1.9449407
2.0625,2.3705645
1.380952380952381,1.6519474
1.9352380952380952,1.8690287
1.7666666666666666,1.9246124
2.053367217280813,1.9593239
1.6080760095011877,1.8238566
1.588235294117647,1.7335789
1.8018018018018018,2.1251252
1.9215686274509804,1.6655002
2.5,2.2754517
2.0,0.982352
1.5384615384615385,2.4405754
2.6470588235294117,2.085423
2.3125,1.9745523
1.2857142857142858,1.7772026
2.25,2.4891503
2.217391304347826,2.7292907
1.9552042160737813,1.8679215
1.625,2.0170715
1.7579908675799087,1.8625557
1.6744186046511629,1.8824933
1.4090909090909092,2.184541
1.5583173996175907,1.9119037
8.094059405940595,2.0355668
2.176470588235294,2.0466564
1.7272727272727273,1.8912389
2.4150943396226414,2.165493
2.200210748155954,2.0542908
2.192982456140351,2.098081
1.8358974358974358,1.8787429
1.5294117647058822,2.3960567
1.4375,2.09274
2.05,2.2038214
2.4375,2.356997
1.6222222222222222,2.132372
2.375,2.471208
1.4230769230769231,2.176772
1.4986522911051212,1.8965616
2.9375,2.531974
1.5178571428571428,2.0722241
1.7321428571428572,1.8103259
2.4140625,1.9389604
2.0408163265306123,1.8994249
2.008403361344538,1.8673885
1.25,2.0688493
2.4408602150537635,1.9907447
1.9803921568627452,1.8237741
1.759047619047619,1.7869283
1.6666666666666667,2.2377298
2.857142857142857,2.383166
2.2,2.1288524
1.7391304347826086,1.7133244
2.189189189189189,1.8575765
1.9612476370510397,1.9523495
1.7559652928416485,1.8733765
2.076923076923077,2.4682593
2.907488986784141,1.9005682
1.558139534883721,2.1671576
1.5,2.0812113
1.7710843373493976,1.8699836
2.4836363636363634,1.9399452
1.7912621359223302,1.925689
1.5794392523364487,1.8615497
1.4710743801652892,1.8991657
2.212121212121212,1.8752102
1.9676674364896074,1.8770341
2.2788461538461537,2.1156132
2.030075187969925,1.9323423
2.0366300366300365,1.928766
3.230769230769231,2.1833732
1.674013921113689,2.0130353
3.2,1.4452612
1.625,2.1784785
1.5,1.6907839
1.3235294117647058,1.45816
2.825503355704698,1.9800236
1.6836065573770491,1.915936
1.45,2.1403542
1.8278688524590163,1.9454075
1.8076923076923077,1.5338008
1.9989528795811518,1.8678076
1.375,2.0306504
2.0,2.5688152
1.893719806763285,1.951674
1.9350348027842228,1.922373
1.7810026385224274,1.8383244
1.8560371517027863,1.9478464
2.0,2.1814902
6.2,1.7971781
2.287037037037037,2.0053627
2.36734693877551,1.9193391
1.9316338354577056,2.0663376
1.893939393939394,1.9620335
1.6975206611570248,1.8768975
1.9074074074074074,2.0561619
1.8937823834196892,1.9025531
1.8620689655172413,2.1863625
2.9444444444444446,2.1690924
1.5421052631578946,1.9109598
3.9130434782608696,2.0145252
2.210526315789474,2.2442079
1.725644699140401,1.8482215
2.336448598130841,1.5385369
1.7714285714285714,1.9326242
2.3174603174603177,2.2843685
1.5348837209302326,1.847114
1.92,1.8885638
2.0833333333333335,2.5817285
1.8425196850393701,1.98328
1.7083333333333333,2.1358051
1.4883720930232558,1.4228065
1.9273927392739274,1.9110949
2.142857142857143,2.4395037
3.125,2.3511467
1.6240601503759398,1.923774
1.7359125315391084,1.8319652
1.7589403973509934,1.988144
2.235294117647059,2.0935414
1.3571428571428572,2.433842
1.6363636363636365,2.7561219
1.95,2.538569
3.3518518518518516,2.50733
1.2916666666666667,1.2615105
8.846153846153847,2.3332503
1.5238095238095237,2.9631476
1.9871794871794872,1.9008713
1.6578947368421053,2.0755706
1.631578947368421,1.9030443
1.1923076923076923,1.6130068
1.940495867768595,1.9567051
1.592920353982301,1.978524
1.7036535859269282,2.0040424
1.7667560321715818,1.9100633
5.0,2.5216413
2.0804597701149423,2.3680727
0.8518518518518519,1.5835034
1.546583850931677,1.8323078
2.32,2.287163
1.5637181409295353,1.8390063
2.0,2.0070028
1.948545861297539,1.9178754
1.3478260869565217,2.3347352
1.8941176470588235,2.1442163
1.3333333333333333,1.5880647
1.9696969696969697,2.468642
2.8333333333333335,2.651989
2.8,2.1491938
2.111111111111111,1.9615706
3.361111111111111,2.117135
0.9166666666666666,1.5359629
1.7142857142857142,2.5191514
1.5357142857142858,1.9226156
1.339080459770115,1.8544225
2.723404255319149,2.3511603
1.62,2.1173632
2.257142857142857,2.0728672
1.8138138138138138,2.0435534
2.3043478260869565,2.1546624
1.5384615384615385,1.654898
1.5935483870967742,1.8578973
4.794117647058823,2.4045806
2.015645371577575,2.0608659
1.8245614035087718,2.002562
1.9898477157360406,1.920806
2.037037037037037,1.7768915
1.9852941176470589,1.8288431
1.0,2.4366186
1.8602620087336244,1.9483323
1.1136363636363635,1.9406161
1.588235294117647,2.1786032
2.152173913043478,1.8573847
7.083333333333333,2.649092
2.4599483204134365,1.9647533
2.0714285714285716,2.226261
2.225,2.3237388
1.835820895522388,2.0137994
1.4146341463414633,2.0194862
6.044444444444444,2.1987462
1.8927680798004987,1.903959
1.9285714285714286,1.9934069
2.02089552238806,2.0479276
2.064516129032258,2.1359048
1.3636363636363635,1.647762
2.36,1.9569085
1.2469135802469136,1.9646571
2.0,1.9535419
1.5714285714285714,2.0663412
2.226993865030675,1.9819391
1.9037199124726476,1.827629
1.5758468335787923,1.9765757
1.9727272727272727,1.9607459
1.8172043010752688,1.8945327
1.4355828220858895,1.8814617
2.0,2.146971
1.7407407407407407,2.156875
1.5121951219512195,1.8859092
2.949367088607595,1.9499823
1.5,1.2337455
2.3069908814589666,1.923775
1.5,2.0427907
1.6503496503496504,1.9410872
1.7788461538461537,1.8963728
1.2592592592592593,2.022177
0.7096774193548387,1.91278
3.6774193548387095,1.7423619
2.0,2.5052032
1.8172043010752688,1.8748962
1.5923076923076922,1.865142
1.7567567567567568,2.2335668
1.8082901554404145,1.9764824
1.9230769230769231,2.4361484
1.52,2.0864613
1.4563758389261745,1.8321669
1.1428571428571428,1.3110913
1.901639344262295,1.9294586
2.4,2.1314895
1.7142857142857142,2.6099062
1.5850253807106598,1.9346145
1.837968561064087,1.9232635
0.9285714285714286,1.7774771
1.75,1.9205245
1.7258064516129032,2.1440842
3.090909090909091,2.4032984
2.1666666666666665,2.143533
1.7273853779429988,1.923407
1.746236559139785,1.9263666
2.2857142857142856,2.1810117
1.7241379310344827,1.8573047
2.0,1.6648116
2.4672131147540983,1.9778802
1.945945945945946,2.1665726
1.6666666666666667,2.0422132
2.1363636363636362,2.1765535
1.5625,2.3551018
3.7777777777777777,2.3444974
1.2777777777777777,1.9384996
1.4864864864864864,1.9259797
1.552,1.9847988
1.6246518105849581,1.7840273
1.8333333333333333,2.5767345
3.272727272727273,1.7160556
1.6131147540983606,1.9309012
2.030085959885387,1.8983978
1.5,2.3995159
1.7692307692307692,1.9175875
1.7142857142857142,1.8021065
2.098360655737705,2.1678145
1.6299659477866062,1.9197038
1.4736842105263157,2.0151563
1.941320293398533,1.9037223
1.0,1.5557489
2.111111111111111,2.566999
1.3945945945945946,1.9525918
0.5714285714285714,1.5416024
1.9668769716088328,1.9478464
1.1875,1.7386496
2.0851063829787235,2.025731
1.5229885057471264,1.8756704
1.588235294117647,1.9345754
1.6666666666666667,0.8770986
1.68,1.8726671
2.4563106796116503,2.946686
1.8894389438943895,2.0532637
1.6551226551226552,1.8379226
1.656195462478185,1.9488578
1.7619047619047619,1.2676941
1.9921875,1.8998013
1.9065420560747663,1.8682133
1.6779891304347827,1.8851346
1.9246575342465753,1.8890256
2.058139534883721,1.986672
1.8235294117647058,1.9424244
2.536231884057971,2.1182494
1.1958762886597938,1.7542584
1.6129032258064515,1.4480721
1.6823529411764706,1.8183186
1.5324675324675325,1.8234503
1.6119402985074627,2.0198176
2.0,2.2182386
2.606060606060606,2.4887257
1.7137254901960783,1.9706875
1.5528596187175043,1.8236576
5.722222222222222,2.014658
1.6910994764397906,1.9230186
1.0,1.441766
0.8596491228070176,1.4180161
1.9941520467836258,1.991929
2.761904761904762,2.285341
2.608695652173913,2.725696
1.7058823529411764,1.7874904
2.0,2.6620493
6.044943820224719,2.3184278
1.71875,2.2363594
1.9723756906077348,1.9378049
2.125890736342043,1.9301856
2.611111111111111,3.3455455
1.0285714285714285,2.1236048
1.8920972644376899,1.8574929
1.947089947089947,1.9651803
1.721311475409836,1.8094645
2.9411764705882355,2.0923638
1.338235294117647,1.7383567
1.7914691943127963,1.958237
1.2352941176470589,2.0632126
1.9017857142857142,2.0094147
2.057142857142857,2.273917
1.7662082514734774,1.8663323
1.2380952380952381,1.5744938
1.625,2.466749
3.086206896551724,2.260594
1.9018087855297157,1.8931211
3.1666666666666665,3.0616515
1.5,2.0327919
1.3725490196078431,1.6244243
2.264761904761905,2.0511026
1.7777777777777777,1.8916589
1.982488479262673,1.9116122
0.8737864077669902,1.677544
1.8333333333333333,2.0658362
0.8695652173913043,1.7255647
1.8120300751879699,1.9348093
2.5814307458143073,2.0342617
1.3888888888888888,2.1127849
2.9178082191780823,2.787074
1.719429857464366,1.9051753
1.6363636363636365,2.4263928
1.2682926829268293,1.8721516
1.6044776119402986,1.8852073
4.454545454545454,2.967449
1.503030303030303,1.9225569
1.6842105263157894,2.0633714
1.875,2.0009787
2.375,2.461008
1.8408163265306123,2.006545
1.6372155287817938,1.9205626
1.7027027027027026,2.2801518
1.7430555555555556,1.9188987
1.8928571428571428,2.36202
1.4411764705882353,1.357652
2.581081081081081,2.253239
2.0875,2.2423477
2.0217391304347827,2.162366
2.272727272727273,1.8516172
1.753413654618474,1.9195474
1.6521739130434783,2.1710696
1.5,2.276472
1.6923076923076923,2.5100477
1.528301886792453,2.249206
2.048780487804878,1.9191741
3.6065573770491803,2.0173872
1.699009900990099,1.9115883
1.7777777777777777,2.0648708
1.5379310344827586,1.9291273
1.5588235294117647,1.9678632
1.1515151515151516,2.4662163
1.6551724137931034,1.6795108
1.3157894736842106,2.1221125
3.5076923076923077,1.8938311
2.051282051282051,1.6087575
1.6933333333333334,2.1983738
2.5,2.7518408
2.008130081300813,2.1044214
2.052941176470588,1.9314092
1.6210526315789473,1.8833877
1.4090909090909092,1.6649073
2.2100456621004567,1.9793094
1.6764705882352942,2.3626964
1.9090909090909092,1.8869668
1.8681318681318682,2.2155771
3.5,2.9298613
2.125,2.4884217
1.787012987012987,1.9146543
1.4482758620689655,1.7438418
1.962962962962963,1.948483
1.8962962962962964,1.9875853
1.4696969696969697,2.0140164
2.25,2.2572386
2.1797752808988764,2.0052187
2.3389830508474576,1.900924
4.10655737704918,1.9930714
1.7468354430379747,1.9410233
1.7,2.0975926
1.5,1.8355483
1.7621776504297995,1.8306936
2.1,2.019074
1.6989795918367347,1.9353313
1.6428571428571428,2.9054463
1.3125,1.9602356
3.806451612903226,2.1528285
1.6363636363636365,2.5125809
1.974436090225564,1.9903463
3.357142857142857,2.5824845
3.142857142857143,2.286469
1.675,2.2300274
2.787878787878788,2.3977888
1.5139442231075697,1.9240779
1.7647058823529411,2.010377
1.9142857142857144,2.2283769
5.916666666666667,2.2405226
1.7142857142857142,1.7395742
1.6571072319201996,1.8927506
1.9821882951653944,1.9451216
2.8333333333333335,1.6828936
1.7254901960784315,1.9173548
2.702127659574468,2.1086497
1.0217391304347827,1.797622
1.6,2.2458956
1.8604651162790697,1.8283744
2.739784946236559,1.9778186
4.857142857142857,2.7914314
6.7105263157894735,1.9657372
1.7571428571428571,2.0361226
2.3125,2.2325256
3.5185185185185186,1.7267911
1.8327137546468402,1.9853426
1.3584905660377358,2.264364
2.240190249702735,2.0181336
1.4516129032258065,1.8817954
1.8444976076555024,1.9158553
2.2413793103448274,2.8063424
2.0588235294117645,2.2295427
0.9273743016759777,1.7289399
1.7142857142857142,2.3745472
1.3584905660377358,1.575673
2.0,1.9133964
1.7547169811320755,1.9681727
2.037974683544304,1.9186584
2.6666666666666665,2.7040682
1.5789473684210527,2.006167
1.5238095238095237,1.6275892
0.782608695652174,1.3240134
1.0952380952380953,1.8921415
1.2954545454545454,1.8094497
1.9777777777777779,1.9451716
1.8851674641148326,1.9303292
2.3703703703703702,2.111255
1.973802395209581,1.8255905
1.4736842105263157,1.7283282
7.0,2.3387926
1.5813953488372092,2.0081189
1.6857142857142857,2.0545254
1.3,2.3332863
1.8461538461538463,2.380309
2.1470588235294117,1.6203201
0.9767441860465116,1.5192829
1.819838056680162,1.8883867
2.736842105263158,1.9768592
3.1176470588235294,2.4321375
2.120603015075377,2.0010855
1.6825688073394496,1.8167555
2.322314049586777,2.8106601
2.8125,2.5008135
1.7310398749022673,1.9080765
1.3555555555555556,1.7344937
1.1639344262295082,1.5849121
4.0588235294117645,2.4808083
1.7593360995850622,1.7827132
2.0136986301369864,1.9481341
1.710344827586207,1.9310036
1.8455882352941178,1.9391415
1.7027027027027026,2.2374165
1.9156626506024097,2.013192
1.8888888888888888,2.2600348
1.7623456790123457,1.8821583
1.99009900990099,2.0968466
1.9346590909090908,1.9415923
1.7980769230769231,1.8483086
5.741935483870968,2.8194847
2.353846153846154,1.9981934
1.411764705882353,2.183511
1.8525963149078728,1.939755
2.0,1.9776434
1.4285714285714286,1.7478807
1.8809034907597535,1.9011787
1.7971014492753623,1.9651277
1.4545454545454546,2.8635914
1.82421875,1.905734
1.749710312862109,1.915206
1.9952153110047848,1.9694004
1.5223880597014925,2.1096482
1.9130434782608696,1.6748495
2.0,2.4223135
2.0471512770137523,1.9512111
2.2857142857142856,2.317537
0.9444444444444444,2.0235312
2.05,1.8785207
2.432098765432099,2.4054186
3.0,2.1423924
1.9322033898305084,2.0209625
2.0059880239520957,1.9141562
1.2307692307692308,1.761489
2.2432432432432434,1.991985
2.75,1.9039663
1.3365384615384615,2.1390781
3.0598290598290596,2.180984
3.0954773869346734,2.0221176
4.444444444444445,2.6277936
2.3191489361702127,2.2002788
1.9657534246575343,2.011235
1.3888888888888888,1.9672567
1.588235294117647,1.8893678
2.888888888888889,3.0560865
1.9986149584487534,1.9688672
2.0500863557858375,1.9756902
1.6153846153846154,1.9146694
0.9024390243902439,1.2677836
1.8515981735159817,1.9076965
3.125,2.7682161
1.9764957264957266,1.9102414
1.75,2.388337
1.875,2.2566092
2.5,2.7851257
1.2307692307692308,2.046188
3.375,2.1142585
1.5862068965517242,2.292513
1.8106060606060606,1.928092
1.7023809523809523,2.0248215
1.8594771241830066,1.8712975
1.2191780821917808,1.8132857
1.6666666666666667,2.2934473
1.5709302325581396,1.8107086
1.28125,1.7372489
1.9083969465648856,1.8978031
2.210526315789474,2.3005564
1.6094674556213018,1.901836
2.129032258064516,1.9064445
1.2777777777777777,1.2572573
1.9411764705882353,2.0903487
3.4545454545454546,2.110088
1.2203389830508475,1.6294909
1.8282208588957056,1.9475238
2.7777777777777777,2.38863
1.6027397260273972,1.8482667
1.544776119402985,1.9221228
1.1954022988505748,1.8217812
2.0311614730878187,1.9024413
1.5,2.0104198
1.2222222222222223,2.3306088
2.3214285714285716,2.2914422
1.8101694915254238,1.951824
1.8277680140597539,1.8600143
1.7006060606060607,1.8496901
1.2857142857142858,2.0808675
1.8938053097345133,2.0596514
1.7083333333333333,2.2315652
1.9411764705882353,2.3383386
1.9866310160427807,1.9283496
2.1143473570658036,1.9532646
1.8409893992932862,1.9488578
1.6928763440860215,1.792052
0.64,1.4692762
1.8181818181818181,2.688165
1.9565217391304348,2.3733065
1.6382978723404256,2.2736769
1.775599128540305,2.022311
1.8289241622574957,2.0276043
2.4571428571428573,1.7755282
3.1333333333333333,2.2668948
3.3095238095238093,2.492311
1.5442176870748299,1.8653517
1.9880239520958083,1.916235
1.697674418604651,1.9433159
3.0476190476190474,1.3867319
1.3777777777777778,1.70412
1.408450704225352,2.2088342
1.5,2.0387993
3.142857142857143,3.1945474
1.6484268125854993,1.8650931
1.9523809523809523,1.6580757
1.3540372670807452,1.806069
1.5789473684210527,2.0117593
2.75,2.4493644
2.563106796116505,2.2451797
1.6,2.424809
2.80327868852459,2.1878314
1.9090909090909092,2.389822
1.9230769230769231,2.7676573
1.7695852534562213,1.8062047
1.870712401055409,1.9057459
1.8641304347826086,1.94831
1.7333333333333334,2.0353813
1.9411764705882353,2.2205627
1.7777777777777777,2.5450795
2.0,1.9974017
1.5,1.6494024
1.6818181818181819,2.1961713
1.4763313609467457,1.8447349
1.9444444444444444,2.4707325
1.78125,2.413619
1.5,2.2090347
1.8623978201634876,1.9126225
1.3,2.8610446
1.375,2.316335
2.129032258064516,1.92243
1.9130434782608696,2.206649
1.4782608695652173,2.520628
3.3550724637681157,1.8031287
1.6122448979591837,2.0226805
1.5025125628140703,1.8429765
1.0,2.0453298
1.6883116883116882,1.756604
2.2311284046692608,1.9449918
1.1578947368421053,1.9105092
1.6875,1.9537833
1.7798165137614679,2.0263453
2.7222222222222223,2.10874
1.625,2.573885
1.9574468085106382,1.9576622
1.7708333333333333,1.9295816
1.7160493827160495,2.0730028
2.0246913580246915,1.8856887
1.6467661691542288,1.946102
2.2666666666666666,2.7819223
1.8780487804878048,1.9455436
1.885111371629543,1.9618798
2.909090909090909,2.6176765
1.6122448979591837,1.8037107
1.1666666666666667,1.6271015
2.263157894736842,2.3042946
1.8625954198473282,1.8715447
2.085714285714286,1.9832057
1.4220532319391634,1.9034407
1.543859649122807,1.9574393
1.6271186440677967,1.965393
2.4,1.8508378
2.032258064516129,1.5915674
0.9444444444444444,1.6382455
1.7647058823529411,2.812256
2.8421052631578947,2.8315492
1.4887218045112782,1.9782747
1.76,1.788232
1.7142857142857142,1.9750946
1.7543424317617866,1.9193006
4.709302325581396,1.630103
1.2857142857142858,2.3414943
1.6666666666666667,2.1260066
1.2592592592592593,1.4502457
1.7666666666666666,1.8799884
2.19672131147541,1.9814482
2.1818181818181817,2.6199524
1.2727272727272727,2.4032984
2.5555555555555554,2.1323714
1.4411764705882353,1.9637862
0.7592592592592593,1.9493043
2.25,2.0571718
1.8181818181818181,2.4231749
2.727272727272727,2.5855048
1.9137529137529137,1.9814041
2.7450980392156863,2.1431036
1.2,1.5322165
1.4498480243161094,1.8505872
1.9307359307359306,1.9780219
1.9393939393939394,2.0538929
1.1071428571428572,2.2228475
7.25,3.7452648
1.7222222222222223,2.1142416
0.7878787878787878,1.1424369
1.4093264248704662,1.863166
2.3157894736842106,2.1055763
1.4210526315789473,1.9458555
2.1075697211155378,1.9321641
2.951219512195122,2.0873892
2.2264150943396226,1.9118224
1.65625,1.9766988
1.727891156462585,1.7811046
2.2666666666666666,1.8925095
1.3928571428571428,1.7647793
1.0,1.3806581
3.2260273972602738,2.0145698
2.0444444444444443,1.9253986
1.7777777777777777,1.9040804
1.04,1.4454023
2.057142857142857,2.2702549
1.2727272727272727,2.108565
1.8946280991735538,1.9370433
2.53125,2.4338803
2.0984615384615384,1.9439505
1.1515151515151516,1.4462228
2.2857142857142856,1.7832215
1.6514084507042253,1.978291
2.4074074074074074,2.558587
1.7371937639198218,1.9731004
3.2142857142857144,2.2546706
1.9830508474576272,2.0101945
2.3529411764705883,1.5778236
1.6046511627906976,2.2281132
1.7616279069767442,1.9465531
1.6084656084656084,1.8283744
2.1363636363636362,2.2726343
3.71875,1.9201751
1.9612590799031477,1.9342791
1.4857142857142858,1.8741821
3.450980392156863,2.5139713
3.1333333333333333,2.1663363
2.0759493670886076,1.9688145
1.8795180722891567,2.0908954
2.0454545454545454,1.932195
0.9285714285714286,1.7440566
2.375,1.9665809
2.0,1.9060755
1.1818181818181819,1.5168197
2.2222222222222223,1.9734632
1.9767441860465116,1.8992269
2.36,1.9535415
1.706896551724138,1.9139817
2.162629757785467,2.000579
2.4127579737335836,1.980489
1.3888888888888888,1.9023358
3.820359281437126,2.1983528
2.574468085106383,2.0111976
1.4857142857142858,1.2368456
2.473684210526316,2.6525
1.1818181818181819,2.6169138
2.6176470588235294,1.8660188
0.84,1.2420443
2.25,2.7899556
1.7641509433962264,2.0027223
1.816326530612245,2.0621471
1.6323529411764706,1.9534061
2.0,2.546373
1.4285714285714286,2.0276961
0.8863636363636364,1.9857253
2.6,3.2072234
1.6852791878172588,1.8567239
3.0,3.349091
2.5783132530120483,3.3967235
1.605263157894737,2.266895
3.9166666666666665,2.369397
2.3805309734513274,1.9990978
2.5529500756429653,2.0325022
1.7741935483870968,1.9140304
2.8,3.3451586
1.3333333333333333,1.902935
2.025,2.1848152
1.1081081081081081,1.8623714
1.6595744680851063,2.130483
0.5714285714285714,1.6463164
2.138888888888889,1.9232335
1.7154929577464788,1.8028982
2.2,2.321982
1.9892588614393125,2.04996
2.5,2.6266205
1.7222222222222223,2.0592687
2.0,2.4219227
1.9402439024390243,1.8205577
1.632,1.9475422
3.8058252427184467,2.0628116
1.9,1.8329762
2.2962962962962963,2.3183446
1.24,1.4397378
1.850785340314136,1.8989145
1.0710059171597632,1.6288011
1.3448275862068966,1.7076414
2.0527859237536656,1.9546643
1.7058823529411764,2.1015587
2.2564102564102564,1.8980256
2.3333333333333335,2.7158172
1.5555555555555556,2.1533303
2.0132890365448506,2.0332787
2.0,2.361863
2.0713775874375444,1.812553
2.3849557522123894,1.9169391
1.7891246684350133,1.8611753
1.803030303030303,1.8414098
1.5277777777777777,1.9431305
2.0157728706624605,1.8958074
1.4,1.432024
1.945754716981132,1.9393487
1.75,1.8384584
2.134199134199134,1.9045042
1.591549295774648,1.9485995
2.251870324189526,1.9279457
1.7714285714285714,1.916521
1.6875,2.2158234
2.2477231329690346,1.9328207
1.945054945054945,2.2368445
1.6153846153846154,2.0659053
1.9565217391304348,3.038476
1.6510015408320493,1.8340458
1.5255972696245734,1.8476126
1.2857142857142858,1.7393403
2.0277777777777777,2.0027275
2.0,2.52539
2.1791044776119404,2.1284938
2.3260869565217392,2.0186963
1.7692307692307692,1.7857522
2.5028571428571427,1.9354312
1.380952380952381,1.753619
1.824612403100775,1.8522323
1.9189189189189189,2.5329854
1.711111111111111,1.9715412
1.2777777777777777,1.8629366
1.7027863777089782,1.9098576
1.460093896713615,1.8974452
2.121212121212121,2.0037959
1.7881136950904393,1.9346439
1.4444444444444444,2.006521
2.1621621621621623,2.159417
1.7448275862068965,1.8320594
1.8473895582329318,1.8572127
1.02,1.9414098
1.5,1.7410831
1.9012474012474012,2.0249617
3.510204081632653,2.0139387
1.9039548022598871,1.9440567
1.4318181818181819,1.9885697
1.2,1.5867842
1.1,1.644901
2.0,1.9091712
1.4047619047619047,1.9136173
1.1428571428571428,1.5054659
1.6707021791767553,1.8167706
1.6774193548387097,2.577265
1.0681818181818181,1.3207662
2.962962962962963,2.2121773
6.0,2.5965638
2.5454545454545454,2.4847739
1.5,1.7404119
2.5006257822277846,2.0147243
2.0,2.089683
1.5896414342629481,1.8632447
2.4313725490196076,2.4672847
1.6363636363636365,2.6546814
1.7777777777777777,2.7739809
1.4634146341463414,1.8984874
2.0063897763578273,2.016406
2.5217391304347827,1.9680794
2.4698795180722892,2.4095674
1.9339285714285714,1.8343539
2.484848484848485,2.1600916
1.3505154639175259,2.1369045
1.829059829059829,1.9186708
1.7303921568627452,1.9225494
1.855072463768116,1.6505921
2.5294117647058822,2.1683545
1.5172413793103448,2.061437
1.6065573770491803,2.014351
1.8633540372670807,1.8035147
2.040625,1.9633439
2.3555555555555556,2.14888
1.393939393939394,2.0619721
2.0285714285714285,2.0642514
2.1283095723014256,1.9526981
1.2291666666666667,1.9124995
1.702394526795895,2.018804
1.8085106382978724,1.9722029
3.2857142857142856,2.7404113
1.9333333333333333,2.5219386
2.56,2.136486
1.588235294117647,1.9606248
1.5636363636363637,2.1886907
2.1855388813096863,1.9735899
3.380952380952381,2.282076
1.8556149732620322,1.9396616
1.4678899082568808,1.9572308
1.8620689655172413,1.657172
4.591549295774648,2.0261362
2.95,2.6769674
1.7367816091954023,1.9010452
1.5,2.0650384
0.9428571428571428,1.1829398
8.365853658536585,2.0341644
1.903225806451613,2.178214
4.8125,3.236303
3.857142857142857,1.9185189
1.4102564102564104,1.7789695
2.0170454545454546,1.9097708
1.8416666666666666,2.136586
1.7354497354497354,1.8690287
1.3225806451612903,1.6034759
1.599526066350711,1.827629
1.6428571428571428,2.058666
1.9337979094076656,1.8147589
2.518796992481203,2.030519
1.565934065934066,1.8553998
2.357142857142857,2.0010855
1.434782608695652,2.0352342
1.55,2.6801586
2.0,2.5161066
1.7356970185334408,1.8137923
1.6666666666666667,2.1632032
3.6470588235294117,2.6027775
1.4193548387096775,1.52246
1.135135135135135,1.3996996
2.261904761904762,2.111069
1.58,1.9631912
2.7437295528898584,1.9277803
1.9208103130755065,1.9722182
4.6909090909090905,2.2517452
2.0147783251231526,1.8876046
2.4826021180030255,1.8969065
1.7850467289719627,1.9312794
3.1794871794871793,1.9241213
1.4285714285714286,1.8414376
1.9172610556348073,1.9534714
2.1884550084889645,1.8506621
3.900900900900901,2.1039526
2.0318352059925093,1.9367296
1.6074895977808599,1.8797647
2.159090909090909,2.1170204
2.4,2.960992
1.2142857142857142,1.4286885
2.0267639902676398,1.9498624
1.8959276018099547,1.8674102
1.5944055944055944,1.9355524
1.5703125,1.8742322
1.6818181818181819,2.0712273
2.5090909090909093,2.1222095
1.7037037037037037,2.0558538
2.357142857142857,2.535421
0.8972602739726028,1.755211
1.869281045751634,1.9367889
1.6863905325443787,1.9655555
1.8747927031509122,1.9287211
1.6888888888888889,2.0831213
1.411764705882353,2.2980669
4.241379310344827,1.7283908
1.4011299435028248,1.8439397
1.5,1.9095256
1.6551724137931034,1.8467097
1.6774193548387097,1.9514726
2.1875,2.1492593
1.58364312267658,1.9810258
2.453125,1.8948617
4.058548009367682,2.0311236
1.887128712871287,1.8781717
2.0189982728842835,1.9572016
1.6,1.9235412
2.0549450549450547,2.3350627
1.9962264150943396,1.9620838
1.9536423841059603,1.9356093
1.62565445026178,1.9014473
2.21875,2.001995
2.099009900990099,2.077002
1.679814385150812,1.9520688
2.9647058823529413,2.22972
1.5364238410596027,1.8859506
1.7901023890784984,1.8414098
1.6977272727272728,2.0130353
2.3624801271860094,1.9777215
1.9188405797101449,1.8419782
1.7349397590361446,2.6986108
2.5526315789473686,2.5332453
1.78125,1.9240309
1.5135135135135136,1.7241645
2.032171581769437,2.0363374
2.0,2.3590841
1.6842105263157894,1.8768187
2.44,2.108062
6.972222222222222,2.121893
1.3902439024390243,1.3077279
2.752808988764045,1.8946309
1.0,1.8051327
1.7640845070422535,1.8859673
2.051546391752577,1.9687912
1.903225806451613,1.9558955
1.619254119687771,1.7996045
1.5698005698005697,1.9452724
1.1666666666666667,1.7652751
1.9655172413793103,2.0320473
1.9024390243902438,1.7631695
1.6856060606060606,1.9276786
1.25,2.183461
1.8,2.2099097
1.2880434782608696,1.8337926
1.3076923076923077,1.9036075
2.0555555555555554,1.9279921
2.4375,2.6054986
0.9767441860465116,2.0906227
1.6764705882352942,1.5690389
1.3157894736842106,1.5939009
3.377049180327869,2.0762084
1.6225352112676057,1.8291291
1.9428571428571428,2.1100793
1.9230769230769231,2.1482244
1.736842105263158,2.3157713
1.5276595744680852,1.9017222
1.7679856115107915,2.0164533
1.8408071748878925,1.9971693
1.393939393939394,1.8270769
1.8372093023255813,2.2275994
2.0598290598290596,1.8923405
1.6410788381742738,1.9295666
1.7854166666666667,1.9746652
1.5373831775700935,1.8514448
1.5903846153846153,1.8401635
1.7128205128205127,1.9265457
2.063848144952545,1.9636911
2.1578947368421053,2.0186963
1.6168421052631579,2.012568
1.598639455782313,1.9424673
2.1040723981900453,1.9750345
2.088888888888889,2.2060866
6.4324324324324325,2.3459342
6.0,2.2877197
2.1962864721485413,1.9648577
1.8769017980636238,1.9197098
1.8275862068965518,1.9351265
0.9090909090909091,1.7252426
1.6666666666666667,2.072847
1.639344262295082,1.7329831
1.871761658031088,1.9535694
1.7783505154639174,1.9684727
0.7758620689655172,1.4065133
2.54149377593361,1.9819263
1.39568345323741,1.7848366
2.089430894308943,2.1095617
1.8095238095238095,1.810665
2.076923076923077,1.5851086
1.7904191616766467,1.9795669
1.9289099526066351,1.9383663
6.7,2.2788553
2.6682242990654204,1.8848573
1.1818181818181819,2.0195374
1.9552071668533035,1.9572878
1.7421052631578948,1.9246964
2.076923076923077,2.0460095
1.872340425531915,2.097353
3.2905982905982905,2.0830371
2.15748031496063,2.0226407
2.0,2.1409912
1.5441176470588236,1.6505921
1.8983050847457628,2.0888348
1.9310344827586208,1.8406807
2.3636363636363638,2.2685812
1.8639455782312926,1.9078826
1.0769230769230769,1.5174929
2.1372549019607843,1.9443663
2.0285714285714285,2.0695255
2.0952380952380953,2.2632742
2.4482758620689653,2.1996017
1.814207650273224,1.8952808
2.051282051282051,2.1132517
2.1666666666666665,2.1398873
1.8549019607843138,1.9087459
0.9166666666666666,2.1057541
1.3157894736842106,1.6062442
3.235294117647059,2.2137735
1.962962962962963,2.0408735
2.0,2.3637826
1.2727272727272727,1.2669816
1.45,1.6021347
1.5733333333333333,1.8551922
2.0555555555555554,2.2148666
2.4,2.835202
1.827906976744186,1.8823407
1.7929799426934097,1.8229883
4.142857142857143,1.9639797
2.4363636363636365,2.0478363
1.368421052631579,1.9369273
1.9883040935672514,1.9135021
2.75,2.4526045
1.44,1.9624915
1.5924528301886793,1.9923962
2.1818181818181817,2.4400465
1.400943396226415,1.8907964
3.0,2.5666146
3.4705882352941178,2.5965254
2.1597633136094676,1.8821696
1.7621809744779582,1.9786489
1.5,1.850885
1.90625,1.6262223
2.0,2.2090077
1.6065573770491803,1.707766
1.9945205479452055,2.0613275
2.108910891089109,1.8973916
1.6551724137931034,1.6584743
1.9288702928870294,1.8028982
2.4615384615384617,1.7342418
1.6428571428571428,2.0475235
1.4110429447852761,1.8606993
1.5660377358490567,1.7089894
1.7704918032786885,1.9487413
1.977482088024565,1.9519091
2.52,2.5553186
2.0588235294117645,2.7881072
2.36,1.913994
2.3417015341701535,1.9264824
1.1666666666666667,2.1808043
3.074074074074074,2.5137596
3.0476190476190474,2.414979
1.8333333333333333,2.2860775
2.1463414634146343,2.0727627
1.6164383561643836,1.9566606
3.0526315789473686,2.3122127
2.1141552511415527,1.9778285
1.8148148148148149,2.1005032
1.7894736842105263,1.9272536
2.0625,2.163356
2.1156773211567734,1.9597695
1.7058823529411764,1.8557127
1.4,1.8856956
2.430894308943089,2.105928
1.7045454545454546,2.2604973
1.9767441860465116,2.1239872
1.7512953367875648,1.871336
2.2051282051282053,2.076951
1.8770053475935828,1.900712
2.7142857142857144,2.2168057
2.5,2.359077
2.3517495395948433,1.9395062
1.4369189907038513,1.9874142
1.911764705882353,2.0890517
7.137931034482759,2.1932943
1.6774193548387097,1.7963085
3.13,2.12462
1.6636363636363636,1.9147815
1.3333333333333333,2.1011763
1.849746192893401,1.8522323
0.8518518518518519,1.8384472
2.0236220472440944,1.8996964
1.6823027718550108,1.9475716
1.8517350157728707,1.9182985
8.208333333333334,1.8783525
2.1379310344827585,2.3782017
0.9795918367346939,1.4445298
1.7337142857142858,1.8781431
1.8421052631578947,1.9524074
0.6818181818181818,0.8068617
1.9387755102040816,2.0353038
2.180722891566265,1.907205
2.7419354838709675,1.8425487
2.65,1.9173545
3.2857142857142856,2.0744708
2.620879120879121,2.0226188
1.70026525198939,1.9287796
2.111111111111111,2.608895
1.9444444444444444,2.0068276
1.5714285714285714,2.3578753
1.9903536977491962,1.945796
1.9375,1.8531533
1.6666666666666667,1.8594841
2.5181518151815183,1.9993507
1.9787234042553192,1.9365942
1.5434782608695652,1.9356524
1.1666666666666667,2.040872
1.7878787878787878,1.5822353
1.7938931297709924,2.0110774
1.5759493670886076,1.9007261
2.0547945205479454,2.2401671
1.3043478260869565,2.4030242
1.958963282937365,1.9387075
1.85949177877429,1.8144931
1.5217391304347827,2.1226301
1.3157894736842106,2.1476288
0.9615384615384616,1.4310153
2.0952380952380953,2.2928345
1.0,2.6310027
2.5757575757575757,1.8898064
1.9230769230769231,2.0030663
1.8131313131313131,1.9556098
1.625,2.765981
1.5833333333333333,1.8800696
2.85,2.1640882
2.264,2.0031385
2.7804878048780486,1.7665185
1.3333333333333333,2.1162825
3.3392857142857144,2.5538266
5.0,2.2149916
1.103448275862069,1.6979523
1.8979591836734695,1.9210725
1.7183098591549295,2.1029577
3.111111111111111,2.0338502
1.7222222222222223,2.6486073
3.5454545454545454,2.061582
2.308219178082192,1.9835151
1.3846153846153846,2.3433201
1.5924932975871313,1.8972875
1.44,2.015309
1.2592592592592593,2.3516326
1.85,1.9533509
1.7902097902097902,2.0030146
1.575,2.3097124
2.3,2.5783792
1.9791666666666667,2.0663376
2.533333333333333,2.2480068
1.958963282937365,1.898912
1.6769662921348314,1.786196
2.526315789473684,2.6850152
1.7144592952612394,1.9566896
1.6538461538461537,2.4257576
2.3076923076923075,1.748036
1.5625,1.9678026
1.9751552795031055,1.8259434
2.888888888888889,2.2904475
1.8571428571428572,1.8542846
0.7058823529411765,1.393718
1.7272727272727273,3.194813
1.928,2.100264
1.8421052631578947,2.2333233
1.8448753462603877,1.9517744
2.5870069605568444,1.9348228
2.0,2.147249
2.058589870903674,1.9378049
1.7142857142857142,2.1092222
1.4166666666666667,1.8159933
1.2253521126760563,2.2143345
1.469387755102041,1.9461026
2.0,2.5996213
1.3722222222222222,1.9367781
2.008,2.0495644
1.2181818181818183,1.7540753
1.1206896551724137,1.1019545
2.0,2.4224746
1.8043478260869565,2.1348836
1.2307692307692308,1.7209306
1.631578947368421,1.7974894
1.5377358490566038,1.8494657
2.164804469273743,1.839817
1.7290969899665551,1.9778757
2.6153846153846154,2.21605
1.375,1.8685226
3.5,2.253654
2.110344827586207,1.9505799
2.107142857142857,2.0170176
1.7832512315270936,1.9687912
1.7941952506596306,1.9497589
1.4,1.65703
2.5238095238095237,2.386112
1.7058823529411764,1.9351448
1.2363636363636363,1.758498
1.5172413793103448,1.6891164
2.5550061804697157,2.045803
1.8829268292682926,1.927537
1.8401102687801516,1.8009341
3.1702127659574466,1.9470738
1.3571428571428572,1.8667188
1.7993399339933993,1.7913617
1.9473684210526316,2.1225603
1.1,1.8706298
1.8716577540106951,1.9477767
3.5925925925925926,1.5242332
1.8575418994413408,1.8867193
2.6838868388683887,2.0199163
1.5753424657534247,2.137859
1.9130434782608696,2.2332778
1.6752542372881356,1.7957538
1.8248248248248249,1.9337481
1.125,1.7317929
1.9090909090909092,2.422672
1.4074074074074074,1.6541227
3.330188679245283,2.1345
1.7435897435897436,2.4078164
4.0,2.5949411
1.889235569422777,1.9533343
2.107329842931937,1.921788
2.235294117647059,1.8767333
3.012987012987013,2.4421244
2.0,1.8661166
2.7142857142857144,1.6383941
3.4444444444444446,2.1308103
2.2790697674418605,1.7797557
1.8333333333333333,2.1406977
2.389830508474576,1.7971756
1.6224489795918366,2.0741787
1.9026490066225166,1.8957585
1.9444444444444444,1.9684278
1.1333333333333333,2.4861815
1.699885452462772,1.8540292
1.712280701754386,1.8615555
2.4,2.918107
2.0428571428571427,1.945738
2.3737373737373737,1.8948109
1.2,2.4736311
1.894736842105263,2.0011435
1.25,2.0602117
1.5783132530120483,2.0674067
2.413793103448276,2.3019636
1.0714285714285714,1.8301376
1.9473684210526316,2.2683318
3.239130434782609,2.3428497
2.888888888888889,2.2189913
1.763157894736842,1.6266731
3.5036496350364965,2.0097723
2.3860215053763443,2.0021403
1.3942307692307692,1.9850831
2.0,1.8332783
2.15,2.4704819
1.8823529411764706,1.8034898
1.7623318385650224,1.8288127
2.078976640711902,2.0271049
2.12,1.7106596
1.6440677966101696,2.040137
1.5489690721649485,1.9530267
2.1877551020408164,2.036399
1.872,1.9738938
1.1666666666666667,1.4403241
2.1538461538461537,2.0818913
2.3636363636363638,2.1092281
2.6666666666666665,3.2109935
1.9607843137254901,1.8933277
2.185770750988142,1.8772951
1.553191489361702,2.169654
2.3854166666666665,2.017419
2.040983606557377,2.1726484
2.2857142857142856,1.997089
1.9811320754716981,2.0018642
1.7554776511831727,1.8319652
1.15,1.2221103
3.446969696969697,2.0053375
1.6168582375478928,1.9326562
1.54178674351585,1.9647032
1.511111111111111,1.6936835
1.469387755102041,1.906889
2.392156862745098,2.0134232
1.5714285714285714,2.6562037
2.740740740740741,2.2313492
1.352112676056338,1.5637952
4.388888888888889,2.65984
1.8666666666666667,1.9748187
1.6923076923076923,2.2794964
2.1463414634146343,1.5997617
1.3448275862068966,2.4474843
1.3,1.9104462
1.8333333333333333,2.8474016
2.276923076923077,1.9025801
1.8015717092337917,1.938628
1.8518518518518519,1.9989877
2.25,2.0516944
2.0349162011173183,1.8723644
2.129032258064516,2.1996822
1.2941176470588236,1.7472672
2.188679245283019,2.041621
1.4962406015037595,1.891461
1.5702479338842976,1.8203716
1.9177215189873418,2.001454
1.1929824561403508,1.6174653
2.0755208333333335,1.916235
1.7777777777777777,1.5709108
1.0588235294117647,1.6383429
1.611267605633803,1.847114
1.0555555555555556,1.7495826
1.8072805139186296,1.9368871
1.59375,1.6082072
1.5903771131339401,1.8516545
1.5660377358490567,2.2281694
1.6666666666666667,2.377759
1.7559241706161137,1.8660496
1.7833333333333334,1.8255551
4.411764705882353,2.2966528
1.803680981595092,1.993175
1.9130434782608696,1.9664458
2.417758369723435,1.9868175
1.5890052356020943,1.8795104
1.8121974830590513,1.8672677
1.7549019607843137,2.0643394
1.62,1.8360239
3.0,2.4002652
1.5972972972972972,1.8587668
2.245614035087719,1.9130924
1.5263157894736843,1.6065373
2.4947916666666665,1.9414198
1.5835777126099706,1.9664458
0.9743589743589743,1.3202565
1.8695652173913044,1.7185266
2.2051282051282053,1.9601501
1.7205882352941178,2.0968568
2.6,1.9799604
1.5419580419580419,1.9205258
2.5535714285714284,2.0836427
2.1875,1.4076809
2.111111111111111,2.3057632
2.1333333333333333,2.2593322
1.699360341151386,1.871747
1.5925925925925926,1.4438678
1.2,2.1335201
3.289473684210526,2.1746566
2.6666666666666665,1.8960694
1.3714285714285714,2.2271712
2.3043478260869565,1.9915683
2.4928176795580113,2.0015595
1.9375,2.2780192
2.2577777777777777,1.8469942
2.25,2.838617
2.3015384615384615,1.8874122
1.4,1.707831
6.133333333333334,2.8250911
1.8191330343796712,1.9783181
2.0833333333333335,2.0125062
1.625,2.0528193
1.8445595854922279,1.9212291
1.3888888888888888,2.0978014
1.892322097378277,1.9405046
1.55,1.9894174
1.6666666666666667,1.6878943
1.3214285714285714,1.9404036
1.7142857142857142,2.3676639
1.9193370165745856,1.8385174
1.5730027548209367,1.9153366
1.5959933222036728,2.0044842
3.2,2.236327
1.5084033613445378,1.8865112
3.4838709677419355,1.6698416
1.6153846153846154,1.4546198
1.465648854961832,1.7753968
1.5145631067961165,1.9886099
1.8213961922030826,1.9232525
1.35,1.8740435
1.511111111111111,2.0448828
2.2916666666666665,1.8170371
1.7560975609756098,1.8936006
2.888888888888889,2.3604562
1.9210526315789473,1.9539512
2.111111111111111,1.9162797
1.5830388692579505,1.8937767
1.6666666666666667,2.015759
1.7875,1.9232789
0.9714285714285714,1.6128504
1.6971496437054632,1.8117615
2.072961373390558,1.9398799
1.902962206332993,2.0287068
1.135135135135135,2.000785
2.1875,1.6199694
2.036363636363636,1.9352654
1.9444444444444444,2.3124661
1.6486486486486487,2.042975
7.571428571428571,2.4479825
3.625,2.5283666
2.727272727272727,1.8209833
0.7222222222222222,1.788751
1.7317073170731707,2.1074393
2.1227064220183487,1.9485673
1.4,2.1881144
1.6469465648854962,1.9348099
2.0,2.2441998
1.5411764705882354,1.8761593
1.2413793103448276,1.5876616
2.4646581691772886,1.9436337
3.135135135135135,2.2308397
2.0317460317460316,2.0235205
0.7666666666666667,1.6510367
2.1375,1.9429263
4.137931034482759,1.812689
1.4375,2.2519977
1.5405405405405406,1.9943433
1.9114583333333333,1.9727837
2.75,2.1332114
2.25,2.268169
1.8,2.4399056
2.28125,1.9120538
1.9714285714285715,1.9389417
2.86,2.0472643
2.0,2.2992742
1.9163179916317992,1.9505918
1.6612244897959183,1.8009341
1.8846153846153846,2.225866
2.7846153846153845,1.9669296
1.799867461895295,1.8063431
1.5308924485125859,1.8046755
2.0868320610687023,2.035565
3.0,2.0511024
4.545454545454546,2.4698682
2.086792452830189,2.0284653
1.8,2.2306833
2.4615384615384617,1.4860337
1.3170731707317074,1.8391632
1.7777777777777777,2.6274269
1.75,2.1069667
2.613861386138614,2.150632
1.744186046511628,2.1366055
1.934782608695652,2.0480187
1.625,2.5266004
2.5,2.2517302
2.625,2.5244145
1.6170212765957446,2.32254
1.4705882352941178,1.608878
3.4,1.724592
1.8491295938104448,1.9461905
2.76,1.9729508
1.8853503184713376,2.0254643
1.8571428571428572,2.5334427
4.848484848484849,2.71155
1.3670886075949367,1.677746
1.6666666666666667,2.2462356
2.1818181818181817,2.7419107
4.39344262295082,2.348742
1.7936507936507937,2.0742133
1.6875,2.1652546
2.5714285714285716,2.4108958
1.1818181818181819,1.5486064
2.403883495145631,1.999825
2.2,2.6125445
3.981042654028436,1.9914428
1.8513513513513513,1.9395062
1.608695652173913,2.3284142
1.9389162561576354,2.0300071
1.6764705882352942,2.0101032
1.4883720930232558,2.3110979
1.625,1.695168
1.5407725321888412,1.9128567
1.5858433734939759,1.9961029
7.1679389312977095,4.4148235
1.696969696969697,1.4535223
2.0952380952380953,2.057929
3.062992125984252,2.5790198
2.925,2.3586037
1.7727272727272727,1.7575821
2.1403508771929824,2.1164305
1.8640776699029127,1.9117057
2.5925925925925926,2.012062
1.9602649006622517,1.9148846
1.5454545454545454,1.9019941
2.2857142857142856,2.0532777
1.5172413793103448,2.1452343
2.1,2.2927105
1.8327272727272728,1.9403234
3.8947368421052633,2.4295723
1.2833333333333334,1.6667424
3.2777777777777777,2.0187092
1.641025641025641,2.0631578
1.834575260804769,1.9373943
2.0,2.7759504
1.6041666666666667,2.0720212
2.084507042253521,1.9403538
2.456692913385827,2.513086
2.6555555555555554,1.8875252
2.6,2.4151804
1.8810888252148996,1.9056029
2.4210526315789473,2.0279922
2.044776119402985,1.9065281
1.5735294117647058,2.1439219
1.8132530120481927,1.9083216
1.7874149659863945,1.9873908
1.5625,2.1624234
2.2279411764705883,1.8986934
1.9559118236472945,1.9351996
1.79874213836478,1.8805101
1.8577777777777778,1.9860936
1.6363636363636365,1.5851566
2.2641509433962264,1.975216
1.9655172413793103,2.183144
2.3529411764705883,1.9517604
1.606060606060606,2.0333123
1.3181818181818181,1.8911642
1.4444444444444444,1.8608619
2.3636363636363638,2.3256748
1.375886524822695,1.8290405
1.28125,1.365135
1.5056179775280898,1.8245845
1.9306930693069306,2.148246
1.736040609137056,1.8624134
0.8461538461538461,1.6010618
0.8857142857142857,1.2340066
2.077639751552795,1.9046501
1.0,1.7063484
1.9230769230769231,2.2971525
1.1304347826086956,1.7567457
1.3833333333333333,1.1661869
2.857142857142857,2.2096064
2.611111111111111,2.3850892
1.3846153846153846,2.5888822
1.9152542372881356,1.9919356
1.7154340836012862,1.839451
2.082474226804124,2.1439865
2.171974522292994,1.9988531
1.6958174904942966,1.8390259
1.9322033898305084,2.0263348
1.4545454545454546,1.9318556
1.5265700483091786,1.9498624
1.0769230769230769,1.6879287
1.7258064516129032,2.101011
1.4166666666666667,1.7861737
1.8985507246376812,1.8575537
2.1197080291970805,1.9344791
1.8160651920838184,2.0365694
1.94,1.7314538
2.0039946737683088,1.9750637
1.5434782608695652,1.5210642
4.95,2.1362226
2.588235294117647,2.0198398
1.523719165085389,1.8956323
1.6,1.9553493
1.4181818181818182,2.0194929
2.8947368421052633,2.71898
1.6234309623430963,1.9295005
1.9310344827586208,1.9702728
1.758436944937833,2.0799005
1.4497041420118344,1.8900131
2.0,2.9326515
1.9215686274509804,2.0383737
1.5892857142857142,1.6950893
2.075,2.0804095
2.0,2.676718
1.95,3.0360947
2.2142857142857144,2.5333562
1.7663008392511297,1.777377
1.6770833333333333,1.9259855
2.1587301587301586,2.686412
1.8,2.2207515
2.0844594594594597,1.9508905
1.3333333333333333,2.009015
2.533333333333333,1.9891171
2.0158227848101267,2.0271049
1.900473933649289,1.9129838
2.0,1.6867933
1.42,2.10819
1.9767857142857144,1.9993507
1.7864184008762323,1.8329941
2.475,1.9522871
1.823008849557522,2.0205483
5.08080808080808,2.0657911
5.764705882352941,2.1892083
1.1538461538461537,1.5587178
1.8352668213457077,1.8823407
1.4375,2.176402
2.092889908256881,1.8585924
1.8235294117647058,2.6737306
2.6052631578947367,1.8004642
1.5726027397260274,1.990979
6.166666666666667,3.4884968
1.6514745308310992,1.7891618
1.7287234042553192,1.9273908
1.0,2.046984
3.4285714285714284,2.43077
1.72,2.150959
1.875,2.0828753
4.102564102564102,2.475737
2.267605633802817,1.964415
1.83206106870229,1.9529855
2.0214504596527068,1.871336
1.543103448275862,2.00447
1.5511627906976744,1.8350737
2.50126582278481,1.8767389
2.2390243902439027,1.8852028
2.210526315789474,2.4659302
1.607843137254902,1.9269509
2.909090909090909,1.9000564
1.870503597122302,1.9279497
2.5217391304347827,2.7041454
1.6620209059233448,1.9960603
2.142857142857143,2.351804
1.6122448979591837,1.9450231
1.868945868945869,1.9170667
4.25,1.3488318
1.8340943683409436,2.0888977
2.3943661971830985,2.059882
2.197125256673511,2.0324235
2.394160583941606,1.9333947
3.125,2.5932248
1.5510835913312693,1.9898884
2.0555555555555554,2.490134
1.783068783068783,1.9430974
2.6666666666666665,2.569671
2.6785714285714284,2.292173
2.5625,1.7884974
1.5,2.074754
1.5555555555555556,2.7895236
1.6129032258064515,2.2159262
2.3529411764705883,1.9642028
2.074626865671642,1.8088329
1.5454545454545454,1.9862424
1.3061224489795917,2.0422523
1.6344086021505377,2.3144271
1.3125,2.2392383
1.4618644067796611,1.937983
0.8823529411764706,1.4175688
0.9534883720930233,1.5786974
1.8488372093023255,2.0971806
2.018472906403941,1.9322132
1.5294117647058822,1.9562454
1.852813852813853,1.9066576
2.1443298969072164,2.0378876
2.098901098901099,1.9754682
1.9113300492610839,2.0013993
2.0546218487394956,1.8841783
5.394736842105263,2.1144934
1.6951219512195121,1.9166985
4.7272727272727275,2.8842363
2.2,3.1873991
1.4576271186440677,1.8752432
4.3,2.133865
1.823008849557522,2.0464718
2.752136752136752,2.1447387
2.1490683229813663,1.8409874
1.5161290322580645,2.253177
5.1,2.344098
1.715203426124197,1.8665646
1.8822115384615385,1.9289926
2.1519364448857994,1.9476378
1.5818181818181818,1.705449
3.8461538461538463,2.6690433
2.009917355371901,1.9828705
2.353846153846154,2.2324502
1.583108715184187,1.8362311
1.7352941176470589,2.5716357
1.3,2.4043636
1.9310344827586208,2.2448487
2.380952380952381,3.1861813
1.3,1.8083074
2.4166666666666665,2.4605849
1.6481481481481481,1.762246
2.5652173913043477,1.8388147
0.9152542372881356,1.5716296
1.9659090909090908,1.6539925
2.3404255319148937,2.0699434
1.7142857142857142,2.0003707
2.4375,2.0316706
2.4444444444444446,2.080163
1.3813333333333333,1.9165875
1.7555555555555555,1.7324089
2.675675675675676,2.022326
1.7991071428571428,1.9057698
1.5044247787610618,1.8261151
2.406779661016949,2.1365442
5.333333333333333,2.6593342
1.4545454545454546,1.8535532
1.5384615384615385,1.613626
1.44,1.7595419
1.5223880597014925,2.0084403
1.8533333333333333,1.8961618
2.1363636363636362,2.150462
3.3333333333333335,2.002206
2.7959866220735785,2.022962
1.7751994198694707,1.8082954
1.7727272727272727,2.2299666
2.5,2.3558981
2.717391304347826,2.0051003
1.4038461538461537,2.0469668
2.25531914893617,2.288488
3.772727272727273,2.5592067
1.2083333333333333,2.021572
1.8805970149253732,2.1835763
1.7222222222222223,1.8834529
1.2894736842105263,1.7057024
2.607717041800643,1.8897467
1.586466165413534,2.0308738
1.619047619047619,1.8168355
1.4539473684210527,1.8356162
1.969325153374233,1.9392905
1.4765625,1.8678682
2.1515151515151514,2.048597
2.167577413479053,1.9407803
2.4722222222222223,2.0059574
1.9864864864864864,2.4790695
2.4833333333333334,2.1223927
1.631578947368421,2.1181839
1.8918322295805738,1.9355624
2.0555555555555554,2.31665
1.7575757575757576,1.9444082
1.7991071428571428,1.8589122
1.7142857142857142,2.2583942
2.142857142857143,2.1555834
1.9044117647058822,1.8821685
1.6678966789667897,1.9024413
2.0720720720720722,2.3689861
2.490740740740741,2.0433638
1.4285714285714286,2.089873
2.28125,0.96871144
2.0588235294117645,2.119411
2.2903225806451615,2.0723948
1.5714285714285714,1.7185457
1.588235294117647,1.8854772
1.5,1.4934572
1.7509541984732824,1.8459464
1.853658536585366,2.0838273
1.5151515151515151,1.685739
1.0,1.5041676
1.5206611570247934,1.8312005
1.7294685990338163,1.9729779
2.3333333333333335,2.468156
2.019867549668874,1.8880559
1.5346153846153847,1.8733748
2.8260869565217392,3.6787367
1.4,2.6262028
1.75,2.2103622
1.5185185185185186,2.3713708
1.5808383233532934,1.9171449
1.8275862068965518,1.895931
2.0320427236315086,1.9257778
3.1538461538461537,1.9590372
0.9333333333333333,1.9495767
2.197674418604651,2.3734136
2.0826446280991737,2.0607407
2.782608695652174,2.494876
1.9059304703476483,1.939079
1.894736842105263,2.0187433
1.8345724907063197,1.9872617
2.9,2.4222748
1.5454545454545454,2.0195374
1.7,1.7987503
1.6705607476635513,1.8131473
2.1666666666666665,2.2911148
1.8958333333333333,2.0762985
2.0461095100864553,1.8591677
1.9018264840182648,1.874988
1.7348837209302326,1.9648395
1.3,2.1244397
1.854054054054054,1.8926018
1.6491228070175439,1.9941527
1.5897435897435896,2.2573318
1.5714285714285714,2.0707924
1.690909090909091,1.932393
1.0,1.3972058
1.5957446808510638,1.846854
0.8780487804878049,1.4220495
1.7038095238095239,1.8356819
1.9992743105950652,1.8275365
1.9230769230769231,2.4673438
1.9047619047619047,1.773772
2.1774193548387095,1.8870612
2.234657039711191,1.926875
1.7142857142857142,2.4057329
1.6015625,1.9468962
1.8934531450577663,1.9460046
1.7202797202797202,2.0097868
2.9166666666666665,3.0777032
1.4914634146341463,1.8323063
2.6206896551724137,2.2639046
1.9667359667359667,1.9267503
2.466666666666667,2.3617413
1.0833333333333333,2.2206585
1.6144278606965174,1.9378853
2.6666666666666665,1.9370899
2.0324074074074074,1.9327599
1.5769230769230769,1.8864181
2.142857142857143,1.8282487
1.5573770491803278,1.5950338
1.1,1.8568184
1.2580645161290323,1.8967918
2.1904761904761907,2.181205
1.9166666666666667,2.4457152
2.0366300366300365,1.9705496
1.75,2.1062968
2.84,2.7697957
1.6,2.1342354
0.7407407407407407,1.4350688
2.0,2.1595736
1.7142857142857142,1.8677568
1.8013468013468013,1.8631924
1.1470588235294117,1.6858022
2.298507462686567,2.1338603
1.7525925925925927,1.840594
2.5233644859813085,1.9223977
1.378787878787879,1.9162797
2.4482758620689653,2.1002195
3.857142857142857,2.1827734
1.2678571428571428,1.7814225
1.9047619047619047,1.8149457
1.8085106382978724,2.173549
2.2777777777777777,2.5964558
1.6785714285714286,2.059155
1.5,2.1670225
1.0,1.6293153
1.8660598179453836,2.1290581
1.1111111111111112,1.4081907
1.7258064516129032,1.8433723
5.181818181818182,1.9946796
0.7297297297297297,1.9778473
1.7843137254901962,2.17465
2.888888888888889,2.6679564
2.5272727272727273,1.8770455
3.9473684210526314,2.161731
2.232142857142857,1.7045097
1.7379679144385027,1.821054
2.054054054054054,2.0660136
2.090909090909091,1.8470849
2.1944444444444446,2.0195723
2.165289256198347,1.907895
1.7623529411764707,1.8628819
2.3684210526315788,2.50048
2.607594936708861,1.6828179
1.4431818181818181,1.4762586
2.4838709677419355,2.3410544
1.3333333333333333,1.7822295
1.3272727272727274,1.9689516
2.0526315789473686,2.5295193
2.0,2.2770371
1.7326732673267327,1.957742
1.95,2.2401087
2.1538461538461537,1.8322594
1.09375,1.9353241
1.2442748091603053,1.6553216
2.3157894736842106,2.0389843
2.6875,2.975349
2.9444444444444446,2.1393495
1.7714285714285714,2.166976
3.404255319148936,2.033922
2.0233009708737866,1.9512111
2.076923076923077,2.9640176
2.0,1.9465407
3.0,2.4638977
1.711431742508324,2.0123289
1.6842105263157894,2.0010335
2.201183431952663,1.9132175
1.5876712328767124,1.8149933
1.9014522821576763,1.9256532
2.0397350993377485,1.8283744
2.877551020408163,2.7446434
2.111111111111111,2.2786593
1.5636363636363637,1.9627177
2.018867924528302,1.8454751
1.7692307692307692,2.3554425
2.566666666666667,1.7935065
1.9746192893401016,1.965154
1.6428571428571428,2.058439
2.5047169811320753,1.9407105
0.9629629629629629,1.456347
1.4411764705882353,2.0854788
1.7692307692307692,2.5041487
1.7358490566037736,1.8373431
1.7166666666666666,2.279441
1.697674418604651,1.8684975
2.5833333333333335,2.901061
1.6082474226804124,1.7338448
1.689578713968958,1.9393487
1.6307692307692307,1.9291273
1.5789473684210527,2.008393
1.8612099644128113,1.9961147
1.9141630901287554,1.943401
1.806083650190114,1.9024459
2.391304347826087,1.9474912
1.6656534954407294,1.8124486
2.542372881355932,2.1318586
2.585714285714286,1.9401877
1.3300970873786409,2.0588725
1.380952380952381,1.8715686
1.9210526315789473,2.0379748
1.5508474576271187,1.887554
2.875,1.8149055
1.8576923076923078,1.874858
1.5,1.2789507
1.1625,2.0966532
1.769100169779287,1.8343539
2.2758620689655173,2.0280626
1.2816326530612245,1.955755
1.1403508771929824,1.8283925
2.0869565217391304,2.3303113
1.7647058823529411,2.1438153
1.8508997429305913,1.8807579
1.721951219512195,1.9136428
1.6350877192982456,1.9485064
1.8181818181818181,2.426128
1.2857142857142858,1.4577299
2.5353535353535355,2.2436905
1.3220338983050848,1.6479435
1.0909090909090908,1.8089772
1.8546666666666667,1.9535694
1.703125,2.0803616
1.8137082601054482,1.9462258
1.2549019607843137,1.5820214
1.548780487804878,1.7665185
1.8770833333333334,1.9161372
2.8,2.6729434
1.566820276497696,1.8681941
1.1428571428571428,1.85642
3.160472972972973,1.9170573
1.851063829787234,1.9920655
2.5217391304347827,1.9942147
2.5729166666666665,2.2782223
2.0,2.4156642
1.9149632052330334,1.8137923
2.311111111111111,1.889792
1.2865168539325842,1.8470984
2.425925925925926,2.1281598
2.0207253886010363,1.9492384
2.2883720930232556,1.9225713
1.6829268292682926,1.8449839
1.8461538461538463,2.1395693
2.210526315789474,1.8566184
2.7794117647058822,2.111332
1.6573991031390134,1.8275689
1.4989200863930885,1.8468766
1.7638888888888888,1.9477204
1.6590909090909092,1.9030191
2.183006535947712,2.1134894
1.8051470588235294,1.9567686
1.6923076923076923,2.3333385
1.8333333333333333,2.359623
1.8025806451612902,1.9762114
5.141304347826087,1.9915851
1.2,1.943503
1.7516129032258065,1.9177871
0.9545454545454546,1.3433243
1.3478260869565217,2.1444473
2.051032806804374,1.8832716
1.6988847583643123,1.8414098
1.5,2.2628803
5.578947368421052,2.6326706
1.9579439252336448,1.9088961
1.880484114977307,1.9125836
1.9488304093567252,1.910946
1.7945375543140907,1.8222866
2.2857142857142856,2.8568685
1.8980891719745223,2.0181177
1.5,1.9978837
1.8888888888888888,2.0723863
2.332,1.9526981
1.7228915662650603,2.0744045
1.9875,1.6925526
2.2,2.3478336
1.3333333333333333,1.7012881
1.4666666666666666,1.625217
1.9565217391304348,2.5824711
1.849609375,1.9117057
2.358490566037736,1.9925646
1.5,2.2242
0.9622641509433962,1.1492298
2.68,2.4089065
3.690909090909091,2.2591338
1.875,2.810578
1.745920745920746,1.836158
1.4545454545454546,1.7053962
2.8333333333333335,1.9589361
1.312,1.9158933
3.2777777777777777,2.890227
1.4385964912280702,1.85777
1.3088235294117647,2.364136
1.8669354838709677,1.9012285
1.8093716719914803,1.8883867
2.263157894736842,2.2846406
1.6842105263157894,2.3439245
1.9774436090225564,1.9865083
1.9230769230769231,2.5634782
1.6613756613756614,1.8934995
1.7401315789473684,1.9282522
1.6522781774580335,1.9023052
1.4991364421416236,1.9395062
1.608695652173913,1.8104948
1.4245283018867925,1.8832729
2.023001095290252,2.0573332
1.5490196078431373,2.0052407
1.9681978798586572,1.9546516
1.6666666666666667,2.0788152
3.4146341463414633,2.1637402
1.9172413793103449,2.0551655
1.0625,1.9647259
2.1666666666666665,2.0954647
1.2826086956521738,1.9715312
1.4666666666666666,1.9927797
1.754355400696864,2.0164533
2.0652173913043477,1.9583857
2.2772186642268983,1.9398496
2.380952380952381,1.9062588
1.588235294117647,2.1385758
2.0555555555555554,2.2597497
1.8805970149253732,1.955474
1.3793103448275863,2.735597
3.127659574468085,2.0287685
4.407407407407407,2.0033643
1.648036253776435,1.9053785
1.7826086956521738,1.7132704
2.0,1.8555143
1.9758454106280192,1.9993507
1.3421052631578947,2.432073
2.1666666666666665,2.2336543
0.84,1.3975848
2.0,2.4494834
2.3448275862068964,1.8390833
1.1764705882352942,2.0068529
1.5736636245110822,1.7957188
1.7307692307692308,1.8349569
2.4026162790697674,2.0254683
1.5884615384615384,1.872719
7.733333333333333,1.7867357
2.1952461799660443,1.8332783
2.090909090909091,2.0356834
1.8790322580645162,2.0607677
2.4915254237288136,2.0280035
1.7903225806451613,1.9095256
2.10989010989011,2.53732
2.125,2.449214
6.7180451127819545,2.1024678
1.5163934426229508,1.8894329
1.7777777777777777,2.1060076
1.7655172413793103,1.9096879
1.25,1.8802267
1.738532110091743,1.8853762
3.8157894736842106,2.1392982
1.08,1.6605628
2.12,2.1962974
1.4464285714285714,1.9314796
1.0606060606060606,1.5521487
1.6551724137931034,1.9596466
1.4444444444444444,1.839667
1.1683168316831682,1.8996345
2.2134831460674156,1.9993005
1.4736842105263157,2.1537762
2.165289256198347,1.9035579
1.8606060606060606,1.9240416
2.0714285714285716,2.4105415
1.8056112224448897,1.7947996
1.8445807770961145,1.9455436
1.4565217391304348,1.8064215
1.7727272727272727,2.1016626
1.7901234567901234,1.7485992
1.736842105263158,2.0097876
3.5555555555555554,2.5309694
1.7821316614420062,1.9177473
1.411764705882353,1.8644063
1.6981132075471699,2.077627
1.4285714285714286,1.9858853
1.557909604519774,1.906542
1.5245901639344261,2.3362668
1.1515151515151516,1.5525103
1.9767441860465116,1.8808802
1.7777777777777777,1.3925714
1.411764705882353,1.8732094
1.8306306306306306,1.8283744
3.0307692307692307,2.3066874
1.4736842105263157,2.0883315
0.7727272727272727,1.5426381
1.9550264550264551,1.8719755
1.7565217391304349,1.9673349
1.674772036474164,1.8667694
1.7333333333333334,2.0864706
1.4038461538461537,2.2127187
5.0,1.9448912
1.7385229540918163,1.8725493
3.4,2.168595
2.3846153846153846,2.514579
2.0146198830409356,1.9215063
2.0869565217391304,2.4034157
1.896551724137931,1.9156352
2.4292682926829268,1.8470453
1.263157894736842,1.9750293
2.016949152542373,1.6182885
1.6419213973799127,1.8720515
2.7857142857142856,2.4324303
2.1493055555555554,1.9553665
1.4285714285714286,2.2713253
1.4583333333333333,1.4056803
1.8504672897196262,1.9897562
1.9555555555555555,2.543641
1.7241379310344827,2.0522463
2.649484536082474,2.0606482
1.6603773584905661,2.3448758
1.1538461538461537,1.5921121
2.2841079460269866,1.979405
1.9285714285714286,2.0805893
2.671641791044776,1.975833
2.0,2.2933922
2.0708333333333333,1.9523126
2.24,1.8525475
1.6666666666666667,1.7810197
5.285714285714286,2.6734037
1.6327944572748267,2.0028358
3.0833333333333335,2.106432
1.3636363636363635,1.7073203
1.5087719298245614,1.6444613
1.7198581560283688,1.9485064
2.2841409691629955,1.8447478
2.4597701149425286,1.9761132
1.4666666666666666,1.5021288
2.8,1.5064895
4.25,2.175686
3.765957446808511,2.0429084
2.0338983050847457,2.081067
2.0953288846520497,2.0441642
4.643274853801169,1.8952053
1.7307692307692308,1.9725196
2.6547619047619047,1.8975213
1.5633802816901408,2.225667
1.888,1.986065
2.0023255813953487,1.9027314
1.2907488986784141,1.9483992
2.3529411764705883,2.2710757
2.2831858407079646,2.0546227
1.8999337309476474,1.8544453
1.6101694915254237,1.9606512
1.4772727272727273,1.8428444
1.5151515151515151,1.9876242
2.5454545454545454,2.635299
2.2357723577235773,2.0923038
1.6938369781312128,1.8523968
1.5,2.0769842
1.9215210355987056,1.8894682
1.53125,2.1636195
1.46875,1.9863135
1.697465249386754,1.8087585
1.2727272727272727,1.4116716
1.5454545454545454,2.2333
1.850210970464135,1.8389736
2.1565656565656566,1.8665236
2.652173913043478,2.1321232
1.1304347826086956,1.6781992
2.568535825545171,1.9863845
1.12,1.6089196
2.235294117647059,2.202725
1.7230483271375465,1.9059783
1.6666666666666667,2.3407347
2.6623376623376624,1.9743178
1.7848101265822784,1.5662063
1.937984496124031,1.9335135
1.96,2.1280513
1.0,1.3673345
1.8823529411764706,2.152741
1.8823529411764706,2.0880651
1.5714285714285714,2.0306733
2.937669376693767,1.8958664
2.8839285714285716,1.9697976
1.5151515151515151,1.8091811
1.7959183673469388,1.9382745
2.0303030303030303,1.8957849
1.146341463414634,1.9374216
1.2352941176470589,0.9170454
2.3902439024390243,2.1373286
2.2916666666666665,2.092814
1.894736842105263,2.1242437
1.5538461538461539,2.1804204
1.4146341463414633,1.6308714
1.8907563025210083,1.9132966
1.3235294117647058,2.202456
2.0971502590673574,1.9487039
1.65625,3.0891178
1.8108108108108107,2.065299
2.155844155844156,1.9280055
5.571428571428571,2.075368
1.3170731707317074,1.70255
2.1904761904761907,2.3319342
2.076923076923077,1.8191993
0.9473684210526315,1.7702576
1.9123757904245708,2.042779
1.7041666666666666,1.9899573
1.45,2.3299465
2.9322033898305087,2.2718883
1.7130434782608697,1.6969112
1.6933333333333334,1.9025815
1.575,2.363928
0.5263157894736842,2.2217426
1.5842105263157895,1.9668849
2.7,1.9860733
2.518081761006289,2.059661
1.9606741573033708,1.916235
1.4285714285714286,1.4667395
1.578125,1.8913909
1.5,1.7276673
1.6486486486486487,2.1079
1.8235294117647058,2.8372805
2.0011286681715577,1.837898
1.899135446685879,1.9168799
2.4,2.0211332
1.8571428571428572,2.9029284
1.7790697674418605,2.313345
1.7142857142857142,1.9565352
2.1176470588235294,2.0494235
1.0263157894736843,1.8790466
1.74235807860262,1.8897661
1.2142857142857142,1.9906223
1.9858490566037736,1.9882911
2.4166666666666665,2.6199281
1.3636363636363635,1.7382292
1.08,1.7575675
1.807909604519774,1.9173502
1.7205882352941178,2.0213926
1.6666666666666667,2.110414
1.8888888888888888,1.9770806
2.050228310502283,1.9386001
1.5517241379310345,1.998853
4.976744186046512,2.6326494
1.7391304347826086,2.084908
1.9385665529010239,2.069081
1.3571428571428572,2.193519
3.923076923076923,2.5969667
1.7241379310344827,1.9758972
1.924839596700275,1.9414134
2.6211232187761944,2.1066806
0.9444444444444444,1.9785575
6.428571428571429,2.2204652
1.7056892778993435,1.9410275
3.4545454545454546,2.4375265
1.9285714285714286,2.4234998
2.32,1.8704056
1.9634146341463414,2.0793655
1.3333333333333333,1.9121785
1.5532407407407407,1.8438407
1.6290322580645162,2.118151
1.7453416149068324,1.9385773
1.6578449905482042,1.9738874
1.9364791288566243,1.9412776
1.7777777777777777,2.1551807
1.2424242424242424,1.478992
0.918918918918919,1.324992
1.9135802469135803,1.9292698
1.5627118644067797,1.8636975
3.0277777777777777,1.9772221
2.1666666666666665,2.1765692
2.4930555555555554,1.8470758
2.6036745406824147,2.0081947
2.8666666666666667,2.4715133
2.2222222222222223,2.4390678
1.5794871794871794,1.8576282
1.8263157894736841,1.9028381
2.0,2.6045883
1.7177914110429449,1.9129668
1.1666666666666667,1.7290881
1.5344827586206897,1.8806988
2.4705882352941178,2.2061422
2.4642857142857144,2.0698116
3.176470588235294,2.5634263
2.16,1.9192678
1.9047619047619047,2.0334084
2.6481481481481484,2.3281436
0.7777777777777778,1.0559112
1.6666666666666667,2.5557094
1.7402597402597402,2.2049134
1.2037037037037037,1.566641
1.813953488372093,2.6175797
2.109090909090909,1.9159989
1.2577319587628866,1.6834086
2.7083333333333335,2.0771513
2.8,2.347645
2.966666666666667,2.3355284
1.8775510204081634,1.912231
1.8775510204081634,1.7073239
3.7674418604651163,1.6132847
2.55,2.0178225
2.9,2.7109752
1.1734693877551021,1.6983063
2.1818181818181817,2.3843818
1.6899563318777293,1.9167237
2.0463917525773194,1.9816384
1.4655172413793103,1.930233
1.1304347826086956,1.7992109
0.8108108108108109,1.3950905
1.6962025316455696,2.0860918
2.739130434782609,2.687902
1.2670807453416149,1.8305491
1.86,2.056715
2.145145145145145,1.9976352
1.4545454545454546,1.2422062
1.9767441860465116,1.9054997
2.277207392197125,1.8506621
1.9396951623591783,1.8628777
1.478125,1.8467934
2.6666666666666665,2.585819
1.2380952380952381,1.6150885
1.727699530516432,1.9423847
1.9678638941398865,1.9051106
1.5,1.9178187
3.1272727272727274,2.4118261
1.4074074074074074,1.5337651
1.2857142857142858,1.7885197
1.6927639383155397,1.832307
1.3571428571428572,1.7296232
2.4347826086956523,2.468389
1.7884615384615385,1.9228976
4.757575757575758,2.7483804
4.066666666666666,2.7777953
3.6,2.002879
1.9130434782608696,2.0437098
2.6666666666666665,1.9365228
1.8421052631578947,2.0489328
1.65,2.0859218
1.907907907907908,1.9525214
1.7227272727272727,1.9056063
1.6158536585365855,1.953383
1.620817843866171,1.9526981
1.8848484848484848,1.8867618
1.1521739130434783,1.918691
1.6809176225234619,1.9418783
1.373134328358209,1.9530708
4.0588235294117645,2.111643
2.2544378698224854,1.9819273
1.0,1.3086566
1.642156862745098,2.2967038
2.2134831460674156,2.4636312
2.111340206185567,2.0000803
1.7505535055350554,1.898415
2.2943820224719103,1.9137857
1.2954545454545454,1.7420865
2.0,2.1395693
2.85,2.188964
0.9523809523809523,1.2851769
1.9406392694063928,1.8578966
2.2777777777777777,2.1096723
1.8076923076923077,2.1440449
2.4,2.0814118
0.9088098918083463,1.9414098
1.0909090909090908,2.311019
2.006125574272588,1.9977102
1.9166666666666667,2.9245536
1.1,2.3463755
1.68,1.9112009
2.0625,2.0977998
1.6785109983079527,1.9322771
3.15625,1.7343131
2.511627906976744,2.7229218
3.238095238095238,2.106759
1.7837837837837838,2.0188828
2.736842105263158,2.8818867
1.1265822784810127,1.8376832
8.2,2.2440689
1.76,2.0179381
1.6766917293233083,1.9114667
1.9617647058823529,1.9170555
4.6,1.7287802
1.7494824016563146,1.9379762
2.2857142857142856,2.575704
4.0,1.875953
2.0,2.3595114
1.75,2.6280677
1.6721311475409837,1.906531
1.981029810298103,1.8761698
1.6,2.2085676
2.4827586206896552,1.8705543
1.1842105263157894,1.6528038
1.4705882352941178,1.8458931
1.8823529411764706,2.550847
0.9642857142857143,1.5400981
3.0208333333333335,1.8970803
4.230769230769231,2.2082927
2.2777777777777777,2.2304308
2.25,2.7660453
4.714285714285714,3.1740758
3.8181818181818183,2.670083
2.0588235294117645,2.0717335
1.7118644067796611,2.0974317
1.52,1.6799754
1.8387096774193548,2.2961252
1.8125,1.7428371
1.4782608695652173,1.867255
1.5849056603773586,2.112737
4.20353982300885,2.0891058
2.533333333333333,2.483687
1.8409311348205626,1.8399295
0.8333333333333334,1.2449466
1.575,2.113948
1.0,2.651537
1.565217391304348,1.6293108
1.9239263803680982,2.0431573
2.5555555555555554,2.0915325
2.0220125786163523,1.9031192
1.853932584269663,1.9356531
0.29411764705882354,1.2695693
3.608974358974359,2.023632
2.7613168724279835,1.9585234
1.597938144329897,1.9113162
2.588235294117647,2.0929642
2.0357142857142856,2.2616293
2.5589171974522293,1.9610314
4.222222222222222,2.073521
1.9433656957928802,1.908445
1.3076923076923077,2.1131458
1.9225352112676057,1.8574504
1.5314685314685315,1.9398426
2.0985915492957745,2.2758784
1.6153846153846154,1.6122695
1.8,2.4385552
1.736842105263158,2.102672
2.098445595854922,1.8934765
2.061224489795918,1.9083799
1.905,1.8597522
3.1153846153846154,1.8943322
1.4146341463414633,1.3817859
1.3,1.8279722
2.142857142857143,2.1415038
1.9557522123893805,2.037588
1.5454545454545454,1.9315319
1.3333333333333333,1.9263486
1.2090395480225988,1.7582853
0.6842105263157895,1.6695204
1.3121387283236994,1.8209832
1.953929539295393,1.8656303
1.7166666666666666,1.9086424
1.6883116883116882,1.762127
1.7589285714285714,2.0569375
1.7964601769911503,2.031881
1.1363636363636365,1.6678082
1.7966101694915255,1.9852031
2.6363636363636362,2.5306787
2.438202247191011,1.9178777
1.7348484848484849,1.8904183
1.7333333333333334,1.9248462
1.4166666666666667,2.1393023
1.088235294117647,1.4543103
2.6379310344827585,2.1807091
2.591549295774648,1.9297785
2.75,2.529425
1.8,1.9148523
1.588235294117647,2.1633632
1.7419354838709677,1.9412776
1.527027027027027,1.8614248
3.0256410256410255,1.887827
1.7870722433460076,2.019449
1.903345724907063,1.926556
1.3548387096774193,1.838579
2.0,2.210998
2.0,2.3558354
4.0476190476190474,2.2185664
1.673003802281369,1.9019611
1.5555555555555556,1.9358023
4.625,1.7101622
2.7333333333333334,2.1710753
1.3636363636363635,2.3582637
1.5625,2.0357075
1.5945945945945945,2.169571
1.5977653631284916,1.9706938
2.25,1.7777945
2.0042372881355934,1.9003261
2.3126338329764455,1.964415
1.8888888888888888,2.8173003
1.9946380697050938,1.9534068
2.5185185185185186,1.7724981
1.4,2.0742142
1.641025641025641,2.3272111
1.6176470588235294,1.9348371
1.4074074074074074,1.4969679
1.72,1.7941477
1.875,2.6470556
1.689710610932476,1.9126518
1.8666666666666667,2.9303467
1.9195402298850575,1.9000698
1.625,2.0521574
1.7431472081218273,1.9091296
2.0346954510408635,1.9983644
2.2739726027397262,2.054831
1.7692307692307692,2.4550595
1.3088235294117647,1.5631768
1.3571428571428572,2.358714
1.9603960396039604,2.0550032
1.1818181818181819,1.6961192
2.06,1.9371265
1.6271186440677967,1.927259
3.111111111111111,1.7798635
2.1920903954802258,1.9934552
2.269867549668874,1.8636975
1.9343065693430657,2.457013
1.2,2.2135162
1.769620253164557,1.8764077
2.727272727272727,2.0224426
2.0,2.2927606
1.50814332247557,1.973092
2.2222222222222223,1.9572123
1.90625,1.8379226
1.6923076923076923,2.1402729
2.4558823529411766,2.0511165
2.4761904761904763,2.5456715
1.4960732984293195,1.8211682
2.6129032258064515,2.532458
1.819277108433735,2.0276043
1.3659574468085107,1.9908088
2.185567010309278,2.0790353
1.0714285714285714,1.8478715
1.5,1.5148913
1.8652631578947367,1.9071847
1.7179487179487178,1.9991333
1.8109756097560976,1.8110269
1.5618892508143323,1.9149292
1.7647058823529411,2.092758
1.7378640776699028,1.8999593
2.2,2.6705196
1.8773784355179703,1.9003633
1.08,1.8016361
1.158774373259053,1.8469182
1.2777777777777777,2.110252
2.496969696969697,1.9469059
1.5,1.9713968
1.263157894736842,1.6159108
1.1666666666666667,1.5080023
1.9056603773584906,1.6311423
1.7222222222222223,2.6124604
2.4347826086956523,2.0324829
1.5471698113207548,1.9707217
1.9923664122137406,1.9284072
1.875,2.3051925
1.9477611940298507,1.9624448
2.1614349775784754,1.8867009
1.8928571428571428,1.8847915
2.4186046511627906,2.0131283
3.75,2.6154833
1.1428571428571428,1.9194125
1.7077727952167414,1.8939488
1.7217898832684826,1.9119037
2.4076433121019107,2.0447412
2.6176470588235294,1.8923409
5.162790697674419,1.9308368
4.90625,2.5754805
1.9792802617230099,2.010915
2.4615384615384617,2.1352787
1.45,2.0642943
1.8875,2.250593
1.6071428571428572,2.2005544
1.1578947368421053,1.9790958
1.608695652173913,2.0157058
2.423076923076923,1.9882139
2.111111111111111,3.2504683
1.9081632653061225,2.095752
1.7666666666666666,2.1644924
3.9555555555555557,2.309171
1.74822695035461,1.9544805
1.9384615384615385,2.1806123
1.9482758620689655,1.8894815
1.9166666666666667,2.6151388
1.486206896551724,1.932733
1.9130434782608696,1.339407
1.7142857142857142,1.7721046
2.2857142857142856,2.252368
1.42,2.0259013
2.683673469387755,1.9041241
1.7096774193548387,1.9616271
2.1333333333333333,2.6286252
1.64,2.1598911
2.3783783783783785,2.1676073
2.2814814814814817,1.923774
2.0357142857142856,1.8018621
1.4125,1.7138089
1.1666666666666667,1.7706456
3.411764705882353,3.238045
1.8161290322580645,1.9350989
1.7735849056603774,1.9181983
2.6486486486486487,1.9677665
1.4899328859060403,1.9689118
1.4666666666666666,1.5956794
1.7647058823529411,2.2866673
1.3103448275862069,1.5920763
2.259259259259259,2.1083376
2.3055555555555554,2.0957496
2.320284697508897,2.0273063
1.9174008810572687,1.9144204
1.4285714285714286,2.2473173
3.121495327102804,2.0920718
1.5660377358490567,2.009499
2.0952380952380953,2.016274
2.1481481481481484,2.0887249
1.625,1.8121316
2.161290322580645,2.0842543
1.8181818181818181,2.0100796
2.2666666666666666,2.27111
2.4,2.0920582
1.71,1.8989598
1.7182991647684132,1.888061
2.2989690721649483,2.0261586
1.5769230769230769,1.8368137
1.9545454545454546,2.3184273
1.0714285714285714,2.2632546
1.7647058823529411,2.5134873
1.6916299559471366,1.9205357
1.3181818181818181,2.303012
1.981042654028436,1.9850544
2.0,2.108938
1.6870229007633588,1.9663962
3.036144578313253,2.342025
1.25,1.8793719
1.681159420289855,1.966501
2.25,2.06882
1.404494382022472,1.7850862
2.75,2.4245024
1.5254237288135593,2.0299578
1.6842105263157894,2.2303462
2.2857142857142856,2.2730784
1.8964912280701753,1.9494679
1.7476851851851851,1.792455
1.5,2.516987
1.6084905660377358,1.927709
1.673992673992674,1.9375714
2.8627450980392157,1.9951108
2.7142857142857144,2.0279963
1.8387096774193548,2.2053587
1.2857142857142858,1.4355893
1.88,2.0771525
1.5490196078431373,2.209405
1.6666666666666667,2.564346
1.9538461538461538,1.9341727
1.5555555555555556,2.2681665
2.098159509202454,1.8651102
1.68,2.2862701
0.9705882352941176,1.9350501
2.150252525252525,1.8415256
1.929078014184397,1.9675386
2.532763532763533,1.9697081
1.7407407407407407,2.1072252
1.3711340206185567,1.601761
1.9367755532139095,1.9518554
1.8695652173913044,2.0058317
1.9444444444444444,1.9403986
1.8,2.2650726
1.565217391304348,2.0821452
1.3548387096774193,1.5821153
1.524822695035461,1.9843106
1.9230769230769231,1.8935713
1.4090909090909092,1.9336567
1.7666666666666666,2.059517
1.798913043478261,1.9331092
3.4285714285714284,2.3547995
1.9087018544935805,1.9349097
2.6666666666666665,2.6462924
1.9248120300751879,1.9220665
1.5774647887323943,2.1786976
2.090909090909091,2.5365634
1.8590909090909091,1.9443336
1.9644194756554307,1.9386785
1.5068493150684932,2.053041
2.36046511627907,1.9951241
1.4242424242424243,2.0010662
1.7139959432048681,1.8245437
5.393939393939394,2.5943456
1.4705882352941178,2.9484465
0.7307692307692307,1.5917944
2.5157593123209168,1.9050809
1.9452054794520548,2.116901
1.9493355481727574,1.9456577
2.4827586206896552,1.6390325
1.3103448275862069,1.9106615
1.247191011235955,1.90127
1.4074074074074074,1.8045382
2.0526315789473686,2.537889
1.8387096774193548,2.5230966
1.8021582733812949,1.9665369
2.2083333333333335,2.0039737
1.3513513513513513,2.0373833
2.357142857142857,3.0280876
1.8385093167701863,1.8435136
1.5402298850574712,2.0245943
1.9435825105782794,1.9216167
1.75,2.5121043
3.6923076923076925,2.13263
0.8823529411764706,2.1489275
2.0,2.2063704
1.7142857142857142,2.6960595
1.6429809358752165,1.9105337
2.16,2.3317897
1.967479674796748,2.0687518
2.152227722772277,1.9552448
2.2371681415929205,1.978291
1.4953917050691243,1.8167706
5.020979020979021,1.9023637
1.748371335504886,1.8802358
4.363636363636363,2.7855272
1.3513513513513513,1.880374
0.5531914893617021,1.3171179
5.6,1.8628112
1.4444444444444444,2.281299
2.0,2.430552
6.333333333333333,1.8433442
1.9923954372623573,1.9474345
4.3283582089552235,2.0608659
1.9285714285714286,2.4396968
2.0,2.266316
2.744186046511628,2.0251927
2.6666666666666665,2.3975492
1.82,1.9109429
2.5243506493506493,2.127225
1.7763157894736843,1.9065064
1.6734693877551021,1.8912784
1.1833333333333333,2.1214108
1.5687789799072642,1.9291273
2.0555555555555554,1.881873
1.6719858156028369,1.8639617
2.3345679012345677,1.9836377
2.761904761904762,2.5516222
1.2307692307692308,1.999948
1.3417721518987342,2.008798
2.010848126232742,1.9709684
1.5319148936170213,1.7056912
2.0987654320987654,1.9310359
2.142857142857143,2.66807
1.05,1.4906074
4.64,2.5266097
2.052197802197802,1.8874122
1.6470588235294117,2.0192833
1.6666666666666667,2.4753242
1.7808127914723517,1.7944543
2.8053097345132745,1.9746771
1.75,1.7073461
1.9682702149437052,1.9437902
1.65,1.9876398
1.787037037037037,2.0992556
3.036036036036036,1.8973418
1.565217391304348,2.0714173
1.6396396396396395,2.0359414
1.7062706270627064,1.8828171
3.2337662337662336,2.0182197
1.2222222222222223,1.8977238
1.974739970282318,1.9504389
1.511864406779661,1.8467934
2.363036303630363,1.9415894
1.9697986577181208,1.9224161
2.4485981308411215,1.9521226
4.0588235294117645,3.1926124
1.6584158415841583,1.9899322
1.9273607748184018,1.9539564
2.7333333333333334,3.1526873
1.7839506172839505,2.2852902
1.8636363636363635,2.437843
1.8305084745762712,1.9295762
1.4666666666666666,1.8046194
1.7544910179640718,1.8378855
0.38095238095238093,1.0247337
1.5714285714285714,2.0455217
0.9666666666666667,1.7011216
2.2743142144638404,1.9480147
2.2610441767068274,1.9738874
1.6263079222720478,1.9125836
1.7014563106796117,1.9281136
1.6946902654867257,1.8614717
2.369565217391304,2.122332
2.5,2.0522058
4.446280991735537,2.4907856
1.6,1.9557025
1.5,1.899736
2.6363636363636362,2.3652842
1.2142857142857142,1.5148116
3.2941176470588234,2.1920211
2.337325349301397,2.0583935
1.5921052631578947,2.141265
2.1875,2.1595728
1.5248868778280542,1.8465104
1.9211618257261411,1.9129205
2.6625,2.4629576
0.9072164948453608,1.4502809
2.0078740157480315,1.9877962
1.9,2.0711284
1.9113924050632911,2.3479862
1.3235294117647058,1.8690203
1.5740740740740742,2.479661
1.1666666666666667,1.6997322
1.8181818181818181,2.2602844
1.6,2.3134816
1.0847457627118644,1.9631048
2.0714285714285716,1.8951516
1.7857142857142858,2.087259
1.6923076923076923,1.8238075
1.7333333333333334,2.502363
1.8341013824884793,1.96823
5.057142857142857,2.0570078
2.3703703703703702,2.0502508
1.9476439790575917,1.8900131
1.7158555729984302,1.8507121
2.1538461538461537,2.0369713
1.2,1.786901
1.9411764705882353,2.08681
1.8113207547169812,1.8893795
2.9473684210526314,2.1730328
2.6198347107438016,2.1083815
1.6,2.0219345
1.5972222222222223,2.151409
2.769230769230769,2.398696
1.8110814419225634,1.8040433
1.5639810426540284,1.88856
1.9024390243902438,1.9914807
1.5789473684210527,2.0375924
2.5833333333333335,1.6794745
1.945475638051044,1.8641187
2.1707317073170733,1.8833256
2.2122641509433962,2.0354726
1.7,2.0359707
4.214285714285714,2.969881
2.125,2.5053637
2.2019867549668874,1.9209378
2.6486486486486487,2.2021976
2.2515151515151515,1.9595041
1.8461538461538463,2.2749772
1.5789473684210527,2.2778766
1.9705882352941178,1.920721
2.289473684210526,1.8925122
1.7,1.6417183
4.212987012987013,2.0776668
1.8476190476190477,2.3024971
1.88,2.396289
2.2058823529411766,1.6760205
2.463215258855586,1.935844
1.5445544554455446,1.992498
1.2307692307692308,1.6863174
1.7184466019417475,1.8414098
1.7870036101083033,1.9822222
1.75,1.5655401
0.9428571428571428,1.014044
1.7591623036649215,1.8211682
2.142857142857143,2.4099174
1.7142857142857142,2.038514
2.4722222222222223,1.9719719
2.2680851063829786,1.9308791
2.3529411764705883,3.3470888
2.95,1.9713912
2.2666666666666666,2.2692614
1.907815631262525,1.9404191
1.7382690302398331,1.9282672
1.8888888888888888,2.8681529
1.2307692307692308,1.7966814
1.7395596051632498,1.8974559
2.155704697986577,1.9477674
3.5625,2.126074
1.2222222222222223,1.4751848
2.125,2.1965256
1.9136842105263159,1.9291273
2.3784860557768925,1.975833
1.4545454545454546,2.0105202
1.7387580299785867,1.9648395
1.6906318082788672,1.9031655
1.3,1.9626693
2.526315789473684,2.1754942
1.660749506903353,1.8597522
1.823321554770318,1.8859134
1.1886792452830188,2.260779
1.324742268041237,1.8784792
2.13265306122449,2.1237957
1.6,1.9611472
2.3333333333333335,2.7797892
1.7727272727272727,1.876058
1.471698113207547,2.096953
1.2,2.5016363
1.6964285714285714,2.0777452
1.0,1.4012715
1.6235294117647059,2.188453
1.6122448979591837,2.1739676
2.9285714285714284,2.452694
1.5416666666666667,1.9069716
1.8,2.0054796
2.4411764705882355,2.7083175
1.3863636363636365,1.8829329
1.6139630390143738,1.9722738
1.4838709677419355,1.9412721
1.5,1.8773329
2.1990291262135924,1.9932593
1.6759410801963994,1.9660245
1.206896551724138,1.85139
1.6071428571428572,1.6885505
1.6058823529411765,1.809359
1.8461538461538463,1.8898579
3.4,2.863875
3.6,2.2645762
1.4917127071823204,1.881847
2.0396270396270397,1.9430166
1.8857142857142857,2.0301025
1.7067510548523206,1.9323809
1.6479591836734695,1.8774625
1.3979591836734695,1.8195142
1.9944751381215469,1.9049969
2.0,2.449701
2.9285714285714284,2.63604
1.7241379310344827,1.4879785
1.7731239092495636,1.989238
2.261460101867572,1.9109429
1.8257142857142856,1.9616224
1.7989821882951653,2.0201707
3.5,2.032425
1.935897435897436,1.929658
1.9052631578947368,1.9695214
1.6836363636363636,1.8924671
1.5,1.7879603
1.5333333333333334,1.5953721
1.8666666666666667,1.5787798
1.1071428571428572,1.8437049
1.4285714285714286,2.336536
2.606060606060606,2.6631107
1.6981132075471699,1.9543692
1.6140625,1.8283744
1.1304347826086956,2.0613184
2.5657894736842106,1.9894344
3.7,2.7946768
3.1515151515151514,2.1891468
2.1301939058171744,1.9648577
1.689171974522293,1.9126756
1.6170212765957446,1.9275773
2.7329268292682927,1.9469297
1.6551724137931034,2.4373834
1.5480769230769231,1.9850831
1.6521739130434783,2.0619652
1.686206896551724,1.9396122
1.6891891891891893,2.1967402
1.72,1.6393671
1.9013452914798206,1.921069
1.5,2.0875065
3.1475409836065573,1.7118971
2.142857142857143,2.7673683
2.1914893617021276,2.1273582
1.1875,1.7047173
0.7631578947368421,1.9623597
1.509090909090909,2.0029776
1.7394209354120267,1.876327
1.6470588235294117,2.202456
2.1341463414634148,1.9471078
2.0588235294117645,2.0408285
1.9310344827586208,2.0448706
2.279279279279279,2.05133
2.0573888091822097,1.9584014
2.1538461538461537,2.493167
1.9,2.7765803
4.333333333333333,1.8972368
1.7142857142857142,2.5219111
2.4583333333333335,2.417125
1.8709677419354838,1.9495059
1.7610062893081762,1.9165393
1.5222381635581061,1.8234437
1.68503937007874,1.8075912
1.2,1.7293128
4.040816326530612,2.2285376
2.25,2.1959069
2.9741379310344827,2.2650144
1.8518518518518519,2.3725016
1.7055449330783938,1.8585492
6.444444444444445,3.2006574
2.5,2.977625
3.0,2.8906243
4.875,2.6095605
2.861111111111111,2.2475317
1.745136186770428,1.9906319
1.3958333333333333,1.8648545
1.9047619047619047,2.2822497
2.8,3.4276102
1.3076923076923077,2.4851317
1.3076923076923077,1.5291004
1.9166666666666667,2.7641487
1.863825363825364,1.8961618
3.0,2.833047
2.4871794871794872,2.2651777
1.4390243902439024,2.1218398
3.0344827586206895,2.5477753
1.3333333333333333,1.4665058
1.530612244897959,2.0852544
2.0625,2.114979
1.5913043478260869,2.0926068
2.076923076923077,2.2184534
3.4482758620689653,1.9607059
0.8292682926829268,1.6033044
1.6875,1.8925233
2.7741046831955924,2.0201707
1.7692307692307692,2.0358796
1.5901639344262295,1.812192
1.0,1.7465392
1.9917355371900827,2.0819783
1.8305084745762712,1.982283
2.090909090909091,2.3628633
1.62,1.9129763
1.74822695035461,1.9401877
2.066666666666667,2.561151
1.805352798053528,2.0030146
1.6643356643356644,1.8920318
1.7608695652173914,2.0258994
1.6376089663760898,1.9775968
1.8601398601398602,1.9846354
2.11744966442953,1.9580488
2.099290780141844,1.9146059
2.088235294117647,2.1574554
1.9230769230769231,2.642343
1.6341463414634145,1.6582216
3.8636363636363638,3.662386
1.6489444878811572,1.8218433
2.2222222222222223,1.7307633
1.9642857142857142,1.9116969
2.3404255319148937,2.0472689
2.30188679245283,2.1011763
2.306451612903226,2.5251434
1.6923076923076923,1.9585533
1.7263339070567987,1.953874
3.0618556701030926,1.9762697
1.6236559139784945,1.9342012
1.5517241379310345,1.9787747
1.7328244274809161,1.976244
1.65,1.9922408
1.6606060606060606,1.9211249
1.8333333333333333,1.8252184
2.0663058186738836,1.9624448
2.0,2.40032
1.5909090909090908,1.9562336
1.4545454545454546,1.9471389
1.3636363636363635,2.7422402
1.6541019955654102,1.8584143
1.416842105263158,1.8403376
2.3010752688172045,2.0178833
1.5333333333333334,2.143934
1.7777777777777777,2.2573028
1.6609880749574106,1.8401635
1.8797595190380763,1.851921
1.5454545454545454,2.159186
1.5625,1.5700053
2.269230769230769,2.9207883
1.089385474860335,1.6846094
4.761904761904762,3.2221951
1.5918367346938775,2.1157942
1.8928571428571428,1.7427071
2.6363636363636362,2.0252383
1.471698113207547,1.6664226
2.1052631578947367,2.0677614
3.413793103448276,2.3891091
1.8888888888888888,2.1527727
1.6744186046511629,2.1815128
2.5106382978723403,2.0583315
2.1588785046728973,1.9024274
1.5,1.8815733
3.7777777777777777,2.3694885
1.5036319612590798,1.9094349
2.5847457627118646,2.0936584
1.9705882352941178,1.9408321
2.235294117647059,1.9408544
1.8071065989847717,1.9439195
2.3813559322033897,2.0360317
1.875,2.1916664
1.0681818181818181,1.7469237
7.851851851851852,2.1594806
1.5,1.5241278
1.9444444444444444,2.3124661
1.6698795180722892,1.871747
1.9366925064599483,1.8294346
1.1132075471698113,1.8507096
1.875,2.1226447
1.4385964912280702,1.9504476
1.25,1.9773242
2.1444444444444444,1.8702351
1.663265306122449,1.9654315
2.1473684210526316,2.0442498
1.75,2.5280683
1.78125,1.9055603
1.8518518518518519,2.02904
1.1714285714285715,1.7195762
1.8928571428571428,2.2866225
1.2980769230769231,1.9804732
1.96875,2.082122
4.057142857142857,1.7040874
1.876923076923077,2.0578656
1.788748564867968,1.9872186
1.3294117647058823,1.8857449
2.3076923076923075,2.358302
1.5044247787610618,2.0876226
2.033678756476684,1.9509356
1.8333333333333333,2.0599337
2.7,1.6361583
3.6666666666666665,2.6658113
1.6428571428571428,2.6613708
2.156862745098039,1.9058146
1.7819871336669049,1.8679173
1.7268518518518519,1.9648395
1.7988826815642458,1.9083077
1.9210526315789473,2.1797154
1.4644970414201184,1.9372469
1.588679245283019,1.8962413
1.0571428571428572,1.6608598
1.4782608695652173,2.2075913
1.4042553191489362,1.9056385
1.3611111111111112,2.2311034
2.3160377358490565,1.9704503
2.3514644351464433,1.9240366
3.888888888888889,2.8050838
1.2857142857142858,1.2676941
1.5294117647058822,2.2615273
1.4270833333333333,2.0771325
2.2222222222222223,3.1727664
2.3392857142857144,1.9265771
4.454545454545454,3.6562588
1.3846153846153846,1.7879423
1.4285714285714286,1.5778883
1.1612903225806452,1.5671557
4.888888888888889,1.895253
1.494949494949495,1.895038
1.4333333333333333,2.0544379
1.8800436205016358,1.9278388
1.843329253365973,1.9301095
1.922680412371134,1.8951023
1.7142857142857142,2.110404
1.7073170731707317,1.9211267
1.7326732673267327,2.035881
2.0105540897097627,1.9202744
2.4085447263017357,2.0126655
1.9180327868852458,1.9288822
1.6391752577319587,1.8347913
1.6666666666666667,2.1268768
1.9577464788732395,1.9911445
1.2941176470588236,2.111772
1.439252336448598,1.9547092
2.2025052192066807,1.9784237
1.6296296296296295,2.2623675
1.9809941520467835,1.8765277
1.5,2.8347554
1.5,1.989954
1.852522639068564,1.9483253
1.9444444444444444,2.4646852
1.82,1.9752425
1.3181818181818181,1.962853
2.0,2.346935
1.565217391304348,1.5144194
1.8076923076923077,2.2400901
2.4615384615384617,2.0917175
2.1578947368421053,1.9076144
1.9541284403669725,1.9356793
2.456896551724138,2.0241058
2.5698924731182795,2.027325
1.6363636363636365,2.3429933
3.375,2.0304039
2.210526315789474,2.2914405
2.679083094555874,1.9452405
2.189189189189189,1.6780822
1.7777777777777777,2.301245
1.7938144329896908,1.5866902
1.9775280898876404,1.9006741
1.5694444444444444,1.8584845
2.0653465346534654,1.8812912
1.8878048780487804,1.9118224
1.9777777777777779,1.8755976
1.652121212121212,2.0099607
4.0476190476190474,2.101659
1.6844262295081966,1.9101211
2.8421052631578947,2.136224
1.6567164179104477,1.6677752
1.8235294117647058,3.1480203
1.0,1.6899691
1.7692307692307692,2.0324726
1.5909090909090908,2.0893576
1.8771929824561404,2.0022786
2.310344827586207,2.0275936
2.0625,1.9834558
1.096774193548387,1.3590876
2.0,2.5204318
0.8333333333333334,1.5124975
1.3888888888888888,2.1830454
1.8632478632478633,2.10526
2.125,2.6074672
1.894736842105263,2.5674043
1.8333333333333333,2.0101192
1.56,1.9544122
1.3043478260869565,2.114118
1.708100558659218,1.9035143
1.7676348547717842,1.9055285
2.6676737160120845,1.9523116
1.7606837606837606,1.9214377
1.8571428571428572,2.2702549
1.7707847707847708,1.8128715
1.7497435897435898,2.0435534
3.5294117647058822,3.1882956
1.9047619047619047,2.0734792
1.4444444444444444,2.106547
7.857142857142857,2.4130046
0.9444444444444444,1.930118
1.8021978021978022,1.8055513
2.590909090909091,2.8607495
1.9921875,1.9920539
1.3793103448275863,2.7725322
1.7066666666666668,2.2325187
1.2696629213483146,1.8519733
4.709677419354839,2.5901191
1.92,1.9508795
1.6952380952380952,2.0505297
0.9666666666666667,1.2351304
2.1176470588235294,2.7154262
3.7411764705882353,2.4842153
1.7260127931769722,1.9541684
2.272727272727273,2.2345607
1.6842105263157894,2.4545026
1.633423180592992,1.8379226
1.5454545454545454,1.8110379
2.693877551020408,1.8129413
2.75,2.6520169
1.9014598540145986,2.032573
2.0,1.9978501
2.1748942172073344,1.9035143
2.04,1.4861656
4.104347826086957,2.1064143
2.4483985765124556,1.9442588
2.4,2.2986963
1.9728116710875332,1.8222866
4.636363636363637,2.190212
2.6216216216216215,1.950503
1.5,1.9719914
2.0,2.57527
7.833333333333333,2.279831
1.410989010989011,1.8290405
2.7142857142857144,2.0870569
1.906712172923777,1.841831
1.53125,2.1231725
1.9428571428571428,2.2059162
2.0714285714285716,1.7961371
1.8257211538461537,1.8710465
1.5116279069767442,2.0424387
1.8223740392826644,1.8169929
2.2432432432432434,2.2094965
1.7918699186991869,1.8414098
2.4444444444444446,2.0858984
1.9375,2.1084623
1.6363636363636365,1.6494982
1.1111111111111112,1.4125019
2.7586206896551726,2.3594832
2.006675567423231,1.9119068
2.522222222222222,2.1352947
1.0810810810810811,1.6831752
1.8031088082901554,1.9351028
1.3636363636363635,1.7028947
2.891891891891892,2.1190102
1.669064748201439,1.986874
2.064516129032258,1.8734831
2.069418386491557,1.9314083
1.896421845574388,1.8821393
2.2222222222222223,2.8309906
2.0357142857142856,1.8684348
2.4545454545454546,2.3193946
1.5405405405405406,2.0666437
2.2666666666666666,1.877534
1.7228915662650603,1.9188766
1.6391752577319587,1.5997674
2.3157894736842106,1.9788867
1.4242424242424243,1.756405
2.6984126984126986,1.7502975
1.2173913043478262,1.744203
2.050156739811912,1.9908936
1.7727272727272727,2.0720239
2.28,1.5359931
1.4758620689655173,1.9722292
0.673469387755102,1.1068254
1.3953488372093024,1.3095822
1.7083333333333333,2.0192904
2.3790697674418606,1.9137857
1.588235294117647,2.176674
1.3911111111111112,1.9601821
1.9108910891089108,2.214301
2.1094890510948905,1.9093158
2.5294117647058822,2.1568458
3.1956521739130435,2.0492036
1.5587392550143266,1.9111317
1.7814992025518341,1.9870069
1.7190476190476192,1.9770068
2.6481481481481484,2.0391836
1.6220095693779903,1.9374765
3.409090909090909,1.5829221
1.7341772151898733,1.9668552
2.1176470588235294,2.9521704
2.792207792207792,1.945452
1.5403726708074534,1.9744725
1.75,2.0859382
2.0412371134020617,2.0192075
1.7908496732026145,1.924444
1.7494600431965444,1.9513623
1.3125,2.1142585
1.52,1.9695926
1.8585858585858586,2.0252688
2.235294117647059,2.166749
1.75,2.4756703
2.619047619047619,2.019625
2.0952380952380953,1.8775595
1.7079037800687284,1.9358277
1.2857142857142858,1.307298
2.2333333333333334,2.450463
1.9306930693069306,2.0089972
1.8493150684931507,1.7793229
1.748502994011976,2.0047762
2.5216572504708097,2.0380821
1.841121495327103,1.9961996
1.627906976744186,1.9050517
1.619047619047619,2.1314273
1.32,1.8689473
1.6,1.8421041
6.839080459770115,2.0915897
1.7842696629213484,1.9688644
1.375,2.0081637
1.9285714285714286,2.0816782
1.8581560283687943,1.9345514
2.075,2.1228452
2.1052631578947367,2.0678816
2.2857142857142856,1.8636613
1.5,1.935099
1.1904761904761905,2.1818671
1.8447146866230122,2.0159369
0.8888888888888888,1.7409946
1.6666666666666667,1.8579229
1.593846153846154,1.9664458
2.901591895803184,2.0993593
1.661904761904762,1.8897462
1.6363636363636365,2.812647
2.2758620689655173,1.9009573
2.2222222222222223,2.551915
1.761061946902655,2.090442
1.9655172413793103,2.0937636
1.3333333333333333,1.7759376
1.7531486146095718,1.7605431
1.3673469387755102,2.068251
2.006514657980456,1.9585233
2.1142857142857143,2.028163
2.0364372469635628,1.9330072
4.148148148148148,3.2602968
1.355072463768116,1.9698381
1.4932533733133433,1.8261151
1.72,2.2340617
2.0434782608695654,2.0673592
2.347826086956522,2.32383
1.3888888888888888,1.6870775
2.3134328358208953,1.9879279
1.8181818181818181,1.9168799
2.1458333333333335,2.1079607
2.764705882352941,2.6120136
1.44,1.8493286
1.6444444444444444,2.1301873
2.129161118508655,2.0347278
1.6428571428571428,2.5058818
1.9166666666666667,2.6151388
1.55,1.9961545
2.933333333333333,2.406271
1.2307692307692308,1.4811687
4.2,2.4288602
2.5555555555555554,2.4964614
2.1029411764705883,2.117572
1.7714285714285714,1.9852905
0.92,1.7501885
1.4156626506024097,1.936659
2.8947368421052633,2.2806513
1.403225806451613,1.8324547
2.317073170731707,1.7792094
1.841095890410959,1.8965936
2.739130434782609,2.0240889
1.5060240963855422,1.887813
1.5840840840840842,1.8817273
2.0476190476190474,1.6651653
1.9864864864864864,1.9399949
1.8695652173913044,1.9101679
1.6666666666666667,1.9098405
1.825381679389313,1.9642231
1.807482993197279,1.8858149
2.042105263157895,1.959914
2.6123595505617976,1.9561311
1.9127906976744187,1.9535419
2.0,2.5654433
2.128654970760234,1.8921152
1.3548387096774193,1.7724323
1.8888888888888888,2.1333253
1.673913043478261,1.6123904
2.3232142857142857,1.9395062
2.2363433667781494,1.9306877
1.450777202072539,2.2809157
2.2276119402985075,2.0186963
1.7317073170731707,1.847445
1.3636363636363635,1.8272692
1.6,2.6605265
3.0416666666666665,2.6444273
1.896103896103896,2.3116293
1.5,1.8860704
1.1904761904761905,1.5461602
1.5,2.1317086
1.4723404255319148,1.8608788
1.515923566878981,1.8925914
4.826086956521739,2.3575592
1.8243352135374697,1.993942
1.542857142857143,2.074754
1.8471953578336557,1.9811627
2.2,2.5637567
1.9263351749539595,1.9395062
2.1818181818181817,2.4022095
2.2395833333333335,1.9483148
2.037037037037037,2.0539029
1.4545454545454546,2.3301027
1.8185053380782918,1.8813653
1.411764705882353,1.4769297
3.230769230769231,2.2614148
2.3157894736842106,1.9301555
4.916666666666667,2.008793
1.5714285714285714,2.4364252
2.588235294117647,2.129112
2.150943396226415,2.119456
2.2329545454545454,1.895386
1.8409542743538767,1.952365
1.58,1.9754828
1.4705882352941178,2.9402268
2.3664596273291925,1.8984926
1.8311965811965811,1.9590658
1.6888888888888889,1.9706478
2.3417721518987342,1.8989261
1.826086956521739,2.1590164
1.6588628762541806,1.9523567
1.7777777777777777,2.0053558
2.0714285714285716,1.9761834
1.8095238095238095,1.9451789
3.1794871794871793,2.705283
1.875,2.2786868
1.0769230769230769,2.2744203
1.7820163487738419,1.9504943
4.117469879518072,2.1027539
1.9090909090909092,1.4885871
1.1904761904761905,1.7404851
2.04,2.3102217
1.8520408163265305,2.0147922
2.032544378698225,1.8862501
1.9210526315789473,1.9685813
1.8645948945615982,1.8124486
1.5232558139534884,1.922273
2.3333333333333335,2.6780212
2.0,1.9100722
2.6578947368421053,2.4244049
2.462962962962963,2.256827
1.7777777777777777,2.0259726
1.6666666666666667,1.700962
2.0,2.507328
1.8548387096774193,2.1363258
1.7916666666666667,2.1205888
5.454545454545454,1.7861814
3.9642857142857144,3.2038333
2.2429718875502007,1.9718739
1.814748201438849,1.966637
1.8571428571428572,1.8386573
1.1206896551724137,1.876013
1.6071428571428572,1.8542231
2.1,2.4667432
1.337837837837838,1.8362049
1.6111111111111112,1.8281481
2.303473491773309,1.9526981
1.8918918918918919,2.0458546
2.175438596491228,1.8608179
2.9523809523809526,2.9316096
2.810810810810811,2.3158288
1.423728813559322,2.1385949
1.972972972972973,2.1156113
2.0595238095238093,2.035118
3.3333333333333335,2.888401
1.938080495356037,1.9203756
2.0412371134020617,2.088849
1.8825065274151436,1.8874419
2.1566265060240966,2.066096
1.8585858585858586,1.9488357
2.759259259259259,2.2323098
1.5217391304347827,2.009962
1.9714285714285715,2.042768
4.5625,2.7564223
1.987987987987988,1.8686284
1.8548387096774193,2.1937716
1.32,1.9140599
1.6986794717887155,1.8897332
1.653416149068323,2.0615485
1.9230769230769231,2.6722605
1.9502923976608186,2.0145898
1.5,1.8633326
1.7257383966244726,1.9606134
1.4972375690607735,1.8400869
2.4566473988439306,1.953426
2.430406852248394,2.0312123
1.5714285714285714,2.021313
2.3617021276595747,1.9336455
1.5244565217391304,1.8827997
1.1512605042016806,1.9031672
4.25,3.0240476
2.215686274509804,2.185516
3.1666666666666665,2.6339676
1.5714285714285714,2.4675505
1.7543859649122806,2.1120548
1.880245649948823,1.9400003
2.0157790927021697,2.0340889
1.5263157894736843,2.056485
1.5732758620689655,1.8681941
1.8461538461538463,2.8237066
2.200617283950617,1.966288
4.785714285714286,2.13682
1.8986960882647943,1.9504287
1.868421052631579,2.3418634
5.666666666666667,2.5964487
2.34375,3.061529
1.8564625850340135,1.8110269
2.238095238095238,2.714234
2.3333333333333335,2.6318972
2.3640552995391704,1.9456954
1.9183673469387754,2.0405905
1.2820512820512822,2.1055994
1.6339285714285714,1.9942782
1.5,2.0106091
1.6296743063932448,1.9575231
1.4684210526315788,1.925564
1.0425531914893618,1.4700167
1.3181818181818181,1.8396329
1.75,1.8741196
1.873469387755102,1.9535302
2.8,2.2365673
1.8801897983392646,1.8670614
2.933333333333333,1.9784335
1.7674418604651163,1.9002283
0.7575757575757576,0.9095879
2.0,2.103687
1.7084019769357497,1.8745323
1.9424460431654675,1.9212507
2.594178082191781,1.9620335
1.619047619047619,2.2524717
1.8472222222222223,1.9505194
1.4324324324324325,2.286358
2.0672645739910314,1.8669137
2.087719298245614,2.0520496
1.5763888888888888,1.8971603
1.836734693877551,2.029172
1.63003663003663,1.9363846
1.6551724137931034,2.1083815
1.2460732984293195,1.8997451
1.5263157894736843,1.2607524
1.9027777777777777,2.041799
1.609865470852018,1.8644488
0.9210526315789473,1.874582
1.732899022801303,1.9443321
2.7395833333333335,1.9662342
1.6655172413793105,1.911977
1.4444444444444444,1.8792431
1.844155844155844,2.2264638
1.7901234567901234,2.0753322
1.6082089552238805,1.8614904
2.909090909090909,2.1021163
1.9636363636363636,2.0134041
1.625,2.3568969
5.806451612903226,2.94166
3.4237288135593222,2.6205564
6.755905511811024,1.967015
3.230769230769231,2.2156281
2.0505050505050506,2.056986
2.2641509433962264,1.8017987
1.8529411764705883,1.4515716
2.7567567567567566,2.1119847
2.375,2.4295735
2.4250513347022586,1.8447478
1.8705882352941177,1.8671029
2.8333333333333335,1.904472
1.1777777777777778,2.290802
2.2373737373737375,2.0134304
2.4281984334203655,1.9279199
2.2083333333333335,1.7552104
2.029029029029029,1.8385174
3.138888888888889,2.4050984
1.625,2.064719
1.2380952380952381,1.5427054
2.076923076923077,2.5081131
2.4,2.1079953
3.230769230769231,2.008412
1.8227848101265822,2.0133374
1.4477611940298507,2.2248983
2.3856317093311312,2.1333768
1.8620689655172413,1.8808451
8.85,2.2277057
2.132575757575758,1.975833
1.36,1.7450123
2.1666666666666665,2.9784713
1.9520661157024792,2.014708
1.04,1.4858623
2.1,2.4475179
3.8095238095238093,1.9888684
2.2222222222222223,2.2738287
8.0,3.2331064
1.953168044077135,1.9348582
2.5555555555555554,2.7387197
2.1580381471389645,1.9024613
1.5,2.0330782
1.871212121212121,1.9427348
1.9,1.8143647
1.5149425287356322,1.8848379
2.888888888888889,1.7174542
1.1388888888888888,1.2470877
1.7416666666666667,2.074084
1.3636363636363635,1.9211307
2.4779411764705883,1.9398468
1.619047619047619,2.075649
1.1481481481481481,1.9003816
3.6,2.8160849
1.9215017064846416,2.0269668
2.0834621329211744,1.9490572
1.083969465648855,1.7820631
1.7857142857142858,2.4089172
1.5386740331491713,1.8569033
1.735159817351598,1.9292275
1.368421052631579,2.0608928
2.0,2.129959
1.8333333333333333,2.7396963
1.85,1.8186073
3.1724137931034484,2.5983799
2.036697247706422,1.9050809
3.4285714285714284,2.6374042
1.469387755102041,2.0283008
1.5096153846153846,2.0467772
1.3636363636363635,1.4695008
1.9016759776536314,2.0205483
1.52,1.9263202
2.076923076923077,2.1722126
2.3076923076923075,1.9576384
1.7239057239057238,1.9579598
2.4074914869466517,2.0192375
1.975206611570248,2.0602562
1.4,1.724794
2.7432432432432434,1.9959388
1.87890625,2.001112
2.3333333333333335,2.1542318
2.018348623853211,2.030434
2.2625786163522013,1.9934888
2.3173076923076925,1.9861095
2.663265306122449,2.7355425
2.0464396284829722,1.8414962
1.8413631022326675,2.0008216
1.6774193548387097,1.8291506
1.3888888888888888,1.7765186
1.7523992322456814,2.0044842
1.4166666666666667,2.1716993
1.6470588235294117,1.962697
2.5163934426229506,2.5154765
1.9157894736842105,1.9552162
2.3278688524590163,1.7229501
1.0833333333333333,1.9921361
2.6666666666666665,2.6079254
1.5820895522388059,1.891869
2.0,1.8976761
1.7019230769230769,2.1293364
1.6035182679296347,1.8783948
2.121212121212121,2.3773177
1.9430543572044867,1.9817919
2.7,1.952455
2.2142857142857144,2.5820746
1.5,1.7294781
1.44,1.6814492
1.2938144329896908,1.8676217
0.8529411764705882,1.5432675
5.131782945736434,2.110187
1.1818181818181819,2.1783736
1.7519884309472162,1.9069893
1.6981132075471699,1.9149292
0.8108108108108109,1.2151288
1.78698224852071,1.8515164
1.3214285714285714,1.9458847
1.75,2.6869748
1.7846153846153847,2.1342158
1.8095238095238095,1.9743961
3.161290322580645,2.2491753
2.3157894736842106,3.0577812
1.4,1.42215
4.333333333333333,2.6630986
3.0476190476190474,2.1755424
2.039473684210526,1.9191842
2.2033898305084745,2.307881
1.1481481481481481,1.8604853
2.1,2.8676648
2.35,2.2663257
1.2131147540983607,1.822541
1.6428571428571428,2.429416
1.6464646464646464,2.1320708
2.4489795918367347,1.9843804
2.0,2.0392265
1.7285714285714286,2.0476103
2.4758842443729905,1.9019156
1.9,2.3708322
2.34338747099768,1.9023052
2.111111111111111,2.1659963
1.3888888888888888,2.2784388
5.105263157894737,1.9437854
2.2857142857142856,3.0472531
1.7142857142857142,2.4953454
2.4927536231884058,2.1255686
2.4468085106382977,2.088597
3.3452380952380953,2.1318839
1.7333333333333334,2.25936
1.6887052341597797,1.9388927
4.3875,2.0315826
1.4615384615384615,1.8036662
2.7333333333333334,1.7459034
1.9477911646586346,2.0002363
1.5242718446601942,1.613235
1.0212765957446808,1.833754
4.12962962962963,1.9629501
1.8823529411764706,2.0432606
2.0303030303030303,2.113311
2.64572605561277,1.8643686
1.3571428571428572,1.9237022
2.314814814814815,2.3201149
1.8285714285714285,1.9787475
4.185185185185185,2.8975272
1.6551724137931034,2.1443603
2.210144927536232,2.0050724
1.696969696969697,1.7124685
1.6,1.5001867
1.748792270531401,1.9354581
1.7128712871287128,1.8245437
3.3157894736842106,2.4660368
1.9259259259259258,1.542093
2.0,1.8913109
1.7013888888888888,1.9345052
2.5238095238095237,2.1298552
2.010158013544018,2.00398
1.5,1.8438163
1.573643410852713,1.7816933
1.180327868852459,1.9768164
3.342857142857143,2.5304382
1.4285714285714286,2.5685647
2.198019801980198,2.0661087
2.588235294117647,3.1896615
2.3333333333333335,2.4688573
1.9576271186440677,1.7641668
1.5657894736842106,1.7802424
2.0675675675675675,2.0560317
1.709486166007905,1.9494704
1.9329388560157792,1.9296938
1.4230769230769231,2.1053076
1.3414634146341464,2.022672
1.3271028037383177,2.0519087
2.0405797101449274,1.9050809
3.2142857142857144,2.5143278
1.5348837209302326,1.9143466
1.896551724137931,2.044381
1.9642857142857142,1.6174365
1.6258992805755397,1.9335451
4.275862068965517,2.5133367
2.142857142857143,1.9621025
2.759259259259259,1.9696239
1.7791411042944785,2.0602443
1.6538461538461537,1.8954148
1.776470588235294,2.4496782
1.6111111111111112,2.1462033
1.3870967741935485,2.2960136
1.3333333333333333,1.5565574
2.5816326530612246,2.0020707
2.6808510638297873,2.372609
1.8112827400940228,1.837694
1.5609756097560976,2.03687
3.9029126213592233,2.0719347
6.0,2.457664
2.2429906542056073,1.907362
1.7419354838709677,2.4021244
1.875,2.2217212
1.7005988023952097,1.948062
3.5294117647058822,2.431997
3.0,1.5544649
2.25,1.9930333
1.1428571428571428,1.4878191
1.7142857142857142,2.3565102
1.7828947368421053,1.8887095
2.218390804597701,2.2918134
1.546218487394958,1.9030191
0.6875,0.89477664
1.7906976744186047,1.942937
2.3333333333333335,2.4156642
2.2684365781710913,2.0272133
1.7547169811320755,1.9856945
2.5866666666666664,2.1744106
4.379310344827586,2.650741
1.6192170818505338,1.8859134
0.9618320610687023,1.7253201
2.142857142857143,2.610563
0.5774647887323944,0.94380105
1.0666666666666667,1.7053499
4.384615384615385,3.5017629
1.896551724137931,2.044545
1.2916666666666667,1.6170201
1.7475728155339805,1.9593139
2.588235294117647,2.1115556
2.1573208722741435,1.8545767
3.7358490566037736,1.898351
4.40625,2.3092575
1.896551724137931,1.8815669
1.595505617977528,1.7581643
2.4285714285714284,2.4421446
1.6730310262529833,1.8838009
2.4719471947194718,1.9384509
1.6363636363636365,2.1359768
2.0,2.7749383
1.95,2.0769413
1.2258064516129032,2.0027618
1.5909090909090908,1.7446239
2.538562091503268,1.988144
2.5384615384615383,1.8999041
1.883435582822086,1.8678741
2.3738317757009346,2.000169
2.2432432432432434,2.0758317
1.727788279773157,1.9498622
1.3333333333333333,1.8705329
2.746031746031746,2.7118206
1.8235294117647058,2.1577547
2.017857142857143,1.925278
2.1142857142857143,3.1260035
1.6460176991150441,1.9354417
1.9530685920577617,1.9143844
2.8714285714285714,1.9958261
1.972972972972973,2.5274272
1.7469879518072289,1.8907701
1.875,2.0431175
2.0610211706102115,1.9844993
0.9859154929577465,1.63773
2.1,1.9007611
1.7712486883525709,1.9789934
1.8611111111111112,1.5349556
1.3333333333333333,1.618731
5.9,2.2985497
2.6831683168316833,1.9861319
2.5425531914893615,2.3297074
1.7609649122807018,1.9423896
3.967741935483871,2.7193706
1.8343353373413493,1.8138903
1.3428571428571427,2.0475788
2.2865168539325844,1.8915528
1.492063492063492,1.9148473
1.2352941176470589,1.6523888
1.945759368836292,1.9521561
1.903225806451613,2.0856023
2.0,2.5605936
2.0648648648648646,1.9855795
2.01734693877551,1.9818574
1.7419354838709677,2.2974021
2.8125,2.4454546
3.7142857142857144,2.424688
2.5,2.6620526
1.8360655737704918,2.0904186
1.5196850393700787,1.8818058
3.375,2.2607508
1.9454545454545455,2.0648234
1.954264524103832,1.9901956
1.627659574468085,1.9134575
1.8231404958677686,1.9257779
1.4222222222222223,1.9426398
1.8191964285714286,1.9559124
2.0093457943925235,1.9933926
1.6666666666666667,2.3714056
1.0701754385964912,1.3171967
1.0263157894736843,1.449537
1.6153846153846154,1.956436
2.5384615384615383,2.223484
1.2608695652173914,1.9131796
1.9636363636363636,1.9890286
0.6428571428571429,1.6015031
1.9465648854961832,1.9742005
1.892324093816631,1.9329242
1.7160714285714285,1.910085
1.9069767441860466,1.91534
2.2,2.376003
1.7207547169811321,2.0284653
1.2857142857142858,2.023977
1.4285714285714286,1.5626147
2.101769911504425,1.868946
1.7591623036649215,1.8912668
8.037037037037036,2.721132
1.2307692307692308,1.5289465
1.878787878787879,2.0934982
2.447086801426873,2.026031
2.0097087378640777,1.9492702
4.909090909090909,2.4151425
2.340042372881356,2.0287068
2.2567567567567566,2.498372
2.6341463414634148,2.2018776
1.6136363636363635,2.0205247
1.9733333333333334,1.8913004
1.3448275862068966,2.095574
5.25,2.3853657
2.3157894736842106,2.1824284
1.631578947368421,1.966805
3.2,2.427102
1.5774647887323943,1.8681941
2.4175824175824174,2.0772638
1.5,2.1294708
1.729032258064516,1.8695016
1.6007326007326008,1.8286964
1.4081632653061225,1.9548807
1.65,2.4140337
2.0796812749003983,1.9530748
1.02,1.8577871
1.8739352640545144,1.9364014
1.3394495412844036,1.7409645
1.7977991746905089,1.9898738
1.7659574468085106,2.3743525
2.1052631578947367,2.006197
1.7755102040816326,1.9104257
1.6923076923076923,1.8264643
2.0,2.2617588
2.4085106382978725,1.9016749
1.9444444444444444,2.3969774
3.380952380952381,1.8659819
1.4791666666666667,2.2924929
4.333333333333333,2.2587473
1.125,1.3500354
1.4864864864864864,1.892937
3.6818181818181817,2.2604973
2.008130081300813,1.9134771
1.6198083067092652,1.910887
1.702127659574468,2.1423218
2.9565217391304346,1.4580096
1.5445544554455446,1.9519526
1.9840637450199203,1.8989261
2.8444444444444446,2.072805
1.9829787234042553,1.9566108
2.014623172103487,1.9615412
1.7478797224363918,1.9272553
2.111888111888112,1.9742758
2.125382262996942,1.8714272
1.920863309352518,1.9450892
1.8928571428571428,2.623687
1.83,1.9470062
1.5435056746532156,1.8288084
1.9,2.698717
1.8695652173913044,2.0631287
1.8089285714285714,1.9853426
1.6728971962616823,1.9268339
1.4502164502164503,1.8426819
1.6677524429967427,1.8883066
1.4157303370786516,1.8439397
2.0119760479041915,1.9121027
1.9293478260869565,1.9946771
2.0,2.1710987
2.6666666666666665,2.8657756
1.7142857142857142,2.3154624
1.8271604938271604,2.4909616
2.2,2.4076338
1.6794258373205742,1.8676988
1.8888888888888888,2.2947412
2.4854445318646734,2.0421586
1.7524752475247525,2.0772467
3.340148698884758,1.9536797
1.9879032258064515,1.9244162
2.475,2.3356533
2.082706766917293,1.9908471
2.0,2.4604697
2.4234234234234235,2.0884438
1.723127035830619,1.8281785
3.5294117647058822,1.6461908
2.074074074074074,2.1924217
1.8,2.2361913
1.025,1.3776342
1.139240506329114,1.7281026
1.8458049886621315,1.9088602
1.7012987012987013,2.1503353
1.7222222222222223,2.2645104
1.989795918367347,1.9553549
2.0,2.444627
1.765625,2.028304
0.9523809523809523,1.5104414
1.90625,1.7822967
2.2517985611510793,1.9932024
0.6444444444444445,0.91351277
1.393939393939394,1.9787977
2.125,2.5273912
1.9256198347107438,2.0391493
2.3487394957983194,1.8758646
1.4715189873417722,1.9808288
1.125,2.048641
3.8333333333333335,2.1253383
1.9545454545454546,2.1231525
1.0454545454545454,1.203251
1.771978021978022,1.9024613
2.29126213592233,2.1455307
1.9615384615384615,1.9066368
1.8,2.094114
2.272727272727273,2.893327
1.8421052631578947,1.9882967
2.1391752577319587,1.9307914
2.039772727272727,1.9319077
1.8295081967213114,1.8140534
1.8147321428571428,1.9359488
1.61875,1.9062827
2.152,2.1100852
0.7394957983193278,0.7883459
2.0,2.211565
1.5833333333333333,2.1065238
2.5135135135135136,1.9308218
1.8613861386138615,2.1010373
2.0892857142857144,1.8175251
1.94,1.9800788
2.4516129032258065,1.9717293
2.0,2.367606
1.5833333333333333,1.9741157
1.2857142857142858,1.7949165
1.6923076923076923,2.485671
2.018757327080891,1.9155239
1.75,2.3080266
1.4805194805194806,1.858774
2.043269230769231,1.8944556
2.80327868852459,1.9804418
2.178861788617886,1.7052205
1.9578059071729959,1.8648232
2.619047619047619,2.1396506
1.8650306748466257,1.9275974
1.9820359281437125,1.8800873
2.2222222222222223,2.079731
1.683453237410072,2.014708
2.0588235294117645,2.257345
2.2083333333333335,2.620257
1.6012269938650308,1.9582722
1.5714285714285714,2.1254635
2.17578125,2.0565133
1.4262295081967213,1.9155285
1.875,1.9254427
1.0454545454545454,1.7421317
2.238709677419355,1.9651273
1.699212598425197,1.8520447
1.8529411764705883,1.93875
1.1111111111111112,2.2239363
1.3615384615384616,1.7578367
2.2666666666666666,2.243218
2.2,2.093919
1.813397129186603,1.9343368
2.090909090909091,2.0460482
1.9077637690776377,1.8253151
1.575,2.011887
1.9532710280373833,2.0163922
1.8333333333333333,1.9937243
1.25,2.1202233
1.9230769230769231,1.8060334
1.2458100558659218,1.7796696
2.185185185185185,2.4327183
1.7360838244924688,1.8809913
1.8016528925619835,1.8549244
2.0597014925373136,2.2657475
3.2857142857142856,2.1879761
1.3333333333333333,1.4716587
8.45945945945946,2.3585386
0.8421052631578947,1.2918851
2.5619047619047617,1.9908371
1.9340028694404592,1.9122688
2.1379310344827585,2.0585916
1.6655948553054662,1.9196444
1.368421052631579,2.1062505
1.0952380952380953,1.7150952
1.9411764705882353,2.091048
1.5,1.6449975
2.1137123745819397,1.9141784
1.7578616352201257,1.9353698
1.625,1.9924695
1.4375,2.2213287
1.6582278481012658,1.8892454
1.5081967213114753,2.0795918
1.683673469387755,1.9530307
1.0909090909090908,2.045165
2.1238938053097347,1.9136637
2.1516587677725116,1.889196
2.129242819843342,1.9065593
2.148936170212766,1.9660039
0.8888888888888888,2.0611153
1.6911764705882353,1.8815079
2.473941368078176,1.982827
4.46875,2.664644
1.2307692307692308,1.8009409
2.8181818181818183,2.3386781
2.3125,2.6572971
1.8013245033112584,1.6690874
1.9615384615384615,1.7846496
1.9556962025316456,1.832194
1.1041666666666667,1.3216093
0.625,1.3485367
2.4088983050847457,1.9467306
4.4,2.817522
1.7560975609756098,2.1193018
1.7662337662337662,2.0183492
0.9090909090909091,1.6237103
1.9689288634505315,1.8113719
1.9722222222222223,2.2015038
2.279279279279279,2.2080154
1.8828571428571428,1.9483358
2.0609756097560976,2.0159128
2.0,2.4985018
1.6830065359477124,1.9364903
1.219298245614035,1.9937626
1.7037037037037037,2.0852284
1.6108007448789572,1.9285221
2.105691056910569,2.1714149
2.0454545454545454,2.3143566
1.5526315789473684,1.8461558
1.1851851851851851,1.9670765
1.6,2.4358466
1.6875,2.5847976
1.7062374245472838,1.8414098
2.111111111111111,2.8051965
1.630568356374808,1.854378
1.1428571428571428,2.1094575
2.9523809523809526,2.0201783
1.7619047619047619,2.1185417
1.0526315789473684,1.655264
1.6990291262135921,1.9430166
1.1983471074380165,1.9428514
1.8373983739837398,1.9710345
1.48,1.9631666
2.1702127659574466,2.052145
1.6461949265687583,1.8679428
2.823529411764706,2.5387862
1.7816091954022988,1.8433337
1.78125,1.8148177
3.040983606557377,2.4906492
2.21474358974359,1.9527537
1.7961783439490446,1.904482
2.1666666666666665,2.618417
1.875,2.135308
1.805774278215223,1.8782293
0.8378378378378378,2.1704206
2.2222222222222223,3.1218333
1.5454545454545454,1.580954
1.5757575757575757,2.2374227
1.2903225806451613,1.6936007
1.9361702127659575,2.0458677
1.68,1.6473367
2.0337837837837838,1.9137857
2.0625,2.3799758
1.9047619047619047,1.5799688
1.4,1.4626415
1.98,1.8935307
2.92,2.1869886
1.7799442896935933,1.8401783
2.3214285714285716,1.9299089
1.2352941176470589,1.8242857
6.176470588235294,2.0886385
2.5301204819277108,1.976503
2.3333333333333335,2.2098477
5.5,2.7798615
1.622478386167147,1.8482898
1.4456521739130435,1.9230436
1.4745762711864407,1.7864202
1.948031496062992,1.9429783
1.6666666666666667,2.1111307
1.4782608695652173,2.036796
3.306122448979592,2.3366413
1.5714285714285714,2.6667848
2.0253164556962027,1.9884074
1.7321428571428572,1.7377514
1.9082872928176795,1.9486887
1.75,1.6630572
1.903225806451613,1.9698365
2.6027522935779817,2.0250561
1.762148337595908,1.8319652
2.235294117647059,2.7870817
2.134218289085546,1.9587722
2.157446808510638,1.9748492
1.839080459770115,1.8867339
1.5426829268292683,1.803868
1.7984293193717278,1.8752089
1.8692946058091287,1.9971693
1.5677321156773212,1.9597695
2.684375,1.9899828
2.1724137931034484,2.4071
1.4782608695652173,1.7055042
2.466666666666667,1.8972425
1.8888888888888888,2.16698
1.7972350230414746,1.8461751
2.2536585365853656,2.0333893
1.2727272727272727,2.3624697
2.5306122448979593,1.9113162
1.2413793103448276,1.5586011
1.7513089005235603,1.8825104
1.328,2.0759435
9.222222222222221,2.649556
2.0217391304347827,1.8719252
1.6266666666666667,1.8676332
1.9328358208955223,2.010971
3.357142857142857,1.9550796
2.6036036036036037,1.9353803
1.6004228329809724,1.8252697
2.6,1.70879
1.765,1.8382838
1.3586698337292162,1.8301249
2.3374233128834354,1.9288822
0.9705882352941176,1.632587
1.7538461538461538,2.0213742
1.4166666666666667,2.0080304
1.1818181818181819,2.112838
2.2675324675324675,2.012025
1.7045060658578857,1.7850267
1.4884169884169884,1.8999286
1.76,2.104439
2.0018148820326678,1.9272536
1.438692098092643,1.8965747
1.9216634429400388,1.9447403
1.9104477611940298,1.9874237
2.0217391304347827,1.9831457
3.1818181818181817,2.6299772
2.5,2.9299376
7.637614678899083,2.0185964
1.9040880503144655,1.9686439
1.2571428571428571,1.9095505
1.7241379310344827,2.0966973
1.6635182998819362,1.8146468
1.38,1.8003243
1.875,1.9533725
2.1333333333333333,2.4168205
2.8529411764705883,1.7666336
1.8936170212765957,1.9057626
1.9542790152403282,1.9180049
1.8,1.9315462
1.4848484848484849,1.8571248
2.712121212121212,2.2636209
1.2,1.6601098
2.607142857142857,2.2516544
1.6454316848281643,1.8436128
1.380952380952381,2.3982513
2.1789473684210527,2.335464
2.473684210526316,2.5746331
1.5858407079646017,1.8469942
2.252707581227437,1.9637576
1.6,2.7480628
2.13953488372093,2.6591284
2.317073170731707,2.5978017
1.8,2.2553468
1.4492753623188406,2.302782
1.5070422535211268,2.0566003
1.0512820512820513,1.6719953
2.013333333333333,1.85023
2.1746031746031744,2.6025438
1.411764705882353,2.1242876
1.8823529411764706,2.2567418
1.6273972602739726,1.889941
2.020618556701031,1.9890599
2.0320121951219514,1.9863877
1.5,2.2388866
1.991841491841492,2.0663376
1.1538461538461537,1.8237665
1.373134328358209,2.0864773
1.697674418604651,1.9028685
1.5365853658536586,1.6757684
2.3047619047619046,2.004908
1.7672727272727273,1.9882338
2.0697674418604652,2.287675
1.733695652173913,1.9117057
1.2666666666666666,2.5429692
1.5,1.8470832
1.4968944099378882,1.8987691
1.675603217158177,1.9759388
1.4615384615384615,1.4990909
2.560693641618497,1.9839602
1.6923076923076923,2.1241179
3.0,2.3195467
1.9227941176470589,1.959641
1.9227871939736347,1.9412776
2.6067961165048543,1.97623
1.6923076923076923,2.2622137
1.7964376590330788,1.9547395
2.7803738317757007,1.9310246
1.8940092165898617,1.8734304
1.6097560975609757,2.0806043
0.9285714285714286,1.2736193
2.0344827586206895,2.1711469
2.8636363636363638,2.453627
3.1176470588235294,2.8366933
1.1818181818181819,2.2366295
2.377049180327869,2.2655072
1.8777120315581854,2.056248
1.523076923076923,1.8948109
1.5092592592592593,1.8833395
1.881188118811881,1.9958253
2.0161290322580645,2.0278554
1.6756756756756757,1.8306983
1.7965686274509804,1.8715113
1.8018787361229718,1.9119043
1.8405253283302063,1.9185867
1.8,1.9700309
4.346938775510204,2.333164
1.6948051948051948,2.0123289
1.8898305084745763,2.055547
1.894736842105263,2.2531765
1.9004524886877827,1.9335859
1.896551724137931,2.060414
2.0,1.9979607
1.8344039971448964,1.8110269
1.653061224489796,1.4853246
1.1590909090909092,1.980299
1.6486486486486487,1.9440023
1.8519417475728155,1.953573
1.1538461538461537,2.0851967
3.0654205607476634,2.0502422
1.6666666666666667,2.1942706
2.3333333333333335,1.4913303
1.0188679245283019,1.7061248
1.77602523659306,1.9196444
2.086021505376344,2.0693903
2.0,2.1902156
1.9158576051779934,1.8744777
1.6867469879518073,2.0469549
1.4807692307692308,1.953735
1.812664907651715,1.8620158
1.5254237288135593,1.9515264
1.2105263157894737,1.4198989
1.856060606060606,1.9380512
1.9855072463768115,2.222872
7.495145631067961,2.3323038
1.2727272727272727,2.165835
2.4186046511627906,2.0071125
1.6875,2.7180462
1.2727272727272727,1.9188077
2.65,2.0252032
1.631578947368421,1.7968913
1.7941680960548885,1.8956323
1.0,2.113781
1.6808510638297873,2.09146
2.0866141732283463,1.9812131
1.7112299465240641,1.962508
2.115702479338843,1.8772951
1.884297520661157,2.0764432
1.1818181818181819,1.7245616
3.5714285714285716,3.0282092
1.6363636363636365,1.315066
2.0,2.2462494
1.933649289099526,2.0303078
9.9375,3.3817594
1.5294117647058822,2.130169
2.25,2.9385502
1.8461538461538463,1.9738089
1.9245283018867925,1.9118224
2.1904761904761907,1.7449791
0.9523809523809523,1.5434285
1.9045685279187816,2.0258155
2.1961414790996785,1.9598305
2.318407960199005,1.9148318
1.6637781629116117,1.908445
1.8316831683168318,1.8852028
2.0892857142857144,2.0039904
3.75,1.7780586
1.3790322580645162,1.9710345
1.5789473684210527,1.4270612
1.9096774193548387,1.9104763
1.8285714285714285,2.2515123
2.0,2.8991039
1.5,2.113539
3.135135135135135,2.1097403
1.967741935483871,1.6607552
1.5365168539325842,1.8680921
1.9388185654008439,1.8737078
2.6666666666666665,2.1330795
2.31767955801105,2.0190551
2.4444444444444446,1.7743498
1.5588235294117647,1.687788
1.8214285714285714,2.377796
2.0,2.033189
1.8484848484848484,1.1340309
1.6005291005291005,1.8917949
1.8905817174515236,2.0036037
1.441860465116279,1.9319232
1.9078014184397163,1.9101679
1.5,1.8235952
2.0277777777777777,2.4008298
1.9875886524822695,1.8215945
1.875,1.9313079
1.5909090909090908,2.1265998
1.8977272727272727,1.976788
1.6177685950413223,1.9002808
1.9300911854103344,1.8840659
1.5294117647058822,2.313
1.6796875,1.9380774
1.7142857142857142,2.0871112
2.2626262626262625,2.0969245
1.7333333333333334,1.8543695
1.8666666666666667,1.9972824
1.9901269393511989,2.026769
1.9221556886227544,1.9270025
1.380952380952381,1.599752
1.2,2.8630614
2.1666666666666665,2.2681372
2.3703703703703702,2.2137263
1.323076923076923,1.8458174
1.5554202192448234,1.8312219
2.5532271584241406,2.1385882
1.878787878787879,2.2065437
1.44,1.9058267
2.0,2.3812592
0.7567567567567568,1.6587297
2.0233918128654973,1.8958434
1.7863247863247864,1.9790238
1.7727272727272727,2.0143168
1.9695945945945945,1.9287895
1.8798151001540833,1.9078826
0.8936170212765957,1.5236341
1.7878787878787878,2.1142974
1.9721913236929922,1.9995673
4.761904761904762,3.520184
1.9429347826086956,1.818445
1.4285714285714286,1.7887901
1.8421052631578947,2.1534932
1.7419354838709677,1.9541869
1.9574468085106382,2.097353
3.967741935483871,2.498495
1.5254237288135593,1.7374917
2.0821917808219177,1.9841017
2.88,1.5552557
1.7839643652561248,1.9383327
2.762376237623762,2.684977
1.0178571428571428,1.4119687
1.5025641025641026,2.0047362
1.5337837837837838,1.8083616
1.0833333333333333,1.7554525
2.675675675675676,2.0743577
1.634185303514377,2.0064816
2.0031217481789803,1.8980837
1.6725955204216074,1.8495843
1.3763440860215055,2.2107584
1.738812785388128,1.961627
1.6057692307692308,2.131416
2.0,2.5370479
1.75,2.599231
2.1774193548387095,2.0950766
2.7442922374429224,1.8601437
1.2307692307692308,1.8090852
1.4615384615384615,2.0884356
1.877245508982036,1.8626063
1.105263157894737,1.822547
1.5135135135135136,1.950552
1.7351973684210527,2.0181177
1.872127872127872,2.0591054
1.5569620253164558,1.8299448
1.9224137931034482,2.087875
1.6470588235294117,2.1990864
1.4230769230769231,1.6931866
1.4,1.5814003
1.1428571428571428,1.9506831
1.5275590551181102,1.8395905
2.297872340425532,2.0998337
1.8234660925726587,1.8662491
1.8686659772492245,1.9388871
2.2058823529411766,2.5275066
1.6567164179104477,2.18314
2.0603112840466924,1.9414098
2.357142857142857,2.3370368
1.9966273187183812,1.8744777
1.8521739130434782,1.8665646
1.6875,2.2094004
1.8135048231511255,1.9453874
1.8181818181818181,1.950849
1.5789473684210527,2.2826889
2.090909090909091,2.5935988
1.7173333333333334,1.932812
1.3513513513513513,2.0046022
2.2903225806451615,2.2836199
1.8024691358024691,1.9979529
3.5217391304347827,1.8490101
1.7916666666666667,1.7390288
1.7451456310679612,1.9005085
1.789764868603043,1.9459698
1.9431939978563773,1.9144204
1.6008064516129032,1.9570909
1.6676829268292683,1.8771199
1.5911330049261083,1.8935307
2.3333333333333335,2.3129916
1.7272727272727273,2.1063182
1.25,1.5708836
3.0625,2.2476764
1.631578947368421,1.9864198
0.9518072289156626,1.4714985
1.619277108433735,1.825221
2.236111111111111,1.8425292
5.6,2.2091966
2.245614035087719,2.0115685
2.28,2.3799903
1.9642857142857142,1.3965069
1.6607142857142858,2.0393877
2.5641025641025643,2.211393
1.5263157894736843,2.0824208
1.8272727272727274,2.0680447
1.868208092485549,1.9144773
1.969057665260197,1.9514533
2.6226415094339623,2.4308457
1.9121951219512194,1.9171381
1.7835365853658536,2.001112
1.9963369963369964,2.013098
1.3736263736263736,2.36407
1.5837742504409171,2.0276043
1.964705882352941,1.8544225
1.875,2.0199792
2.4390243902439024,2.0184627
1.3636363636363635,1.1163546
1.5714285714285714,2.4789991
1.8571428571428572,2.3306823
1.9907235621521335,1.8252059
1.786032689450223,1.979963
2.7095588235294117,1.9254752
1.4642857142857142,1.6703223
2.2222222222222223,2.3954268
1.7222222222222223,2.256233
1.9277777777777778,1.8929676
1.6944444444444444,2.0350964
1.3904761904761904,1.9415405
2.72972972972973,2.1168277
2.1940298507462686,2.0793414
1.6824644549763033,1.9844626
1.7966101694915255,2.1443372
1.6724598930481283,1.8149933
3.24,1.982359
1.5,1.8149055
2.5483870967741935,2.076822
1.75,2.7682161
1.3333333333333333,2.4563887
1.72,2.123272
1.9090909090909092,2.6327715
3.04,2.0126278
1.7810945273631842,1.9899322
1.6266318537859008,1.8328956
1.2727272727272727,1.3882598
0.625,1.3590671
1.8779342723004695,1.8221277
1.7272727272727273,2.3012261
1.7855787476280836,2.0242164
3.0952380952380953,2.005199
1.725,2.1730323
1.6213592233009708,2.082382
3.9375,3.0763326
1.2258064516129032,2.0754263
1.36,1.5829731
1.8222591362126246,1.9372385
1.9288990825688073,2.0094147
2.3461538461538463,2.0983024
1.89375,1.8533032
1.6843657817109146,1.9819273
2.1297709923664123,1.8726023
1.5454545454545454,2.7117612
1.584958217270195,1.9029046
1.4334470989761092,1.9276941
2.0625,2.175876
3.75,2.1062841
1.7777777777777777,2.1809168
1.7964323189926548,1.9466234
1.6701030927835052,1.5803798
4.476190476190476,2.3248594
1.912280701754386,1.9239705
1.779475982532751,1.9031655
1.6956521739130435,1.2832415
2.074626865671642,2.0411437
1.819736842105263,1.8929056
2.218611521418021,1.9326617
1.6451612903225807,1.9514865
2.3823529411764706,2.0426576
1.6785714285714286,2.0356941
1.9941656942823804,1.9700253
1.5769230769230769,2.114911
1.8548387096774193,1.9695926
2.1327433628318584,2.075087
2.0,2.0713348
1.8053846153846154,1.8613954
1.894736842105263,2.151752
1.8181818181818181,1.8283744
2.7142857142857144,2.532192
2.0149863760217985,1.9315649
1.6730769230769231,2.2840056
1.55,2.2751358
1.895812053115424,1.9710661
1.9047619047619047,2.0976253
1.2727272727272727,1.7493912
2.911111111111111,2.229317
2.0783505154639177,1.8940476
1.6129032258064515,1.8809699
3.103448275862069,2.0583
2.3005050505050506,1.8965747
1.7567567567567568,2.321758
2.088757396449704,1.9091822
2.0233236151603498,1.9416603
1.2333333333333334,1.551948
1.7916666666666667,2.1020415
1.9047619047619047,2.0843349
1.4774193548387098,1.8794712
4.285714285714286,2.8444717
1.7023411371237458,1.9035952
1.8620689655172413,2.199426
1.7601918465227817,1.9040313
1.5,1.907652
1.5223880597014925,1.9911698
1.9025,1.8764296
5.15,2.5786273
1.9428571428571428,1.9848889
2.463636363636364,1.9798568
0.9418604651162791,2.781612
2.3336864406779663,2.0216353
2.5588235294117645,1.6115146
1.2307692307692308,1.5029192
3.090909090909091,2.0596852
2.1666666666666665,2.1007016
1.7685589519650655,1.9176779
1.746031746031746,1.9810896
1.7857142857142858,1.429676
2.0504201680672267,1.766888
1.6977225672877847,1.867981
1.6428571428571428,2.074593
1.5045871559633028,1.8763657
2.0727272727272728,2.0632436
1.5555555555555556,1.7617301
1.0,1.5903829
1.8461538461538463,2.3171926
4.666666666666667,2.6917481
2.5632183908045976,2.2525673
2.8088235294117645,1.9075483
1.6538461538461537,1.8549705
0.875,1.5293534
1.5,2.3209066
1.6555555555555554,2.0227802
1.7205882352941178,2.062131
1.7170138888888888,1.9205357
1.823086574654956,1.8700467
1.1153846153846154,1.8515105
1.7202072538860103,1.9296596
2.5384615384615383,2.4605148
2.15,1.9177735
1.4736842105263157,2.1865873
2.118035190615836,1.9321064
1.3154761904761905,1.8614565
2.242424242424242,2.9413602
1.4967741935483871,1.8312598
1.4848484848484849,2.2690785
1.7647058823529411,1.719817
2.1142857142857143,1.9651108
0.6666666666666666,1.4687388
1.1017964071856288,1.6005611
2.070588235294118,2.0158281
1.5862068965517242,2.3230147
1.3333333333333333,2.5027885
4.0625,1.7065392
3.4285714285714284,2.2106895
1.8,1.8225908
1.2272727272727273,1.5391802
2.129032258064516,2.0000782
1.8157894736842106,1.9438335
1.3333333333333333,1.9942979
2.52,1.864105
1.9018612521150593,1.9171115
1.875,2.3620677
1.6666666666666667,2.0947628
2.7,2.3781524
1.9523809523809523,2.0905046
1.6670731707317072,1.8496901
1.2857142857142858,1.6737825
1.3,1.8469172
2.425531914893617,2.0501144
1.8125,2.1977472
3.257575757575758,2.0065978
1.5555555555555556,2.0914726
1.4528301886792452,1.8057119
2.7027027027027026,1.6052995
2.0309278350515463,2.1183991
1.2727272727272727,2.3518162
2.204156479217604,1.8554014
1.7058823529411764,2.1204383
1.9581993569131833,1.8816808
1.65,1.6810014
1.7014925373134329,1.9144529
1.5185185185185186,1.639774
3.156862745098039,2.205968
1.5454545454545454,3.2023723
1.619047619047619,1.6333047
5.0,2.2372503
1.7647058823529411,2.0326445
1.5357142857142858,2.115453
1.75,2.438101
2.021966527196653,1.8389736
1.7191011235955056,1.9322845
1.7915632754342432,1.9480147
3.111111111111111,2.6254013
2.388888888888889,2.3664856
1.3461538461538463,1.9804174
2.1785714285714284,2.452159
1.3098591549295775,2.2404587
1.0571428571428572,1.315828
2.9670781893004117,2.0152109
1.9435897435897436,2.0132215
0.8666666666666667,2.2321887
1.9411764705882353,2.1052928
1.9473684210526316,2.220657
0.8055555555555556,1.5603093
1.5327102803738317,1.5623181
1.7647058823529411,2.1537871
1.4299065420560748,2.1029527
3.272727272727273,2.7574656
2.5,2.035881
2.0,1.9039705
1.7344309234073014,1.885874
4.333333333333333,2.2288873
1.8610315186246418,1.8548214
1.6907340553549939,1.8480364
2.064064064064064,2.019264
2.5443037974683542,2.8040001
1.9090909090909092,1.7936136
2.142857142857143,2.4356506
2.0,2.3207755
1.6544502617801047,1.827629
2.0125,1.906921
2.0829596412556053,1.9093158
2.3805309734513274,2.0426588
2.0,1.9977709
1.52,1.5920326
2.135135135135135,2.1794753
1.7159090909090908,2.0610335
2.0477908025247973,1.9499027
0.9444444444444444,1.6686442
2.0588235294117645,2.088631
1.7056277056277056,1.9232538
1.8923766816143497,1.8901724
3.0926829268292684,2.0160918
2.1554054054054053,2.035881
3.3333333333333335,2.0926669
1.8571428571428572,1.9026316
4.254777070063694,2.0811043
2.7777777777777777,1.851846
1.7579250720461095,1.9668208
2.6831683168316833,2.0435858
1.7896907216494846,1.911016
1.04,1.6228867
1.4102564102564104,1.781296
3.15,2.7350247
2.4047619047619047,1.9607717
2.0672268907563027,1.9287453
1.59375,2.6988034
1.4,1.7756085
2.28,2.3009024
1.962962962962963,1.9338458
1.2291666666666667,1.8643881
1.588235294117647,1.9145797
3.3,3.1695065
1.25,1.6802683
1.6666666666666667,2.315396
1.1363636363636365,1.6220846
1.8,2.241468
1.3846153846153846,1.7003423
1.35,1.7271088
2.1666666666666665,2.358324
1.792189679218968,1.939973
1.8666666666666667,2.0640159
1.8775510204081634,2.2084548
3.076923076923077,3.483474
5.222222222222222,2.269694
1.7950819672131149,1.9010843
1.5684007707129095,1.9498622
1.5258302583025831,1.8956323
2.4,2.6377997
1.6385542168674698,2.1910477
1.5854922279792747,1.9346145
1.75703125,1.8189706
1.5333333333333334,1.903959
2.033557046979866,1.9011084
1.7407407407407407,1.9544551
1.8178256611165524,1.8742982
1.8936170212765957,1.57891
0.8846153846153846,1.5670829
1.7204545454545455,1.8767389
1.508515815085158,1.924444
1.7597402597402598,1.8655225
1.7966101694915255,2.0235028
1.511111111111111,2.1239588
1.548780487804878,1.9494679
2.409090909090909,1.89596
1.7592592592592593,2.123264
1.989010989010989,1.8988119
1.4545454545454546,1.8193108
1.0714285714285714,1.0889679
2.204248366013072,2.0192213
1.4912280701754386,2.0216053
1.5692307692307692,1.9170573
2.0,2.6305943
2.4946236559139785,1.9779754
1.853658536585366,1.8557357
1.6768447837150127,1.8807579
2.0638297872340425,2.153831
1.6595744680851063,1.9003003
2.888888888888889,2.0674822
1.4579831932773109,1.887175
2.317241379310345,2.0458379
1.4444444444444444,1.9037435
4.476190476190476,2.46119
1.6271186440677967,1.8516905
0.5428571428571428,1.0471896
1.6216216216216217,1.9853426
2.2436974789915967,1.9054251
2.561797752808989,1.9111797
2.6052631578947367,1.9486648
1.834710743801653,1.9462452
1.5681818181818181,1.9562087
1.9332113449222323,1.8504412
1.96,1.9931836
2.0417754569190603,2.0080109
1.8421052631578947,2.354402
2.2021803766105053,2.0361433
1.4444444444444444,1.6318136
1.838074398249453,1.9334146
1.9789473684210526,1.9079204
1.5225225225225225,1.949083
1.8888888888888888,1.7278594
1.9543859649122808,1.872719
1.4754098360655739,2.0395596
2.3488372093023258,2.1475189
1.4285714285714286,2.461595
1.743732590529248,1.8520875
1.5755395683453237,1.8355137
2.0,2.114146
1.7619047619047619,2.177392
1.9411764705882353,2.0727394
1.84822934232715,1.866708
1.7045454545454546,2.1999807
1.410071942446043,1.9786744
1.0833333333333333,1.6479429
1.8108108108108107,1.9897562
2.0,2.3006349
1.1714285714285715,1.9888122
1.7272727272727273,1.6864808
3.8823529411764706,2.2339654
3.484848484848485,2.5155458
1.7333333333333334,1.9219481
2.45771144278607,1.957742
3.75,2.6424463
1.7808951235804944,1.8294902
2.0625,1.9834558
2.5384615384615383,2.4121954
1.9714285714285715,1.7762808
1.4803921568627452,1.9460558
1.761467889908257,1.991985
2.411764705882353,1.9858733
1.6666666666666667,2.0874982
3.268292682926829,2.2554774
1.641263940520446,1.8401635
2.1030927835051547,2.0445204
1.8789915966386554,1.8332783
1.8523035230352303,2.024338
2.375,2.2216797
6.5,2.5805569
5.818181818181818,2.0218627
1.8888888888888888,1.9711609
2.043010752688172,2.0031948
2.3076923076923075,2.511093
1.4654088050314464,1.995498
1.894736842105263,1.8911161
2.25,1.586763
1.6809116809116809,1.8974612
1.85,1.8845632
1.7307692307692308,2.1774354
1.7753694581280788,1.9689051
1.4936708860759493,1.9550271
2.257142857142857,1.9381939
2.26271186440678,2.1040707
1.6666666666666667,2.104696
1.9820574162679425,1.9921885
2.1333333333333333,1.6973383
2.25,2.0427525
1.5789473684210527,2.390537
1.5757575757575757,1.9232965
3.4571428571428573,1.976751
1.5743243243243243,1.8789339
1.9649122807017543,2.2052038
1.7202797202797202,1.9727907
1.8082191780821917,1.8689133
1.4728682170542635,1.9060084
1.3333333333333333,2.1289217
2.0555555555555554,2.2521262
1.6674364896073903,1.9254024
2.600591715976331,1.9533021
1.1111111111111112,1.9304712
2.052941176470588,1.9885193
1.371212121212121,1.8644626
1.5511811023622046,1.9034407
1.5909090909090908,1.8642427
1.9292929292929293,1.857404
3.725,2.2215352
1.8271604938271604,1.8642427
1.8636363636363635,1.8856835
1.592,1.9814487
1.3636363636363635,1.8331033
3.3114754098360657,2.00494
1.8859649122807018,1.995674
1.2815533980582525,1.7573524
2.5344827586206895,2.6463203
1.8995215311004785,2.0175822
4.2,2.4211924
1.8059299191374663,1.8973014
1.2857142857142858,1.4680396
1.736842105263158,1.9095256
1.1,2.281285
1.9017467248908297,1.8865112
2.2857142857142856,1.8174312
1.5961538461538463,1.8572127
2.301282051282051,1.9863877
1.7391304347826086,1.8663038
2.21875,1.9153895
2.0,1.9652847
1.7307692307692308,1.9555374
1.5909090909090908,1.5205697
1.507936507936508,1.691291
1.7083333333333333,2.0433347
4.724137931034483,2.4600306
1.6666666666666667,2.0419645
1.744186046511628,1.9641131
1.490566037735849,1.8657501
2.1484375,1.9800012
1.6486486486486487,1.9798105
1.803680981595092,1.789094
1.25,1.8326238
1.6785714285714286,2.0790753
1.6935817805383022,2.0228665
1.8918918918918919,1.4898825
2.8222222222222224,2.17754
1.3414634146341464,2.1778126
1.988216810683425,1.9519535
1.6741573033707866,1.9762608
1.9019607843137254,1.8683181
1.121212121212121,1.5534642
2.074074074074074,1.8393842
2.0246913580246915,2.0074382
2.0609137055837565,1.9412099
1.9023622047244095,1.9445304
1.9053030303030303,1.8975949
2.036363636363636,1.8388255
1.75,2.1666076
1.2352941176470589,1.3436272
1.2820512820512822,1.4844029
1.28,1.8482407
1.4285714285714286,2.529604
1.4578313253012047,1.8520447
1.7005347593582887,1.9879926
1.588235294117647,2.2341273
1.7242990654205608,1.9515362
2.15,1.6392803
1.8581081081081081,1.9385442
2.8529411764705883,2.1602843
1.9090909090909092,1.9801888
2.2798982188295165,1.8464893
1.8055555555555556,1.9316767
1.7034883720930232,1.8221843
1.875,2.5786753
2.617088607594937,1.9638864
1.0,1.7782191
1.103448275862069,1.7689157
2.1160714285714284,2.066461
2.0752032520325203,1.9217006
1.0,1.6204814
1.4545454545454546,2.0099301
1.777511961722488,1.9480147
1.6229508196721312,1.9086392
1.9444444444444444,1.8395234
1.6730769230769231,2.144541
1.4666666666666666,1.8955472
1.6772486772486772,1.8287287
2.3191489361702127,1.8821975
2.203125,2.327842
1.619140625,2.0081294
1.8823529411764706,2.1050637
1.125,2.0439353
3.235294117647059,3.224113
1.8,2.055279
3.1818181818181817,2.1053135
2.0727272727272728,2.488653
1.584,2.0131235
2.90625,1.9320877
2.5185185185185186,2.1184483
5.133802816901408,1.9845822
1.6271186440677967,1.9577621
1.8045977011494252,2.1246202
1.864864864864865,1.8622445
2.1818181818181817,2.2285175
1.6491228070175439,2.082869
1.674757281553398,1.8422877
2.392857142857143,1.9229105
5.966666666666667,2.8758526
1.8528896672504378,1.9105809
0.8055555555555556,1.4661818
1.6935483870967742,2.2736714
1.6174418604651162,1.8315748
1.5454545454545454,1.9043249
2.086792452830189,1.9090037
1.151685393258427,1.8162382
0.8888888888888888,1.9699359
1.7310647639956092,2.0686657
2.16875,1.9159744
2.1,2.509443
1.375,1.6905684
1.5869980879541108,1.8236576
1.8756476683937824,1.9342012
2.0,2.1426198
1.6666666666666667,2.0263886
1.6990424076607387,1.9280877
1.0454545454545454,1.5825586
1.7121212121212122,1.7198763
1.3396226415094339,2.1597936
1.9210526315789473,2.0084934
2.3684210526315788,1.9661785
1.704225352112676,1.9221247
1.5,2.2566314
1.8401305057096249,1.944748
1.0588235294117647,0.82243586
2.380952380952381,2.463976
1.74822695035461,1.9331266
2.066666666666667,2.1318305
2.671641791044776,2.3180702
2.0892531876138434,1.9490252
2.642857142857143,2.232367
1.1304347826086956,1.8725499
1.6090651558073654,1.838305
1.4166666666666667,1.8966898
1.7342767295597483,1.9412099
0.6,1.1305125
1.5924764890282133,1.8329599
2.5714285714285716,2.360114
2.1666666666666665,2.5938604
2.111111111111111,2.108236
2.7435897435897436,2.180335
1.7142857142857142,1.8747736
1.3784860557768925,1.8799822
1.5,1.660904
1.5665024630541873,1.882943
2.5483870967741935,2.0740874
2.1607142857142856,2.2459104
2.5216426193118755,2.0435534
1.4722222222222223,1.944862
1.5900383141762453,1.87938
2.5231481481481484,2.060413
1.7941176470588236,1.9820744
2.357894736842105,2.0640943
1.0943396226415094,1.2937562
1.6984126984126984,1.5362684
1.625,2.5771537
4.649122807017544,2.2821012
2.3846153846153846,1.9591112
2.888888888888889,2.7558827
3.0833333333333335,2.5228326
1.8620689655172413,1.9698073
1.8855932203389831,1.8733748
2.8,2.4549744
1.0,2.2401006
1.5975155279503106,1.9111027
2.2459016393442623,1.8760589
2.125,2.5424504
2.023076923076923,1.8906568
5.578947368421052,2.211526
2.0416666666666665,1.4826223
1.9154929577464788,1.9886776
2.0757575757575757,2.2600589
1.263157894736842,2.1219203
2.017391304347826,1.868946
2.0106761565836297,1.9130957
1.6666666666666667,1.5979259
1.2571428571428571,2.0683696
1.8612303290414878,1.9194788
2.169230769230769,2.2384815
1.7164835164835164,1.8422877
1.9452054794520548,2.0385838
1.144736842105263,1.9507526
1.9284833538840938,1.8604999
1.5944444444444446,1.9416858
2.2198795180722892,1.8696893
1.1666666666666667,1.5693947
1.5116279069767442,1.7676791
5.294573643410852,1.9965307
1.5555555555555556,2.0462906
1.6122448979591837,2.356461
1.7052631578947368,1.8882349
1.6285714285714286,2.077717
2.202247191011236,1.8992866
2.272727272727273,2.7351673
1.641025641025641,2.0353067
3.90625,2.837528
1.380952380952381,1.3951439
1.0769230769230769,1.9447896
1.3125,2.5631297
1.0538922155688624,1.4049605
1.8111111111111111,2.24586
2.133587786259542,2.0089903
3.1948051948051948,2.2269046
1.7142857142857142,1.8047284
2.0952380952380953,2.497719
3.1,2.029483
1.719869706840391,1.8506621
2.05,2.037393
1.8464,1.9142433
1.5263157894736843,1.9584457
1.631578947368421,2.1046193
1.1304347826086956,1.7080588
1.8210526315789475,2.377121
1.7741935483870968,2.0757654
2.435483870967742,1.8241184
1.2380952380952381,1.5353788
1.849726775956284,1.9268769
1.7209302325581395,1.9664773
1.4782608695652173,1.9464215
1.8255528255528255,1.8628925
0.9259259259259259,2.1612449
1.6666666666666667,1.6607035
3.235294117647059,3.0083156
1.5384615384615385,2.0672314
2.2525252525252526,2.0284488
2.283333333333333,1.8616451
2.76271186440678,1.8780936
1.732394366197183,1.9257386
2.065182829888712,1.832194
1.173913043478261,1.7295845
1.375,2.1628535
1.6453488372093024,1.7761393
1.4680851063829787,1.9519114
1.9276672694394212,1.9055823
2.4468085106382977,1.9533702
2.0100300902708126,2.0169318
1.631578947368421,1.6278938
1.722972972972973,1.9394459
2.2,2.3701522
1.610079575596817,1.8121966
1.4190476190476191,1.5385859
1.5128205128205128,1.8667337
1.5238095238095237,1.8526052
1.932088285229202,1.937701
1.8990825688073394,2.0896235
2.0,2.2994845
1.75,1.9758426
1.6163069544364508,1.825221
1.5323741007194245,1.8814852
1.5932203389830508,1.8506621
1.7857142857142858,2.6226976
2.5714285714285716,2.4833016
1.9376391982182628,1.895372
2.581694402420575,2.087756
2.008403361344538,2.0582855
0.9885057471264368,1.5193893
1.7916666666666667,2.2477784
1.4848484848484849,1.8017268
1.6153846153846154,2.1029534
1.8333333333333333,2.0457327
2.017699115044248,1.9544235
1.7947494033412887,1.8438407
1.5303030303030303,1.9359295
1.8092909535452322,1.8571723
1.2134831460674158,1.7003243
5.75,2.4238591
1.1538461538461537,2.0510786
1.6666666666666667,1.8341683
1.835117773019272,1.9745007
1.0,1.114095
1.5396825396825398,1.8396972
2.0859598853868193,1.8900131
1.826086956521739,2.6722603
2.230769230769231,2.4861758
7.5625,2.4884946
1.3974175035868006,1.894235
1.6194444444444445,1.8524277
2.4827586206896552,2.425953
1.3714285714285714,1.4078759
1.2666666666666666,1.8809394
2.6545454545454548,2.1969466
1.6918429003021147,1.998853
2.2325581395348837,2.0293899
2.1666666666666665,2.9479651
4.68780487804878,1.9567051
1.6046511627906976,2.0411487
2.324324324324324,2.1668823
1.720125786163522,2.0349705
2.3333333333333335,2.3014388
1.920268972142171,1.9213557
1.6470588235294117,2.2910998
1.8297872340425532,1.889508
4.076923076923077,2.4671135
1.6388888888888888,1.9236782
2.4597701149425286,2.2007425
1.7123862841147657,1.8718864
1.5491803278688525,1.9705706
1.8103448275862069,2.1121676
1.9103773584905661,1.9472215
1.8,1.9350668
1.740940632228219,1.8622059
2.25,2.1615913
1.3846153846153846,2.136527
1.4035087719298245,1.7147135
1.8574338085539714,1.8343539
2.6,1.6716887
1.796641791044776,1.8452288
1.950943396226415,1.9444367
1.2647058823529411,1.5560305
2.2808988764044944,1.7392182
2.046511627906977,1.8679248
1.5387755102040817,1.8515031
1.8823529411764706,2.171493
1.7592592592592593,1.7589157
1.12,1.6932238
2.5714285714285716,2.200536
2.370731707317073,1.9281136
2.4545454545454546,2.4512815
1.989384288747346,1.8794055
1.6721311475409837,1.9063076
1.9090909090909092,1.6210281
1.8404255319148937,2.090986
1.6666666666666667,2.4494834
0.8571428571428571,2.4977105
2.3803803803803802,2.0381474
1.6758241758241759,1.9816269
6.153846153846154,2.4158947
1.0588235294117647,2.5752554
1.623059866962306,1.9690524
1.577109602327837,1.8591677
2.338319907940161,2.0441542
2.2745098039215685,2.0225818
1.82,2.0310137
1.7042483660130718,1.9538509
1.82,1.8668749
1.4615384615384615,2.0427241
1.8,2.0173273
1.9749303621169916,1.9564676
1.3563218390804597,1.9481317
1.8181818181818181,1.7752962
2.41025641025641,2.057668
2.0785340314136125,1.9767728
0.8125,1.4945174
1.5555555555555556,2.014223
1.3931398416886545,1.8384892
2.8680555555555554,1.9168034
1.6818181818181819,1.690633
2.039473684210526,2.0409544
2.519230769230769,2.0182898
1.297872340425532,2.1095662
2.519230769230769,1.8359658
1.9798387096774193,1.9092011
1.4,2.1730523
1.7777777777777777,1.8341683
2.5191082802547773,1.9861095
1.875,2.3873222
1.8095238095238095,2.1812394
1.8285714285714285,1.9776798
1.7777777777777777,2.001112
2.4166666666666665,2.624001
1.903305785123967,2.0054133
3.4074074074074074,2.0042112
1.7575757575757576,2.0443075
1.9194756554307115,1.9507381
1.393939393939394,1.8997436
1.6179775280898876,1.9405438
1.5166666666666666,2.1912045
1.4444444444444444,1.9104807
1.7581792318634424,1.9382789
1.7661290322580645,1.8928051
2.6037735849056602,1.7725503
1.5483870967741935,1.8215033
1.6415094339622642,1.9714732
1.6388888888888888,2.2499564
1.2413793103448276,1.6762505
1.7804878048780488,2.0278769
2.7872340425531914,2.714176
1.7919463087248322,1.9366958
2.6470588235294117,2.219507
2.090452261306533,1.9825004
1.4726775956284153,1.8511747
1.3043478260869565,1.736012
1.4736842105263157,2.3925662
1.1764705882352942,1.8849409
1.8070175438596492,2.0143168
2.125,2.7186992
1.12,1.6115335
2.016304347826087,1.9996935
1.5714285714285714,2.1718948
2.3793103448275863,2.3371425
2.206896551724138,2.7226403
2.090909090909091,2.004937
1.5717674970344009,1.8509268
1.4444444444444444,1.9244742
2.311526479750779,2.0334105
1.7435897435897436,2.0386205
2.2669789227166275,1.9423896
0.9705882352941176,1.7543032
0.6056338028169014,1.6847237
1.626086956521739,2.0650945
1.90625,1.9187912
1.0980392156862746,1.8640759
2.0182421227197347,1.9815204
2.0113475177304965,2.024338
3.342857142857143,2.1835763
2.4,2.096015
2.0,2.5327415
1.588235294117647,2.0966454
1.36,1.9489691
1.5714285714285714,1.936819
2.4642857142857144,1.6659479
1.7365591397849462,2.0686657
1.44,1.9492583
1.5753920386007239,1.8419113
2.0407331975560083,1.9782404
2.0925449871465296,1.8965747
2.1,1.9830238
2.036697247706422,2.0327084
2.4,2.5807285
1.6267942583732058,1.9499792
2.0434782608695654,2.4633303
1.8333333333333333,2.26963
1.6538461538461537,1.1990232
3.802197802197802,1.8304492
1.38,2.1029806
1.6097560975609757,1.9650067
1.6174863387978142,1.9296422
2.287671232876712,1.9855915
1.967032967032967,2.0030148
1.8,2.6118581
1.8628571428571428,1.9175355
3.9245283018867925,2.2629268
1.1,2.0130298
2.769230769230769,2.0926785
0.6666666666666666,1.5492666
6.517241379310345,2.9309866
1.8,2.2858932
2.2666666666666666,2.650842
1.7190476190476192,1.8706942
2.9382716049382718,2.6465955
3.125,2.5607476
7.303030303030303,2.9575443
1.794759825327511,1.8935713
2.007142857142857,1.9696659
2.053349875930521,1.8600463
1.9028985507246376,1.9961815
2.7,1.9264385
2.25,2.056369
1.4666666666666666,1.7761707
1.6666666666666667,2.2501628
1.6428571428571428,1.9736288
1.9615384615384615,2.7449055
1.6808510638297873,1.9847724
1.25,2.2236004
1.903755868544601,1.9252546
1.9580838323353293,1.9783707
1.5142857142857142,1.9882847
1.7538461538461538,1.8072917
1.8181818181818181,1.9736687
1.5394736842105263,2.0030692
1.7666442501681237,1.8261063
3.117021276595745,1.9922045
1.8095238095238095,1.8375003
2.077007700770077,2.0015595
2.0,1.971967
1.8461538461538463,2.0786686
2.0066815144766146,1.9325551
1.804642166344294,2.0260198
2.1818181818181817,2.0403092
1.8125,1.8898767
1.7222222222222223,1.8723592
2.2222222222222223,1.9820402
1.0807453416149069,1.8841642
1.908675799086758,1.9226582
1.639080459770115,1.9263666
1.8179800221975582,1.9688644
1.4333333333333333,1.8400198
1.78125,2.3433814
1.7391304347826086,1.9786302
1.6517150395778364,1.8579297
1.6494845360824741,2.10793
1.6187245590230666,1.9145726
2.0,2.131554
2.375,2.4429872
1.787117903930131,2.0004978
2.187800963081862,1.9998994
3.5,2.1051085
2.1,1.9398754
1.8482758620689654,1.9591671
1.7916666666666667,2.0086443
2.0,2.2007675
1.7,2.234013
1.2258064516129032,1.6209275
1.675,1.7690642
1.7343565525383706,1.964419
2.510869565217391,1.9680048
1.5121951219512195,2.0089507
2.2750642673521853,1.9934735
1.8484848484848484,2.5016584
2.0,2.930595
1.696969696969697,1.9945672
1.4444444444444444,2.1451082
3.30188679245283,2.1104517
1.2727272727272727,1.6920519
1.607843137254902,2.0196114
1.7846497764530551,1.843711
2.0614525139664805,1.9511392
2.1470588235294117,1.9935503
1.6363636363636365,1.3796169
1.9283865401207938,1.9235598
1.5408560311284047,1.905734
1.8333333333333333,2.168931
3.033333333333333,2.468156
4.903225806451613,2.120123
3.375,2.5224392
2.9583333333333335,1.8005556
2.7532133676092543,1.9547395
3.2666666666666666,2.309171
2.8,2.4374242
1.54251012145749,1.8518962
1.7704590818363273,1.9498243
1.5,1.874027
2.090909090909091,1.9806039
1.6585365853658536,1.7941891
2.1666666666666665,2.0923078
2.0,1.8784391
1.6781609195402298,1.9526981
1.88,2.1692896
1.7716216216216216,1.8587257
1.9836065573770492,2.450781
2.283266129032258,1.8606013
1.625,2.4777877
0.921875,1.8012143
1.7815533980582525,1.940599
1.7174721189591078,1.8745769
1.8571428571428572,1.9264804
1.619047619047619,1.8864703
2.0952380952380953,2.0836804
1.736842105263158,2.064864
1.6428571428571428,1.7891731
6.2,1.8835671
2.001201923076923,1.9215572
1.9893617021276595,2.0365775
1.8363636363636364,2.1351852
1.5833333333333333,2.3665154
1.9391634980988592,1.9396356
2.0352941176470587,1.9353535
1.8604651162790697,2.2026947
2.5,2.4725435
1.1111111111111112,2.4501944
2.5185185185185186,2.2552934
1.3636363636363635,1.2028705
2.1621621621621623,2.1748748
1.9,2.0399616
1.5833333333333333,1.8989164
2.5,2.1332111
1.9375,2.2611089
1.7830396475770924,1.8494958
2.0,1.9148802
3.0298013245033113,1.9161897
2.1333333333333333,2.3012724
2.1494252873563218,1.9523258
1.9357142857142857,1.9962548
1.2732919254658386,1.8651644
2.35,2.0796998
2.311111111111111,2.1403089
2.5757575757575757,1.9188077
1.5849056603773586,1.9635283
2.972972972972973,2.0632956
1.5,1.5509522
1.5142857142857142,1.9669511
1.7435897435897436,1.7986654
1.9259259259259258,2.5358555
2.051948051948052,1.908443
1.9803921568627452,2.2323034
1.0,1.5726323
2.105769230769231,2.0417576
1.9047619047619047,1.9795495
1.9110512129380053,1.8812759
1.85,2.1513002
1.6845238095238095,1.8137627
1.9814385150812064,1.9488468
2.1770833333333335,2.4863605
1.702539298669891,1.9197967
1.2,2.260433
2.6,3.8813925
1.8571428571428572,1.8822496
3.1538461538461537,2.838956
1.6153846153846154,2.1326318
2.1707317073170733,2.1410964
4.4,2.5567088
2.0842105263157893,1.9291273
1.9693318729463307,2.006419
1.9040247678018576,1.9591645
1.973053892215569,1.827998
2.779874213836478,1.9353698
2.555084745762712,2.0258155
2.0625,2.4974067
2.3467336683417086,1.9777215
3.4285714285714284,1.6393468
1.4210526315789473,1.7146511
2.8541666666666665,1.8469609
1.391304347826087,2.3503652
2.0434782608695654,2.018244
2.591160220994475,1.9781846
1.105263157894737,2.3429914
1.8846153846153846,2.0140202
1.6,2.3942733
1.3333333333333333,2.370375
1.6635514018691588,1.9601287
1.8944365192582027,1.9920135
1.5833333333333333,2.3358152
1.184,1.6283135
1.7,1.9423524
1.8022922636103151,1.8447369
2.5714285714285716,2.6812737
2.231707317073171,2.7144918
0.7714285714285715,0.93592334
1.8276923076923077,1.9452724
2.606060606060606,2.5684228
2.0529279279279278,1.9517365
2.956896551724138,2.0447106
4.0,3.095765
1.6907894736842106,1.8666391
2.5,2.2247612
3.1904761904761907,3.0225794
2.0526315789473686,2.5926101
1.5307692307692307,1.9076034
2.7686034658511725,2.0059247
1.6521739130434783,1.9047922
3.857142857142857,2.0547166
2.1,2.3684359
2.2758620689655173,1.954892
2.3157894736842106,3.1933744
1.2857142857142858,1.5584431
2.1011904761904763,1.9395114
1.4054054054054055,1.8869698
1.6170212765957446,1.8868119
1.944313725490196,1.9207691
1.667844522968198,1.9952844
1.435483870967742,1.0517967
1.8666666666666667,2.4957314
1.899671052631579,1.9827166
1.8484848484848484,2.06822
1.408450704225352,1.9958586
1.7426008968609865,2.0124097
2.5,2.136634
2.1473684210526316,2.0959496
1.5984112974404237,2.0614748
2.168639053254438,2.0545914
2.1818181818181817,2.7018428
1.9088050314465408,1.9620004
2.062937062937063,1.937746
0.6521739130434783,1.7718946
1.4642857142857142,1.9798251
1.3043478260869565,1.761136
1.7560975609756098,1.8467934
1.25,1.9698428
2.234042553191489,2.079695
2.0,1.7922163
1.523076923076923,1.9462519
1.8,2.4223351
2.1025917926565874,1.9400727
1.75,2.1223948
1.5517241379310345,1.8928275
1.55,2.1216877
1.75,2.1332114
2.2,2.3421977
2.2777777777777777,3.3145046
4.333333333333333,2.5677323
2.0,2.342045
1.6733167082294265,1.9367265
1.2307692307692308,1.88057
1.8333333333333333,2.0162132
0.7619047619047619,1.5835874
1.882051282051282,1.8568207
2.064280980781975,1.902478
1.4285714285714286,1.8156279
1.8571428571428572,2.409302
2.034090909090909,1.9953523
1.8931888544891642,1.9507121
1.791913214990138,2.011859
1.8486759142496847,1.9934156
2.515837104072398,2.05239
3.418181818181818,2.05409
1.391304347826087,2.2225697
1.818941504178273,1.9249007
1.6408566721581548,1.8447478
1.8888888888888888,2.1450853
2.1463414634146343,2.2411032
1.8125,2.2490003
4.151515151515151,1.7734933
1.251700680272109,1.736282
1.75,1.8567995
1.575,2.1194744
1.2857142857142858,1.5446514
2.1052631578947367,2.2912319
1.881646655231561,1.9528497
2.4583333333333335,2.0419552
1.761127596439169,1.8577703
1.5,1.8527868
1.9259259259259258,1.7461021
2.341463414634146,2.1635787
1.875,2.0557804
1.3333333333333333,2.105856
1.491183879093199,1.9090229
1.687374749498998,1.9398799
1.2753036437246963,1.8825593
2.1153846153846154,2.8651903
1.8804347826086956,1.9455304
2.4727608494921514,1.980643
1.9002493765586035,1.9164006
2.40625,1.8499503
1.858695652173913,1.9359503
2.0202020202020203,1.996786
1.5769230769230769,2.1299477
1.5833333333333333,1.5326926
1.9285714285714286,1.8962312
2.5348837209302326,2.238838
1.5238095238095237,2.0958235
3.0625,2.4511704
1.7628865979381443,1.6058189
1.7588235294117647,1.9719466
2.1875,2.099845
2.776470588235294,2.4049566
1.910321489001692,1.9768211
1.3333333333333333,1.3441054
1.5634782608695652,1.9149292
2.65,2.0134366
1.505,1.9178759
1.5142857142857142,1.7166414
2.015801354401806,1.8927941
2.3529411764705883,2.0321827
1.6842105263157894,1.8300383
2.0444444444444443,2.2738287
2.1627906976744184,2.1832452
1.2222222222222223,2.2137558
1.8414634146341464,1.8612156
2.847457627118644,2.076301
2.0733333333333333,1.8797406
1.4878048780487805,2.0515673
1.8692307692307693,1.9111048
1.4067796610169492,2.1588807
2.6,2.4979427
1.9128491620111732,2.0048842
2.235294117647059,1.9103789
4.266666666666667,2.5062099
1.5704225352112675,1.8845974
1.3571428571428572,1.5740844
1.6333333333333333,2.0573514
2.2576219512195124,1.9830601
9.06,2.3024125
1.627906976744186,1.8974862
1.711111111111111,1.8679067
2.0606060606060606,1.9861084
1.7630331753554502,1.8816513
1.7372881355932204,1.9899762
1.9097472924187726,1.8117615
2.375,1.6961112
3.6,2.2643812
2.1226415094339623,1.9319077
1.7142857142857142,2.6007774
1.5263157894736843,2.1861358
1.8541666666666667,1.9761626
1.7777777777777777,2.1367385
1.9074074074074074,2.3988745
2.8304093567251463,1.9176606
1.3829787234042554,2.008562
1.697560975609756,1.8274024
1.8185840707964602,1.8935713
2.4651162790697674,2.2548468
1.5255102040816326,1.9886107
1.5185185185185186,1.8795104
1.6666666666666667,2.1017056
1.886578449905482,1.9291273
1.5172413793103448,2.050114
2.4375,2.6039693
1.9191919191919191,1.8034815
1.4765729585006693,1.8306855
1.9800266311584553,1.9624448
1.8888888888888888,2.8241136
1.3793103448275863,1.7696484
1.5942028985507246,2.0131235
1.2424242424242424,1.6695061
1.7,1.6396316
5.285714285714286,2.175749
3.3529411764705883,2.3030481
1.7272727272727273,2.884041
1.621212121212121,1.9054047
1.9767441860465116,2.0618737
4.09064039408867,2.0565486
1.7138983050847458,1.8645074
1.6666666666666667,1.8856591
1.9408163265306122,1.9402491
2.4105263157894736,1.9584335
1.6331316187594553,1.8510844
2.441860465116279,2.1071708
1.3333333333333333,1.710092
1.2708333333333333,2.006838
1.1851851851851851,2.3169482
0.7,1.4219757
1.462962962962963,2.03392
3.037037037037037,2.0677652
2.6363636363636362,2.0016458
2.0,2.288715
1.6904761904761905,1.928185
2.911764705882353,1.9417961
2.4468085106382977,1.8917503
2.25,1.8937281
1.8728813559322033,1.8589689
1.6842105263157894,2.4377537
1.8452380952380953,1.866472
1.7199124726477024,1.8469046
2.64,1.9763699
2.4204545454545454,1.8896768
2.142857142857143,1.7801805
2.0718232044198897,1.9908494
1.8644736842105263,1.9869133
1.7151639344262295,2.0000803
2.2,1.746995
1.8333333333333333,2.3200796
1.762460233297985,1.8658578
1.8219895287958114,1.9448799
2.0,1.8894969
1.8235294117647058,2.1035855
2.076923076923077,2.145178
2.142857142857143,2.3211615
1.7630597014925373,1.8507543
2.310344827586207,1.8825071
1.789855072463768,1.8216386
2.2945054945054943,1.931267
2.85,1.9816124
1.7317073170731707,2.0320272
1.6923076923076923,2.3065593
3.0,2.3979733
2.5925925925925926,2.3864436
1.75,1.9745312
1.652027027027027,1.9533124
0.9444444444444444,1.5234283
7.588235294117647,3.1356995
1.9162640901771337,1.9171115
1.9761904761904763,3.502061
1.5294117647058822,2.0621583
1.6216216216216217,2.1353395
2.831081081081081,1.8412293
2.0817535545023698,1.9068137
1.7628865979381443,1.8835844
1.9346153846153846,2.0089903
1.6137931034482758,1.8679851
2.152542372881356,2.3705723
2.0843373493975905,2.018394
2.0,1.7224485
1.7514525500322788,1.8048097
2.533333333333333,3.099542
1.5454545454545454,1.9746517
1.4761904761904763,2.1807745
2.282442748091603,1.915053
1.7327044025157232,1.8531321
1.5618374558303887,1.9125518
1.8828125,1.9278898
1.8636363636363635,2.563702
1.8125,1.9679995
1.2352941176470589,2.2413085
2.0463917525773194,2.0029323
1.1333333333333333,2.442792
1.4824561403508771,2.048688
1.8,2.5613434
2.0875420875420874,1.9724599
1.9230769230769231,2.001117
1.8,2.3708467
1.6329113924050633,1.8998486
2.0718085106382977,1.9102501
1.206896551724138,1.5919414
2.043835616438356,1.8931199
1.911764705882353,1.9552794
1.7695167286245352,1.9025042
1.9958333333333333,1.9868238
1.5,2.1139143
1.565217391304348,1.6293108
1.4042553191489362,2.00877
1.6363636363636365,2.081831
1.7777777777777777,1.9509356
7.6923076923076925,2.56429
1.5059171597633136,1.8176647
1.6486486486486487,2.0505633
2.25,1.9970285
3.8333333333333335,2.112225
2.2037037037037037,1.8466234
2.1448275862068966,1.940072
1.8235294117647058,1.8305403
1.7903930131004366,1.9559124
2.1206896551724137,1.9282794
2.0,1.9137708
1.1851851851851851,1.9666579
3.55,1.65397
1.4344262295081966,2.0871503
1.4183673469387754,2.2633402
9.366666666666667,2.6528924
1.2954545454545454,1.6618643
1.7858744394618835,1.8566644
1.9563106796116505,1.9384062
1.6666666666666667,2.2085676
1.3333333333333333,1.6979758
2.965217391304348,2.227318
2.4,1.8623844
1.917037037037037,1.9519122
1.8791946308724832,1.9208517
2.144518272425249,1.9217006
1.8,1.6512072
1.6833333333333333,1.8787582
2.6285714285714286,2.052937
1.5,2.1742082
2.3670411985018727,1.8758703
2.4651162790697674,1.9622669
2.3,2.4457269
2.528673835125448,1.9620838
2.727272727272727,1.697908
2.506172839506173,2.456439
2.212812160694897,2.0569265
1.5,1.9331443
1.7661290322580645,1.8579087
1.8571428571428572,2.5365453
1.4970414201183433,1.9149837
1.5087719298245614,2.0877273
1.8205128205128205,1.8772242
3.32,2.0960171
1.9671052631578947,1.8985449
1.6555323590814197,1.9150567
1.8607095926412616,1.8721616
1.9333333333333333,2.1428862
1.8571428571428572,2.483252
4.545454545454546,2.4594994
1.5403225806451613,2.0522928
1.783132530120482,2.2041955
1.411764705882353,1.7684623
1.8224299065420562,1.9207833
1.930298719772404,1.9530091
3.903703703703704,1.9972136
1.2830188679245282,1.7260698
1.5555555555555556,2.1281168
1.4285714285714286,2.0301673
1.72,1.7570157
1.1176470588235294,1.8519787
1.829268292682927,2.1102102
2.3,1.9930269
1.453125,1.9961385
1.75,2.564065
2.4485981308411215,1.9949325
1.6354916067146283,1.8454696
1.6666666666666667,2.0077734
2.116504854368932,2.123998
1.3333333333333333,2.4392216
1.682170542635659,2.0331218
2.169811320754717,2.1130393
1.0909090909090908,2.0691545
2.0292887029288704,2.1150215
1.8214285714285714,1.9021667
2.25,2.8011456
1.6515837104072397,1.964442
1.7647058823529411,2.0806487
1.5555555555555556,2.371728
8.607142857142858,3.7722375
2.1522842639593907,2.0067368
1.721311475409836,2.0661957
1.9230769230769231,2.6094997
2.15,2.0014853
1.905109489051095,1.9594315
2.4231536926147705,1.9477
1.6666666666666667,1.8458828
3.0,3.07921
1.5740740740740742,1.7666571
2.5714285714285716,2.0846004
0.9111111111111111,1.2985737
1.6485355648535565,1.9076003
1.8036750483558994,1.9600911
2.315068493150685,1.9449654
2.125,1.9959339
1.9655172413793103,2.445811
1.7179487179487178,2.074003
1.9047619047619047,1.9424244
2.586206896551724,2.1163864
1.1818181818181819,1.4540769
1.8082191780821917,1.5803897
1.8601398601398602,1.8945144
2.4,1.993483
1.5454545454545454,1.6911224
2.3529411764705883,2.0976918
2.1666666666666665,1.9485246
1.9444444444444444,1.9985932
1.6674937965260546,2.0108204
1.8042328042328042,1.837072
1.3459715639810426,1.8669434
4.909090909090909,2.813992
3.0232558139534884,2.045603
1.7179487179487178,1.6466746
4.25,1.9010378
2.0063694267515926,1.8372709
1.6923076923076923,2.6356778
1.4125,1.9341161
2.2708333333333335,1.9532648
1.9375,2.0763798
4.0,1.8426288
2.7857142857142856,1.8356764
1.9060052219321149,1.9450773
1.5238095238095237,1.8772736
1.8333333333333333,2.623087
1.2105263157894737,1.590243
1.901639344262295,2.0315673
1.368421052631579,2.1990967
1.894736842105263,2.3494856
1.7560975609756098,2.0322883
2.6029411764705883,1.9399452
0.9444444444444444,1.7192161
1.0086206896551724,1.9903677
1.75,2.2311769
1.4285714285714286,1.7616694
1.951048951048951,1.8738846
2.169491525423729,2.4560432
1.6837416481069043,1.980049
1.8928571428571428,1.9539276
1.682952182952183,1.8381463
1.8472222222222223,1.9521226
2.025,2.2567334
1.7156862745098038,1.86479
1.910913140311804,1.9337481
1.6111111111111112,2.1059759
1.8902195608782435,1.9094125
1.8571428571428572,2.6465757
2.393939393939394,1.9111577
1.1612903225806452,1.7719601
1.9379932356257046,1.9410275
1.928,1.9780741
2.2340862422997945,1.8396972
2.2,2.739886
2.0952380952380953,1.6994282
1.5137362637362637,1.8692422
1.631578947368421,1.5869706
1.9338582677165355,1.9119005
1.2816901408450705,1.7815249
2.566666666666667,2.0256934
1.7875647668393781,1.9822072
1.3478260869565217,1.7482827
1.5172413793103448,2.0094147
1.2857142857142858,2.0875368
1.5696202531645569,2.0018642
2.143468950749465,1.8896458
1.6045197740112995,1.7996821
1.3658536585365855,1.5986371
2.1875,2.1448686
2.0,2.9158096
1.5,1.839212
2.268041237113402,2.087791
1.9065934065934067,1.9944228
2.0814332247557004,1.9597661
2.46875,2.7869582
1.834090909090909,1.9137857
1.3636363636363635,1.6741822
2.4394829612220916,2.0258484
2.215686274509804,1.9142547
2.4285714285714284,2.574851
1.994871794871795,1.9414198
2.0526315789473686,2.0201812
3.4,1.9469079
1.5333333333333334,2.7295048
2.8,2.161229
2.1904761904761907,1.5568886
1.2727272727272727,1.8203032
1.5982905982905984,1.9004138
2.5,2.2525673
2.210526315789474,2.2781801
1.407960199004975,1.8935307
1.814102564102564,1.8565097
2.0,2.0935414
1.0833333333333333,1.9180762
2.525618374558304,2.1046154
9.625,1.8205796
1.977949283351709,1.9633439
2.263157894736842,2.2532334
1.818867924528302,1.9216425
1.6983471074380165,1.9027447
1.8104448742746615,2.018794
1.5,2.3648403
1.8461538461538463,2.0181835
1.4634146341463414,1.8610119
1.4893617021276595,1.6622353
2.111111111111111,2.001688
1.6666666666666667,2.2084923
3.23943661971831,2.1521275
4.015037593984962,1.9744071
1.8008298755186722,1.9951241
1.9942857142857142,1.8718275
1.625,1.7402656
2.388888888888889,2.8887053
2.254032258064516,1.863482
2.347826086956522,2.5126472
1.9608993157380255,1.9386055
2.0,1.9646972
1.9917184265010353,1.9442632
2.533333333333333,2.4498975
2.239130434782609,2.063617
1.7011686143572622,1.9498622
1.2162162162162162,1.6362573
1.2608695652173914,1.2864506
1.4545454545454546,1.4622747
1.844758064516129,1.9535444
1.6842105263157894,1.7175374
1.4166666666666667,1.7874215
4.552785923753666,2.0241194
1.15,2.4811876
1.6,2.0943809
1.797979797979798,2.105199
1.875,2.4441464
2.05,2.1287916
1.5789473684210527,2.1681795
1.6876876876876876,1.8808802
1.8461538461538463,1.9182985
2.088397790055249,1.9050809
1.9047619047619047,2.0752733
1.6666666666666667,1.9178754
1.6056338028169015,1.9674193
1.8048780487804879,2.2093253
1.9191919191919191,2.0049107
2.5078577336641854,2.070811
2.2990074441687347,2.045469
1.6829268292682926,2.1920123
1.52,1.6054716
2.5714285714285716,2.4903834
2.9523809523809526,1.6741258
2.022590361445783,2.0048249
2.1488033298647244,1.9476378
1.6690442225392297,1.7957538
1.4615384615384615,2.6238084
1.9298245614035088,2.0916677
1.7142857142857142,2.0568109
1.91415313225058,2.0188084
2.603448275862069,2.6522002
1.736842105263158,2.042534
1.5454545454545454,1.8167706
1.358974358974359,1.6087575
1.5302663438256658,1.903959
1.9230769230769231,2.3805718
1.681159420289855,2.0206068
2.981818181818182,2.262805
1.6095890410958904,1.8881174
1.913978494623656,1.950467
1.7142857142857142,1.8360541
1.4722222222222223,2.0831754
2.3461538461538463,1.8970947
1.9464285714285714,2.0013146
2.207547169811321,1.9178832
1.8153241650294696,1.819924
0.8059701492537313,0.8145069
1.4923076923076923,1.9145199
3.7066666666666666,1.9571489
2.121212121212121,1.8611525
1.811704834605598,1.9614394
1.7286821705426356,1.8945287
3.7,2.6044393
1.7803203661327232,1.8382564
2.1237113402061856,2.0046892
1.4817415730337078,1.8916209
3.020408163265306,1.9743705
1.6333333333333333,1.4089208
2.8181818181818183,3.3264256
2.1538461538461537,2.607229
2.4571428571428573,1.9934069
2.0228571428571427,2.0113566
1.9371816638370118,2.0081294
1.4962630792227205,1.9047027
1.5862068965517242,1.8944085
1.5,1.7874205
1.5555555555555556,2.1581478
1.9615384615384615,1.480909
1.9601593625498008,1.8427463
1.9444444444444444,1.8502868
3.090909090909091,1.7564815
1.9523809523809523,1.9182985
1.528301886792453,2.042596
1.88,2.0265293
1.2727272727272727,2.1044474
1.44,2.1161308
1.2,2.1003213
2.208695652173913,1.9624834
1.874493927125506,1.8965906
1.0,1.7994616
2.0,2.2490873
1.8974358974358974,1.9901222
2.8125,2.4977381
1.7412587412587412,1.9261948
1.7941176470588236,2.0278924
1.786008230452675,1.9409417
1.6137614678899082,1.8046604
2.681318681318681,2.132235
1.9259259259259258,1.9514158
1.1538461538461537,1.6127294
2.977777777777778,2.900953
2.3640552995391704,1.8770611
1.7142857142857142,1.7644111
2.482905982905983,1.9706708
1.5909090909090908,1.9502147
1.5161290322580645,1.637896
1.8166666666666667,2.2623382
1.2954545454545454,2.065129
3.888888888888889,3.1218333
1.2,1.8387889
2.1666666666666665,2.4663432
1.9775280898876404,1.9933138
1.6124031007751938,2.0010793
1.4731934731934733,1.8444592
2.8461538461538463,2.010778
0.7692307692307693,1.5652788
1.95,2.5320725
1.8942307692307692,2.025754
1.864864864864865,2.2995124
3.4285714285714284,1.7422597
2.2758620689655173,2.2867193
1.0789473684210527,1.1865238
1.5789473684210527,2.0997407
0.7668393782383419,1.9063731
1.3103448275862069,1.7994775
1.6736641221374047,1.8078289
1.9137724550898203,1.9072104
1.971264367816092,1.9108152
1.811272416737831,1.9554769
1.8651685393258426,1.9400727
1.5032679738562091,1.8879056
1.2115384615384615,1.885242
2.0,2.311046
1.9763593380614657,1.9365642
2.0625,1.8382236
1.892604501607717,1.8191295
1.8435114503816794,1.9411606
1.1946308724832215,1.7956641
1.7280966767371602,1.773976
2.5254237288135593,2.452964
2.542105263157895,1.9286854
1.3870967741935485,1.6714634
1.967741935483871,1.971396
1.955223880597015,2.233301
1.0454545454545454,1.6817398
3.9393939393939394,2.6376529
1.9095127610208817,1.9265273
2.0,2.2042902
2.0526315789473686,1.9130079
1.7777777777777777,1.9505807
1.2244897959183674,1.8996367
1.65850144092219,1.8028982
1.1666666666666667,1.8357311
1.9259259259259258,2.123187
1.3846153846153846,2.0865822
2.4,2.686581
3.3157894736842106,2.6577177
1.8637274549098197,1.9964128
1.8968824940047961,1.8835831
2.0492957746478875,1.9796318
2.2672566371681415,1.9526981
1.9333333333333333,1.7440108
1.169811320754717,1.5985658
1.5833333333333333,2.2902153
1.175,2.052175
2.0,2.3114214
2.590909090909091,2.7557802
1.3333333333333333,1.6276386
1.411764705882353,2.0468626
2.2222222222222223,3.0015094
1.36,1.7188158
1.6688311688311688,1.9808288
1.85,2.5407867
2.1,2.082672
1.6873949579831933,1.9456577
3.8483412322274884,2.0355668
1.3846153846153846,1.3442436
1.4680851063829787,1.5680385
1.8313253012048192,1.9548455
1.3333333333333333,2.3200014
1.7763578274760383,1.983436
1.3118279569892473,2.1629145
1.9054325955734406,1.9458324
1.8253676470588236,1.9718739
2.021276595744681,1.9835424
3.173076923076923,2.9171362
1.9130434782608696,1.923104
6.9245283018867925,1.7218843
1.8644793152639088,1.9140493
1.5217391304347827,1.9270223
1.9831932773109244,1.9566379
2.276315789473684,1.961748
1.9520958083832336,1.9523258
1.565217391304348,1.8116676
2.211038961038961,1.9533343
0.5789473684210527,1.9927145
1.7521367521367521,2.0485082
2.48,1.679316
1.25,1.9946581
1.8348214285714286,1.9227867
2.043956043956044,1.911207
2.2941176470588234,2.0259151
2.0579710144927534,2.0473187
3.0526315789473686,3.0981925
2.070588235294118,2.0409827
1.3529411764705883,2.0156868
4.08,2.35705
2.0354330708661417,1.9052082
2.179401993355482,1.902478
2.507936507936508,1.9204032
1.8045112781954886,1.9402156
2.3098591549295775,1.9348164
2.019328585961343,1.8329941
1.1666666666666667,2.0833604
1.894736842105263,1.8887095
1.944206008583691,1.9345654
1.7304582210242587,1.9495646
2.3333333333333335,2.4642162
1.8928571428571428,1.927541
2.2432432432432434,2.1402128
1.9365079365079365,2.2773535
2.0606060606060606,2.1034222
3.7974683544303796,2.1913593
1.5665961945031712,1.9367265
1.7837837837837838,1.9845465
2.0673575129533677,2.00671
1.625,2.172706
1.711340206185567,2.087791
1.7639257294429709,2.0340474
3.7,2.749569
2.017591339648173,1.924604
1.9366883116883118,1.9319077
1.8625,2.2634678
2.0,2.7104616
1.8026315789473684,2.255811
2.0707070707070705,2.094618
0.9384615384615385,1.3353069
1.574468085106383,1.712551
1.3818181818181818,1.8665702
2.09375,2.2260966
1.6333333333333333,1.9149033
1.8181818181818181,2.1089306
3.06,2.184137
2.1646825396825395,1.9839033
1.8860759493670887,1.9046501
1.7954545454545454,1.948093
2.3076923076923075,2.4602656
1.9473684210526316,2.6569917
3.182857142857143,1.9803602
1.3636363636363635,2.7929697
1.5634920634920635,1.9208086
3.6,2.3681266
1.6689419795221843,1.929415
2.0,1.9015943
3.5939393939393938,2.0571337
1.8804702808621816,1.8222866
3.5294117647058822,2.615256
1.75,1.9794381
1.7142857142857142,2.047378
1.3333333333333333,1.9011191
1.9069767441860466,2.1631713
3.090909090909091,2.4642866
1.35,2.5796132
1.3571428571428572,1.6349002
1.945054945054945,1.9437591
1.2272727272727273,1.7116317
2.5184466019417475,1.9637384
1.6505576208178439,1.9477204
1.7479508196721312,1.9344189
1.4901960784313726,2.00657
1.9093264248704662,1.9346439
1.7777777777777777,2.1196592
1.937142857142857,1.9128591
3.4782608695652173,3.1257777
1.608695652173913,1.9926203
0.95,1.8969172
1.5853658536585367,2.6368897
1.625,2.183397
1.744186046511628,1.6441524
1.1428571428571428,2.231655
1.9560975609756097,1.889196
1.2285714285714286,2.1781933
3.625,2.0640419
2.6341463414634148,2.1304452
2.814432989690722,2.2492445
1.6502242152466369,1.9112618
1.6724511930585684,1.8414098
2.125,2.5881414
1.8240740740740742,1.9899516
1.6129032258064515,2.6343307
1.7436600411240575,1.8573726
1.5714285714285714,1.7122264
1.4,1.445689
2.0625,2.0970485
2.0,2.4537172
1.25,1.8599715
2.2083333333333335,2.68212
2.0714285714285716,2.6557066
1.2666666666666666,1.7716612
1.8571428571428572,2.1041265
1.8059701492537314,1.9991268
1.5957446808510638,1.9190952
1.471698113207547,1.870062
1.6818181818181819,1.9398102
1.4285714285714286,1.8604128
1.8461538461538463,1.7347999
1.588235294117647,1.8159447
1.7972805933250926,1.9390068
2.6341463414634148,2.196482
2.0,2.7527044
2.5,1.441344
1.7647058823529411,2.0449123
1.5714285714285714,1.9221338
1.9491094147582697,1.9439287
1.375,2.068104
3.111111111111111,2.223891
2.2375478927203063,1.9024413
1.8150684931506849,1.9370471
1.8139700641482537,1.8460081
2.5555555555555554,2.2243054
2.2386363636363638,1.9485334
1.565217391304348,2.228726
2.941747572815534,2.132231
1.5769230769230769,1.5942163
1.625,2.0321949
1.7720930232558139,2.0268178
1.435897435897436,2.3049412
1.774956217162872,1.984322
2.0,1.8707099
2.1739130434782608,1.7243909
2.7142857142857144,2.3764305
2.0267326732673268,1.919062
1.1428571428571428,1.9094129
2.685185185185185,2.0904467
3.4615384615384617,3.3621156
1.6103500761035008,1.8805412
0.98,1.6938788
3.216666666666667,1.878441
1.7640449438202248,1.8441774
1.5555555555555556,2.0636127
2.5757575757575757,2.724503
1.8347826086956522,1.9782715
1.75,2.1620743
2.0434782608695654,2.3326874
2.505952380952381,1.8121617
1.3846153846153846,1.4845657
2.347826086956522,2.124137
2.302325581395349,2.1307716
2.2755555555555556,1.9994979
2.3076923076923075,1.7191056
1.844155844155844,1.8878576
1.5,1.9698929
2.380952380952381,1.7785238
1.7275747508305648,1.9886794
2.3125,2.935849
1.8461538461538463,2.3533022
2.392156862745098,2.0394382
1.6666666666666667,2.2227607
1.9090909090909092,1.9491447
2.125,2.4989254
1.2173913043478262,1.8153564
1.853932584269663,1.9233067
1.4,2.3588357
2.78125,2.576108
1.8,2.1001067
1.4375,2.3372152
2.056338028169014,1.8402059
3.072642967542504,1.9660074
1.5272727272727273,1.9480052
1.5868263473053892,2.0411038
2.1333333333333333,2.017361
1.5618915159944367,1.9042485
1.8571428571428572,1.9379066
1.7419354838709677,1.9185525
1.7909516380655226,2.0099723
1.5922551252847381,1.825221
2.0093896713615025,1.9079078
1.765834932821497,1.9477
2.78125,2.8024049
1.7286713286713287,1.7950752
1.7777777777777777,2.3030584
2.75,2.3850672
3.757142857142857,2.152286
3.0,1.8878375
1.405,1.9511818
1.3076923076923077,1.9492601
2.3868312757201644,2.0235028
1.6,1.6901641
2.0,2.1934865
1.6363636363636365,1.6541483
4.7368421052631575,2.3551726
2.342857142857143,2.392847
3.1333333333333333,2.4824739
2.75,1.8765988
2.1654545454545455,1.9111127
2.0,2.0562541
1.5483870967741935,1.9146892
2.020224719101124,1.9083482
2.0,1.9652303
1.6666666666666667,2.1055598
1.6842105263157894,1.9915197
2.581818181818182,2.1441202
2.586206896551724,2.4651957
1.8304093567251463,1.916235
1.3806818181818181,1.8808529
1.8333333333333333,2.158598
1.8333333333333333,2.7754214
2.129032258064516,1.9941478
1.7386363636363635,1.9150038
3.6363636363636362,2.4401383
1.8580121703853956,1.8711344
1.1851851851851851,1.79475
1.91875,1.8696879
1.6071428571428572,1.665312
1.4193548387096775,1.692665
2.6056338028169015,1.9760854
1.6847290640394088,1.9607061
2.0,2.1458
1.1428571428571428,1.4947534
0.9512195121951219,1.7921715
1.7604166666666667,1.8274106
1.5849056603773586,1.8506621
1.7142857142857142,1.6688417
2.336890243902439,2.0596676
1.8709090909090909,1.9484345
2.0,2.3526547
1.81651376146789,1.8707856
2.6875,3.305752
1.5903225806451613,1.9009956
3.7142857142857144,2.361206
1.861878453038674,1.9261596
2.1621621621621623,2.0128016
2.088495575221239,1.8343539
1.5112359550561798,1.8316693
1.7228915662650603,1.8763965
1.858695652173913,1.9337945
1.7230769230769232,1.8764077
1.8095238095238095,2.0295863
1.8795811518324608,1.8588086
1.7735191637630663,1.8746947
1.9018691588785046,1.9303292
2.1345454545454547,1.93974
1.5442176870748299,1.9268072
2.1216216216216215,2.1127744
1.6128550074738415,1.9575102
3.347826086956522,2.556712
1.5555555555555556,2.3733757
1.5348837209302326,1.9215235
3.75,2.7769084
1.1818181818181819,1.9708897
1.9411764705882353,1.6526182
2.0182260024301337,1.9708565
1.4506172839506173,1.8050884
2.7088607594936707,2.227182
1.5,2.410393
2.7857142857142856,2.2583942
2.2370689655172415,1.9449407
1.4057971014492754,1.9715352
2.0240963855421685,2.127341
1.3058823529411765,1.8761064
1.3870967741935485,2.2127151
2.4,2.05699
1.7,2.4997766
1.8192307692307692,1.9567686
1.2413793103448276,2.4349763
1.7944250871080138,1.8343539
1.6685796269727404,1.9477674
1.875,2.1045315
2.393939393939394,2.0956511
1.59375,1.9252994
1.9565217391304348,2.1963737
1.4403669724770642,2.012118
2.0555555555555554,2.3905993
1.0344827586206897,1.8995645
1.875,2.2257717
4.366666666666666,2.707059
2.3661971830985915,1.9160066
2.4523809523809526,1.9421297
1.0769230769230769,1.221584
1.7160493827160495,2.1156554
2.8684210526315788,1.129759
1.4210526315789473,2.2179158
1.668103448275862,1.8451613
2.0824175824175826,1.9348582
2.0640834575260807,1.8577626
1.672890216579537,1.8627803
2.2210175145954962,1.959466
2.5714285714285716,2.6777618
2.0681818181818183,2.15229
2.76,2.3521311
1.927927927927928,1.8906534
3.1449275362318843,1.9170573
5.111111111111111,2.5398777
2.111111111111111,1.9203237
2.2195121951219514,2.0296102
2.0,2.5091171
2.8793103448275863,2.1355267
2.0,3.1269162
1.6181102362204725,1.9326562
3.125,1.7614814
1.507936507936508,1.6528566
1.3402061855670102,1.6285907
2.32,1.9119321
1.5357142857142858,1.9416283
1.6353436185133239,2.0055847
1.757462686567164,1.9458089
2.3442622950819674,2.9149394
1.696969696969697,2.0411675
1.7410071942446044,1.8807794
3.65,2.1360948
1.9384615384615385,2.1356165
3.466666666666667,2.630862
1.8479087452471483,1.9520308
1.7925925925925925,1.9899038
3.5294117647058822,1.7516445
2.090909090909091,2.6181512
2.0620821394460362,1.9782404
2.826923076923077,1.3543357
1.8979591836734695,1.9549017
1.6,2.1562414
3.388888888888889,2.5809214
1.6329113924050633,1.9133173
1.736842105263158,1.743194
2.0028694404591105,1.8913109
1.9038461538461537,1.9016999
2.002735978112175,1.9862677
1.5,2.3350942
1.59375,2.1168087
2.22972972972973,2.155701
1.9473684210526316,2.1013281
1.0204081632653061,1.4444795
1.6182266009852218,1.9707636
1.793103448275862,1.9562336
2.4,2.7877295
0.8813559322033898,1.1241666
1.314516129032258,1.9618447
1.472972972972973,2.0227642
0.9629629629629629,1.8632182
1.5352112676056338,2.3126836
1.5857988165680474,1.9032396
2.28,1.6279918
2.0,2.3865647
1.793791574279379,1.9651273
1.5808823529411764,1.9426838
1.8055555555555556,1.9677119
1.95,1.9487077
2.225806451612903,2.1788716
2.0625,1.995861
1.90625,2.0092423
1.6198830409356726,1.8088524
2.28125,2.312872
2.1531531531531534,1.9899106
2.0059880239520957,1.9471033
1.9616858237547892,1.8779738
1.608695652173913,1.675323
2.279379157427938,1.8772951
0.9583333333333334,1.8219029
2.2094763092269325,1.9976201
1.2820512820512822,2.3940518
2.283828382838284,1.9319383
1.7297297297297298,2.4129395
1.7619047619047619,2.4494834
2.2222222222222223,1.8790578
4.476190476190476,2.3844242
1.255813953488372,1.8474649
2.41640866873065,2.060413
1.7647058823529411,2.1525302
1.575,1.8391702
1.8161764705882353,1.9326319
1.6666666666666667,2.5488698
1.812108559498956,1.8000655
0.92,1.447094
1.9259259259259258,1.963563
4.527777777777778,2.418607
1.7509225092250922,1.9873908
1.3548387096774193,1.5549216
1.8632075471698113,1.9158553
2.4264214046822743,2.0241058
1.766355140186916,1.9223543
1.8333333333333333,2.573059
1.8852459016393444,1.61422
2.132142857142857,1.9257253
1.875,2.3737345
2.902439024390244,2.1553805
1.4782608695652173,1.8324411
1.7105263157894737,2.1638908
1.1666666666666667,1.7504928
1.7222222222222223,2.005745
2.328358208955224,2.477462
1.4074074074074074,1.8565656
2.2,2.2181325
1.8845598845598845,1.9644296
1.900293255131965,1.9359503
1.4761904761904763,1.4641678
1.9,2.538569
3.1538461538461537,2.042611
1.8076225045372052,1.8943634
1.524390243902439,1.9486164
2.373798076923077,2.0252516
1.5588235294117647,1.9401107
5.137931034482759,2.139965
2.332558139534884,2.0028358
1.7719928186714542,1.8469942
1.7342657342657342,1.9984987
1.6171003717472119,1.9261442
1.1568627450980393,2.2175338
3.1204819277108435,3.2760332
2.0660377358490565,2.052763
1.6842105263157894,1.9449843
1.6909620991253644,1.916235
1.48,1.7929105
1.8,1.9366632
1.647887323943662,1.1020894
1.737265415549598,1.8877755
1.9466666666666668,1.9064926
2.019867549668874,1.9389905
1.9595015576323989,1.9578428
3.652173913043478,2.4179385
1.4936708860759493,2.0686178
1.380281690140845,1.9106028
1.694300518134715,1.8187566
1.6666666666666667,2.2051933
1.6482300884955752,1.8228037
2.090909090909091,2.8642578
1.9696969696969697,2.1189911
2.013157894736842,1.9416245
2.5306495882891125,1.962035
2.4615384615384617,2.0913184
2.4846153846153847,2.0233674
1.935897435897436,1.8531021
1.6133603238866396,1.9283618
1.9411764705882353,2.3003867
1.9772727272727273,1.9465487
2.5555555555555554,2.0694752
5.25,2.0664275
1.777992277992278,1.9272536
2.0217391304347827,2.0977585
1.1071428571428572,1.0973443
1.6833333333333333,2.0544987
2.0,2.1920543
1.9,2.7510638
1.2307692307692308,2.7993608
1.3076923076923077,1.564753
1.7721518987341771,2.0786538
6.052631578947368,2.1076996
1.4636363636363636,1.9756482
1.8,2.2484856
2.176470588235294,2.309244
4.219140083217753,2.0608659
1.9375,2.0658898
1.1176470588235294,1.8809117
1.7258064516129032,2.141599
1.25,1.1924249
1.6421052631578947,1.8283147
2.217391304347826,1.9794829
5.888888888888889,2.859151
1.8971238938053097,1.9387841
2.44,2.5336828
3.134831460674157,2.1385453
1.4893617021276595,2.0852053
1.0,1.658694
2.8095238095238093,2.1999395
1.674074074074074,1.8817444
1.689142857142857,1.8535419
1.9516129032258065,2.0289288
1.6319327731092437,1.8940494
2.066326530612245,1.8954294
1.4666666666666666,2.0600808
2.3043478260869565,1.8226954
2.6923076923076925,3.0505657
1.9136690647482015,1.9810258
2.2531645569620253,2.271376
2.888888888888889,2.5865061
1.5685279187817258,1.8654715
2.4805194805194803,1.9673231
4.84,2.0321615
2.1176470588235294,2.2587662
1.5446428571428572,1.990266
2.3421052631578947,1.5710629
1.6907894736842106,1.8841772
1.6571428571428573,2.0494812
1.2307692307692308,2.1793818
1.9523809523809523,2.1450834
2.0833333333333335,1.927569
4.523809523809524,1.8782738
2.8970588235294117,2.0761406
1.9090909090909092,1.9716458
4.083333333333333,1.7655184
2.164141414141414,1.9442974
1.5625,2.066641
1.8975501113585747,1.8989136
1.3076923076923077,1.5311192
1.9324137931034482,1.9588393
1.5609756097560976,2.0706065
1.5978260869565217,2.1040323
1.9245283018867925,2.0455565
1.8666666666666667,2.2659047
1.763157894736842,2.6460552
2.4857142857142858,2.3366668
3.75,2.0499308
1.5,1.6451765
1.6853932584269662,1.9715486
2.611111111111111,3.0212762
1.8153846153846154,1.8130286
2.0555555555555554,2.263682
1.7038391224862888,1.9328207
2.526315789473684,1.8648477
2.574712643678161,1.9136789
2.4265129682997117,1.8625704
2.56872852233677,2.0241058
1.3214285714285714,1.6644306
1.814516129032258,1.9129205
1.8050682261208577,1.8467934
1.7575757575757576,2.2204764
3.8,2.5658867
1.0819672131147542,1.6225408
1.981549815498155,1.8857819
1.5121951219512195,2.0005333
1.9167883211678831,1.8713474
2.048780487804878,2.153618
1.65625,2.1114185
1.8533724340175952,1.9163187
2.0434782608695654,2.3163471
1.721189591078067,1.8414098
1.3636363636363635,1.8026985
1.8562300319488818,1.9755119
1.576271186440678,2.1764455
2.5977011494252875,2.6288183
1.5,2.0993493
1.801223241590214,1.9057062
1.0909090909090908,1.4348001
2.136986301369863,1.9069619
1.1403508771929824,2.117184
1.320754716981132,1.6094663
1.9338842975206612,1.9182985
1.4,2.5021327
1.7837837837837838,2.1071093
1.6923076923076923,1.9426833
1.48,1.8905855
2.227272727272727,1.9279457
1.5034013605442176,1.7911414
2.1714285714285713,2.1265461
0.9230769230769231,1.631047
1.5833333333333333,1.9899573
1.6111111111111112,2.1264267
1.4482758620689655,1.999762
1.7062240663900414,1.8049428
1.5238095238095237,1.8041139
2.888888888888889,2.5568447
2.3198992443324937,1.9542848
2.4285714285714284,2.457836
2.3962264150943398,1.9709673
1.5625,1.8651491
2.3773584905660377,2.2890308
2.3870967741935485,2.144085
1.7634854771784232,1.9077755
2.2058823529411766,1.9054993
2.1,1.9521376
2.1187648456057007,1.9006741
1.75,2.1419475
1.326086956521739,1.9604706
1.75,1.7435517
2.0794392523364484,1.939561
1.8,2.0633843
2.84375,2.582192
1.68,1.6422269
2.01006711409396,1.9557968
2.22508038585209,1.9536676
1.492537313432836,1.9165449
4.598130841121495,2.0245283
2.36,2.4244442
1.75,2.4185398
1.8823529411764706,2.1987565
2.066666666666667,2.457781
2.010054844606947,1.9854391
1.875,2.242917
2.202127659574468,1.9662912
1.6896551724137931,1.8705248
2.0,2.014785
0.8,1.1327406
3.2857142857142856,2.0065222
1.95,2.4678786
2.7058823529411766,2.5347762
1.1282051282051282,1.7439065
1.9607056936647955,1.9405899
2.0291595197255576,1.9993507
8.6875,3.2651196
2.111111111111111,2.0661073
2.736842105263158,2.5895905
1.6944444444444444,1.8694273
1.4324324324324325,1.9489521
2.3468697123519457,1.9965274
2.1018766756032172,1.8934995
1.9493670886075949,1.8744237
2.076923076923077,2.0672586
1.8970588235294117,1.9159023
1.5,1.8863336
1.7736842105263158,1.9085807
1.9444444444444444,2.1587784
2.085714285714286,1.9365524
1.396551724137931,2.2970319
2.016949152542373,2.3882892
1.7316770186335404,1.90392
1.4210526315789473,2.0177495
2.5833333333333335,1.9659575
2.474074074074074,1.9356532
3.1,2.7335997
5.4935064935064934,2.2916548
2.091463414634146,1.935844
1.8679245283018868,1.9423659
1.6956521739130435,2.32372
1.710711493354183,1.8108919
0.673469387755102,1.2651615
1.5222929936305734,1.911689
1.6371191135734071,1.9278526
1.6053333333333333,1.9611472
2.4267241379310347,1.9597008
2.533333333333333,2.4208384
1.7307692307692308,2.1305363
2.0671296296296298,2.0094147
1.722972972972973,1.876575
1.696969696969697,1.8541989
1.495049504950495,1.8437232
1.9375,1.9612237
1.28,1.9083437
3.375,2.5257063
1.3306451612903225,2.0410361
2.027027027027027,1.5823162
1.6798418972332017,1.916103
1.6767371601208458,1.8638304
1.6517857142857142,1.9757493
1.5446428571428572,2.0186415
1.8211180124223603,1.8331759
1.7807486631016043,1.9841053
1.3333333333333333,1.5597696
1.6129032258064515,1.8618081
1.6037735849056605,2.0112448
2.082474226804124,2.0640972
1.8616352201257862,1.8873557
1.4,1.8599515
1.4867021276595744,1.8801876
5.0,2.2474213
1.7755102040816326,1.6811717
1.922237380627558,2.0641508
1.8529411764705883,1.9380485
1.962962962962963,2.2592092
2.2962962962962963,1.9815508
5.111111111111111,1.8462545
1.4766355140186915,1.8294232
1.4603174603174602,1.9189903
1.9047619047619047,1.7511507
1.5463917525773196,1.9736228
1.8695652173913044,2.0492108
1.627906976744186,2.0138588
2.006802721088435,2.0294228
2.2469982847341337,1.978291
1.3829787234042554,1.7056912
1.9688328912466844,1.8191295
1.8027796161482461,1.8305206
1.6573604060913705,2.0274858
3.1739130434782608,2.0345361
0.9777777777777777,1.4771792
2.7,2.0116253
2.493333333333333,1.9303614
1.4339622641509433,1.7925631
1.8148148148148149,1.8385309
2.2857142857142856,2.5798926
3.1818181818181817,1.8246329
2.029220779220779,1.9079204
1.7717391304347827,2.0083616
1.48,1.4234202
2.4594594594594597,1.9822898
2.5,2.0229146
1.6666666666666667,1.8876102
1.8823529411764706,2.14908
2.3703703703703702,2.4486547
3.4827586206896552,2.8197231
1.5925925925925926,2.5543447
2.0,2.1737342
1.5454545454545454,1.8950307
1.6338028169014085,2.0764635
1.6457858769931664,1.8297839
2.0,2.1187394
2.2857142857142856,2.3228853
1.9655172413793103,1.9459928
1.9121245828698554,2.0680776
2.2291666666666665,1.9389395
1.75,2.1634436
1.6581196581196582,1.9790238
1.4444444444444444,1.3683746
1.826086956521739,2.166022
1.0,1.596451
1.9464668094218416,1.879583
1.2340425531914894,1.8424304
2.051490514905149,2.0274858
2.4827586206896552,2.5731616
1.6964285714285714,1.6376086
2.9565217391304346,2.682159
2.260869565217391,2.7445185
2.0,2.1389813
1.875,2.291421
1.4285714285714286,2.0032568
2.2058823529411766,1.9293377
2.2916666666666665,2.2681847
1.4761904761904763,2.0588033
1.6098360655737705,1.9953071
2.254032258064516,1.8522032
2.028985507246377,2.0136092
1.4315068493150684,1.9577986
1.4,1.7589002
2.0869565217391304,2.0856397
1.7782178217821782,1.9536797
1.1851851851851851,1.6828024
1.930232558139535,1.9722811
2.590909090909091,3.5575917
1.263157894736842,2.0711362
2.0,2.836401
1.869767441860465,1.9198877
1.3174603174603174,2.0639532
1.2,2.4362924
1.6818181818181819,2.1228805
1.8305084745762712,1.938131
4.21875,2.4519358
2.2285714285714286,2.046039
1.709090909090909,2.023093
1.6538461538461537,1.9431248
1.7142857142857142,1.9640366
1.926509186351706,1.9496037
1.6571428571428573,1.9822875
1.25,1.9350077
1.9333333333333333,2.305056
2.1379310344827585,2.2780488
1.75,2.658579
2.2,1.718573
3.3551401869158877,2.0588953
2.2096774193548385,1.8759668
1.7317073170731707,2.1133668
1.6896551724137931,2.0031357
6.125,2.7528782
3.246376811594203,2.2861915
1.6,2.159417
1.6370967741935485,1.9951357
1.889655172413793,1.9803
1.9828220858895707,1.9549315
1.661764705882353,1.8583856
1.2142857142857142,1.6159315
2.783333333333333,2.0873094
2.507936507936508,2.055547
2.9444444444444446,2.0938256
1.5625,2.0285478
2.088311688311688,1.9439287
2.289237668161435,1.9297364
2.0232558139534884,1.8597661
0.9166666666666666,1.9672942
1.9744058500914077,1.9073693
1.875,1.7509096
1.9375,1.9565531
1.4834123222748816,1.8488913
1.5833333333333333,1.261223
1.625,2.6032324
2.3098591549295775,1.9915245
1.5,1.8767397
2.0,1.9378761
3.305084745762712,2.290845
1.9696969696969697,2.0013468
1.4727272727272727,1.96823
2.11875,1.9209214
1.736842105263158,2.0964975
2.645933014354067,2.0047362
1.7757685352622061,1.8684348
2.0709219858156027,1.9944444
1.5683060109289617,1.7962245
2.1538461538461537,2.6753585
1.6274509803921569,2.2410645
2.402317880794702,1.8468766
6.090909090909091,2.4366314
4.282051282051282,2.2274585
3.3529411764705883,3.4045541
1.7,2.2125287
1.7542857142857142,1.8614846
1.2758620689655173,2.489446
1.2666666666666666,2.3136415
1.3181818181818181,1.2290289
1.7142857142857142,1.9064649
2.026315789473684,1.9655042
1.0,2.0440738
2.8285714285714287,2.0890188
1.8680641183723798,1.8701303
2.4444444444444446,2.1320605
1.25,2.2640038
1.2941176470588236,1.9263018
1.803921568627451,1.9548553
2.070539419087137,1.9078526
1.9978813559322033,1.8896458
1.4507042253521127,1.8227847
2.0613026819923372,1.8989234
1.45,2.0718036
1.75,2.1670368
1.696588868940754,1.819924
1.65625,1.8791263
1.578125,2.0740309
2.1777777777777776,2.0021873
2.6363636363636362,3.272608
1.9655172413793103,1.5648183
2.058641975308642,1.9263595
2.473333333333333,1.9587994
1.8537735849056605,1.9951108
1.4615384615384615,2.1595833
2.3793103448275863,2.4079578
1.84,1.94146
2.8214285714285716,2.6420133
2.235294117647059,1.9908206
2.1713780918727914,1.9525185
1.263157894736842,1.5504072
1.4827586206896552,1.6402371
1.2727272727272727,1.7713554
2.088188976377953,1.9641509
2.5972222222222223,1.8815324
2.823529411764706,3.05233
1.4545454545454546,1.737563
1.4407894736842106,1.9419433
2.076923076923077,2.67702
1.588235294117647,2.262187
4.610526315789474,2.4797008
1.5517241379310345,1.9935769
1.7063953488372092,1.8713714
2.0689655172413794,1.9884558
2.25,1.8567581
2.4916666666666667,2.023265
1.6666666666666667,1.872291
2.2287581699346406,1.9511523
1.5357142857142858,2.0556972
1.8695652173913044,2.1040323
2.0737797956867197,2.05983
1.5405405405405406,1.9661437
1.8518518518518519,2.0796838
2.7941176470588234,1.9562831
4.333333333333333,2.5397
2.4128440366972477,2.6637268
2.3214285714285716,2.4120307
1.3653846153846154,2.1029534
4.384615384615385,2.1554477
2.710526315789474,1.9300109
3.2916666666666665,3.2888792
1.756218905472637,1.9207447
2.8333333333333335,2.117814
1.955844155844156,1.9647835
3.53125,1.8904096
1.0,1.561393
1.8688760806916427,1.947919
2.217391304347826,2.2582824
1.7307692307692308,2.1715612
0.7777777777777778,1.3494421
2.4655172413793105,2.101051
1.5521739130434782,1.8879693
1.991715976331361,1.9555683
1.7407407407407407,2.13943
2.066666666666667,2.0917084
1.4181818181818182,1.9567646
1.6574074074074074,1.888934
1.7027649769585254,1.9318866
2.2280701754385963,2.1486444
4.2631578947368425,2.5700057
1.0,2.3350184
2.5555555555555554,3.2211685
1.5555555555555556,1.9768406
0.8888888888888888,2.2562957
2.5185185185185186,2.561756
2.933333333333333,3.2160246
2.4,2.5086043
4.722222222222222,2.3163476
1.5,2.364961
1.7301075268817205,1.9091296
2.2222222222222223,2.5617528
1.4473684210526316,1.8727542
5.25,2.7601316
1.6842105263157894,1.5179503
2.0611702127659575,1.9316345
1.6046511627906976,2.0841806
1.6578947368421053,1.7580563
1.6470588235294117,1.9018655
1.6778774289985052,1.8821206
1.8571428571428572,2.515266
1.7391304347826086,2.0238602
1.803921568627451,2.6065905
2.4615384615384617,2.0320823
1.2,1.2574214
2.4218009478672986,1.8876046
1.5423728813559323,1.6447192
2.287037037037037,1.8525592
1.54178674351585,1.9316409
1.9878296146044625,1.9766095
1.8823529411764706,2.046441
1.5,2.2857597
2.2,2.7061048
1.5591397849462365,2.14154
1.9079754601226995,1.9226103
1.5405405405405406,2.1667113
2.0952380952380953,2.6069748
1.9534883720930232,1.7702587
1.9811320754716981,1.937031
1.7635467980295567,1.8566644
1.948051948051948,2.2114966
1.8405797101449275,2.0644307
3.4838709677419355,1.8997132
1.68,1.9735534
2.4780701754385963,1.9714057
3.142857142857143,2.35028
1.934782608695652,2.151632
4.0,2.9264128
3.3404255319148937,2.0760002
1.588235294117647,1.9139836
1.78125,1.8220688
1.5483870967741935,1.9704314
2.775,2.2532742
1.8,1.9971741
2.15,2.751951
2.7421875,1.9723022
2.204855842185129,1.8614383
2.3333333333333335,2.580582
2.1627906976744184,2.1513996
1.4565217391304348,2.094987
1.0909090909090908,1.4554919
2.7127659574468086,1.8140726
1.6620111731843576,1.8680921
2.02416918429003,1.915732
1.6528925619834711,1.8382835
1.6923076923076923,2.4199727
2.35,2.314189
2.7333333333333334,3.2252772
2.0689655172413794,2.375881
1.5957446808510638,2.0470686
1.2702702702702702,1.8922906
2.2857142857142856,2.8996725
2.875,2.0698192
1.588235294117647,1.7099782
1.6888888888888889,1.9115357
1.9152542372881356,2.2661326
3.0,2.2527175
1.8255813953488371,1.9250293
2.652360515021459,1.9622821
2.1666666666666665,2.2031379
1.8704512372634643,1.9520707
2.236641221374046,1.8886385
1.695167286245353,1.9299287
1.25,2.8725467
1.7959183673469388,1.9250797
1.0,0.9946411
2.75,2.212226
1.6222760290556901,1.8205692
2.477741585233442,2.0015595
2.3657142857142857,1.9570184
1.4705882352941178,1.6160928
1.6139359698681732,1.9853426
2.3636363636363638,2.09306
1.3191489361702127,1.7497504
1.662192393736018,1.844757
1.7142857142857142,2.4597218
2.32,2.0400102
1.673165137614679,1.9872186
1.6129032258064515,2.1425488
2.1842105263157894,1.9542848
1.608695652173913,1.808416
1.1666666666666667,1.1725042
2.276315789473684,2.2479672
2.0268456375838926,1.957458
1.726962457337884,1.9557457
1.619047619047619,2.685755
2.25,2.5706813
1.6900726392251817,1.8621162
1.7037037037037037,2.375583
1.904884318766067,1.8940713
2.1739130434782608,2.0305135
2.0738636363636362,2.0115685
2.3076923076923075,1.9045042
2.2941176470588234,2.1971264
2.4838709677419355,2.2902744
2.142857142857143,2.8952022
1.8214285714285714,2.1982827
0.9464285714285714,1.4450401
2.6536030341340076,2.019875
4.807017543859649,2.1197674
1.3846153846153846,1.6034331
2.5283018867924527,2.152426
1.25,2.474654
1.6477611940298507,1.9071289
2.9285714285714284,2.2329907
1.6153846153846154,1.5791786
2.402173913043478,2.2428825
1.811764705882353,1.9039985
1.3,2.3543706
1.7535211267605635,2.007445
1.3181818181818181,1.9354414
1.3880597014925373,1.9034252
1.9308755760368663,1.9701321
1.7872340425531914,1.8438625
1.7142857142857142,2.236683
2.048997772828508,1.9137857
2.125,2.1547878
1.1153846153846154,2.2159991
1.3043478260869565,1.6202447
1.7764900662251655,1.9170573
2.357142857142857,2.0564642
4.517241379310345,3.5298252
2.0484429065743943,1.9299852
2.0203389830508476,1.9603269
1.4285714285714286,1.9615638
1.5423728813559323,2.0102055
2.403908794788274,1.9908935
1.7272727272727273,2.1919134
1.0,1.887132
1.6591928251121075,1.9483992
1.755700325732899,2.022985
1.7605177993527508,1.9353714
2.238095238095238,1.7754014
1.710097719869707,1.8174603
2.1,2.207801
1.0625,1.4041672
1.5392857142857144,1.9202106
2.875,2.711025
1.8837209302325582,2.0168793
2.0811965811965814,1.9054996
1.7295774647887323,1.8276093
1.4545454545454546,2.070114
1.6666666666666667,1.780184
2.6052631578947367,2.5519009
1.6626506024096386,1.818992
1.863109048723898,1.9260988
1.7255278310940498,1.9094125
1.0657894736842106,1.6720124
1.206896551724138,2.457468
1.5803108808290156,1.9056385
1.5897435897435896,1.9351718
1.9322033898305084,1.9547964
2.043956043956044,1.9071835
2.409090909090909,2.4250994
2.236641221374046,1.8975583
1.6,1.7118267
1.4653465346534653,1.9620615
1.7760814249363868,1.9205357
1.7,2.2063773
5.238095238095238,1.9484663
1.2063492063492063,1.9148058
4.529411764705882,2.9619834
1.714975845410628,2.0094147
3.1538461538461537,2.0569005
4.472222222222222,2.3221762
2.1847826086956523,2.007136
1.7554347826086956,1.967181
3.9375,1.9800676
2.694267515923567,1.9432241
1.5966850828729282,1.9668849
1.5454545454545454,2.1314542
1.8181818181818181,2.4595244
2.112769485903814,1.9291273
1.8719346049046321,1.9005591
1.5772151898734177,1.8915386
1.9651567944250872,1.8642427
2.310344827586207,2.0465655
1.8048780487804879,2.2162364
3.1,2.4614673
3.111111111111111,2.5026875
2.442857142857143,1.9860129
2.4198473282442747,1.9383819
1.9305555555555556,2.2641873
2.773480662983425,1.8888003
1.53125,1.8291602
1.9407894736842106,1.9072542
1.6835443037974684,1.8948125
2.0071343638525563,1.9466418
1.5384615384615385,2.0442545
2.5053763440860215,2.0351856
1.9090909090909092,2.0718305
2.1,2.1909256
3.018018018018018,1.8704268
2.142857142857143,2.3627183
1.25,2.3598092
1.6312997347480107,1.9356264
1.864516129032258,1.8814129
3.1957070707070705,1.9515013
2.4838709677419355,2.3988752
6.611111111111111,3.4050734
1.4,2.1895468
1.9967741935483871,2.0487812
1.8,2.3905501
1.7486413043478262,1.8324668
1.9086419753086419,1.9006741
1.2,1.9331063
1.7575757575757576,1.990601
2.0061349693251533,1.8736287
1.4018691588785046,1.9332811
1.7294357579877635,1.7859108
1.432595573440644,1.8877602
6.0,2.1628983
2.050632911392405,1.8670411
2.18348623853211,2.1114485
5.6923076923076925,2.3468935
1.9523809523809523,2.2391977
2.0058910162002945,1.8921152
2.5,2.5073357
2.0,1.8277215
1.9773755656108598,1.8706338
3.9545454545454546,3.275034
2.074074074074074,2.3576856
2.4816983894582725,2.0378027
1.7857142857142858,1.6125525
2.262295081967213,1.933676
2.4210526315789473,1.976119
0.8205128205128205,1.4537386
1.0769230769230769,2.1802812
1.7553418803418803,1.8566644
1.6122448979591837,1.6646332
2.357142857142857,2.457036
1.5137614678899083,1.8714001
2.121212121212121,2.1159446
4.1,2.0438573
1.993939393939394,1.9164549
4.486486486486487,2.6514816
1.965,1.889196
2.4545454545454546,2.7030823
2.324324324324324,2.124334
2.054054054054054,2.1393816
1.0526315789473684,1.4282928
2.5,3.0242064
1.3636363636363635,2.4202626
1.9580838323353293,1.8835967
1.75,2.1299658
1.9795221843003412,1.82015
1.7708333333333333,1.9333998
1.812121212121212,1.9052691
1.59375,3.1937973
2.74,1.9913607
1.8,2.225111
1.8604651162790697,2.0343742
1.12987012987013,1.7770172
2.8846153846153846,2.2600865
1.575,2.143516
2.018181818181818,1.9335812
1.7723577235772359,1.8782495
1.75,2.141014
2.3157894736842106,2.4866436
1.4534883720930232,2.310759
4.5,2.5364416
2.375,2.602504
1.9,2.591296
1.525,2.0456254
2.0849056603773586,1.7343012
1.3365384615384615,2.05859
1.647887323943662,2.0487742
1.2,1.4242051
1.625,1.9389135
1.5833333333333333,1.607548
1.6643233743409491,1.8956323
1.5825545171339563,1.861022
1.7238493723849373,1.9031655
2.0952380952380953,1.634035
4.809523809523809,2.3881502
1.7,2.099391
1.6470588235294117,2.1626422
1.0,2.2028272
3.6666666666666665,2.8063421
1.709090909090909,2.182087
1.7852631578947369,1.9323809
3.25974025974026,2.5487406
2.2962962962962963,2.971995
2.1176470588235294,2.1140661
2.559748427672956,2.0269656
1.0617283950617284,2.1556468
2.0481049562682214,1.948455
1.6123595505617978,1.8311855
2.0555555555555554,2.7478218
1.702127659574468,2.1175883
2.588235294117647,2.762676
1.9444444444444444,2.272299
7.15,2.2673316
2.046070460704607,1.904121
3.2857142857142856,2.2668703
1.8358458961474038,1.9213296
1.8036529680365296,1.9083859
1.9387096774193548,1.9418441
1.803680981595092,1.9069796
1.5,2.217772
1.7945205479452055,1.9056005
2.00375234521576,1.9853426
1.9047619047619047,1.7788846
2.255924170616114,1.975869
1.7029045643153526,1.794884
1.3636363636363635,2.3146064
1.7976437976437976,1.8101358
3.5,2.8763719
1.7096774193548387,2.0256808
1.32,1.4904611
2.212121212121212,1.712816
1.6343612334801763,1.9330084
2.8181818181818183,2.1242805
1.7113259668508287,1.9450378
1.8,2.0316126
1.4,1.8221295
5.076923076923077,2.464797
1.5257731958762886,1.9228203
1.8,2.434487
5.5227272727272725,2.2247794
2.69811320754717,2.0570512
1.8695652173913044,1.9232949
2.0689655172413794,1.6950953
1.8683602771362586,1.9829402
1.6743119266055047,1.9104414
1.2045454545454546,1.8661137
2.2816901408450705,2.2429962
2.2416666666666667,1.9558642
1.6681818181818182,1.8458745
2.0476190476190474,1.8159889
5.454545454545454,2.6227055
2.272727272727273,1.9963782
2.115,1.9543833
2.0714285714285716,1.9586524
1.6666666666666667,1.8036083
1.3,1.825401
1.6696969696969697,1.8737419
1.4736842105263157,1.8599482
2.2222222222222223,2.1112895
3.7142857142857144,2.239792
1.8310249307479225,1.9206934
1.8440463645943097,1.9971693
1.4864864864864864,1.276975
1.8983364140480592,1.9333202
2.0,2.5508006
1.6666666666666667,2.070498
1.8376068376068375,2.09932
1.8,2.0976999
2.0730050933786077,1.8943634
1.491103202846975,1.8283744
2.204081632653061,1.8861468
0.9375,1.7394432
1.6415327564894933,1.8209753
3.0,2.3147864
3.3333333333333335,2.765953
0.6021505376344086,1.3765851
2.6666666666666665,2.0779715
2.4478114478114477,1.9432529
2.95,2.5713844
0.5769230769230769,2.0134313
1.8284389489953632,2.0851054
2.8823529411764706,2.3048472
1.631578947368421,2.0556138
1.9430241051862673,1.8107256
1.8566433566433567,1.976601
1.658008658008658,2.0157826
2.223918575063613,1.9512883
1.9184149184149184,1.9729779
1.5185185185185186,1.5590847
2.1333333333333333,2.2272706
1.7412935323383085,1.9336338
1.9149659863945578,1.9203253
1.875,1.995861
2.3023023023023024,2.0173357
2.0285714285714285,2.2781527
1.7407407407407407,1.9199677
1.514792899408284,1.8959187
1.3461538461538463,1.9355342
2.4663677130044843,1.9022017
1.5625,2.3925893
2.857142857142857,2.0605834
2.7037037037037037,3.083193
2.5416666666666665,1.8863063
1.2857142857142858,1.5801164
2.0113636363636362,2.2840664
2.602409638554217,2.3286777
1.8571428571428572,2.5575101
1.576271186440678,2.1555018
2.748062015503876,1.9397488
1.1299435028248588,1.6514992
2.4105263157894736,1.9641284
1.2857142857142858,2.1218631
1.1612903225806452,1.958859
1.75,2.7286408
1.65,2.1730952
1.04,2.5477803
1.527536231884058,1.8743347
1.0769230769230769,1.8030086
2.4615384615384617,1.8777764
1.6837606837606838,1.9868238
2.5142857142857142,1.9870069
1.5507649513212796,1.8379226
2.7220216606498195,1.954481
1.6290322580645162,2.007809
1.9420731707317074,1.9198227
2.6,1.9924484
1.9166666666666667,1.9043489
2.408,2.0305703
1.5904109589041096,1.9721547
1.6890243902439024,1.9299551
2.4615384615384617,2.7319007
1.4594594594594594,1.7098504
1.8771929824561404,2.0711362
2.727272727272727,1.6556973
3.0,1.8608948
2.1875,1.9345654
1.9333333333333333,2.1142497
1.8448275862068966,1.8832884
1.8508946322067594,1.8885689
1.3255813953488371,1.8177761
1.5536723163841808,1.9270067
1.5238095238095237,1.8827922
1.8591549295774648,2.05178
1.9036144578313252,1.9473243
1.4848484848484849,1.9662076
2.526315789473684,1.9296342
2.1176470588235294,2.0532086
5.607142857142857,2.0435162
1.7652347652347653,1.9689051
1.125,1.4924523
2.3636363636363638,2.1596339
1.8571428571428572,2.0279882
2.235294117647059,2.5184097
2.0519713261648747,1.9412271
1.8352059925093633,1.9588399
2.1142857142857143,2.0286796
1.609375,1.8831142
2.0789473684210527,2.089802
3.9411764705882355,2.0046337
1.7444444444444445,1.9005455
2.4233870967741935,2.0074382
1.9375,2.079389
2.09375,1.8021709
2.02,1.9151433
2.2327044025157234,1.9085854
1.8202247191011236,2.0297797
4.533333333333333,2.0021913
3.0,2.145259
1.5,1.8559382
2.191919191919192,1.9025615
1.6744186046511629,1.8071156
1.2,2.2050836
1.6885245901639345,2.0093367
2.090909090909091,2.4998405
0.7837837837837838,1.7510601
1.0508474576271187,0.90900195
1.469387755102041,1.941624
2.230769230769231,1.7180475
2.357142857142857,2.3424294
1.8366619115549216,1.7947996
1.2285714285714286,1.4987462
4.230046948356808,1.921011
2.044077134986226,1.8365052
2.0743099787685777,1.9355619
1.7272727272727273,1.9711351
1.4736842105263157,2.1999671
1.6695156695156694,1.9754272
2.2989690721649483,1.9678898
2.430622009569378,1.9460558
2.652892561983471,2.077012
1.4230769230769231,2.2205834
2.2941176470588234,1.9972236
2.029045643153527,1.9074521
1.7625628140703518,1.992485
1.9090909090909092,2.081831
1.6666666666666667,2.7042286
1.1944444444444444,1.8703884
2.1666666666666665,1.7920868
2.6333333333333333,2.2087665
1.4827586206896552,1.9883065
1.0961538461538463,2.1340747
3.8181818181818183,2.7955687
2.2490272373540856,2.0284653
1.1886792452830188,1.6096426
1.5823293172690762,1.9405898
1.8548387096774193,2.1754715
2.335,1.9112167
1.6111111111111112,1.8813254
1.7181028724114897,1.7935046
2.273224043715847,1.9761866
2.625,1.9155755
1.6131386861313868,1.8685988
1.427860696517413,1.937738
2.050574712643678,1.9026316
2.2,2.791156
1.7058823529411764,2.1541955
1.0526315789473684,1.5610819
2.125,2.7141528
1.3846153846153846,2.1244872
1.8461538461538463,2.517978
1.768421052631579,1.9114084
2.068522483940043,1.9275974
1.81496062992126,1.9227674
1.6363636363636365,2.3841631
1.1363636363636365,1.9516164
2.5362116991643453,1.9934858
2.039727582292849,1.9727355
2.608695652173913,2.6505265
3.4705882352941178,1.919142
1.8325991189427313,1.9805658
1.5258215962441315,1.921011
1.7733990147783252,1.9681747
1.9310344827586208,2.5749545
7.333333333333333,2.2695832
6.724137931034483,2.3935235
1.9488188976377954,1.9024413
1.0769230769230769,1.6498749
2.0,2.0665631
2.391304347826087,2.0312123
3.4878048780487805,2.1663628
2.0554649265905383,1.9199222
3.357142857142857,2.5472672
1.1785714285714286,1.7095454
1.527027027027027,2.0887997
2.451388888888889,1.9833555
1.1073446327683616,1.714749
2.058628318584071,1.8658578
1.877995642701525,1.9379762
2.2,2.1317086
2.577777777777778,1.9031277
2.6097560975609757,3.1931489
2.049149338374291,1.9504409
1.9375,2.9414792
2.25,2.2462382
2.0254237288135593,2.0011275
2.25,1.5539148
1.8076923076923077,1.9646966
1.597860962566845,1.8425984
2.5968992248062017,1.9461124
0.8181818181818182,0.8860164
1.7088607594936709,2.2794592
1.2608695652173914,2.2319415
1.7321428571428572,1.9973086
1.5979643765903309,2.0145724
1.917589175891759,2.0713239
1.3461538461538463,1.9954041
1.8041237113402062,2.0499797
1.8076923076923077,2.0044048
1.8053221288515406,1.9724315
2.0217391304347827,1.9005663
1.5235294117647058,1.8854637
2.1052631578947367,2.1476734
1.4285714285714286,1.5723728
1.670940170940171,1.9752703
2.761904761904762,2.6463466
3.857142857142857,1.8052056
1.3170731707317074,1.8677491
1.6936936936936937,2.0752854
2.4881889763779528,2.0623448
1.8051948051948052,1.8574853
2.0416666666666665,1.8017501
5.3076923076923075,2.2583475
2.810810810810811,2.1296577
1.4907749077490775,1.8837129
1.5454545454545454,2.0930836
1.5294117647058822,2.0409539
2.424778761061947,1.9486524
2.625,2.9352639
2.341463414634146,2.1768873
1.5625,2.0991473
1.8953488372093024,1.9238716
1.8621399176954732,1.9482944
1.7733333333333334,2.2474597
2.347826086956522,2.0327127
3.7142857142857144,3.0750747
2.6243093922651934,2.0155666
2.1094391244870043,2.1079729
1.725609756097561,1.9119973
1.2307692307692308,2.4750166
2.830769230769231,2.0968528
1.933832709113608,1.9545016
3.5789473684210527,2.0781152
1.8463203463203464,1.9710661
1.6666666666666667,2.0790424
1.8333333333333333,2.5892441
2.526315789473684,2.6057181
2.8333333333333335,1.9701735
2.4545454545454546,2.488586
1.7881355932203389,1.831316
2.0526315789473686,2.3444712
2.011278195488722,1.9372385
2.5714285714285716,1.9009947
1.2142857142857142,1.6469355
1.76759410801964,1.9537289
1.625,2.4106386
1.88715953307393,2.0089903
2.0388349514563107,2.0869904
1.7464788732394365,1.7996045
2.0146341463414634,1.8900653
1.6370656370656371,1.8237666
2.80327868852459,1.9907967
1.6538461538461537,2.1082695
2.169230769230769,2.018757
1.6763636363636363,2.0090575
2.111111111111111,1.9711609
2.401315789473684,1.9560872
1.536231884057971,1.9980161
2.2916666666666665,2.3609507
2.700980392156863,1.9886099
2.046971569839308,1.9241021
2.123809523809524,1.9746325
1.8079019073569482,1.9268769
2.9444444444444446,2.2392142
1.5,2.1669738
1.9659090909090908,1.9113177
1.5555555555555556,1.4327166
2.870967741935484,1.7862164
1.8636363636363635,1.8781627
2.090909090909091,1.9383547
1.726027397260274,1.8416638
2.5961538461538463,1.8943924
2.0,1.650346
1.375,2.2978885
1.5411764705882354,1.8221843
1.3043478260869565,1.9004718
1.7846153846153847,1.9990352
3.3846153846153846,2.478552
1.938388625592417,1.921011
1.7241379310344827,2.417062
1.9428571428571428,2.0326772
2.0,1.5949948
1.7531645569620253,1.908212
1.8611111111111112,1.9347965
1.9210526315789473,2.0801113
1.863825363825364,1.9504287
1.880794701986755,2.0284998
1.7538461538461538,2.1178372
1.75,2.1411803
2.3890339425587466,2.0384245
2.3076923076923075,2.582057
1.5106382978723405,2.1317477
0.9629629629629629,1.6429378
1.856,1.9470041
1.8181818181818181,2.0012095
1.793103448275862,2.6537995
1.8209876543209877,1.921788
1.8333333333333333,1.801514
1.6551724137931034,2.4798787
1.8333333333333333,2.527997
1.9259259259259258,1.9927322
1.4642857142857142,1.9904678
2.5434782608695654,2.4351218
1.9375,2.1425295
1.5517241379310345,1.9161264
2.3008849557522124,2.0185964
2.230769230769231,1.9034953
1.815338042381433,1.8389736
1.7318840579710144,1.8924263
1.3981191222570533,1.884722
1.3650793650793651,2.038514
1.2542372881355932,1.7690792
2.0391236306729263,1.9242314
2.4339622641509435,2.1734169
2.1153846153846154,2.595191
2.0,2.5894518
2.3,1.9487103
3.739130434782609,2.292477
2.013574660633484,1.9303824
1.6656596173212488,1.9232538
2.1411290322580645,1.926196
2.1,3.094704
1.8959537572254335,1.7962775
2.0,1.8878387
1.7272727272727273,1.8718112
1.6842105263157894,1.6468349
2.1696658097686377,1.9227966
1.1590909090909092,1.9994516
1.9004524886877827,1.9163712
3.03125,2.1082757
2.0851063829787235,2.661341
1.5,2.6758635
2.1454545454545455,2.2609067
1.1666666666666667,2.1981788
4.038461538461538,2.539108
1.7466666666666666,1.883951
1.9090909090909092,2.110294
1.5352480417754568,1.8335853
1.9066886870355078,1.907427
1.875,2.3714638
1.8181818181818181,1.7331864
2.764705882352941,2.1907825
1.4482758620689655,1.8745058
1.005586592178771,1.7190286
2.625,2.4575849
1.75,1.9285823
1.358974358974359,2.0274842
1.9230769230769231,2.6447887
1.590612777053455,1.834884
1.6025280898876404,1.9932442
1.2272727272727273,2.1058624
1.1518987341772151,1.7511928
1.3409090909090908,2.1479812
6.2,2.305805
1.8129139072847682,1.8690287
2.357142857142857,2.691749
1.037037037037037,1.5450995
1.7727272727272727,1.6365082
1.7575757575757576,1.8254688
1.7692307692307692,1.8739227
2.0232558139534884,2.0298586
2.2,2.136044
1.8088235294117647,1.9665369
1.8181818181818181,2.099287
2.2,2.3302836
2.1808510638297873,2.1317897
0.7647058823529411,1.0920497
2.8085714285714287,1.919235
1.44,1.7535374
2.0483870967741935,1.9035603
2.2687385740402193,2.0164533
1.908256880733945,2.0829287
2.55,2.1113212
2.372972972972973,1.9213034
1.2580645161290323,1.7591937
1.441860465116279,2.015868
1.8526682134570767,1.8654425
2.0146627565982405,1.8874122
9.814814814814815,3.5524743
2.5714285714285716,2.2185953
1.6206896551724137,2.1070704
1.525,1.9794396
1.3055555555555556,1.838378
1.3333333333333333,1.6010791
2.0697674418604652,2.2397304
1.7647058823529411,2.057765
2.472826086956522,2.013346
2.4,2.5345232
1.7902542372881356,1.9480147
1.3,1.714034
1.9393939393939394,2.630412
1.6883116883116882,2.0905104
3.8333333333333335,2.520706
1.8793456032719837,1.9170026
1.8333333333333333,2.3308892
1.6843601895734597,1.9392484
1.9166666666666667,2.2566674
1.859375,1.7568254
1.7027027027027026,2.2250526
1.8181818181818181,2.0681877
1.7142857142857142,2.387955
1.4770642201834863,1.942484
1.6363636363636365,2.2196832
1.7142857142857142,2.6698194
1.8611111111111112,2.1100304
2.4838709677419355,2.0504513
1.9466666666666668,2.4382088
0.9420289855072463,1.6666256
1.6956521739130435,2.0167847
2.4456521739130435,2.139719
1.3333333333333333,1.9989303
2.0186915887850465,1.9124266
1.7647058823529411,2.110651
2.038793103448276,1.9342753
0.9896907216494846,1.6024519
2.1315789473684212,1.9574299
2.142857142857143,1.9147168
1.6,1.7832708
2.25,2.2898307
1.383399209486166,1.9865083
1.28125,1.8749242
1.4545454545454546,2.1025567
1.5277777777777777,2.1413803
1.9272727272727272,2.001112
2.6122448979591835,2.2338376
2.9318181818181817,2.203004
1.9090909090909092,2.1395433
2.2616822429906542,1.952757
1.9655172413793103,2.1339433
1.8688981868898187,1.9440266
2.386178861788618,1.9933459
1.8456014362657092,1.9811627
1.8925729442970822,1.9563091
1.9428571428571428,2.0206857
1.5714285714285714,1.6619176
2.3333333333333335,2.2145617
2.0625,2.871259
1.956794425087108,1.818445
1.7043189368770764,1.8950217
1.9242424242424243,1.9647092
1.7821782178217822,2.1905298
2.6191369606003754,1.980489
3.7142857142857144,2.1410074
2.3865546218487395,2.16356
1.7142857142857142,2.0029252
1.9974358974358974,1.8982537
1.5294117647058822,2.062449
1.9361702127659575,1.9805117
5.46875,1.5621
2.340659340659341,2.1156557
2.9310344827586206,2.8481922
2.25,1.3731642
1.8847058823529412,1.9988062
1.99096657633243,2.0266087
1.9473684210526316,2.1046357
4.777777777777778,1.9766483
1.6981132075471699,1.9920071
2.069908814589666,1.9316409
1.6875,2.0429614
2.5,2.5516946
2.0344827586206895,2.1093712
1.7772241992882563,1.8050851
1.5714285714285714,2.067325
1.9337016574585635,1.9077247
2.3284457478005867,1.9227195
3.0952380952380953,2.753686
1.9,1.9379302
1.5492957746478873,2.0942073
2.464406779661017,1.9579904
1.2083333333333333,2.3947027
2.0424242424242425,1.9359002
0.7777777777777778,0.6099819
2.176470588235294,2.5082874
2.25,2.033217
0.84,1.7160143
1.3894736842105264,1.8724002
2.5787269681742044,1.976423
2.202416918429003,1.9722794
1.2173913043478262,1.9337004
1.9211908931698773,1.9766095
2.509375,1.9924963
2.420875420875421,1.9500191
1.8571428571428572,2.300058
1.1369047619047619,1.9501723
1.4852941176470589,1.9745913
1.2307692307692308,1.6962972
2.04,2.1350603
3.3783783783783785,2.4624608
2.8448275862068964,2.2599847
1.125,1.790602
1.28,1.7765713
1.7826086956521738,2.3625543
1.75,1.709622
2.6065573770491803,2.0807993
2.3076923076923075,1.9870112
1.4025974025974026,1.7984585
1.5555555555555556,2.1821923
2.0265486725663715,1.9169928
1.4444444444444444,2.0914726
2.287313432835821,1.9207383
2.6666666666666665,2.1138942
1.75,1.9406004
2.95959595959596,2.147917
1.25,2.6884522
1.4567901234567902,2.2088926
1.4690721649484537,1.8339937
3.0,1.7645929
1.0526315789473684,1.9730176
1.2325581395348837,1.8509339
1.9886363636363635,1.9005741
0.9240506329113924,1.9414098
3.5294117647058822,3.1926124
1.1538461538461537,1.7140394
1.631578947368421,2.1541572
1.7405405405405405,1.9347616
2.0,1.9393203
1.9130434782608696,2.8806562
1.6615087040618957,1.8815669
1.9918166939443536,1.9841865
1.7439024390243902,1.8706982
1.206896551724138,2.0695424
1.4603174603174602,1.9882861
1.476923076923077,1.9744403
1.8956228956228955,1.9900523
1.9372781065088758,2.0717366
1.813953488372093,2.130611
2.533333333333333,1.9799181
1.5806451612903225,1.5465269
1.8369781312127236,1.818752
1.575,2.1994877
1.9322033898305084,1.9620968
1.7552447552447552,1.8848379
1.9950248756218905,1.9392527
2.590909090909091,2.1116421
4.0,2.0478694
2.246153846153846,1.8714002
1.4736842105263157,1.9781383
1.3559322033898304,2.1058662
3.142857142857143,2.7524352
1.6206896551724137,2.059682
1.7435897435897436,2.0065553
3.1052631578947367,2.2805362
2.411764705882353,2.2003505
1.9284671532846716,1.9433275
1.9923664122137406,1.9820237
3.9420289855072466,2.0661864
2.828125,1.9298272
2.7916666666666665,1.5246551
2.3666666666666667,2.1446369
1.868421052631579,2.3089988
1.5272727272727273,2.0742512
2.31965811965812,2.014708
3.107142857142857,2.1023922
3.3488372093023258,1.920618
2.2748815165876777,1.9805088
1.4927113702623906,1.8560572
1.790909090909091,2.1049194
0.6794871794871795,1.0347954
2.1047865459249677,1.8324218
2.329044117647059,1.8636975
1.46875,2.0870078
3.111111111111111,2.6718507
2.030456852791878,1.932812
2.3333333333333335,2.746319
1.899728997289973,2.0163531
2.0125,2.2023182
2.372549019607843,2.07268
2.7777777777777777,2.6332877
5.404761904761905,2.1021101
1.2906976744186047,1.9211173
3.022222222222222,2.4602504
1.9066666666666667,2.0504823
2.180722891566265,2.294389
1.2307692307692308,2.625375
1.3225806451612903,1.6349123
1.9466666666666668,2.0914161
1.6323529411764706,1.895816
0.8823529411764706,1.4957042
2.5822784810126582,1.8759792
2.238095238095238,1.8923542
2.3045977011494254,1.959641
1.6930232558139535,1.8585924
1.4193548387096775,2.0974915
1.5365853658536586,2.2871559
2.1923076923076925,1.888545
1.565217391304348,2.205318
1.472972972972973,1.7681481
4.533333333333333,2.5553694
2.037037037037037,1.9866891
3.204081632653061,2.2292356
1.8051612903225807,1.9845923
2.3491124260355027,1.9209708
2.9642857142857144,1.857243
1.8020833333333333,1.7598655
1.5161290322580645,1.9966022
2.032258064516129,1.8789777
1.3666666666666667,1.5689158
1.8827838827838828,1.9345036
2.909090909090909,1.6720481
2.9,1.9692916
1.9090909090909092,2.761135
3.6176470588235294,2.113527
1.667481662591687,1.9341727
1.3076923076923077,2.0375547
1.853658536585366,2.0060325
6.857142857142857,2.526546
3.0588235294117645,2.389906
3.2448979591836733,2.177492
1.52,1.4777473
1.6183953033268101,1.9853426
2.2857142857142856,1.9029379
1.9333333333333333,2.1727722
1.6111111111111112,1.7463865
1.702127659574468,1.7552823
1.7007874015748032,1.9675456
1.8574610244988865,1.8727816
3.89247311827957,2.0598645
4.368421052631579,2.5671835
1.7424242424242424,1.9601189
2.007662835249042,1.9366292
2.5454545454545454,3.044159
2.4324324324324325,1.9949013
1.2079207920792079,1.6831359
1.5294117647058822,1.5661471
2.9049479166666665,1.963727
1.5144124168514412,1.8848379
2.7006802721088436,1.9459522
1.5691244239631337,1.904512
2.75,2.459621
2.010204081632653,2.0169318
1.4285714285714286,2.46136
1.816793893129771,1.99017
1.6008771929824561,1.9684094
1.5436619718309859,1.8121448
1.9338235294117647,1.8680921
2.0140845070422535,1.9062304
1.7644557823129252,1.967588
1.4431818181818181,1.8900131
6.256410256410256,2.3199418
1.8356164383561644,2.0006347
2.4329896907216493,2.0959802
3.3125,2.066641
2.4186046511627906,1.9890949
2.6315789473684212,2.0441456
1.7763975155279503,1.899135
1.5555555555555556,2.5336144
1.6838709677419355,2.0006995
2.0,2.1427839
1.0,2.105262
1.8361204013377928,1.996058
2.404255319148936,2.0092316
1.625,2.591329
1.9487179487179487,2.0786686
0.8589743589743589,1.4947524
2.5228426395939088,1.9821728
2.3233082706766917,2.0312634
1.1071428571428572,1.6436129
1.967741935483871,2.066833
1.8950617283950617,1.9482665
2.3658536585365852,1.9023669
2.1710526315789473,2.098688
2.0382775119617227,2.021134
1.7727272727272727,1.9339621
2.0934579439252334,1.9404961
2.0952380952380953,1.9091256
1.7395833333333333,2.0666482
2.4979536152796724,1.9946717
2.0,2.0479777
1.625615763546798,1.9588654
2.32967032967033,2.0019207
1.78,1.8908399
0.8076923076923077,1.1934272
1.8214285714285714,2.6428154
1.79874213836478,1.9863169
1.7272727272727273,1.7152524
3.814814814814815,2.701249
2.383720930232558,1.7832419
1.9406392694063928,1.956436
1.7110789283128167,1.9720471
2.0384615384615383,2.1655931
3.4285714285714284,2.3577328
2.1724137931034484,2.2895806
1.700906344410876,1.8459684
1.7470167064439142,1.9325551
2.9,2.3600836
2.0,1.9368521
2.388888888888889,2.4952753
1.9137931034482758,1.9513414
2.05,2.110814
1.75,2.2650607
3.764705882352941,2.4077954
1.8620689655172413,2.1370194
1.6984126984126984,1.9440321
1.3243243243243243,1.8353034
1.6351039260969977,1.8607355
2.4210526315789473,2.3214774
2.0,2.3276193
2.8,2.6550896
1.2333333333333334,1.5817144
2.1621621621621623,2.218287
2.712871287128713,2.1290302
1.4444444444444444,1.9675714
1.135135135135135,1.6029996
2.1522346368715084,1.8579963
1.5384615384615385,2.2672246
1.4685314685314685,1.8298565
1.9523809523809523,2.6036892
8.142857142857142,2.8357847
1.7702702702702702,1.9755085
3.8333333333333335,2.8308835
2.9672131147540983,2.2168097
2.1652173913043478,2.7189877
2.1634615384615383,1.9691439
2.730769230769231,1.9025534
2.125,2.5607476
1.4285714285714286,1.8176208
1.875,2.2367022
2.6816720257234725,1.9108565
2.763157894736842,2.075089
1.2105263157894737,1.9363554
1.9776119402985075,1.9236294
2.393700787401575,2.9008484
1.7581967213114753,1.9339756
2.2916666666666665,2.3389356
2.610054347826087,2.0076375
1.98812351543943,1.923602
2.103448275862069,2.6007185
1.7468619246861925,1.9957621
1.9195402298850575,2.0380528
1.1875,2.1360605
1.6,1.7489078
3.6578947368421053,1.8657658
1.3636363636363635,1.8235238
1.7564991334488735,1.8319652
1.6470588235294117,2.0904615
1.9642857142857142,1.8792077
2.2222222222222223,2.7035542
2.0875,1.8730284
1.8936170212765957,2.357512
1.758288770053476,1.9625171
1.9024767801857585,1.9533343
1.5714285714285714,2.543714
1.494949494949495,2.1756585
2.2142857142857144,2.457723
3.2714285714285714,2.5743518
1.8839285714285714,1.9958019
1.990108803165183,2.108765
2.2222222222222223,1.809919
1.5724137931034483,1.9302348
1.8931297709923665,2.0210242
1.565217391304348,1.618247
2.5294117647058822,2.1474147
1.1111111111111112,1.8979377
1.746360153256705,2.0320394
2.149193548387097,1.9321641
1.425531914893617,1.9237099
1.1111111111111112,1.8235952
1.8771331058020477,1.866379
1.125,1.7924608
2.2113821138211383,1.8878655
2.8167006109979633,1.9359488
1.3157894736842106,1.9900042
1.4166666666666667,2.124459
1.6428571428571428,2.4517646
2.085714285714286,1.9592202
2.0,2.1032712
1.5555555555555556,1.7492687
2.367088607594937,1.9553549
1.5,1.6567147
1.7297297297297298,2.2435217
1.5885416666666667,1.854395
2.052434456928839,1.9637384
1.102803738317757,1.972464
2.172248803827751,1.973184
1.75,1.8443336
1.4166666666666667,1.7534299
3.238095238095238,2.0406287
1.8103448275862069,1.9573488
2.0361881785283473,1.8545947
1.8307134220072552,1.93159
1.2,2.0401134
1.872703412073491,1.9489098
1.8888888888888888,2.6274269
5.0625,3.2332947
1.8787425149700598,1.9125836
1.8823529411764706,2.1749513
1.630153121319199,1.9325025
1.7231638418079096,2.000442
1.28,1.7925112
1.3333333333333333,1.8856204
1.1071428571428572,1.8413076
1.7013071895424836,1.8128506
1.7608142493638677,2.0568151
1.8666666666666667,3.0703921
1.75,2.3053472
1.1,1.9453642
2.3076923076923075,2.3009515
0.9130434782608695,1.808912
1.902061855670103,1.8745058
1.7272727272727273,1.1444974
2.0708661417322833,1.9579527
2.435483870967742,1.9276022
3.4444444444444446,1.7123039
1.7353760445682451,1.9007461
1.574468085106383,1.7632257
2.0116166505324298,1.8368137
2.4404761904761907,1.8686407
1.2941176470588236,2.0968034
1.6363636363636365,2.0284195
2.8125,3.6044197
2.0,1.9133584
1.976608187134503,1.9631844
1.2592592592592593,2.0472155
2.0,3.1632626
1.949090909090909,1.9542669
1.15,1.7940739
2.1529968454258674,2.0067368
1.5061728395061729,1.987656
1.8279569892473118,1.6823313
1.838337182448037,1.8952457
1.806378132118451,1.9667615
2.2138364779874213,2.0465457
1.8888888888888888,2.5357616
1.475,1.2562561
1.9483368719037508,1.818445
1.9025974025974026,1.7845417
2.3644939965694682,1.9496037
1.2361111111111112,1.066205
2.8181818181818183,1.7429525
1.6551724137931034,1.9820276
2.05,2.2741919
1.7551487414187643,1.9423896
1.0350877192982457,1.2073901
1.72,1.8648025
1.7564102564102564,1.9108044
1.4259259259259258,2.0573912
1.4375,2.1808236
2.1139240506329116,2.2187939
1.709090909090909,1.9641657
1.2083333333333333,1.5692086
2.8297872340425534,2.0337644
1.8888888888888888,2.3448296
2.0,2.4720833
3.5,2.2611885
1.0666666666666667,0.9741005
3.0,2.1274965
2.4444444444444446,2.050496
1.421487603305785,2.0081003
2.3529411764705883,2.5001419
2.09296875,1.9379873
1.5255102040816326,1.9329466
1.9671682626538987,1.9500631
1.6531007751937985,1.9403234
1.828793774319066,1.9804746
2.2432432432432434,2.1894636
2.0696465696465696,1.9198227
1.739247311827957,1.9516671
2.185567010309278,1.8587074
2.042198233562316,1.8584317
1.6466165413533835,1.8506621
2.0,1.708387
1.5,2.4969068
3.5833333333333335,2.219861
2.8181818181818183,2.0366623
1.5775862068965518,1.900012
3.2242990654205608,1.986544
1.9578947368421054,2.3786175
2.5294117647058822,2.8510165
2.627450980392157,2.1754174
2.125,2.4002619
1.8421052631578947,2.1069381
1.7605633802816902,1.9951241
2.4864864864864864,2.4626667
1.7777777777777777,2.118258
1.8888888888888888,2.1118457
1.7447916666666667,1.8319652
1.4583333333333333,2.187704
2.5833333333333335,2.3389356
1.8235294117647058,2.2614193
2.1636363636363636,1.9795365
1.625514403292181,1.8965906
1.965625,1.9105036
2.1419939577039275,1.9527957
1.4929577464788732,1.936315
2.25,2.259822
1.92,1.8815343
2.488372093023256,2.287374
1.795774647887324,1.9355557
3.8333333333333335,3.343758
2.2783505154639174,2.0643
2.237330037082818,2.0087535
2.3195876288659796,2.021552
1.4428571428571428,2.1888142
1.5,1.2836797
1.8333333333333333,2.623087
1.8159203980099503,1.9594103
1.8358458961474038,1.933676
1.9922737306843268,1.9094365
1.4918032786885247,2.0403202
1.8426966292134832,1.7530754
1.3703703703703705,1.899462
2.0,2.0369842
1.2777777777777777,1.7229495
1.6016260162601625,1.99944
2.1176470588235294,1.3825165
1.1730769230769231,1.5095598
2.085714285714286,2.0867698
1.7721518987341771,2.2074435
1.6062992125984252,1.889417
1.7596236099230111,1.9008273
2.311864406779661,1.9709718
2.064516129032258,2.069151
3.4356435643564356,2.1180196
2.576104746317512,1.9610314
3.1875,2.3339465
1.8181818181818181,1.5219002
2.0815217391304346,1.9319077
1.8344370860927153,1.9959476
2.559055118110236,2.5459704
2.2831858407079646,2.0272682
5.3076923076923075,2.1422086
1.92,2.9022927
1.8098522167487685,2.100131
1.5263157894736843,2.1139693
1.7241379310344827,2.0442653
3.1082474226804124,1.9670945
2.4545454545454546,2.7336807
1.6875,2.088843
3.167741935483871,2.0175085
1.5238095238095237,2.0645924
2.6341463414634148,1.9104148
1.7,1.4218141
1.6428571428571428,2.3077526
1.8425196850393701,1.9230063
8.746666666666666,2.8452861
1.088235294117647,2.1504762
1.717741935483871,1.94146
2.3255813953488373,1.8194864
2.075,2.1649787
3.1176470588235294,2.6271615
2.6923076923076925,2.2090251
1.912536443148688,1.915732
2.5833333333333335,2.5471299
1.9782608695652173,2.255175
1.3928571428571428,1.682551
1.9005376344086022,1.8512986
2.118279569892473,1.9751387
1.7600872410032715,1.9214438
2.303030303030303,2.036172
1.578512396694215,1.8344814
1.9192546583850931,1.9088961
2.869565217391304,2.4043133
1.3157894736842106,1.7176224
1.8396226415094339,1.9575733
1.8,2.3555207
1.4285714285714286,2.40331
1.7071651090342679,1.8830497
1.2105263157894737,1.3213971
1.4,1.7432088
2.0,1.7945678
2.042105263157895,2.181116
1.6397379912663756,1.8568761
2.0481927710843375,2.6934853
1.7848101265822784,2.1795614
2.1157894736842104,1.8643031
2.0625,2.55586
2.4046822742474916,1.988346
1.4642857142857142,1.6150268
1.21875,1.4344431
2.6875,2.2150264
1.535014005602241,1.9053869
1.7922077922077921,1.6127274
2.25,2.009909
1.368421052631579,2.0851223
1.5670103092783505,1.9665431
1.6363636363636365,2.240649
1.627906976744186,1.9226243
1.6923076923076923,1.7366251
1.9615384615384615,1.9688672
1.070063694267516,1.8798597
1.5135135135135136,1.9994113
1.7130307467057102,1.9482951
1.9,2.2605035
1.5,2.1694143
2.2127659574468086,2.0084867
2.4,2.9415274
1.6466666666666667,1.8619608
1.4722222222222223,2.1835148
1.4516129032258065,2.0885308
1.6081081081081081,1.8004649
1.7185840707964601,1.9077247
1.7649769585253456,1.9443336
2.042959427207637,1.845552
1.756218905472637,1.8567239
2.0520833333333335,2.2429566
1.8908450704225352,1.8845911
1.506578947368421,1.963487
0.7741935483870968,1.7480328
2.633587786259542,1.9405818
2.0854271356783918,1.9667076
1.2727272727272727,1.4943752
1.619047619047619,2.129313
2.3060109289617485,2.0066197
3.152173913043478,1.9193095
2.2954545454545454,1.9731487
2.8,2.4802036
2.1951219512195124,2.5538876
2.0298013245033113,1.9364082
1.9186046511627908,1.903413
3.0526315789473686,2.1775057
1.391304347826087,1.8643322
1.8047016274864376,1.9395062
2.0,2.198254
1.9952,1.937701
2.084,1.9884082
1.4080459770114941,1.8783948
1.4444444444444444,2.327349
2.3164556962025316,1.9686494
1.696969696969697,2.204776
2.5555555555555554,1.961783
2.051282051282051,2.0394511
1.8846153846153846,2.5806432
2.0,2.1539435
0.7857142857142857,1.2767903
1.8681818181818182,1.8670973
2.0,2.4985693
1.4285714285714286,2.3504045
1.6756756756756757,2.0338883
1.8578088578088578,1.8252184
2.0238095238095237,1.935022
2.0351002865329515,1.9542038
2.4327485380116958,1.9561421
1.7859649122807018,2.0044842
3.6910569105691056,2.0631287
2.0555555555555554,2.1443486
1.8148148148148149,2.1307302
2.1818181818181817,2.3477523
1.5910828025477708,1.8564491
1.875,1.7182987
2.001547987616099,1.9560647
3.764705882352941,2.1483717
1.746031746031746,2.004722
2.0280811232449296,1.832194
9.125,2.6595662
2.04,1.7671556
0.90625,1.3502003
1.7086614173228347,1.8329941
1.9416809605488852,1.9330065
2.625,1.642434
1.4,1.5297836
1.8202973497091144,1.8228614
1.711111111111111,2.270698
2.541176470588235,2.218571
0.8620689655172413,1.5076007
1.76,1.9386802
2.1877551020408164,1.839817
1.9397590361445782,1.9468921
1.605263157894737,1.8475087
2.4262295081967213,2.0094147
1.6923076923076923,1.8965014
1.6822429906542056,1.9431088
3.55,2.3147976
1.9435483870967742,1.9580929
2.25,2.4909081
2.068429237947123,1.9129134
1.4444444444444444,1.5754666
2.073170731707317,2.304953
2.235294117647059,1.9924496
1.7534246575342465,2.0712733
1.8333333333333333,2.5890849
2.5,2.5713089
2.142857142857143,1.8319911
2.177142857142857,1.9909903
5.62,2.1370466
2.0721649484536084,2.2015016
1.25,1.9411446
2.3455882352941178,1.9387519
2.7222222222222223,2.1122005
1.6376811594202898,1.8272395
1.6942277691107643,1.8370906
1.2085889570552146,1.7154893
2.1119221411192215,1.9178759
1.5346020761245676,1.959641
1.088235294117647,1.9720532
1.8333333333333333,1.955361
1.0909090909090908,1.5203732
2.3,2.1297002
1.7667844522968197,1.9465265
1.3432835820895523,1.7246603
2.1666666666666665,2.9756799
1.265625,1.7161847
1.509433962264151,2.0514307
1.782258064516129,1.9684172
1.3636363636363635,1.6674724
1.8488714425907753,1.9490618
2.4571428571428573,2.2014053
1.6153846153846154,2.2582328
1.728395061728395,2.2137702
2.8,2.665243
1.9988344988344988,1.9466335
1.7472527472527473,2.0471528
2.9411764705882355,2.1500525
1.6982456140350877,1.9291273
6.545454545454546,2.9326043
1.5434782608695652,2.288717
1.9545454545454546,1.8770074
1.8634146341463416,1.9694413
1.9545454545454546,2.3588867
1.8606965174129353,1.953573
1.613733905579399,1.8468766
1.5,1.8790199
2.0225941422594143,1.9228497
1.5121951219512195,2.2058022
2.1183970856102006,1.9792063
2.55,2.3775678
2.316708229426434,1.8684348
1.894736842105263,2.129172
2.074626865671642,1.8963692
2.3625730994152048,1.9561751
2.614264919941776,2.0383644
1.7777777777777777,2.116631
1.736842105263158,2.1816535
1.5862068965517242,2.8647268
1.8911860718171927,1.9907393
1.2380952380952381,2.9422991
1.4166666666666667,2.9037554
2.1985383678440926,2.0885699
1.6818181818181819,2.164774
2.2564102564102564,2.2645226
2.3255813953488373,2.1494784
1.7525773195876289,1.941681
1.7170111287758347,1.8557127
1.3333333333333333,1.7706449
1.4736842105263157,2.018543
1.631578947368421,2.394777
2.0,2.5686855
1.8830188679245283,1.9920071
2.466666666666667,2.327511
1.0857142857142856,1.787448
2.658536585365854,2.0065932
2.1627906976744184,1.908123
1.5405405405405406,1.9685581
1.4864864864864864,1.9720337
2.5,2.1898482
1.9010752688172043,1.8368137
1.4,2.0861804
1.8610603290676417,1.9203756
1.119047619047619,1.1764376
2.1627906976744184,2.66023
2.111111111111111,2.3310108
1.2,1.9738449
1.7906976744186047,2.0753865
2.453125,1.9795142
1.392757660167131,1.7551285
1.1643835616438356,1.9598893
1.665903890160183,1.8447478
0.2708333333333333,1.9340205
1.8801652892561984,1.9437708
1.8434782608695652,1.9253951
1.9058823529411764,2.0283003
1.8066465256797584,1.8951249
2.3333333333333335,2.2741253
1.8333333333333333,2.486813
2.6,2.303391
1.6802721088435375,1.9022899
1.5223529411764707,2.0028358
2.136986301369863,2.1945505
1.9027777777777777,1.9791764
1.1379310344827587,1.3925775
1.8615384615384616,1.8892148
1.4324324324324325,2.0995283
2.4285714285714284,2.204427
2.082802547770701,1.9860936
1.8432355046528275,1.9061813
1.8084795321637428,1.9357259
1.4074074074074074,2.3210351
1.7384615384615385,2.5755959
1.8571428571428572,2.202512
1.5815217391304348,1.9853426
1.9298245614035088,1.8248444
0.9183673469387755,1.5309066
1.36,1.7380824
4.285140562248996,1.9541869
1.85233798195242,2.0580466
1.975609756097561,1.4640629
1.78,1.8954294
1.2941176470588236,2.0125043
2.942857142857143,2.1814902
2.2444444444444445,1.9451789
3.25,1.9746552
1.466467958271237,1.9805677
3.2058823529411766,1.5931666
2.0655737704918034,1.8885721
1.7333333333333334,2.502363
2.6666666666666665,2.46021
2.0,2.0484715
1.4423592493297588,1.916235
1.5849056603773586,1.9225713
7.842105263157895,2.1020858
1.9,1.8926167
2.388888888888889,1.9071746
2.191011235955056,2.1385453
1.2857142857142858,1.8310032
1.58343949044586,1.795998
1.6049382716049383,2.2653193
3.372670807453416,2.0103076
1.6863468634686347,1.9159604
2.1979166666666665,2.0055542
2.049382716049383,1.8079871
1.8763297872340425,1.9764396
1.7777777777777777,2.2994545
1.7142857142857142,2.4718387
1.411764705882353,1.4663794
2.007181328545781,1.8490318
2.1,2.014331
1.7741273100616017,1.9778186
1.5157894736842106,1.9211234
1.5,1.6640594
2.417989417989418,2.3650503
1.9801849405548217,1.9797719
1.3255813953488371,1.8670315
2.0149051490514904,1.8460854
2.676056338028169,2.179887
1.8352941176470587,2.3440452
2.34375,1.9545261
1.3333333333333333,1.7138541
1.625,2.1673882
2.0,2.026545
1.5555555555555556,1.9491572
2.4186046511627906,1.8971258
2.4444444444444446,2.238969
1.708235294117647,2.0166092
1.457142857142857,1.9720924
4.105263157894737,2.619734
1.6666666666666667,0.9904042
3.0580645161290323,1.9610043
1.702127659574468,1.961786
1.3389830508474576,1.8366153
1.4666666666666666,2.2609217
2.5384615384615383,1.9182802
2.9361702127659575,2.214284
0.5882352941176471,2.509789
1.881188118811881,2.0088246
1.5217391304347827,1.9412442
2.235294117647059,2.791755
1.588235294117647,2.1061707
1.736842105263158,2.0202973
2.4464285714285716,1.995623
2.2777777777777777,2.213829
1.7916666666666667,2.608807
1.5714285714285714,2.2139375
3.7990654205607477,1.981308
1.5081967213114753,1.6008632
2.1941747572815533,3.0772312
2.4642857142857144,1.6803206
1.4,2.2829695
2.3181818181818183,1.9655801
2.2962962962962963,1.5930867
1.2954545454545454,1.3484921
2.223264540337711,1.9440321
2.0,1.4881463
1.6963824289405685,1.8646702
1.3894736842105264,1.9072255
1.2272727272727273,1.2914575
1.529100529100529,1.9472677
1.0869565217391304,1.4754037
4.142857142857143,2.487917
2.5495495495495497,2.10205
1.6111111111111112,1.9555081
1.9854721549636805,1.9498624
2.731707317073171,2.3221633
1.2474226804123711,1.4181255
1.9820466786355475,1.8597522
2.0158227848101267,1.8972471
1.9444444444444444,2.851388
2.9,2.7997143
1.8636363636363635,1.8626446
1.7,2.3444386
1.4444444444444444,1.6465735
1.4545454545454546,1.7160556
1.5454545454545454,2.3068345
2.1739130434782608,2.5310473
1.8,2.1098053
1.4,2.151892
1.8703703703703705,1.7832719
1.915954415954416,1.9285481
2.857142857142857,2.4876275
2.1643394199785178,2.0036416
2.727272727272727,2.689992
1.3636363636363635,1.4864792
2.0,2.2511578
1.4093023255813955,1.9079078
1.7118644067796611,2.4052746
1.688622754491018,1.9270025
2.5555555555555554,2.7965121
2.0216110019646365,1.9256532
1.5294117647058822,2.0376139
1.7222222222222223,2.140708
2.079234972677596,1.9102501
2.8,2.0743554
1.5609756097560976,1.8186448
2.3076923076923075,2.1468582
3.9444444444444446,2.306151
2.4571428571428573,2.1268063
4.117647058823529,3.0539443
2.8244111349036403,1.9957508
2.689655172413793,1.9959142
1.4181818181818182,1.9339533
2.215686274509804,1.7398562
1.5890410958904109,1.9762652
2.19672131147541,2.0029323
1.5695364238410596,1.9265494
1.173913043478261,1.853832
2.0357142857142856,1.8680229
1.9128440366972477,1.8720515
1.9375,1.8236812
1.3076923076923077,2.0297825
1.5,1.9834001
2.1714285714285713,1.9935197
2.018181818181818,1.9951241
1.6879673691366417,1.8078864
3.3905325443786984,1.9936311
2.3333333333333335,2.2476091
1.4583333333333333,1.9956251
2.2777777777777777,3.3718739
3.3125,2.5129569
1.7130434782608697,2.2513106
2.888888888888889,2.0642693
1.4461538461538461,1.9628823
3.9420289855072466,2.0471253
1.8194748358862145,1.9102414
1.77,2.1858892
1.811623246492986,1.9782715
2.2203389830508473,2.098548
1.8575539568345323,1.9121265
2.350923482849604,1.9540998
0.9,2.0412872
2.9285714285714284,2.447032
2.130434782608696,1.7031963
2.5642023346303504,1.9718671
1.9310344827586208,1.6183935
1.92,2.3827834
1.6206896551724137,1.6478798
1.6229508196721312,2.1688874
1.6363636363636365,1.8957797
1.6470588235294117,2.155377
1.7086614173228347,1.9475982
1.75,2.3095686
1.2,2.2917528
2.3694267515923566,1.919556
1.5883838383838385,1.8720515
3.52,2.3328102
1.898354307841239,1.952295
1.3636363636363635,2.2475047
1.5,1.4529353
1.574468085106383,1.9556549
1.7777777777777777,1.7016494
2.5,2.1270278
3.193548387096774,2.6458783
1.9090909090909092,2.1032917
1.9640787949015064,1.854547
1.4736842105263157,1.7623069
1.4586466165413534,1.9169493
1.5483870967741935,1.9562391
1.5217391304347827,1.6287255
1.9639639639639639,1.9759388
2.4166666666666665,2.5991478
1.8305489260143197,1.9467306
1.5483870967741935,2.2211642
2.318840579710145,2.5372581
3.8333333333333335,2.7106593
3.0123456790123457,2.197632
2.4075829383886256,1.9278904
3.764705882352941,2.8287263
2.0526315789473686,2.2486048
2.8688524590163933,3.0286858
2.8714285714285714,2.0012138
1.2692307692307692,1.5556364
2.001138952164009,1.9019626
0.9,2.3089519
2.0100755667506296,2.0118628
1.4985207100591715,1.878282
1.8002773925104023,1.8339506
1.4210526315789473,2.6067138
2.0,1.9144703
1.7852760736196318,1.8457087
2.2336448598130842,2.0294223
2.2777777777777777,1.9042122
1.9259259259259258,1.9852082
1.7,2.0654862
3.5714285714285716,2.0447443
1.7414403778040142,1.897615
2.0495049504950495,1.9931407
1.7771739130434783,2.0040007
1.6666666666666667,2.1086712
2.375,2.0086684
1.180327868852459,1.5935777
2.15,2.0442061
2.2285714285714286,2.4529388
2.03125,2.0857072
1.8381502890173411,1.9730209
1.8709677419354838,2.0124714
1.9718804920913884,1.9536738
1.4,1.5346699
2.2142857142857144,2.9991207
1.2337662337662338,1.7567208
1.5308641975308641,1.6039617
3.2051282051282053,2.3989892
1.44,1.9742686
1.8125,1.5288328
1.5625,1.7615485
2.689655172413793,2.173265
2.5591397849462365,2.0033891
1.8235294117647058,2.0695765
2.0601503759398496,1.9172144
1.5392670157068062,1.8803321
3.185185185185185,1.9497269
1.7746967071057191,1.9528497
3.75,2.7851257
1.6095890410958904,1.8805412
1.680129240710824,1.939755
1.9309462915601023,1.8457481
1.459016393442623,1.790844
1.6115107913669064,1.8475087
2.4545454545454546,2.912069
1.6376146788990826,1.8740487
1.5875486381322956,1.9550488
1.539714867617108,1.8468766
2.236842105263158,2.1421306
4.478260869565218,2.581594
1.9882253994953742,1.8121306
2.6875,2.2233655
1.7677725118483412,1.8825501
2.200542005420054,1.9595362
2.6666666666666665,2.2330418
2.235294117647059,2.2056408
1.6428571428571428,2.2473764
0.7222222222222222,1.1430105
1.4754098360655739,1.6748499
1.3829787234042554,2.15732
1.7692307692307692,2.513881
4.181818181818182,2.9065738
1.9591836734693877,1.9691731
1.5535714285714286,1.5468967
3.63265306122449,2.223514
2.094915254237288,1.9207749
1.6206896551724137,1.665409
2.088050314465409,1.9102169
2.744186046511628,1.9130634
2.9473684210526314,2.1292472
1.7521367521367521,1.9030191
1.735483870967742,1.7735063
3.6363636363636362,2.3457644
1.1923076923076923,1.4965813
3.3043478260869565,1.9306655
2.2410714285714284,1.964415
2.3448275862068964,2.3580441
1.225,2.1664722
0.6666666666666666,1.7483766
1.75,1.8828282
2.5,2.1280963
1.8478260869565217,2.4889069
1.6571428571428573,1.6823884
2.1392111368909514,2.0268898
1.2380952380952381,1.6861843
1.5309734513274336,2.023482
2.7704918032786887,1.9718649
2.0862745098039217,1.8986973
1.750568612585292,1.7873131
1.4230769230769231,1.9815074
1.9156976744186047,1.9289869
1.5512820512820513,2.144969
2.6666666666666665,2.2037451
1.627906976744186,2.2100756
1.0,1.9021183
1.8068283917340522,1.8995564
4.264705882352941,2.1359508
2.08955223880597,2.2600665
1.5625,2.1256933
1.9817596566523605,1.898912
1.4782608695652173,1.98594
2.3106796116504853,2.049866
1.8015184381778742,1.8883867
1.382716049382716,1.8728684
3.4444444444444446,2.0849345
1.9393939393939394,2.5088847
2.2184873949579833,2.1233299
1.721311475409836,2.1286068
2.055327868852459,1.9295795
2.4814814814814814,2.398362
4.0588235294117645,1.9740409
2.1025641025641026,2.2350063
1.7258566978193146,1.875105
9.933333333333334,2.4193652
3.2941176470588234,1.9990425
2.5298563869992443,2.1007006
1.9846743295019158,1.9117947
1.0890410958904109,1.730342
2.8947368421052633,2.9174547
1.911764705882353,2.1862817
1.75,1.7973326
1.7870967741935484,1.9292725
2.646551724137931,2.0013082
2.3,2.0001402
2.473684210526316,2.6121955
2.2954545454545454,1.9861095
2.32,2.466894
2.6923076923076925,2.3302023
1.6904761904761905,2.059195
1.6584362139917694,1.9012285
2.2217795484727754,2.0844774
1.24822695035461,1.9135476
2.0714285714285716,1.8867618
1.7142857142857142,2.3643475
2.0,2.2063704
2.018348623853211,2.0379722
3.4583333333333335,2.2495399
3.433734939759036,2.721704
2.347826086956522,2.4378276
2.05710102489019,1.9373018
2.5434198746642793,2.0937896
2.6923076923076925,1.9929482
1.6666666666666667,2.0439358
2.43030303030303,1.9810443
2.0342205323193916,1.9835442
2.2238805970149254,2.1473467
1.8125,2.1450715
1.9337748344370862,1.8959945
1.859304084720121,1.9548997
2.2962962962962963,1.8069748
3.037037037037037,2.4542897
2.205,1.9578282
2.0763473053892216,1.8890125
2.380952380952381,2.3156784
0.9,1.9211642
2.739130434782609,2.4490585
7.958333333333333,1.7864748
1.1904761904761905,2.0858386
2.0806451612903225,2.1659112
1.35,2.238611
0.7526881720430108,1.7258729
1.911764705882353,2.3052177
2.0042553191489363,1.9253745
1.8698961937716263,1.818445
1.7692307692307692,2.362206
2.0,2.0577712
2.139784946236559,1.8804557
1.5333333333333334,1.51213
2.5863453815261046,2.0088224
1.831140350877193,1.8662491
2.4,3.2325933
1.7908196721311476,1.8383244
1.9,2.7525933
1.7115384615384615,2.2490997
2.6363636363636362,2.4726727
1.7930565010211028,1.804602
3.085714285714286,2.4786837
1.7666666666666666,2.3059943
1.9514285714285715,1.9466623
1.6952191235059761,1.9818574
2.0,1.7859064
1.8444444444444446,2.137355
1.2058823529411764,1.8917524
1.5454545454545454,1.9338877
1.5888888888888888,2.0424294
1.3214285714285714,1.8245202
1.9846153846153847,2.1594276
2.08659793814433,1.9503909
1.4206896551724137,1.8450421
2.0833333333333335,2.77696
1.1923076923076923,1.4993709
2.25,1.9783128
1.4285714285714286,2.0219073
1.7586206896551724,1.7904965
3.4353312302839116,1.9485048
2.0,2.4479873
1.8484848484848484,2.2479992
2.0245989304812833,1.898912
1.1818181818181819,2.8333466
1.9,2.0269165
1.5522388059701493,1.9965128
2.0847457627118646,2.0960188
2.8,2.3183792
2.3043478260869565,1.9962981
1.8611111111111112,2.1865196
2.1176470588235294,2.085423
1.4285714285714286,1.9384147
1.5384615384615385,2.1474688
1.6652173913043478,1.8046755
1.9166666666666667,2.0375319
1.4322033898305084,1.9679183
1.6851851851851851,2.1113482
1.7333333333333334,2.340862
1.7606060606060605,1.9038205
1.125,2.0012233
1.411764705882353,1.8816526
2.0273972602739727,2.0614972
9.692307692307692,2.713891
1.7386363636363635,1.8778398
2.272727272727273,2.7631133
1.3043478260869565,1.2965512
1.975609756097561,1.9036765
1.4950980392156863,1.8848549
2.4516129032258065,2.1170442
1.8214285714285714,1.6983961
3.0526315789473686,2.0341911
2.016786570743405,1.9829402
7.875,2.2798142
2.8333333333333335,2.2234523
1.6,1.663151
2.135135135135135,2.4450774
1.5561797752808988,1.781456
2.74468085106383,2.0498343
2.1923076923076925,2.3105788
1.5833333333333333,1.7451254
2.0903686087990487,1.8321036
1.992835209825998,2.0402977
2.6,2.4255102
1.853046594982079,1.9537878
1.5754716981132075,1.9034688
3.923076923076923,2.6641965
1.6468716861081654,1.8389736
3.7777777777777777,2.7861128
3.375,1.5342771
1.25,1.4334441
2.9245283018867925,2.1323545
0.775,1.9244219
1.4242424242424243,1.8895172
1.821917808219178,1.8692031
1.7037037037037037,2.5994933
1.832412523020258,1.9669796
1.58203125,1.9678643
1.948586118251928,2.0145724
1.4852941176470589,1.9688538
1.8,2.0653234
2.126463700234192,1.8585924
2.057142857142857,1.8723016
2.1724137931034484,2.0173686
1.7514450867052023,1.9894196
1.844475721323012,1.812797
1.9820224719101123,1.9640504
1.446808510638298,2.0536494
0.8888888888888888,1.7966001
0.8,1.6885576
5.636363636363637,2.2617917
1.9489795918367347,1.9105754
2.375,2.428258
1.7267441860465116,1.8878908
3.272727272727273,2.806458
2.9375,2.7940166
1.839816933638444,2.0175533
1.9248120300751879,1.8140348
1.57,1.9535444
2.352517985611511,1.9642494
0.9791666666666666,1.9496799
1.9216255442670538,1.9515178
2.3125,2.00282
1.625,2.669602
2.4329896907216493,2.1378355
1.653061224489796,1.9116888
2.0476190476190474,2.2802248
1.1428571428571428,1.8460581
2.6363636363636362,3.0583782
2.206896551724138,2.0583925
3.125,2.1498954
1.8333333333333333,2.2272243
2.191616766467066,2.0259688
1.0,1.541706
1.25,1.7999415
2.5993265993265995,1.9724599
2.901098901098901,1.701928
2.061224489795918,1.929543
2.0816326530612246,2.0728948
3.588235294117647,2.2819786
1.8571428571428572,2.6050458
4.4,2.1430526
4.022388059701493,1.9538658
2.1365853658536587,1.8902572
2.6666666666666665,2.1157053
1.8410596026490067,2.0014427
2.0,2.0465496
1.9082774049217002,1.9814041
1.9772727272727273,2.0854948
2.427230046948357,2.0250075
1.0333333333333334,1.1952691
1.7253886010362693,1.9126472
2.8,2.2251363
1.5833333333333333,2.5644186
2.48,1.8709524
2.270642201834862,2.0258887
2.2236421725239617,1.9566405
2.0,1.9859195
1.3611111111111112,0.9453894
1.9283252929014474,1.8147589
1.8575197889182058,1.9702603
2.0033783783783785,1.8828171
2.2958579881656807,1.9136637
2.2,2.584208
3.3333333333333335,2.9342618
2.0804597701149423,2.0304782
2.2857142857142856,2.387794
1.2307692307692308,1.1028644
1.967741935483871,2.0345845
1.8125,2.337922
1.7172503242542152,1.9327855
2.0497737556561084,1.8893222
2.1379310344827585,2.016097
2.1570552147239264,1.991077
2.142857142857143,2.2530072
1.7873563218390804,1.8995218
2.432098765432099,1.9113692
1.6296296296296295,2.8139143
1.651639344262295,1.8431458
1.9497206703910615,1.8820765
1.7777777777777777,1.9859612
3.0526315789473686,2.385453
1.1555555555555554,2.0165842
1.5925925925925926,2.2522328
1.2307692307692308,1.9534602
1.6764705882352942,2.157438
2.0969044414535665,1.9490982
2.357142857142857,2.093854
1.5974025974025974,1.9263222
1.7857142857142858,1.8975213
1.6428571428571428,2.442025
1.2173913043478262,1.8573912
1.5780346820809248,1.8181771
1.85,2.104356
2.1201716738197427,1.8893222
2.1527777777777777,1.9452575
2.1192660550458715,2.0890462
2.16,2.032869
1.8203125,1.9285243
2.0571870170015454,2.029101
1.4277777777777778,1.8463881
2.4592074592074593,1.9743693
2.1666666666666665,2.0397153
5.2592592592592595,2.7777197
1.8,2.9422207
1.46875,1.1930193
2.6847826086956523,1.9826223
1.3636363636363635,1.7224103
3.782608695652174,2.1751916
1.9246753246753248,1.9678768
1.8,1.8140534
2.2586206896551726,1.9635091
1.6923076923076923,2.513881
1.7446808510638299,2.2651024
1.3888888888888888,1.1914698
1.4285714285714286,1.8974036
1.7566539923954372,1.977671
1.9212253829321664,2.0287068
2.2285714285714286,2.1901033
1.2,1.8070161
2.670428893905192,2.0048842
1.452054794520548,1.9493757
2.3684210526315788,2.0372946
2.255813953488372,1.9534068
2.2576687116564416,1.9152284
2.623931623931624,2.0273
1.7132049518569463,1.8627512
1.951219512195122,2.4542031
1.3,2.1064
1.4150943396226414,1.8732011
3.5555555555555554,2.6226044
1.6708860759493671,1.9109027
1.032258064516129,2.2875443
1.0,1.4910676
1.4806629834254144,1.8677216
1.7702702702702702,2.42177
1.9409368635437882,1.9357085
1.2941176470588236,1.9760592
1.5810055865921788,1.8867241
1.3333333333333333,1.6422242
2.0956439393939394,2.0802658
1.8918918918918919,2.108744
2.0972222222222223,1.7899406
1.4579439252336448,1.9940268
1.4977578475336324,1.9673747
1.1025641025641026,1.9359752
2.6,2.3829331
3.2131147540983607,1.9980263
2.2857142857142856,2.7266982
2.016949152542373,2.3259015
1.5502742230347348,1.9718739
1.5227272727272727,1.9282882
2.1320754716981134,1.7390146
3.8,2.7045536
2.9723502304147464,1.9953616
2.7333333333333334,2.0746968
0.9772727272727273,1.7330439
2.0515873015873014,1.9456534
1.8548387096774193,2.1508384
1.0,1.6007187
1.682608695652174,1.9056063
2.4444444444444446,2.0175877
1.6528925619834711,1.9876059
3.25,2.1838734
1.7419354838709677,2.0479069
1.6616541353383458,2.0420527
2.175531914893617,1.9418883
1.565217391304348,2.3159583
2.1653454133635335,2.0011482
2.392156862745098,2.044978
2.124905374716124,2.004841
2.975,1.9849606
1.9375,1.9343537
1.7744107744107744,1.9886794
7.169491525423729,2.444566
2.167487684729064,2.0212402
1.7826086956521738,1.794739
1.3513513513513513,1.84618
2.109090909090909,1.9681841
2.099706744868035,1.8905829
2.0386831275720163,1.92625
1.7449275362318841,1.9479276
1.5520833333333333,1.9071789
1.7869415807560138,1.968936
1.6363636363636365,1.7906803
2.130434782608696,2.5339746
1.6,1.7678547
1.9886831275720165,1.8716129
1.602247191011236,1.9189045
2.18989898989899,2.0602443
2.016831683168317,2.0169318
2.0483870967741935,1.944757
1.7272727272727273,1.6864808
1.7720739219712525,1.9321461
2.1523809523809523,2.0662315
2.036072144288577,1.8154165
2.888888888888889,2.7558827
3.1153846153846154,1.9705372
1.6757575757575758,1.9052279
3.0526315789473686,2.679557
1.7774140752864158,1.9626641
1.5909090909090908,2.615461
1.62,2.0351465
2.619047619047619,2.824267
1.7723480333730632,1.995745
1.875,1.8993409
3.076923076923077,2.6291556
1.7647058823529411,2.2380037
7.290322580645161,3.0896673
1.9466666666666668,1.9141598
1.7472527472527473,1.8919038
1.9618320610687023,1.934586
1.6820809248554913,1.9264879
1.9393939393939394,1.9045042
1.8785471055618614,1.9064547
2.4169611307420493,1.9561808
3.6666666666666665,2.545174
1.9487179487179487,1.9172964
5.0588235294117645,2.452686
1.0666666666666667,1.239353
2.088,1.9048477
1.7310344827586206,1.9081167
1.027027027027027,1.9518682
1.3986928104575163,1.9502009
1.7190923317683882,1.929605
2.018181818181818,2.0195713
1.596774193548387,2.098025
2.091286307053942,1.9372385
1.7857142857142858,2.0497327
2.1810344827586206,2.8230243
1.9183673469387754,2.0005887
2.0,1.6119491
2.5714285714285716,2.6562963
2.25,2.5589666
2.076923076923077,1.9433646
2.544642857142857,2.7395058
2.0,1.9270124
1.7565359477124183,1.80764
1.7238219895287958,1.9571344
2.2222222222222223,1.9935807
1.823982398239824,1.8603324
1.5108695652173914,2.1621826
1.5833333333333333,1.9396578
2.3809034907597537,2.1127224
1.9787581699346406,1.9435372
1.8832116788321167,1.9258142
1.1827956989247312,1.7595986
1.6229946524064172,1.9765183
1.78125,2.174568
1.5333333333333334,2.5367055
1.490909090909091,1.8482728
1.7997010463378176,1.8617167
5.923076923076923,2.6933439
2.2,2.3725357
2.036363636363636,2.0065548
2.467741935483871,2.1457167
2.923076923076923,2.39446
1.95,2.3742895
2.0381165919282513,1.9303824
2.2264150943396226,2.226839
1.8695652173913044,2.236862
1.5769230769230769,2.0303786
1.3287671232876712,1.8084306
1.5681159420289854,1.8246186
1.4390243902439024,1.6673836
1.826086956521739,2.2188182
5.0,2.5813406
4.230769230769231,1.713895
1.5555555555555556,1.7043387
1.3793103448275863,1.9834439
1.4615384615384615,2.3344524
1.8783068783068784,1.9285823
1.682648401826484,1.8382564
1.7883333333333333,1.8821393
2.4505229283990344,1.9520385
1.8114209827357237,2.0059178
1.9215686274509804,1.9915255
3.234042553191489,2.182297
1.696078431372549,1.8913381
1.6181818181818182,2.230279
1.4244604316546763,1.9421483
1.5133689839572193,1.8699116
1.6518636003172085,1.7925755
1.0909090909090908,1.8620877
4.583493282149712,2.0044842
2.4516129032258065,2.7094553
3.838235294117647,2.1804154
1.4042553191489362,1.8828822
1.631578947368421,2.116891
2.772727272727273,3.0499547
1.7679372197309418,1.9214438
2.216666666666667,1.8605635
1.7378854625550662,2.0402977
1.3333333333333333,2.1162243
1.5538461538461539,1.6560634
2.3636363636363638,2.1555767
2.5789473684210527,2.080832
1.8454027664768105,1.8199943
1.404320987654321,1.8589772
1.7560975609756098,2.05475
1.9371069182389937,1.8835946
2.1,1.8862501
1.7817836812144212,2.0266078
2.162921348314607,1.9185214
2.4126984126984126,1.9199429
3.163265306122449,1.9835584
1.6533333333333333,1.9431406
1.6333333333333333,2.041403
1.125,1.3684598
2.208695652173913,1.9673965
1.8721934369602764,1.939755
2.5833333333333335,2.3798316
1.6319910514541387,1.8135926
1.36,1.9753336
1.4166666666666667,1.2737081
2.75,2.6740055
1.2894736842105263,1.5827892
2.0,2.1034245
2.5054945054945055,2.5763428
1.9080882352941178,1.9722037
1.2916666666666667,2.1451514
2.4444444444444446,2.5871768
1.5476923076923077,1.9469174
2.6166666666666667,2.405675
2.198717948717949,1.9107822
1.7333333333333334,1.7798991
1.917728852838934,1.9075315
1.2,1.750962
1.8703241895261846,2.0028358
1.902027027027027,1.9871604
1.9086188992731048,1.9026967
3.080763582966226,1.9844722
1.36,1.5174074
3.611111111111111,1.9867765
2.3333333333333335,2.757031
2.1,2.4723513
1.9059500959692899,1.9380894
2.7183098591549295,2.2707925
1.7142857142857142,2.0563653
1.5833333333333333,2.1054409
1.9748743718592965,1.8734304
2.0588235294117645,2.3206491
1.4189944134078212,1.6986638
2.8333333333333335,2.845142
2.5625,1.9758426
3.25,2.325318
3.4158415841584158,2.1951334
2.27363184079602,2.051546
1.57919621749409,2.0235543
1.375,1.6380309
1.698876404494382,1.9023052
2.2745098039215685,1.5233439
2.0,2.2462883
1.85,2.0149393
3.272727272727273,2.9505231
1.125,2.3321984
1.9202898550724639,1.9323077
1.5909090909090908,1.9003929
2.072289156626506,2.5781415
2.923076923076923,1.7294106
1.7563636363636363,1.9052827
2.25,1.9167155
1.5263157894736843,1.8970068
1.378787878787879,2.15165
2.2941176470588234,2.086171
1.588235294117647,1.9091228
1.837837837837838,1.6554669
2.2045454545454546,1.970089
2.0952380952380953,2.5942736
2.1842105263157894,1.982108
2.1818181818181817,2.131332
1.8639705882352942,1.8910805
4.222222222222222,2.4115472
1.5289855072463767,1.8575537
2.508,1.9651047
2.537037037037037,2.2623937
1.8421052631578947,2.3667681
2.340909090909091,1.9767632
1.0909090909090908,1.8284388
2.003516998827667,2.0070305
2.1052060737527114,1.9198227
1.6170212765957446,1.9257959
1.6111111111111112,2.0515301
1.4722222222222223,1.4852245
3.441860465116279,2.0162952
2.6176470588235294,2.7066169
1.6128133704735377,1.8736138
4.294117647058823,3.3915687
3.8620689655172415,2.098548
1.8416666666666666,1.9728721
2.223744292237443,1.9321717
2.024390243902439,2.0155325
2.019607843137255,2.4266188
1.664516129032258,1.9177871
1.2857142857142858,1.5353788
1.5789473684210527,1.7857077
1.8220338983050848,2.0279837
1.5277777777777777,2.046229
1.9423076923076923,1.781404
1.7708333333333333,2.1141222
5.009661835748792,2.022311
1.619047619047619,1.9197038
2.0497237569060776,2.0137262
2.789473684210526,2.7938676
2.5714285714285716,2.194349
2.3,2.1005044
1.825,1.9631871
1.9333333333333333,1.7690413
1.7726315789473683,2.0089738
2.5,3.0842047
1.326086956521739,2.0345151
2.375,2.0473683
1.5384615384615385,1.7514485
2.2033898305084745,1.9727141
2.786324786324786,2.0165513
2.7777777777777777,2.7195077
1.3442622950819672,1.769797
1.7540029112081514,1.9934704
5.304347826086956,2.3780951
1.7142857142857142,3.0318482
1.4,2.1974936
3.6,1.5575757
2.2181818181818183,2.4478168
1.5222551928783383,1.8661755
2.2916666666666665,1.8815688
1.2142857142857142,2.4790342
1.598639455782313,1.819924
1.8520653218059557,1.9490618
2.5454545454545454,2.0681546
1.7,1.5307505
2.2121684867394698,1.9566405
1.3277310924369747,1.8364791
1.7096774193548387,2.1678548
1.6956521739130435,1.5470335
2.421161825726141,1.9451572
2.4242424242424243,2.4259148
1.8333333333333333,1.9710418
1.9166666666666667,2.2255857
0.9444444444444444,1.3735144
1.565217391304348,1.8168304
1.8126984126984127,1.8892754
1.9555555555555555,2.0662
1.3529411764705883,2.1655626
3.111111111111111,1.5838814
2.3125,2.7115111
1.3478260869565217,2.6425793
1.5079872204472844,1.9489682
1.5319148936170213,1.71851
1.8934010152284264,1.9478464
8.419354838709678,2.823566
2.5046904315196996,1.9637384
2.712328767123288,2.6591961
1.896,1.9705428
2.100817438692098,1.9869119
2.101287553648069,1.9817919
1.619047619047619,2.0618005
3.625,2.1427598
1.6595744680851063,1.8874822
1.7843537414965986,1.7959697
2.77,1.7307415
1.5754189944134078,1.9011903
1.9327817993795242,1.9144204
2.6615384615384614,2.0798724
1.8695652173913044,1.5962104
3.0392156862745097,2.0269458
1.7375132837407015,1.9091296
1.6,2.0116131
2.0337837837837838,1.9032949
1.5,2.6344569
1.5225988700564972,1.9824983
2.8181818181818183,2.4308515
2.109725685785536,1.9009689
1.6826411075612353,1.8582155
1.8,2.1066117
1.6666666666666667,2.7470348
1.738888888888889,1.843349
1.7234042553191489,1.9190319
2.5,3.0018778
3.625,2.3377607
2.235294117647059,2.1829078
1.6935483870967742,2.4478164
1.4285714285714286,1.8710254
2.876,1.9999406
0.4444444444444444,0.94715405
1.4583333333333333,1.8540161
1.2380952380952381,1.6925229
2.4324324324324325,1.9434059
2.4,2.8547866
1.7142857142857142,2.6207364
3.1923076923076925,2.4609435
2.0460526315789473,2.0287993
1.3807531380753137,1.8631067
1.5714285714285714,1.6957383
1.4661016949152543,2.04844
2.0808510638297872,1.9348605
1.625,1.746556
2.402826855123675,1.9954293
2.076923076923077,2.5251954
2.085480093676815,1.8949221
1.8333333333333333,2.0008216
1.8866666666666667,1.9935552
1.597938144329897,1.8680596
3.652173913043478,2.1277366
1.4634146341463414,1.8667313
1.8755020080321285,1.967015
2.1538461538461537,2.0390644
1.7017543859649122,1.8980781
1.6,2.1973405
1.5157894736842106,1.9351046
2.0,2.1253412
1.9878048780487805,2.116036
1.709090909090909,1.6271881
1.5263157894736843,2.0361187
1.5909090909090908,1.7145886
1.9949622166246852,1.9516625
1.853658536585366,2.0334027
0.9615384615384616,1.4143807
2.7457627118644066,2.089956
1.5714285714285714,1.581271
1.9883093525179856,1.928528
3.0136986301369864,2.1038775
1.4285714285714286,1.9992929
1.9375,2.1846333
2.3448275862068964,1.7326958
1.8313253012048192,2.3038926
1.4545454545454546,1.9044065
2.4375,2.4739287
2.4108527131782944,1.9108442
2.590909090909091,2.2241297
1.6129032258064515,2.1455073
2.176470588235294,3.1303413
4.8125,3.250211
1.7142857142857142,2.2862759
2.8990825688073394,2.03275
1.5625,2.185358
4.111111111111111,2.2370014
1.2,2.2605035
2.0253164556962027,2.014026
1.627906976744186,1.8277757
1.9928571428571429,1.993942
1.028397565922921,1.8799822
1.5294117647058822,2.1516554
2.8461538461538463,2.5695856
2.1052631578947367,2.1391392
1.4090909090909092,1.841402
2.1272727272727274,2.2765315
1.5909090909090908,1.9506401
1.1818181818181819,2.4675848
1.76,2.336037
1.7155824508320727,1.8434597
2.3214285714285716,1.9768108
1.688118811881188,1.8568786
3.838709677419355,2.2448847
1.0625,1.9052223
2.125,2.155062
1.693798449612403,1.9280226
2.7777777777777777,2.1037092
1.9820022497187852,1.9388871
2.014044943820225,1.9881154
4.375,2.6126604
2.111111111111111,2.720579
2.338740458015267,2.0504885
2.7282608695652173,1.9445305
3.282051282051282,2.1087143
1.9881889763779528,1.9313216
2.325,2.1750436
1.7894736842105263,1.8114451
2.2806122448979593,1.9136295
1.9116222760290558,1.9565426
1.8015521064301552,2.0435534
1.3793103448275863,1.8480134
4.0,2.0873368
3.25,2.3222272
2.2941176470588234,2.5240445
1.25,1.9584134
1.9935622317596566,1.932905
1.804739336492891,1.8742982
1.8285714285714285,2.051782
1.5271317829457365,1.9118594
1.4285714285714286,1.9101642
1.9067357512953367,1.9641284
2.5,2.210929
1.731066460587326,1.9440321
1.3333333333333333,1.5162
1.7706611570247934,1.9397477
1.8636363636363635,1.9093158
2.032758620689655,1.9257253
2.9285714285714284,1.7805266
1.8461538461538463,2.377589
2.5636363636363635,1.8741803
2.0814814814814815,1.9352545
2.025,2.1990345
1.7962962962962963,2.279775
1.8444714459295262,2.1163497
1.7969543147208122,1.8078289
1.32,2.4271133
1.8767395626242545,1.867981
3.0454545454545454,1.8236707
2.5074626865671643,2.477462
1.3526011560693643,1.8909093
2.16,2.9732487
2.104761904761905,1.7478757
2.0434782608695654,2.6900294
4.25,2.4848206
3.12,2.3013017
1.7534833869239015,1.8245437
2.727272727272727,2.722177
2.566666666666667,2.105262
1.4761904761904763,2.0180297
1.7850877192982457,1.9379988
2.90625,2.380554
2.4339622641509435,2.045586
1.897196261682243,1.9789362
3.0985221674876846,2.0097876
2.1785714285714284,1.9280939
1.6692307692307693,1.8532329
3.860215053763441,2.4363236
2.8275862068965516,2.2353897
1.7485915492957746,1.807834
2.0064724919093853,1.932962
1.8857142857142857,1.9609082
1.6944444444444444,2.1922765
3.026775320139697,2.1141958
2.24,2.8284874
2.926470588235294,2.1890645
1.3,1.8978068
1.9230769230769231,1.6894271
5.578947368421052,2.8921864
1.9573170731707317,1.8800684
1.5671641791044777,2.0198176
2.0839694656488548,2.0081077
1.7990654205607477,1.9129245
2.2,2.5242555
1.8981481481481481,1.8954929
1.819277108433735,2.5164998
8.19277108433735,3.338628
1.7551020408163265,1.9226667
1.7401960784313726,1.8768579
1.811534500514933,1.8385174
1.75,2.0774062
1.824,1.8953898
1.952258064516129,1.8600463
1.8283712784588442,1.907362
1.7441634241245136,1.9214438
1.5909090909090908,2.5720103
1.769857433808554,1.983758
1.3571428571428572,2.1734564
3.5670103092783507,2.0534465
1.8938775510204082,1.8810766
1.6666666666666667,2.4189575
2.8,2.1749668
2.1908396946564888,1.9273562
1.9733333333333334,1.9552188
1.5776397515527951,1.9380878
1.6618705035971224,1.8982917
2.2857142857142856,2.1383562
1.75,2.1384623
2.1638795986622075,1.930839
3.7346938775510203,2.0754895
1.7586206896551724,1.7689551
1.8793103448275863,2.0747354
1.6481481481481481,1.9338607
2.1333333333333333,2.0879107
1.8098360655737704,1.8966565
1.9541284403669725,1.9720047
2.2295081967213113,1.7546682
1.4827586206896552,1.8537718
1.68944099378882,1.9886515
1.5876777251184835,1.8525592
1.6543909348441925,1.8980837
1.391304347826087,1.5260127
5.545454545454546,2.7050185
1.3928571428571428,1.5234594
1.9316888045540797,1.8356162
1.8461538461538463,1.7815969
2.0,2.2756393
1.691287878787879,1.8446734
1.7735849056603774,1.7938476
7.125,3.558284
2.292682926829268,2.1749568
2.5981308411214954,1.9889388
2.3577981651376145,2.0343041
2.5555555555555554,3.1663337
2.1891025641025643,1.9196444
1.9473684210526316,2.451681
2.7362637362637363,2.0934935
1.5694444444444444,1.8636975
2.2264150943396226,1.8980758
3.3529411764705883,2.8445942
3.5,2.3075337
3.45,2.0460534
1.4783258594917787,1.8026664
1.9655172413793103,2.5119925
1.8873873873873874,1.8948517
1.2727272727272727,1.859686
2.619047619047619,1.7931346
2.7205882352941178,2.191979
3.324324324324324,1.9686712
1.8604651162790697,2.0061367
2.25,1.9513382
1.9,2.839477
1.55,2.036908
1.9447396386822529,1.9311537
2.25,2.133264
2.6666666666666665,2.4874377
1.1886792452830188,1.5952485
3.0,2.0295253
0.8947368421052632,1.8549491
1.0,1.6683781
2.5396825396825395,1.9124136
1.4893617021276595,1.948952
2.0294117647058822,2.3337317
2.88,2.7357004
1.5384615384615385,1.7298437
1.7355021216407356,1.8696016
1.5357142857142858,2.2688513
3.8125,2.9981105
1.565217391304348,1.9085896
2.1474358974358974,2.0043433
2.2334801762114536,1.944009
1.6938775510204083,1.9301128
1.6255924170616114,1.9496409
3.282051282051282,1.6821232
1.4615384615384615,1.9190879
2.5,2.0073755
1.6136363636363635,2.2307005
2.943396226415094,1.7586125
1.5121951219512195,1.7632939
2.413793103448276,2.6546085
1.8461538461538463,1.9016999
2.014760147601476,1.9288294
1.7669172932330828,1.9171224
2.112781954887218,1.9009572
1.7664376840039253,2.0711174
1.5945945945945945,1.7691071
1.7216494845360826,1.9370885
2.2191235059760954,1.9092011
2.2916666666666665,2.7522151
1.236842105263158,1.549803
1.2857142857142858,2.355517
1.1219512195121952,1.9520411
1.6140350877192982,1.8120512
1.831615120274914,1.9517337
2.1235955056179776,1.7318764
1.3703703703703705,1.9921674
1.3846153846153846,1.7066703
2.975609756097561,2.1854992
5.625,2.7369492
1.9310344827586208,2.4853528
4.205882352941177,2.3246856
1.9333333333333333,2.132493
2.125,1.9451216
2.191919191919192,2.1560857
2.1666666666666665,2.7356737
1.0909090909090908,1.4408894
1.7282511210762332,1.872949
3.1264501160092806,1.9621587
1.479087452471483,1.8774003
1.9130434782608696,2.134379
2.1666666666666665,2.345602
1.978082191780822,1.8181705
2.4200680272108843,1.8468766
2.19672131147541,1.925148
1.68,1.7708944
2.0,1.9736437
2.5384615384615383,2.5503082
1.665879574970484,2.000117
1.6622073578595318,1.8312541
1.8151447661469933,1.9480147
1.0,2.5957012
1.411764705882353,1.9489186
5.442857142857143,2.1549494
2.108695652173913,2.1851163
2.959349593495935,2.0993114
2.2857142857142856,2.3925536
1.7962962962962963,2.0073535
1.2333333333333334,2.429463
1.8695652173913044,2.1971676
1.719298245614035,1.9797672
1.0555555555555556,2.1296806
1.6911262798634812,1.8283744
2.288135593220339,1.9780813
1.4642857142857142,1.6175551
2.1791044776119404,1.9820677
1.6444444444444444,2.2768626
2.0,2.2737083
1.6230964467005076,1.8908675
2.25,1.9788677
9.0,2.872352
1.9335548172757475,2.0198953
2.663793103448276,1.9915967
2.6927710843373496,1.9498994
1.819571865443425,1.8660085
1.7510288065843622,1.9420276
2.5714285714285716,1.9398214
1.2,2.6706958
7.041666666666667,2.0571692
1.542857142857143,2.0695782
1.7467532467532467,1.9359801
2.0,1.9912516
1.6204379562043796,1.863004
2.3344594594594597,1.9829812
2.390697674418605,1.8475087
1.5535714285714286,2.218875
1.65,1.50023
2.127450980392157,2.14152
1.4761904761904763,2.4210525
1.8571428571428572,2.0703235
2.2083333333333335,2.1320374
2.058139534883721,1.6949115
2.4302325581395348,1.8774003
1.7142857142857142,1.97623
1.4317673378076063,1.8890893
1.5766423357664234,1.9889936
1.3333333333333333,1.7537
2.607142857142857,2.189226
3.176470588235294,2.5693748
1.6229508196721312,1.9008297
2.332506203473945,2.0767808
1.7058823529411764,2.2819486
0.6238532110091743,1.1316524
1.7272727272727273,1.8617061
2.2580645161290325,1.7254795
2.095890410958904,2.4794075
1.7632183908045977,2.01116
4.626506024096385,2.1506314
2.6339285714285716,2.6495287
1.2857142857142858,2.5286474
2.494191242180518,2.048902
1.255813953488372,1.850119
6.0,1.9515036
3.4545454545454546,2.0545738
2.210526315789474,2.2349756
1.8421052631578947,2.1066713
2.1695156695156697,2.0181172
2.32,1.8466511
3.4782608695652173,2.017829
1.794871794871795,1.4608263
1.6515151515151516,2.0617692
1.7619047619047619,1.5923187
1.95,2.5195446
1.9939024390243902,1.9606372
1.8045977011494252,2.015868
1.6,1.9288366
1.8928571428571428,2.1235178
3.888888888888889,2.45856
2.08016443987667,2.0191464
1.3835616438356164,2.3654962
1.8581081081081081,1.9884937
1.3157894736842106,2.345987
1.8650519031141868,1.9385442
1.1935483870967742,2.6985729
1.4390243902439024,2.2652502
2.011627906976744,1.9463959
1.108695652173913,1.8209045
2.2653061224489797,2.1397996
2.8411214953271027,2.0858235
1.8157894736842106,2.0138502
1.7684319833852544,1.8329941
2.181384248210024,1.9413162
1.0,1.5408282
1.9615384615384615,1.9178951
1.9206798866855523,1.9584457
2.765625,1.8516055
1.8392857142857142,1.7858738
1.853932584269663,2.182294
3.5833333333333335,2.5167356
1.673036093418259,1.9367265
3.316666666666667,2.7912934
1.7746478873239437,2.0297668
1.8729641693811074,1.8749063
1.9414893617021276,1.8449062
3.144230769230769,1.99514
1.9579207920792079,1.9324085
1.5526315789473684,1.9400233
2.109154929577465,1.9459343
1.506896551724138,1.9698575
1.25,1.8317013
2.4545454545454546,1.9652603
3.8333333333333335,2.088401
1.8507157464212678,1.8980837
1.8135593220338984,1.9292275
2.8,2.360876
1.9134078212290502,2.0274858
1.678294573643411,1.9820237
2.1772151898734178,1.9471078
1.681159420289855,2.0273619
2.4782608695652173,2.097855
2.020408163265306,2.0604806
1.3529411764705883,2.213569
1.8064516129032258,1.6738042
1.8206071757129714,1.9232525
2.158273381294964,1.9687858
1.7647058823529411,2.0093498
1.7666666666666666,1.5988306
2.1800766283524906,1.9034407
1.6571428571428573,1.7858455
2.92,1.7763134
1.5588235294117647,1.8426226
1.736842105263158,2.9018016
1.5384615384615385,1.9379762
3.8333333333333335,2.2361615
2.066326530612245,1.9650738
1.8857142857142857,2.0193949
1.9654395191585274,1.9816872
1.8203463203463204,1.9458978
1.631578947368421,1.9845995
2.0585009140767823,1.944589
3.0606060606060606,2.1536627
1.25,1.9701713
2.0150093808630394,1.9399362
1.9463307776560788,1.9026967
3.7142857142857144,1.7884126
4.111111111111111,2.1928759
1.85,2.667005
2.219047619047619,1.9624784
1.5275590551181102,1.8408822
1.6304347826086956,2.0143876
2.018094089264174,1.8730206
2.9402985074626864,2.6213295
1.9,1.9779439
1.7989623865110247,1.8359764
6.473282442748092,3.3757565
2.0869565217391304,2.14153
1.9682539682539681,2.06763
2.0994475138121547,1.8923466
1.7676537585421412,1.8271377
2.625,2.3693435
2.980952380952381,2.0641716
2.5925925925925926,2.4227226
1.25,1.8196026
1.5247524752475248,1.8907818
3.142857142857143,2.3987043
1.5789473684210527,2.1306217
1.5434782608695652,1.9441634
1.9049429657794676,1.9920071
2.639344262295082,1.9605758
0.8461538461538461,2.455279
3.5714285714285716,1.9588263
1.8333333333333333,1.7247598
1.5137614678899083,1.9521847
2.029126213592233,1.9023257
1.6557835820895523,1.8885568
2.4049295774647885,2.0316706
1.894736842105263,1.865109
1.077922077922078,1.5571706
1.903225806451613,2.2196774
1.46875,1.7667058
1.7407407407407407,2.3324866
3.3333333333333335,2.424955
3.75,2.6891305
3.112676056338028,2.2629306
4.526315789473684,3.9373004
4.185185185185185,2.7855074
2.109048723897912,2.0125656
1.7263157894736842,2.1392045
2.0606060606060606,1.7642492
1.7377049180327868,2.1399324
1.3333333333333333,1.8407171
1.7575757575757576,1.4697452
1.7391304347826086,1.8710105
1.7391304347826086,0.92928374
2.8333333333333335,3.0576322
4.184210526315789,2.388393
1.95,2.15255
3.8620689655172415,2.4162636
1.4126984126984128,2.1144035
2.9473684210526314,2.520193
2.021077283372365,1.871747
0.9523809523809523,2.3236868
1.6865177832919769,1.8137347
1.4,1.9361346
4.542857142857143,2.174477
2.0,2.142454
1.3,1.7951714
2.0342801175318317,1.8984872
1.9779411764705883,2.0081294
1.8017492711370262,1.9819857
1.7540983606557377,2.141614
1.4230769230769231,1.763527
1.744186046511628,1.9479991
2.2444444444444445,1.7544901
1.8864864864864865,1.9041188
2.3076923076923075,1.8690083
2.2534142640364188,1.9372469
3.68,2.1036017
1.871401151631478,1.9574784
1.9166666666666667,1.9312401
1.8375634517766497,1.9488357
1.7205720572057206,1.8245437
1.8664047151277015,1.832194
2.0108108108108107,1.937313
4.117647058823529,2.5998156
1.95,2.4295247
1.8823529411764706,1.4895499
1.8448275862068966,2.2774572
4.285714285714286,2.2492971
1.8970588235294117,1.9256389
1.9122257053291536,1.9432534
2.070671378091873,1.9069619
1.550561797752809,1.9864818
2.5051546391752577,2.0111244
3.15,2.5733702
3.0,2.171353
2.76,2.026352
1.9166666666666667,2.0287647
1.945994599459946,1.8590528
1.8571428571428572,2.050193
3.1621621621621623,2.1549423
1.4915254237288136,2.0877273
1.8232758620689655,1.955468
1.9383116883116882,1.8385174
2.1538461538461537,1.7997388
1.5945945945945945,1.7396194
3.1176470588235294,2.628838
1.7128571428571429,1.9154449
2.18,2.2368927
3.054054054054054,2.2077966
2.357142857142857,1.9359503
2.0,1.9951645
1.3689320388349515,1.6610929
5.083333333333333,2.614935
2.515151515151515,2.6638749
1.2083333333333333,1.7935975
1.7922077922077921,2.0235755
1.5757575757575757,1.607832
1.8333333333333333,1.9287475
2.4,2.1067476
1.28125,1.721065
1.7412790697674418,1.898415
1.99083409715857,1.8290255
1.858695652173913,1.6891375
1.608695652173913,2.6806936
3.3076923076923075,2.4890826
4.148148148148148,2.4906056
2.066666666666667,2.175111
3.0692737430167596,1.9638987
1.9,2.0814703
1.9278350515463918,1.891557
1.7692307692307692,2.3096595
2.276595744680851,1.9468921
2.533333333333333,2.6235778
2.111111111111111,2.4435952
1.8535353535353536,1.8283744
1.3636363636363635,2.1988537
1.7647058823529411,1.9343668
2.0,2.0279057
1.7692307692307692,1.6554123
3.9390243902439024,2.4514713
1.6490825688073394,1.907505
1.7065972222222223,1.9018655
2.2325581395348837,1.9951241
1.5384615384615385,2.5230901
1.7565217391304349,2.0812957
1.8671875,1.9033601
3.0,2.4324303
3.0,2.6040328
1.8820754716981132,1.9287021
2.1176470588235294,2.3370347
2.0,1.9874251
2.6363636363636362,1.8208292
1.7045454545454546,1.739542
1.8724315068493151,1.9213129
2.0384615384615383,2.2821646
1.2195121951219512,2.385622
2.090909090909091,2.2602844
1.476923076923077,2.0445998
1.7297297297297298,1.7455769
3.0,2.196122
1.4038461538461537,2.0847719
3.8076923076923075,3.4034648
1.4516129032258065,1.9427433
3.3461538461538463,2.1936305
1.6956521739130435,1.901341
2.909090909090909,2.696445
1.9127906976744187,1.8626337
1.1818181818181819,2.2506022
1.7,1.8389845
1.6870824053452116,1.9214438
1.9983766233766234,1.8866923
1.2972972972972974,2.0718262
1.7692307692307692,2.215582
1.865979381443299,1.6246989
1.8336557059961316,1.9395062
1.5769230769230769,2.0745928
1.6795827123695977,1.9422711
1.7439024390243902,1.8600296
1.6388888888888888,1.5442188
1.5714285714285714,1.469477
1.5319148936170213,1.9233305
1.8529411764705883,1.8949417
1.0,1.6821142
1.9166666666666667,2.8542206
1.9838709677419355,2.0372908
2.5866666666666664,2.064534
1.9849624060150375,2.061066
2.888888888888889,2.4203362
1.5032822757111597,1.8620684
1.6176470588235294,2.5761976
1.7777777777777777,2.4335835
2.411764705882353,2.2440686
1.4915966386554622,1.8272632
1.8209752839011355,1.7935046
2.1762013729977117,1.9367265
1.4047619047619047,1.9005698
1.7782139352306183,1.9519091
1.2857142857142858,2.2738833
1.7222222222222223,2.1077805
1.8468137254901962,2.0194907
2.0,2.2724802
1.621212121212121,1.7660213
0.9090909090909091,1.5332669
1.7391304347826086,2.2733183
1.6711111111111112,1.9636669
1.45,1.042035
3.7738095238095237,2.7585378
1.7106824925816024,1.820171
1.8050314465408805,2.0035434
0.9565217391304348,1.9817085
1.4193548387096775,1.5381609
2.3181818181818183,2.369356
1.68,2.0758724
1.9319727891156462,1.9112343
1.5056179775280898,1.9100736
3.090909090909091,2.2075891
3.7017543859649122,2.07928
1.7692307692307692,1.9383951
2.962962962962963,2.2444904
1.2592592592592593,1.9788245
2.6547619047619047,1.9034723
1.6842105263157894,1.8483342
1.375,1.6107794
1.982905982905983,1.9330084
2.3333333333333335,2.0656285
1.5844155844155845,1.8714066
1.8461538461538463,1.8996892
1.2765957446808511,1.6486024
1.6770428015564203,1.8728071
1.7780898876404494,1.9463104
1.6481994459833795,1.8696685
1.35,2.0403259
1.7160493827160495,1.9688492
1.8840579710144927,1.9322771
1.7881944444444444,1.9184221
2.8105263157894735,2.107521
1.3636363636363635,1.6115216
1.8329297820823245,1.9494708
1.8875,1.9476378
1.8387096774193548,2.1173449
4.875,2.6334245
2.904255319148936,1.8998342
2.0588235294117645,1.9871604
2.2,1.8105755
1.685430463576159,1.8567199
2.0833333333333335,1.9844031
2.3637209302325584,1.864873
2.608108108108108,1.9495553
2.187192118226601,2.0039768
1.8365384615384615,1.9532781
1.6666666666666667,2.061402
1.4782608695652173,1.9585533
1.6630851880276285,1.808377
0.8235294117647058,2.18886
1.6875,2.1439059
1.2333333333333334,1.766617
1.5674418604651164,1.8685476
1.2105263157894737,1.9232101
1.0344827586206897,1.9855855
1.53,1.889196
1.3089005235602094,1.9041382
1.8979591836734695,1.9969842
1.411764705882353,1.5563216
7.714285714285714,2.685755
2.225806451612903,2.1826866
2.336734693877551,2.0653484
2.6578947368421053,1.9542819
2.0,2.2325406
1.5714285714285714,2.46896
1.2040816326530612,1.766012
1.6,1.9242345
2.6842105263157894,2.0188186
1.508816120906801,1.8658285
1.8235294117647058,1.868451
1.625,2.4603662
2.08,2.2587395
1.6990291262135921,2.1895254
2.0257826887661143,1.9498622
3.208978328173375,2.0596676
1.817391304347826,1.9054996
2.0851063829787235,2.096712
2.0,2.219072
2.268292682926829,2.1394484
1.8095238095238095,2.0543005
1.6465721040189125,1.9766709
2.0483870967741935,2.0777423
2.5203252032520327,2.0357895
2.24031007751938,1.8886385
1.375,1.5790592
1.9409594095940959,1.872761
1.5789473684210527,2.0215092
1.925,2.1519601
1.4647482014388489,1.9345754
1.730593607305936,2.0121808
2.2151898734177213,1.9660074
1.9473684210526316,1.9742132
1.3636363636363635,2.3479211
1.2941176470588236,1.6402401
1.5263157894736843,2.028702
1.183673469387755,1.81768
1.5923566878980893,1.8867961
1.4039408866995073,1.8702942
1.9298245614035088,2.0088465
1.5,1.562768
1.6730769230769231,1.9915777
1.9892739273927393,1.9388535
1.894736842105263,1.7631639
1.224,1.9218769
1.8571428571428572,1.7750626
1.844311377245509,1.8888267
2.0517241379310347,1.9669122
2.5555555555555554,2.1415372
2.7803030303030303,2.0062253
1.603305785123967,1.9595672
1.670807453416149,2.0434837
3.8666666666666667,2.026976
2.342857142857143,1.9631243
2.25,1.7956755
2.0930232558139537,2.1259654
1.1428571428571428,1.6643298
2.7,2.0056422
1.6875,1.9083482
2.1666666666666665,2.5765572
1.6792223572296476,1.8924919
1.6923076923076923,2.278371
1.8780487804878048,2.546378
2.6923076923076925,1.9732156
1.7878787878787878,2.8329353
2.0,2.649556
1.9444444444444444,2.1448145
1.3026315789473684,1.8607137
2.2586206896551726,2.2528305
4.0,2.5599627
1.375,2.0804985
1.8944519621109608,1.9463193
2.0,1.7775565
2.0,2.1013508
2.235294117647059,2.0409038
1.8846625766871166,1.8891165
0.9245283018867925,1.9043078
4.178571428571429,3.2075014
1.4274809160305344,1.9751217
1.7427184466019416,1.8999593
2.547169811320755,2.102986
2.217391304347826,2.461763
2.1339285714285716,2.087875
1.728813559322034,1.7788248
3.8,2.3863118
1.8333333333333333,2.0342429
1.8162162162162163,1.9767728
1.6363636363636365,1.8858143
1.0526315789473684,2.3161032
1.86,2.056715
1.683127572016461,1.9769945
1.6,1.9580611
1.7727272727272727,1.9748855
2.440677966101695,2.0787594
1.8,2.1684942
1.7092337917485265,1.8591319
1.815825375170532,1.9469656
2.4504504504504503,1.9940225
1.9583333333333333,1.6170912
1.608695652173913,2.3931813
1.8333333333333333,2.3609884
1.6631578947368422,1.97756
2.172185430463576,1.9592772
2.1052631578947367,1.7794163
1.5555555555555556,2.317346
4.32258064516129,1.9254146
3.75,3.2368908
3.7426636568848757,2.0094147
1.5857142857142856,2.0854645
2.2151162790697674,2.0186317
3.9051094890510947,1.9564284
8.532608695652174,3.7415967
1.4230769230769231,2.0460346
2.111111111111111,2.7503593
1.1894736842105262,2.040131
1.9617117117117118,1.9881676
1.5333333333333334,1.81334
1.2,2.2363734
1.489795918367347,1.8065827
2.0757575757575757,1.9651731
1.9403973509933774,1.8833256
1.5853658536585367,1.9545443
2.25,1.8542053
1.982248520710059,2.016898
1.717687074829932,1.978291
2.7169811320754715,1.7076744
1.4545454545454546,2.2602808
1.896551724137931,1.8636495
1.5333333333333334,1.9744117
1.4903640256959314,1.876327
1.7969230769230768,1.9513414
1.8205128205128205,2.0331128
1.483535528596187,1.8401635
1.7627118644067796,1.9439195
2.1986062717770034,1.8757496
1.6923076923076923,1.7909046
2.958904109589041,1.9344189
1.6153846153846154,2.4609435
1.3783783783783783,1.5962108
1.4861111111111112,1.9530965
1.9473684210526316,1.8334844
3.072463768115942,1.9608355
1.6111111111111112,2.317346
3.5072463768115942,2.3370328
0.972972972972973,2.0632477
3.289855072463768,2.2633862
2.3703703703703702,2.5268059
1.5714285714285714,2.1052666
1.9183673469387754,2.342453
2.220744680851064,1.9156102
1.7543520309477756,1.8876405
1.7359550561797752,1.9697081
1.6614173228346456,1.8968288
1.5714285714285714,1.8242334
2.3275862068965516,2.0988724
1.537037037037037,2.2237954
1.6616541353383458,1.9478337
2.09009009009009,2.03275
1.5384615384615385,1.8177595
2.202857142857143,1.9869119
1.9473684210526316,2.2326035
3.12,2.6250603
2.466666666666667,2.5588675
1.5104712041884816,1.9388152
2.0068965517241377,1.8316555
1.9934640522875817,1.9592296
1.1914893617021276,1.3958108
2.0589970501474926,1.949502
2.111111111111111,2.1222308
1.3114754098360655,1.8529415
1.7672413793103448,2.1045518
1.1724137931034482,2.5128694
1.830166270783848,1.9671288
1.2857142857142858,1.6757187
0.45774647887323944,2.403091
1.8439086294416243,1.9215859
1.6829268292682926,2.3474312
2.1384615384615384,2.0198445
1.7693661971830985,1.8609133
1.5263157894736843,1.8560218
1.3846153846153846,2.065519
1.9801980198019802,2.1382377
2.247863247863248,1.991985
1.8241160471441522,1.9467921
1.896551724137931,2.2693748
5.011494252873563,1.9521526
3.3191489361702127,2.0704904
3.4074074074074074,2.2377765
1.5555555555555556,1.8680142
2.5789473684210527,2.3875089
1.8571428571428572,2.5836117
1.9444444444444444,2.0959282
2.6538461538461537,1.7924904
1.5875,1.9745007
1.92,1.8795104
3.6,2.9286692
2.276315789473684,2.5237894
1.7096774193548387,1.900362
1.5,2.1915293
1.6551724137931034,2.2385108
3.526315789473684,2.5366347
1.3934426229508197,1.7701262
1.4833333333333334,2.0259483
2.888888888888889,1.8593903
2.6774193548387095,2.1040232
1.6497326203208555,1.8292811
1.6015037593984962,1.9348521
2.376543209876543,1.9107771
4.142857142857143,2.440515
1.7504930966469427,1.9143021
1.8158730158730159,1.868865
2.5714285714285716,1.834441
2.02540415704388,1.9043697
0.5833333333333334,1.4849621
2.5142857142857142,2.0709383
1.696048632218845,2.0274858
2.558139534883721,1.9833579
3.032258064516129,1.9389715
3.8846153846153846,2.747617
2.359375,2.1515727
1.164179104477612,1.6540155
2.1,1.9172144
1.683673469387755,2.1701348
1.731124807395994,1.9004956
1.4615384615384615,2.4400907
1.868663594470046,1.8838009
1.2258064516129032,1.7480305
1.5,2.0252688
1.725,2.0425336
1.5416666666666667,1.6647059
1.9900497512437811,1.8884996
2.6885245901639343,2.388691
2.279279279279279,2.0577292
1.7804878048780488,1.8358997
3.4285714285714284,3.412702
3.183673469387755,2.7070806
2.2,2.7359707
1.6666666666666667,2.353889
1.8933518005540166,1.9363469
1.565217391304348,2.2169712
2.4444444444444446,1.8950963
2.6,2.089145
0.9696969696969697,1.5831943
1.5294117647058822,1.7986189
2.0625,2.3893437
1.4259259259259258,1.9904037
1.6779661016949152,1.6836282
1.9001122334455667,1.897172
1.9428571428571428,2.224127
1.8831168831168832,1.9871894
1.610738255033557,1.975999
2.9285714285714284,2.4893718
1.5833333333333333,1.9688581
2.75,3.2734296
1.9153094462540716,1.9069619
2.2714285714285714,2.126525
1.4582623509369677,1.8356162
1.1428571428571428,1.8385535
1.7670603674540681,1.8712975
1.7066167290886392,2.0298886
2.240740740740741,1.9597868
1.6554621848739495,1.9243189
1.1,2.256938
3.4571428571428573,1.7190753
2.8703703703703702,2.0914724
1.8876404494382022,2.0333872
1.4285714285714286,1.5629972
1.3571428571428572,1.9443525
1.75,2.392503
1.9545454545454546,2.121256
1.648936170212766,1.8864385
4.972222222222222,2.102723
1.25,2.073775
2.411764705882353,1.9177504
1.8676470588235294,1.8679465
1.4554455445544554,2.1280642
1.7407407407407407,2.2450986
1.5862068965517242,2.4684317
2.9,2.3138218
1.8847150259067358,2.0196977
3.935483870967742,2.133496
2.22972972972973,2.0339777
1.1428571428571428,1.8199983
1.7173913043478262,1.8745865
2.05,2.3465872
1.8092892329345531,1.8553368
1.9829157175398633,1.9607459
1.5757575757575757,2.3882167
1.8823529411764706,2.1988442
2.6625766871165646,1.9316655
1.4673913043478262,1.7113305
7.619718309859155,2.141755
1.5294117647058822,1.8287444
1.9090909090909092,2.1575236
1.9453125,1.9553454
2.738831615120275,2.005423
1.4705882352941178,2.4076457
2.9545454545454546,2.7113435
2.603112840466926,1.9850718
1.976,1.9316345
3.5555555555555554,2.4947093
1.8736842105263158,2.1712494
1.8,2.0555599
2.2267657992565058,1.8995246
1.3888888888888888,1.7551591
1.5416666666666667,1.9912509
1.7159090909090908,1.9759344
1.8616600790513833,1.9543194
2.2777777777777777,2.030244
1.098360655737705,2.0286574
1.5985401459854014,1.9087294
1.83248730964467,2.035214
1.6088709677419355,1.8856591
1.475,2.2492554
1.8799414348462664,1.8434597
1.5185185185185186,2.385895
0.9333333333333333,1.8566194
1.5699208443271768,1.9434572
1.7482014388489209,1.8838009
1.7100371747211895,1.948068
2.4516129032258065,2.0851505
1.8936170212765957,1.7152382
1.6616541353383458,1.7976205
1.6666666666666667,2.540434
1.1111111111111112,2.2994545
1.3888888888888888,1.9414129
1.6,3.063877
1.8125,2.547787
1.36,1.4957407
2.4375,1.5180426
2.2,2.0981224
1.5466666666666666,2.1714838
1.5024630541871922,1.9352126
1.625,2.5930717
2.1714285714285713,2.0699813
2.157762938230384,1.9604659
1.64,2.141997
1.0204081632653061,1.571357
2.4375,2.1533313
1.793201133144476,1.9348582
2.375,2.5062988
2.6333333333333333,2.031834
1.8028477546549835,1.9337481
1.3688524590163935,2.007054
1.856837606837607,1.9310992
1.9888971132494448,1.8275365
1.6470588235294117,1.8763133
0.8125,1.2868916
1.3636363636363635,1.7134908
2.0066889632107023,1.9106002
2.3529411764705883,2.0878677
2.3836565096952906,1.9541554
2.4901960784313726,2.152389
2.1627906976744184,1.9460155
1.75,2.3870518
1.2307692307692308,1.5324498
2.0526315789473686,1.8071063
8.454545454545455,2.6766806
1.7032258064516128,1.7986996
1.6538461538461537,1.9623111
1.95,1.9684936
1.5168539325842696,1.8882977
1.9166666666666667,3.0224466
1.8031203566121843,1.8309842
1.6179159049360146,1.8049257
4.422680412371134,2.0695236
9.40625,2.6468635
1.7983193277310925,1.9354699
1.9947136563876653,1.82015
3.142857142857143,2.5792701
1.9444444444444444,2.1274123
2.127243066884176,1.9512383
4.842105263157895,3.769341
1.7,1.9173855
1.7882352941176471,3.0972111
1.7548022598870057,1.9073896
1.806896551724138,1.967588
1.7441077441077442,1.9100826
2.475,2.127937
1.391304347826087,1.7976521
1.7105263157894737,1.5967646
4.1875,2.9978576
1.5033467202141901,1.8283476
1.5555555555555556,2.3792226
1.656441717791411,1.918865
2.1466666666666665,1.8897552
1.6470588235294117,2.107427
1.2,2.2567031
1.6133333333333333,1.8363348
1.8728813559322033,2.2155542
2.6315789473684212,1.8886204
1.2916666666666667,2.1807313
1.462837837837838,1.9101399
1.8955223880597014,1.9651992
1.9215686274509804,1.9137605
1.4444444444444444,2.100783
1.5,2.0044596
1.511111111111111,1.9597505
2.0352422907488985,1.9563091
2.0,1.9225638
2.006622516556291,1.8676244
2.0050825921219824,1.9892088
1.7777777777777777,2.938267
1.234375,1.9524795
1.8181818181818181,3.1827357
2.9,2.7430577
1.8881118881118881,1.9531413
3.661290322580645,2.0823944
2.4438040345821324,1.9607903
1.8,1.7983015
0.9705882352941176,1.1587507
1.5961904761904762,1.9120089
0.875,1.933836
2.230769230769231,2.0758593
1.8333333333333333,1.6537765
2.0597701149425287,1.9707636
